seller,reasons
0x0000d10204b15545f83f714db9300c87d7429f16,reciprocal
0x00041a69ba52e197d913eb7432aae528da377530,reciprocal
0x00065d18e35b2316403b16b9c5f942e22bf1ed90,reciprocal
0x0008c77f09833a3fa04b6adeac0c529f8e35d330,reciprocal
0x000c1e9da643fe59695ff3bb370bf1009589f983,reciprocal
0x0016436e40331821191d773fbccb5cabb41b4e2e,reciprocal
0x001683820f9b32029d4510026628ad4b1e2e2dbe,reciprocal
0x001ec921635a83978d5d149ac7da63d9bf3f4fcb,reciprocal
0x002b45a7595c9a6c823d95e93c3c3b0095ed76bd,reciprocal
0x002d0d2f9b54c9f5ba4cbd11e422bfcee2aede4d,funded|reciprocal
0x003b783bf9cfacb275ef873ffe5b9bc8170eaf97,reciprocal
0x003f981e896a360c5065efb69c3b56578b035e27,reciprocal
0x00525595c03e35ec220ac8d74241078af2953e53,reciprocal
0x00572b71ff076e3ca723488fa29ec5f85ec6c34a,funded|reciprocal
0x00576bae97241409ed5bd0ffff3bfb06b9932997,reciprocal
0x00605a0032dca4b15c47906b46c39677f35d4c5d,reciprocal
0x00622293298b95eda8d59c3c3ac2ef2f56dc69f6,reciprocal
0x0062ed95375e0ed8dc7d07da67f0d0b01d1a5fc2,reciprocal
0x006373dffde79e711b5fbc074e54201e2d607dff,reciprocal
0x0063f448d2e6e3ded41ce422fef01b3c48209936,reciprocal
0x006c1795726d5f0e50096f91c95e2510ce8b46e3,reciprocal
0x00819ed1f7cd8c20bf415ccc82d1192a8d27d275,reciprocal
0x0086d114cb480ccc26aaebf610fe947ef187bae3,reciprocal
0x008fc44ef956425cc58c048edc76712e88358068,reciprocal
0x009bd2f9c82dd234ad3897842b80a24020d615fa,reciprocal
0x00be1180ac0daeb0ac9ae4c39dfe201039d334cb,reciprocal
0x00beb9515fc8f0ec4fdd7d0c1211ec3515bbdeba,reciprocal
0x00c0ad8313c7b2606a2d21b3001b925ba6b74409,reciprocal
0x00c8d088222e3c4de129b88342437a7d7e4e9b65,reciprocal
0x00cd73272bb2f3b16714c0830bc8b22d22a5bd75,reciprocal
0x00d460f7b288ed0e5cfb26ad99e8dc2fd13345e7,reciprocal
0x00e28dcf301cf781dab73b160aec12d181b77add,reciprocal
0x00edd2101feccdd71251cf85a8aae74696fe2749,reciprocal
0x00edd243d874731e27ff3cc7bb918f8d378c7685,reciprocal
0x00eee1985e61142b420335ef9addb3ee6ce3279d,reciprocal
0x00f224b3bcd7779b38424862e720ec0f403eca04,reciprocal
0x0104b276ce9ab957a95c80d939dc0beeb53b24c6,reciprocal
0x010c3c7032426ac32147020e6a0d9c8eba1e5283,reciprocal
0x0112aa168ae9a3769ca986b9697f9c090df26f8b,reciprocal
0x011bff3ad7568fc8f7030ade8e8ec57aaef6591d,reciprocal
0x011c087e4c3a3f820b623f7fdf175216ce9152d7,reciprocal
0x011cfb5b70d12f5f15304d64395807852e11e00d,reciprocal
0x012a2d3403b5fb80214a04bd27be7dfc3b71bf9c,reciprocal
0x012bbb9d56d3993ae424874d6185f21e4e2696a2,reciprocal
0x012d0dcf127128b9b978c73a6b253fced835ebba,reciprocal
0x012d5813195776551160b394906f2ee9d682768d,funded|reciprocal
0x012ee2d0c7e86e1077238f6a0d236a618dc3d68b,funded|reciprocal
0x0131047a0c865e3e72664d9b51010b4d0d2377c0,reciprocal
0x013130ad0b11e6b15e5a8e484b982431523e6355,reciprocal
0x013fc12300e312b07645c11e7a324442ef70f022,reciprocal
0x01414864ce413a0c8faa0ef25e4e1e89681772ca,reciprocal
0x01428dcfa95388503444674e5e1efd91c041f2b9,reciprocal
0x014abca4db93e94057374ac49473d75538ae471f,reciprocal
0x0155b38f2e702a57515ecc2f4e04831e02376381,reciprocal
0x015e25659b03e9c82055a98a08f3ba7d30e252a2,reciprocal
0x01613869545953ce576550dcdee7972e1920562f,reciprocal
0x01626695e11a93d5c1849f8c952ae28278b582cf,funded|reciprocal
0x016a82c2faca6c8c04e28059d2243ced07649c2a,reciprocal
0x01717c36777b1d4f89e7ac67f5a4bb17c692b1f3,reciprocal
0x017583e4f0265d689cd89f566983ce4f791414c4,reciprocal
0x0176b6cebecc083675f0955a7caf27735ad0c1b8,reciprocal
0x01889284d3854675d758cc23ac0ac5cea74d10a8,reciprocal
0x018a3ccb181fd278ca93d22290752d792e8dbc1e,reciprocal
0x018a42539cfcff7ceb4b7a4a1a61ec051496e456,reciprocal
0x019092ee3f9a7562b0132b49c2635cb09bc95aa9,reciprocal
0x019d95f81319681b11b6285ba1ad9323742791ca,reciprocal
0x019fff46ffa2d014c2eeae8f3188849a16b5c7fb,reciprocal
0x01a3e4b304aab7e5e1c2b21391ed5fe1c764363f,reciprocal
0x01a82c467325551df0e8ec5e22b7b041f1399a99,reciprocal
0x01afed25bd2ab8b3873c26c383b7f07ab9904903,reciprocal
0x01baf8c2f29e9a16e98aae314ff34e7a26ab81b1,reciprocal
0x01bcad7a1456b3eb91e9f954ff1061a97556bbb8,reciprocal
0x01c70dedcbf37d8ec796258221c753955dd0f237,reciprocal
0x01cf0bbc9c66f0461472fab28fa508dd147d72c3,reciprocal
0x01cfb489fe0b23fd55dce76eee412adf4aa90e5a,reciprocal
0x01db28f03ea9a7e646246c19faf219ee81cd65d8,reciprocal
0x01f62dace0ef557907ce5315c14aee4dc0329342,reciprocal
0x01fccd481f1a0f6e89317d192e1a4536d0ceec65,reciprocal
0x0200675f51b33bfe35489e301e41be5a74a9dce9,reciprocal
0x02015ec02d89d6f69258fa5bdae1e0390f012a51,reciprocal
0x021028695eafdde60e139d87000a8bd6cb65645e,reciprocal
0x0227b6e3c203bc2c5c503b6ac79619e91dd46dfe,reciprocal
0x022a3e665cebcdfcf87c2cc31c3a3a0d2fd8729b,reciprocal
0x022adcd065a1216c243d469ed8cae6a21dea81b2,reciprocal
0x022b5343f4bc03b9da8780fd63aa29bf16c8c0b3,reciprocal
0x023787a37b66b9df1a049806f3c939624af884c7,reciprocal
0x0239d942c81a3307d69b5493c1b1e633754bb55c,reciprocal
0x023a8bf300a6c3f89c4c4bd4be68d91f19bee42e,reciprocal
0x023f0fa7df9301f99661d35e0366a9ead602e992,reciprocal
0x0244f532926ee7ee4a4862dc798635a2b81fdb28,reciprocal
0x0254e14f2968601a0910495db32d655018bd60f1,reciprocal
0x025d16aaa97d7b99dbdd8dedee992fb4c9969b54,reciprocal
0x02606d1da7accbd377be989980bb185dce6d073e,reciprocal
0x026caac32d80196906ba9f06f55fa933659aeaeb,reciprocal
0x026cb309fcfe849bdae756cde0e87dcc40835fb1,reciprocal
0x027f1e307e85da118958d05954cf65e8be9e9145,reciprocal
0x0280c49d9d7f3e7244fdc6915c99a0c7d55a4c25,reciprocal
0x028129da76dc81e6cd8c890bd1276c42b1e667de,reciprocal
0x02833c9d2df8695ba049eda1c2e2f4872e5e6412,reciprocal
0x0290e9ce53972b7a9cc59ccc11224dfb16612271,reciprocal
0x0294a9ef21c2de26c70176fac333193dc7c3305d,reciprocal
0x0298df6b1a660f0d4882fb41580768144bbe6183,reciprocal
0x02a48df000136acc30b82c264e5325d4d6bf3cad,reciprocal
0x02a56feececdf3ef5a580e5bc99c92b02df7480f,reciprocal
0x02a5b9334401e56202e791a703791c2b7ec3586b,reciprocal
0x02aef3731cfb33c47d453e113658df7dff6b636d,reciprocal
0x02be1169fc2e695609a3292f5440517836795f21,reciprocal
0x02be2112d37cdc9de5e27030f18ce9b5d3b3feb0,reciprocal
0x02c19a72cb009f36383464f44307f8ac20ba705c,reciprocal
0x02c1a7a15ad4f78c92624beb6c515cd7cc1b0981,reciprocal
0x02c43ab6023617f6ae272fa92252a950e0b24148,reciprocal
0x02c68aa6f5e2af73e0aa7e0a0cfab5e3327eec1b,reciprocal
0x02cb2fb6f9511909c9c3add3c10695d2879dcba1,reciprocal
0x02d4a1fd5b94ff349fc7480c3d111ec3bc4fe1c7,reciprocal
0x02d96ee16bb234884d9e0a5105aa9c8a600b78b4,reciprocal
0x02dc37946390e54da0b15e60aa217a6186b270b8,reciprocal
0x02e01582ab480a8607e9ceb9b0f695f1a6e82bbb,reciprocal
0x02e120a25f0e14ef1d57ea0eb02bff1e59256208,reciprocal
0x02f33fd8051223168eb8efdf501adefac89653b6,reciprocal
0x0300366d04e4c31af5d987c6e7abd04af38dc297,reciprocal
0x03016eb23da287f0e51a481db01ae0323d0b793e,reciprocal
0x030694a5472d056dda2b163483f8897988d22d38,reciprocal
0x0308e80df77c68efb089c20ad46f9bd7b4823748,reciprocal
0x030e95b7045ee40b2bd4bd32e7ee816b6ff7d2c9,reciprocal
0x032433fcdba4198af223d5519e7626eb0601c4c0,reciprocal
0x0324824fd65b622b5476270547770eb8099e0d7d,reciprocal
0x0338abc1800502bbe5f7ff42fdb00f7e990f4f19,reciprocal
0x033c6df44b24138ab891d64b204bb414a7ec6fbf,reciprocal
0x0341181213485563a8d9cc629aa07820fc8d05b7,reciprocal
0x034128338730855a835a4ab9c16a0fbd27441b0f,funded
0x03538e8f437817e13d2da1f7af6363f036168b67,reciprocal
0x0353ce06f6bf0a09b42b5f4a9be9a875dc54637c,reciprocal
0x035d5e83ca1ac96b2369501dc7ec4e6022ece06d,reciprocal
0x036769854a41fb064bd4efc00eae3a78ccbbb649,reciprocal
0x036adca987bafaf24cc534a1b49efb62773869f8,reciprocal
0x036b862dd6dbefdca0400568199e441df6bbba77,self|funded|reciprocal
0x0370cf83ca165647f2acbd30d023e4100d1adf68,reciprocal
0x037ddb012c7680198086c926fb266b33e6f2ef42,reciprocal
0x038309aaebe1dd860c17e8a7dc4e01ac00283e2d,reciprocal
0x0387c040917d6c1e0888f0e2b7254dcaff78f8d0,reciprocal
0x038c72d81fed7329d8459ce8980da8c027004397,reciprocal
0x039028e7e869eaeecfa847fa828b1973ff54f490,reciprocal
0x0391eb91458c1037333366bc1e91ba6fad7dd836,reciprocal
0x039958be0ae29f807278222e00a3b79633b5c1c5,reciprocal
0x03abe0bcdb409f2cea65d84f964b80f89d971fa4,reciprocal
0x03c46a74c8d7d9796e656de57ec1f8dbdbb02453,reciprocal
0x03c4b06f4f62868a6822ed1d51d9775ac3c8347e,reciprocal
0x03d31956c189359b5944e2526fb39eeca4f3626e,reciprocal
0x03d5e2943b41f3bedeb60f9ea553f647e96a60fa,reciprocal
0x03d993e92f270c222ce487787dbad4f3b75ac55a,reciprocal
0x03e6efed616fdc06ded5b169ec5561be266f7d03,reciprocal
0x03e96154845a24934007bb8b0734700b47280042,reciprocal
0x03ed11fb637b021078a164d6b80f17065d89edf7,reciprocal
0x03f3bc4c582c060104f6d34cf0017cda48061179,reciprocal
0x03f64bb5d7290d512f7cbb6c3b4e9f6de8f1cbc1,reciprocal
0x03fa1ade5d1e78e3ff5a2028b7cde79c36bc703a,reciprocal
0x040466120c29e94d1fa47e1aab4bf44db254f015,reciprocal
0x040f0bb649580938547f8a2220b0b1ec1663b914,reciprocal
0x041172b9395cc225b8ca3d511caa909e5a7a74ea,reciprocal
0x0426ea0e0271488f0d98a61ca69754e1d0d62778,reciprocal
0x04345705dd1bc72a14792968fbfb3aeedd6b8c3e,reciprocal
0x0434ad7af60f0d4ef312fe4915971ef3d112f6d4,reciprocal
0x045342688693db3502fc7861dbc33d5d8da83ad8,funded|reciprocal
0x0461e9e486bd8c6584cdacf524d56dde89368bd6,reciprocal
0x046ca4b347293366a96f4d2cc39e755308c6edab,reciprocal
0x04784fe949eee88056352188367b49a5da601b0b,reciprocal
0x04800724f3741caf7621fa7309ff3ab18060e312,reciprocal
0x04845e3e7ca6125ddb1949e32ab45d84fc30eaba,reciprocal
0x048777a3ae248cd4f7688672ccafbc140813b133,reciprocal
0x048997a899af915f6de1b06c473c727adeec5aa7,reciprocal
0x048a8316d57a4967eaf4e3925bd35edfe1102eda,reciprocal
0x048fc573bb66ce08fdbcd02f1636e785e1632b86,reciprocal
0x04961a8bf9f7b7d6618272c2182f561eefdfb39e,reciprocal
0x04975df41ac85cf58023e807d651b31066137b22,reciprocal
0x049a7de6a72fe9c0a39921937ed33b35811d67d2,reciprocal
0x049b1c79b73dde41ab335c8643346926689f1d63,reciprocal
0x04a58370314dee2ce09ad9989b01f5fe3bd2dced,reciprocal
0x04b653c88f9a81e2f48aefbb6e0ef3ca0cef83fe,reciprocal
0x04b8c63b3cd8153cb1089448ce684a6b18741130,reciprocal
0x04bba9f35664d22a9d4d78468b1fe4894443bc71,reciprocal
0x04c215defe2c04a1cb2217842ee83fe4e4ebb8cd,reciprocal
0x04ce14db05a151be9cbf1c54a8678765581b7cb9,reciprocal
0x04cf158062f2f789de408d898c843b035234edce,reciprocal
0x04d22b98851eedc2f02c75922753ee5216571ef1,reciprocal
0x04d9e907d3031817dda643f5dae2b9c045c763bf,reciprocal
0x04da59c70a33ca5c9060ce2660078ee53ed1a1ee,reciprocal
0x04dca2b22d94bf2dc75274cea30979be01af6e77,funded|reciprocal
0x04e1d5884b23aea4537f9d5faa17bb18541bafac,reciprocal
0x04eb0d6f386565e73738b777ea7dc88a7c0869c3,reciprocal
0x04f372ed9d69c6821a842201bfdc4bdfcc614dce,reciprocal
0x04fd94a731fb2720cae4b335076e4e4056fe1272,reciprocal
0x0506e72b4302aaea5c263227d5e7d25e4a7828b7,reciprocal
0x050a98b02c36817c61f331c64329200ce7c2a991,reciprocal
0x051a5e9f2d315c101629a9120001dabe4d2dacfc,reciprocal
0x053261d8d1b0a0eb340d7a78e0e466ff37344957,reciprocal
0x05331bbb572e2303c5441778655d29c0138a01ee,reciprocal
0x053e60b38c8d6e5722af7e06b373eecfa41f618e,reciprocal
0x0543727d6ab7bbc392a75c198b40e8310aec2071,reciprocal
0x054b4f990cf1a3f5039e0dccdca538d582437c95,reciprocal
0x0550779cfbc832657a8bb46bac9f359a5ad038b8,reciprocal
0x0557542f9c69d3a62c8193dd6b7ebff6c751f606,reciprocal
0x055dbd5549e7d90b683c1c0e81eed3cd3f8a5f14,reciprocal
0x0562b0454580d3707874dd4d9781675ba85e8cc9,reciprocal
0x056c8327e26549f0268964256a0135e615ae9664,reciprocal
0x057c13508e04e93f4579f4873170bacf279e1d18,reciprocal
0x059951150f9f7c8ccdb68eb405755c1e6a1a7fb5,reciprocal
0x059ce4b241c4b8844f4515f415313ecc8e40e478,reciprocal
0x059e755bedc85afcf242d159cc6217435b9517ef,reciprocal
0x05a5a145b14149721c58f4f1a136df13ce7cfc20,reciprocal
0x05aaabae948ce40b2b43eaa42098d78b29d14982,reciprocal
0x05ab5d2969935448497c1bb45227e5d1a45e708a,reciprocal
0x05b2f51cbe888bf5939dee11aefc4779223edcb6,reciprocal
0x05c269eed97fe74cc60928c4d020be4d953e7499,reciprocal
0x05e13df6001e8a4feb0923a0678e238872b0de37,reciprocal
0x05e532692fb202626b2fe1803c939d96c7f8ad64,reciprocal
0x05f00ba9b4109d3eba195d7cdd7868f4a848ac06,reciprocal
0x05f5902be7df735f553b74aeebd49dbc368ed182,reciprocal
0x060048c1b77e0ac039a59c04f9301fcb700f472e,reciprocal
0x0603e558c30ffbe44aa11ab49c929f7f3c5da944,reciprocal
0x0606d0e964d2727e054d9515eeffb61d16b42898,reciprocal
0x061774e87e89ea7c9778186b28a49d420e8db579,reciprocal
0x062cd2e066db07dc31683855d6a26a4a4c41e75b,reciprocal
0x06332342e8f5722eaf5dd0cf1b1945abbbe326f7,reciprocal
0x064072a946b245c60ebe89d5343c253885a30710,reciprocal
0x064b0ee522f0eb4d51baa7743d6cce30c29ba952,reciprocal
0x064d3e48508730fca8e5c3bc6fef041e5da46556,funded|reciprocal
0x065df68c047800b475dd82fa52b6d1d3a1d18439,reciprocal
0x0664ca2b4e5a16e87566908c3b7e9afdec7fe782,reciprocal
0x066f6a04d481d3e544a009c1714c6b17d7c52de1,reciprocal
0x067772aa93f789e88770cce0a0a928fb5bcf58b1,reciprocal
0x067a11d31d203a9fb5e6c6a29b75921b07372252,reciprocal
0x067c1df26d1227900693cb8a783bd80c8c78bf40,reciprocal
0x06821d6746f8f65129396a4f168fac4b097f54f7,reciprocal
0x0682c5b44445696569169bc7c80a9989bd3f3b3f,reciprocal
0x068b627c38dcb4f353027cf91b385e0233ea6010,reciprocal
0x0692f6cdb28570c7c69da5e5b30ed186647e2f81,reciprocal
0x0698ae911c92299ec5db1508d3d8cbca52e8fabd,reciprocal
0x0698b4511c6c575114c83f7130e9b0e4f33ae48b,reciprocal
0x06a3899c2bbf6a8554380aad271b88a3be591d41,reciprocal
0x06b522ef7c380b2f6339ad1c8187bb2dc105386f,reciprocal
0x06bbf6b3423d4809ebaf0a46b4ec9d20a153768f,reciprocal
0x06bbfa0d3b7041f5f197a21420157740850f2041,reciprocal
0x06e020d7b4649af435d84b0fe4781eba0dc352e7,reciprocal
0x06e38efd16f0b04fbcaf1dd8eef8c6a58f1f61f6,reciprocal
0x06e61483f0080e7325b2d9b0fb72f2866671cf7c,reciprocal
0x06eea33820e0cb9baff1ccdc85d4d326075752ff,reciprocal
0x06f0377bdb0314fc7792de2c2f59b179dc5891fd,reciprocal
0x070b907b78e157454fdb4397a80f6c0b25263bb2,reciprocal
0x070e9b663631dcf26d7560ca6ef5a7aba89302da,reciprocal
0x0712c6b14069f88674ab92384be58a39025b150e,reciprocal
0x072a3397b69f85e8cf4706c418cce529a60cf420,reciprocal
0x0745ef1edc77ee17f7fa1e8505b01fb268de222e,reciprocal
0x074a26be611853bbb3faef62945e382180497234,reciprocal
0x07509fa63538e0c8bcc846afb68e4370c03898c0,reciprocal
0x0750c7ec99ab2fbae1713902d01adc1cd07d8612,reciprocal
0x0757c33670c01d48064d0f7495a8dc5d1b4cb208,reciprocal
0x07620adc610b04c16fa1374da33106d9584d9054,reciprocal
0x076479a9bae32e34fb213e546d0d727901a5d4b7,reciprocal
0x076a5fc744fb6b5d8f1a0bfb1c399121248f351f,reciprocal
0x076fadfa1c9f2cef6ee5e9bfcf00a970563d9fd9,reciprocal
0x07737a1fb3863202bcd3c7408b801eed68604d39,funded
0x0785c06d9bd2f0a38cfb342c640fa61f5c203ccd,reciprocal
0x07a8898f630cf1511c2cca631f921dd3658b0ffa,reciprocal
0x07aacca94c73140f5b0fd5dad62a41972f4aaf41,reciprocal
0x07ab6926c37ff79ef7a4c7593c0840b49d5cc805,reciprocal
0x07c870336e870a9221793302b2d5692d8cb0e1a2,reciprocal
0x07ceae025b70dfc8423ac33230c895748977c6b8,reciprocal
0x07ee5e23760531283cdefda1a5b551dcc787169d,reciprocal
0x07f067959297767c887dbfa3c72379c66e82a045,reciprocal
0x07f94c701feac13e89a9c0d124bc5afeed097bc6,reciprocal
0x07fd3b413b35ac0b060817db77d77b511022283b,reciprocal
0x0808700aa26577159f99519fb98ef841a6c16b8e,reciprocal
0x081343664490fb46b9a1ebb8bc0b6c51bb687fed,reciprocal
0x081699cf0ae483cc38d988e6cb94cdb28bca84ae,reciprocal
0x08175524c470d765731d0735acb79645914daac3,reciprocal
0x082017be4d5c5b56cff1199b8d445111de91d703,reciprocal
0x0820e18a81a54905d1373a6f81934f8e97c80b95,reciprocal
0x0833e9455f47d1002e34e0241ce2ef73b0c802c2,reciprocal
0x0835554fd886c0d7b22e437e2935b9f42847ef11,reciprocal
0x0836e7f397c8ec6351379256965cd2a60ba14a76,reciprocal
0x08423fc9e90d496c7d34d0867e0003a2cbf9b090,reciprocal
0x0847849ba84c4d7167d4b57c27e8c5bcceeb2223,reciprocal
0x08667994b2bfbb715ea4de1d7192fabe5ebc273b,reciprocal
0x087244aaaa3fa86fc76f82ba986dfcad7db5055a,reciprocal
0x089127f34ff7c55cec0a92ce4c386b9962ef204b,funded
0x089137b4144c09f713039b17646c93ed7591843c,reciprocal
0x0895681a03ef2d75c9c5d41d12bd37d6fb376f62,reciprocal
0x089cae1f7a7b25731c6f885250bd96febbabb37f,reciprocal
0x08a0597c7dda8a9c19db4b5e56fff1886fbdc5e7,reciprocal
0x08a844ec367d768286f0fb3fa8dea1b7fab91c8f,reciprocal
0x08ad6b4c3543bc43c4580039173ff5a4e93c16d2,reciprocal
0x08bfec5133141cc704a34505d5e504503bf3168d,reciprocal
0x08c726ff18a1c1214123d557458f1d75fe7be6b1,reciprocal
0x08cce585b18de8ce5d4f56242e832eec486fd21d,reciprocal
0x08d67d618e327540fb1f8c39ab582839948c6bfe,reciprocal
0x08eb732955d211af9ac0eef918dec7ea3ba5d345,reciprocal
0x08ebd5171b46ae3588825991de9cbc071d66e3aa,reciprocal
0x0904d64f9d81c4071fa61c56c3145079532cb396,reciprocal
0x090911b2d4994aab2d5a76b47993f4f4cbf13634,reciprocal
0x0916cd3ce418a6dc95f12d68bae672675a73255a,reciprocal
0x0926972680228b98cd81d0426a5ac6943d5a5e09,reciprocal
0x092d14a2c1eee044e5ad3dcae8931ceaaf2ad6cd,reciprocal
0x09337f6334bb17627a4443122d555e6b306cc8bb,reciprocal
0x0933caeda2736c9708cb2332fb090f6f28e95fda,reciprocal
0x0936b083bf99783b891514d57f5d86e94922af93,reciprocal
0x0940370355b3c9c5ab08c26725df77aa9550a51d,reciprocal
0x09452960b1034ab94d24c07b46410831e506c27e,reciprocal
0x094921bda0354db68b9b71300c03bbcf400f3f41,reciprocal
0x0951c32459f4a6a216a11a3e8a873ebe364eee91,reciprocal
0x095a78ec53c15fc21fb4549bfec138c0c3664b9e,reciprocal
0x0963b704625e3b2f9db9ac729c96a34ec328e526,reciprocal
0x0965adfcfbd8886be0bc0aa558a2c0daf1ba54dc,reciprocal
0x098760412927be857634a4a6b59f239ad7f7af25,reciprocal
0x09883076198805f61a9d9284fdd933d121d899e8,reciprocal
0x0989f8985f4407ba0ef92b0b20046b91e3e80b73,reciprocal
0x098ad832e22af4897952005783b067695fe5ae44,reciprocal
0x098b73ce66569d27e7ed395f2cd0882442a3b4cd,reciprocal
0x099615bb2f48be6853a0daa973b5e870e8e9c89a,reciprocal
0x09a7cb88bca2cb72077fe2652ebe062c5436a50b,reciprocal
0x09aa9e7ceed1d2d7f808474cd77468c77ff598ee,reciprocal
0x09b20def614bdcb328baa19b26750ac0c305f4b5,reciprocal
0x09b91bad166b791ee6af64470a16abe156e0e1b8,reciprocal
0x09b9b496a8d768e772ce0d3487b846886deed7c0,reciprocal
0x09e0ffb92fdf9e9422b71b5b90e7d4edebb77fe0,reciprocal
0x09ebc2d35b851c9f52223213a6fddb80fdcd4b72,reciprocal
0x09f2289337ac10fceb1546b982d32f13d1848505,reciprocal
0x09f8d9c084675326b3330a379ac0d2bea4d25304,reciprocal
0x09fb17269edaa0d15cd739e0cdda2660352d789d,reciprocal
0x0a0d33a23bcc004880c6956036b2a1838951e707,reciprocal
0x0a1c1628792972af4099437d0306c7630a6e0a2e,reciprocal
0x0a2fc5130e5d652d1521ad7ec9c29677a1894e64,reciprocal
0x0a32cab099e42a0b6cd86cd7d6518f3ccb45454f,reciprocal
0x0a4df1d05fc5214ac3dd7b0ff9e4abd0a3ffa324,reciprocal
0x0a5234d66e091d8fff5037302a63bcde8e8ee4bb,reciprocal
0x0a5693f42adb42b8c1434f9e54691b2e36abc63a,reciprocal
0x0a576aeb2254f655c2de98798d9a1d1c4fc9c1c3,reciprocal
0x0a608e45d6301b16e0b851b9dffef4e7bbe1962d,reciprocal
0x0a6888649c734813f43eec0ee03925bdb609ab56,reciprocal
0x0a6b3d5fa89ffd43c6da180f363a6aa55ebfcca0,reciprocal
0x0a6d8a1f5e7636373c1feb90caa1c6fb83e1f9fd,reciprocal
0x0a7849fc05b5c7a79f297aed70c5a1a7c241cbe9,reciprocal
0x0a7f99ad080b0526c70c32eebc184b594b2aa772,reciprocal
0x0a867e528221520781e7cfd26b8d7bbbf5dd92cb,reciprocal
0x0a8867f9fd7807f430f3955a84db35855656c75f,reciprocal
0x0a8f9d0e3a376b4c055ac6704f8ff5e0886707c7,reciprocal
0x0a920eae129609d1b16d89f5333eefce2a185ce8,reciprocal
0x0a941836c77e84cfd577ee193b7049dfe9418633,reciprocal
0x0a95199e65b568e3f553a694f672140fe5db7540,reciprocal
0x0a9a8ff39e2d7429d7109b62d1c78cddf516ce4b,reciprocal
0x0a9c66d355997d8e9d69d2bc7255d70d7c8f2bfa,reciprocal
0x0aa40cf462b8b095573cde033dff48af5b428e62,reciprocal
0x0abbef6ae5347db1b35be24bf4fc6caaf6751099,reciprocal
0x0abceb8ad605d5220ab1288d4d9854063a96231b,reciprocal
0x0acd7584bd296cf753d8a673cf3870b07348ff16,reciprocal
0x0adba78634b6d3a224f4de800b23e16a59991e52,reciprocal
0x0ae0b3a6c4ffcb736881bf3b2c087cb56799e74b,reciprocal
0x0ae5c04bb585cc2fed8f2126d788a3c67558df37,reciprocal
0x0ae7de9cc3cbdc805eeec2ee432a180cd5f57208,reciprocal
0x0aea98b57bfcb1071edb6c8f4d52ccae0b33e6e5,reciprocal
0x0aeaf6465141c7189a60a4ff8e11e58728259703,reciprocal
0x0aec13411f952f77a5a0849759ba357b3d7cb77a,reciprocal
0x0aec74855bd01ab17b013dfe5fe23e19ce308cdc,reciprocal
0x0b03d2da0a6cc6eb7bcc719031b16734e95d7011,reciprocal
0x0b07e5a319e02763c53c76fd38e39e9fbc18d417,reciprocal
0x0b0c59f74804a06ea9782d0796207115baf9515e,reciprocal
0x0b17732d2e7c1790266f28ac980f9e19274ef79d,reciprocal
0x0b19e3d071ba32187a1238d45b110cef3618c586,reciprocal
0x0b1fb280db32b70267286baa928234cf4b4893f9,reciprocal
0x0b30375619b259c422f56b85f3faa91b674d5dbd,reciprocal
0x0b3b8e8b667b9ec96c62e833974b8f0a9a257902,reciprocal
0x0b3b9099a44b35b121c3acacadde9fd18eea715f,reciprocal
0x0b55712de2ce8f93be30d53c03d48ea275cd14d0,funded
0x0b59ca6bff75ca82f61ffac622973ae472da552f,reciprocal
0x0b670ddd4b29161d375a06d7846352cb5b48128b,reciprocal
0x0b6a5986eae50303c2a2bf5709d6078776246b7c,reciprocal
0x0b76b5ed63d0cd8f01921565109de0120021ab95,reciprocal
0x0b797ccb54574ed07d84597761500e1d1d8db32e,funded|reciprocal
0x0b7d9a43139964fdc635b5ef78fd4f63b261974a,reciprocal
0x0b7f45f3bf37e2780b207471fae8cea9f29adc4b,reciprocal
0x0b87c157b027153dfd1e151f85493839d11f4181,reciprocal
0x0b8be463343d3140650c56cc3d9d431375feea37,reciprocal
0x0b90d72dbbd4e197accce3cc79e9ba00e5bdc990,reciprocal
0x0b9485a59a8074974fc62dda2781251c68280833,reciprocal
0x0b9770239e281ecf5106bf28b4b4a5eea521e4aa,reciprocal
0x0b9858830f8b040c3373ce6d7d478093a9f7279c,reciprocal
0x0ba7b77b96a861ba791eff6bd6fcdf80dce10d9c,reciprocal
0x0bc2eb00cdc19364827e80e9fae876197f844bb2,reciprocal
0x0bc47e958760b4d93a9372fa75d0536aab698cfa,reciprocal
0x0bc4e1f07638cb2c085a5802f673e4c8375b82c1,reciprocal
0x0bd79134c11511d8c699dd4e18c6d4514b245f34,reciprocal
0x0bd7b0c849a8eaf4ecea6b02e3c84d991bfe7f06,reciprocal
0x0be766d2cd2e84037a44b467d5cf5c4ec8a9fbae,reciprocal
0x0beb07708f70c1a3f94a1726cdd622e091638cb0,reciprocal
0x0bf63f37b0f512839c001548dc66a6a99bfc019b,reciprocal
0x0bfa01803c6359944418d7c7e854e2f59accb1ef,reciprocal
0x0bfb951f4c2f55d3cb521ed3d3d8582b4bfc8437,reciprocal
0x0bfccfa47dd462c1392abaa2994167bf72a3f1b7,reciprocal
0x0bfd2932083cca21c9cc59297582257ea4c2c32a,reciprocal
0x0c08638cf48e2a20644143d8e580030942060f64,reciprocal
0x0c0ac8c55966745c57c9ecf4d8f51ac52cd88466,reciprocal
0x0c15ea07d0d386a5555f9c7f9b0eabdd4a8303ed,reciprocal
0x0c22d54e46d020e328c2be80e577fa6cb66025aa,reciprocal
0x0c323f22cb50dee2c0f3557824f10e0e70e82b05,reciprocal
0x0c37401a145ddf363306140de68d41d3222954f2,reciprocal
0x0c3bb07c773dde9347c6308673a969aa18c4bcef,reciprocal
0x0c4afa47f461fc93fb06c5392d7b3e9ec406087c,reciprocal
0x0c4d22266926640a55470917570c3ed9df8cbf3c,reciprocal
0x0c675f7fc61d2f775b1b95ead7c001e9bd3efd56,reciprocal
0x0c869034da48ed8c08b13daf3740866f94365b11,reciprocal
0x0c8aeba6c0ee2c6efa5c2bde88147d5dcbd1005a,reciprocal
0x0c8ccf1e48ac3f02148975e329473122db13d718,reciprocal
0x0c9a94345e186262f371d245e5b6dc2d1edab64a,reciprocal
0x0c9c6dfe82ac48a181429eadad93ea1fe3fa1b1d,reciprocal
0x0c9f4d22fc4c81c66b229ae6bc1c7960147813d0,reciprocal
0x0ca5749866ceed74f9a7a9f6b3dfd518db68d4dc,reciprocal
0x0ca72d53bb8b4fbdc68a64ddb77958f2c8f78a09,reciprocal
0x0caa21adf8a48727d71943a035497c8f52c6a89f,reciprocal
0x0cb1633e7ea5d2eb84a0e7eaa8d205c6f4550515,reciprocal
0x0cb213bfaab1c16c34569092e785b4b4f7bf3970,reciprocal
0x0cc0245a3b7c96db28e97680eb13499b9041261a,reciprocal
0x0cc81c14f668277a1dd5c7cbb93735f57376c083,reciprocal
0x0cc953fa1c27593100390f7442e39c0f9cbafb26,reciprocal
0x0cd829b7ec7bb0acb27770f4c589b2d5020f8f6b,reciprocal
0x0cd87fa33e156914c950bd10b69961f3e9556def,reciprocal
0x0cd9cd1800e9e84b9226eaba926118560c594e98,reciprocal
0x0ce0cb7dcc81152597c72c48c1161923626a1660,reciprocal
0x0ce0ce7e7bdba8ef02cf2d3e6938fc74c8cf3211,reciprocal
0x0ce7d5742565c6de276ecd32343c543c7f029be5,reciprocal
0x0cf539fca9a8113cd13cdc1e6e0c64a5c4d43872,reciprocal
0x0cfc3862e5ce6b4028b42edc270cef9d971349df,reciprocal
0x0d0b76c32b8f67a958c11cd4e6296b35e9010810,reciprocal
0x0d18713bd153259b4e3e694dd17c51da3a963a41,reciprocal
0x0d26cb6d6216ff4c1076fa4003227af28f736451,reciprocal
0x0d3389be42ff15b29adf107dad92e129f35bf95a,reciprocal
0x0d3c4974ebf6ddf33200042e51eb7ae03c3f5af2,reciprocal
0x0d44c44102e3a4a910b5ae59ea164a50ae9eab47,reciprocal
0x0d49a84f81611e9eeb4e900a433d89f003421095,reciprocal
0x0d49dfd2d43f60806c3a0c0a4196d0df60f843f1,funded|reciprocal
0x0d4cf2a298c05719e17654c2a7af16ac1f687bb2,funded|reciprocal
0x0d50974d73d727431d468619e834fa134f56b3e1,reciprocal
0x0d53af5adf8b5f611a7ec0bf46fef65ef1340f2d,reciprocal
0x0d59b2e947a913f4daf5de4a0443aefada81738e,reciprocal
0x0d5d90c63b3be95c6967b99ba8b8b360cb5d9266,reciprocal
0x0d6041f6f8fee3b66efb633716af12c2da331d77,self
0x0d60f333543a8829d0697d4daf8f6c4c76392f00,reciprocal
0x0d6761174e048700b35bef7846b6099b4b81fa9d,reciprocal
0x0d68ae3fd51d2537bc139e42eb89636a77b84ca8,reciprocal
0x0d6b3edbaaad0ad646af824504ac9f4efdef2138,reciprocal
0x0d77ffa33b72c0c7b2ef2c13fa4626e37e6f7171,reciprocal
0x0d7de9baf2fc847f3a52948469a9edc87a380635,reciprocal
0x0d7f342964074486d24045893cf9a2c0d367d94d,reciprocal
0x0d86657c7905a17f4f81f87f4155c1163855f17e,reciprocal
0x0d8b92f322b1496ec1270c9ee475e24c685d19a1,reciprocal
0x0d92690aac46531d8366fb264404e2070435b51a,reciprocal
0x0d975e64b719594d87883b14b4a6420c253cc92a,reciprocal
0x0d9bbefce167e7b8fac5f0b535814b2612e4f845,reciprocal
0x0da676546a440a8a029beb65fef0bbc66ed6f603,reciprocal
0x0da7d6432b0755fb4fdbe0393ba48b67143af9d2,reciprocal
0x0da8bf1106cda85e5d48c0f1f2b6b64bc02f25af,reciprocal
0x0db93fc229de3a3902b54a59ca726ddef33b94aa,reciprocal
0x0dbb2c9fc85b920a56944bf17432103e09fbde39,reciprocal
0x0dc110058cddcd1e07c7aa93f6a6227cf7c5f461,reciprocal
0x0dce4ef764b0f90f6ea1ac1a2ad72f9dd96f2a14,reciprocal
0x0dd4fddae996e5e5217b62f5f94e417f8cf0a24a,reciprocal
0x0dea43b029be2b0ec29792ecf088d557f5d124c2,reciprocal
0x0ded1de5c75d8c7a1551872fcd5c5144ca5642a8,reciprocal
0x0deeec9f1bb11818f91f9fbddeb2c24fc95b2bc9,reciprocal
0x0deef6585cb75567d0109f6c8c8246692dc7b540,reciprocal
0x0dfa4609bfecf5b0f6a53401649de34b68e0e426,reciprocal
0x0e0824c379b0254bf7c7413da24c1783c6e4123e,reciprocal
0x0e085b1f34824c77617ac56c3b585e2e66f79f31,reciprocal
0x0e0a9b15aa801a6eb4d106cb5b26d5ed2e75bac5,reciprocal
0x0e0e34d2c5cc70c6e174b349c75d838c2ed4666e,reciprocal
0x0e0fbc5905bfa3a3f26fd4c7458b1abf06defe15,reciprocal
0x0e19d2bfadeb2cd56201194c88cf9f9e7bf83bb5,reciprocal
0x0e1fb1ec02da3ceecff96fd179966294dfa2068e,reciprocal
0x0e272d67da359401b9c1d1f71d5d6f7906e73adc,reciprocal
0x0e3a6ac81d5790182dea11f8821ab3a27673368e,reciprocal
0x0e3b1473033f39a113c308132c2b84bea94900a8,reciprocal
0x0e3e65a4c89503a66d03a01e0fd9ddd89b851e31,reciprocal
0x0e50984c498a63df338a84943c2eefa82b5e165e,reciprocal
0x0e5ab9ca1a255073221b5fe5e93b1df6fb209f82,reciprocal
0x0e5d3bc072db437232c0537fe82cb6a772e59227,reciprocal
0x0e5e6fc2f178cf52a7f0981654a4b582ef28fb04,reciprocal
0x0e749851b63e9fb1ddaaa205f03eb22dbd6def86,reciprocal
0x0e75997857681433e5a8a42bb05c7b653366bd03,reciprocal
0x0e7ffea0160dc7f7a84c2fd0e8ae4c82b6132ed8,reciprocal
0x0e8397ef8cee740aa06c8abb8607e3063bd336dd,reciprocal
0x0e8842fccbe8d1672275698f0d5bc307300ba16f,reciprocal
0x0e8901c16bcbcbffca81143ebe0f53e22a311f2b,reciprocal
0x0e9332b097cc056585b946578ff733f36bdb6f87,reciprocal
0x0e9793a0a058373e46acda362aeaedc837e09aaf,reciprocal
0x0e9d8e0fbc5f984b3427bb3a0c75aa3017fca40a,reciprocal
0x0ea9141cd355efd8fd15997417c8f712a65bd068,reciprocal
0x0ec8065b57396629e6fc2ccdbaa0c79e5081093b,reciprocal
0x0ecb933a1ec2916769e564efb4773db0bf1ead50,reciprocal
0x0eccd70cbf4a50e00cb3ac84b80d250b6db87002,reciprocal
0x0edfccc2c0aaf3fa86f8ad90fd5fc50703c06fb1,reciprocal
0x0ee97199fb4e9337b8df442ad3a26bd32dac83fc,reciprocal
0x0efdcdcd262e2784f13fabdb204fc8dd7e9654c9,reciprocal
0x0efff62fcabc3237baf75101d5e7d5b0280a4b9b,reciprocal
0x0f01b7dd8147a4246f828ea96018ccc4c8a1f4ca,reciprocal
0x0f05adef29fac9ffe6eb4c5f0ae82ed6ef565325,reciprocal
0x0f0916ab8356fd6a996fbdab74c3c84586065ae8,reciprocal
0x0f0c573065ceb554f51f0594e64215a89f76c1cc,reciprocal
0x0f12e5192c0ad92106eda0c7ee6fa07ac3a4b439,reciprocal
0x0f1a6a43b26d10f5f4a4b715264bdbf038af2856,reciprocal
0x0f3074ec9eeab8a037ed9ce22b4ce8fac4e84bcb,reciprocal
0x0f46aace2fa2f41c255b2565cea35b2d17b989fc,reciprocal
0x0f46dbd298485526e92eab0ec095bbe1c05adc6f,reciprocal
0x0f4ae2292cba5dad298dc078c0545207a30a85c3,reciprocal
0x0f6ba818394a23095e80d9bdd51424fc5c7d6891,reciprocal
0x0f70d1496ff621e9963cf6e7b68774cb3ab4b7e2,reciprocal
0x0f745d9f1195a9fb418ca1b30c62c522f176fe68,reciprocal
0x0f8b3fd85298d4510ab07ddbefef710e6e87c1cf,reciprocal
0x0f8c73fe0cb04d6f446bcd747e786bd5d898159a,reciprocal
0x0f934bc039593d6caa01494e67406cc296ed4cce,reciprocal
0x0f94466f193f50e124592daea201bf10828c2612,reciprocal
0x0fabb1f7c8d121f938e4a9cb990d94133ad82253,reciprocal
0x0fae5701096c008d0e710cf1d86e29c8126b8cb0,reciprocal
0x0fb89eb430dd0bbe25fc28fc58f63f01e40aac66,reciprocal
0x0fb8abecd9f023271298ee1ef518d91062f6974a,reciprocal
0x0fc1e926f07670b150ef6dcf2b32fd34541c3116,reciprocal
0x0fd9fb79dd378d3c71b2dc3c4b36d42e6dceb7e6,reciprocal
0x0feffdfa4d546930b98ebdb8745a94e6e5477d3e,reciprocal
0x0ff0f963ff8f6b87d20d6e2f5b149e29294d4ba3,reciprocal
0x0ff47ad1b7af0c227cd2d1c4124f5c9fe5f87392,reciprocal
0x0ffd1f9f1b68373a6d6e56a5921cb13a9c94fe9a,reciprocal
0x1007f06fea87bc4a6203322287ec6d5f8ac4636d,reciprocal
0x101aa266ff63562043c9e44b4d2a02f33dcde071,reciprocal
0x10375ad57a423f386f87d34081fe2451a42f9a9d,reciprocal
0x1042a5be1adc9494a23d73fa1b895b26064d656d,reciprocal
0x1048737c5b7151d79536c091a862467c89d3a40b,reciprocal
0x104c35809e74368798a8f43b0f550323914c3e31,reciprocal
0x104d308177da6e97809601fbcb89300cd06308c8,reciprocal
0x1051af3808718f5645d2125c7cb571a3dde46e78,reciprocal
0x1064d4b41a9f22d0879d7a6c14e73320bc645fa0,reciprocal
0x106703f20f40cb35cec6e01fab0e87649dd030b7,reciprocal
0x106ccfa0eda8ef613ebd2d4e866ef713d76a9caf,reciprocal
0x1091eeacd74592af95cf65b888a69b884ab633d9,reciprocal
0x109247b7d91feccaa5aa66d8ac0953e4e804cf10,reciprocal
0x109c2487e3c99bb8f68267786093026066f4b6a5,reciprocal
0x10a19c1007b4c2c8acc34d98effbffdd3d297912,reciprocal
0x10a2166848c9cf81c2f5c561a37cf02595b9695e,reciprocal
0x10a3fc1842ab9bc5968a730a2c6acda1d2ea2fe1,reciprocal
0x10ae6a21b58f4ef4ac9c7e08a17b6a979069987d,reciprocal
0x10b43f4c69861d508b55a009bdac56d24bf11c77,reciprocal
0x10b88ab1fce130cab5769a6584be0209713c7c05,reciprocal
0x10c809674ef6a41fadb9606c178e22d25bae842d,reciprocal
0x11192cfd11642bc6ab421fc0426246df0616ae15,reciprocal
0x1122f0db7cdb25568239f56edc02e89741ace2d9,reciprocal
0x11241d77594f6fa854f935cd03a101e55479a18b,reciprocal
0x112a9b89c669bfc0d415a489fda4c5c5178b71c6,reciprocal
0x112e000f25d0def0360cf0cad50970d39bc32b2e,self
0x1131e46b35c618d610e845b7415c1747e6bfff66,reciprocal
0x1139ef09f435afdfac090678bb7f04f7e6503c34,reciprocal
0x113bf6a3ede0915ae45d195497f58bd8589ae2b4,reciprocal
0x113f4cfef8760cb2113237725c68961616a04e1d,reciprocal
0x1142605a19ba175e0dc081e430a06e332b0f45b7,reciprocal
0x114531125fce551c0b16a6e3ae4400207ec93d3c,reciprocal
0x1147ce6bcb711d15c3d9508a03e1aa5c0188ef44,reciprocal
0x1157f8dc3575727e0128f87372a350f6ddf3b4e9,reciprocal
0x1171595f0a80cbb909c38096b3f56f9695b1d976,reciprocal
0x11889d72cc46ad82ec16d02a3f9030a93be7d442,reciprocal
0x1198bc4eda63dafb31a67571d8c4c7dfeb85e8a5,reciprocal
0x1199ee43d50d2469ea64f81186479cbd670e00f3,reciprocal
0x1199f5967afe08b01125bc6b42439c638bc0df8b,reciprocal
0x119ea1b4149bf960de801753cf887f5a580b7c2e,reciprocal
0x119f94bbd9314d6d7a72f4739a3151bf4f9fbf08,reciprocal
0x11a26a1b266dd9ba7222da9de2625f5595d2109b,reciprocal
0x11bd8fdbcc561774ee7514a67f0c485361167daa,reciprocal
0x11c7888c3147addecaf69a9722ed0817f3870af0,reciprocal
0x11c868c2b3fca53b5ff52736de5127409e2df1f1,reciprocal
0x11cf2a79ffa7c7a272101d055919e36e9e8124de,reciprocal
0x11d70867fe0457f41c3fe9a5487c1cf568a53a31,reciprocal
0x11daf319fafa6ac8e22b9ecc7bfd720b4b07b1e0,reciprocal
0x11e1502abdc5ec6771d0c24ce648abb25e19f46a,reciprocal
0x11edcfc1c1e800305762b161df762f969ad304b7,reciprocal
0x11f17d2a7355ed2ce86232b4a0d717345461737d,reciprocal
0x11f9e3350883d503990cf394276deb6a0b9c08f6,reciprocal
0x11fe205947ab261326fe3f1e40ea76333d822cdb,reciprocal
0x12026ad9f4ce9bcbd7dc5cdbaf14413a244c303b,reciprocal
0x120dedb4563fa39a206a3a0400cadc7dfc951a43,reciprocal
0x122ea9bad376e57041bf09500b28b8f73f5f9830,reciprocal
0x123048cd2d23c9a7444020c0e2f63825efc5441f,funded|reciprocal
0x1234b2bef05429273d833f2b67298d2ccd343952,reciprocal
0x123f9f2e33c92db91a8d4739853512e74422ee0d,reciprocal
0x124056e670efc17c4af52a84f4761312745c3c39,reciprocal
0x124649153329a5593bbcf463cb6a43b015ae310d,reciprocal
0x12479502fcfb4f25e7ac473d23f69a5652688317,reciprocal
0x12503cac159dbe112bd7aa96d2e06420b244e83a,reciprocal
0x1251dea2b8e337e2f58765eb7b1e89a9fb4ba639,reciprocal
0x12542fde2b7cf871c1a7115a5e6e13126c15f2b1,reciprocal
0x125b5b81cd8a94fcd6c77933e83a0e8a767392ef,reciprocal
0x12643efb14955499955a2c6eb4bcb07363bd473f,reciprocal
0x1277169c3e4c16a150b8e6bf194919e8284ed7dd,reciprocal
0x128f60b8da41d96124c713232d9afbee428053b6,reciprocal
0x12987a5d67876ce685f94550a1ab0942dc983ce8,reciprocal
0x1299a9bd52f63ba7b6d8ad5b07820ebf8ecd6325,reciprocal
0x12b00eb258dfece19a0e4a5fba3cd7c3c293e123,reciprocal
0x12b48acd2c12794badc5cb0580bf3f87107f66ed,reciprocal
0x12d2f39438129f4d525196baf7ed3ad2b7031d9a,reciprocal
0x12d43cb71d52d139fdea0c53559c189e19a26d44,reciprocal
0x12d4b74a928b976187d15c745477b780b8560ee7,reciprocal
0x12db07a9d1ca84da66cf6b7f9501a19efac2cc52,reciprocal
0x12e2c45ca4e261bb988f233160f09625b13f527a,reciprocal
0x12e4fe846b03aa4e3cef79a45f54ab6e9dc9f2ca,reciprocal
0x12f15666645ee392c3b8a4c0098ef8fe052eb0d2,reciprocal
0x1301c9e1c1f5be94e0d2db67ab694b8de433afd7,reciprocal
0x130c0f6f930f588f3f5a6e691371e297fb47bffd,reciprocal
0x130ea958716d71093c6b0638620d7f8a853c4c32,reciprocal
0x1311998bd4a3cf672786ff1ba1115606423f8c26,reciprocal
0x132351c3b54e8a0a7d4e96af14dea48eacfcc5bb,reciprocal
0x132594d228a2dd955045dce51d4858b39f336ac5,reciprocal
0x1326ba2b83aa1999905c22eb6e7e277bc67a9aa4,reciprocal
0x1338cf62492597ca21e87e96135bc66aa40da8ff,reciprocal
0x133cf242f281ec84f4c5bd6bfdf73159ccfcf21e,reciprocal
0x1341855cbff1d1e9b2f210339cfe5b190ca1a395,reciprocal
0x1344e6e4d98a151d6878346fab4cc4f2dc50ff25,reciprocal
0x134608626129fc3e877c0d11b35c4f9a673ea8fb,reciprocal
0x134662d6172728b8c88933fda72bc803f60e02b4,reciprocal
0x134820820d4f631ff949625189950ba7b3c57e41,reciprocal
0x1349d9f15f7fedf0db8f029271a4377573637ca2,reciprocal
0x134fefd8142f85bd3e83f5260b9d8965d1007cd7,funded|reciprocal
0x135ad686d4c5b06a4312d9dda3b483666800d7d5,reciprocal
0x135dceb797b9c31858c222ccb0fc0ae824457193,reciprocal
0x13614da7e2626567c98862ba09142321eecfc7bf,reciprocal
0x1363c7ff51ccce10258a7f7bddd63baab6aaf678,reciprocal
0x136431c4f313d43f4ca6542a91bf43bb11c44533,funded|reciprocal
0x1367d44371b0cabd20d9b25e90ea08c1ba90b5ff,reciprocal
0x13684bd2b18b06fb8930b4d7b708bfe764a15877,reciprocal
0x137112caed17d851b6061171da097bfe706ff38e,reciprocal
0x1381c8b07af3e00b8b03938661291b6af4ae7a7f,reciprocal
0x138b618d73f9f9d90a543dabc03ff24c0ab126b7,reciprocal
0x1392208921f44c44da6f814710e20fbc5643e6ad,reciprocal
0x13a4fd284c5c2a185f0d5136e2a2861fb6a3ef16,reciprocal
0x13a79919f9878ebd3d172304573255556dcb7fcf,funded|reciprocal
0x13a99cd962f214d1165b21ebba8bd4aea64e8374,reciprocal
0x13b626542c4ab0ab56db179848ccbdf790f2b04e,reciprocal
0x13b9f5a0092be4bfb8076f99e57065ea3421d038,reciprocal
0x13baae659d598c7f76666ca321750b8954d3b215,reciprocal
0x13bf6e9f08044de9b702fc28381965e88446598a,reciprocal
0x13bfc43fbcd63c4644bbb672a8d13a3b550eb9a7,funded
0x13c1e513327dc04db4e16bfcbd30f5721802ed30,reciprocal
0x13c44f403f5c91613ce4a5cdc52257ae33e5c432,reciprocal
0x13c4b0d91f60ace3c31736de1618a5a22d6d2466,reciprocal
0x13d33790313872311cda6f1f630f845703be44e9,reciprocal
0x13db13e6720b6029da8e710ccc892c05144f5f7f,reciprocal
0x13ddb5e899985c89b331ce84c46f721cff22abc3,reciprocal
0x13df0ab353618f1066966b68d0666b9693f482e5,reciprocal
0x13f2594fc0eabfcc2237ed21e3d65d20753bbed4,reciprocal
0x14031a6eb4b5ea56e3303c173fd278c273830b29,reciprocal
0x1410a8fb417fef156a6e1db3ccd30f60f26814c7,reciprocal
0x141fe081653f1e1be8643b2f5b69d37670ce6e05,reciprocal
0x142a3f2323ddbd7aa2368355bd1cc8ab45ef87f4,reciprocal
0x142d0d208f8ef15b88e7e202edca904c9810487f,reciprocal
0x1442faa2c1b03a785fc6b01ece5fcb01a39455bb,reciprocal
0x1450c90e2bf022f3cba6a9f8f0a0d794861ab649,reciprocal
0x1456bb633bfd0836a05f90c7fec3c6d1919b5a72,reciprocal
0x145af3eb72dcb724d6ca27f042d544c517b5d287,reciprocal
0x145fcfa74798e37c43bccbeec2361cddd1675da6,reciprocal
0x145ffa79a57349d101940f8826873c5eff465b4c,reciprocal
0x1471532380d6eb819eb2505bef37f764c878583f,reciprocal
0x147d8f9efc5490cf50fb933a28f99b1fbfd9014e,reciprocal
0x147fdbbb73117d6d525eddb7e815b505da884556,reciprocal
0x1482776f0e725f4913a138af2a41df19914a0bc3,reciprocal
0x1483ee26c7b44e2d9c0e2dd086348482add287fb,reciprocal
0x14850e4fc61d2d642b26aa988319af899fda5933,reciprocal
0x148b248b8f1c9c91dc84bd58e713f2241379b181,reciprocal
0x148c1dc4607249c0de78836f7bdc20647935d612,reciprocal
0x148f83b5bffcbcb1a58f48baef1d447830d2692d,reciprocal
0x14a509cb2b3e8e297ec8845df0b621c7689d7e45,reciprocal
0x14abe0ae5cd8be2e73fa1df62d977164ad600aed,reciprocal
0x14bd2d97a854bdee0db5f6db3838c1fe23343544,reciprocal
0x14ce8bbac7214f4712320e35ab1a400f2a19abb5,reciprocal
0x14ce9c2b08b8162f697d04d35024a795377d08a5,reciprocal
0x14d19cc76a0933d8e491c4c44585c07ef7e56bd5,reciprocal
0x14da606d50157bc9634464660c465bbab4341ecf,reciprocal
0x14e0aa2488dca871acf744267a9e4576e73ef81b,reciprocal
0x14e9be5e9031a6c25c8d3038f2020e0c4826a559,reciprocal
0x14ea414c061b3bde04419eeeb73a24418ff2d1c4,reciprocal
0x14f8664c7964abf8818278eb4f54812933d39bda,reciprocal
0x14fb075f0c78f945db8e9e5d66a564d3cb599243,reciprocal
0x15061e5cd0bc3c4ea2b2e453a81dd1b41965eac1,reciprocal
0x150d950eea25aa139b6b2db9eba28cd1324da370,reciprocal
0x151105e28ecab2238215e7d055ac3c0e1186a158,reciprocal
0x1516e39df06763403dfa300645d384e382c496ef,reciprocal
0x151df12c37f58c0d33b7a39d8485bec40d6d707c,reciprocal
0x15322986d1ce980d1d8ddfbdac9fd379dca204f2,reciprocal
0x1550aa937a6795042ab23430e66119383ea2fc81,reciprocal
0x1550d7d5c08fd4d203717e5b19f36a4931225a7c,reciprocal
0x1568c4dcf009adbdddd4673f73ebaf42d5138147,reciprocal
0x1568d5414a1c93e2f76b73d90f68242cd8b36aa9,reciprocal
0x156bdc6ac438955a645a6fe1c21a8f91c8c921c2,reciprocal
0x1580e137d14508089c86d6b3f3cde794798332a1,reciprocal
0x15836d51738515bf26926d33f6b90bdf14d8de25,reciprocal
0x15870ffae495df7943ab63f6d44db11703a575da,reciprocal
0x1589cfa475dc40cebced3369cf21c291c0cc7fcf,reciprocal
0x158d20e7c3bca1d20ac37e7e2399f7f4aeafadf4,funded|reciprocal
0x158d6727b17aaba726d7318ac7dca5edf8faf6f8,reciprocal
0x159611d957a210d4d3e20327ce5abc81ad1e864e,reciprocal
0x159a514cba2941d3fb5f3bc06237ea3531200748,reciprocal
0x15b64d8a75ef50618f5ff514a71a534e4eeee796,reciprocal
0x15b6c5f07496ef2db3472b535faeb46f4bef5f2c,reciprocal
0x15c860ef213253a01b8804c8d34e5fdb42abe6ba,reciprocal
0x15d6ba0202b6165499f2d09698254dab96053108,reciprocal
0x15d76a21312a2e40220b08f811e74a123bdc439b,reciprocal
0x15d83a6046fdd6722620c6264f35967a175440d1,reciprocal
0x15df252398717eec67cf94cde1b98c86933d0507,reciprocal
0x15e01427b4a5d24b44af9bc07b45ce62551f47b6,reciprocal
0x15e22aeb4dbf2c3f9192383988ee9e97f3c78f7e,reciprocal
0x15ecd7fd72ada4b0150e13e045a87fa72f752983,reciprocal
0x15f31415b35c0825fdd4f076abf2c039b6c64ff1,reciprocal
0x15fc290e748290b8b7923c2a9b41ee1d14b15e95,reciprocal
0x15fd5826512d828fbcdca2edc53f74cb9f137dad,reciprocal
0x16043d3a6ae832a9ca605a2f287f65a0b96dda6d,reciprocal
0x1611cf65193a4830fca47643e7825e5eacddd499,reciprocal
0x161dbdd73d025e9aedd4918a67c28e5bf9a87fb9,reciprocal
0x162181729cfab04ca09a099e367915aceeba0bea,reciprocal
0x162a2f7509ef01d92275c2acb87e911d13bfd82a,reciprocal
0x162ae05753ab7e67b1a4cedf9d84426ca5214c07,reciprocal
0x1639f64054e5064f1ad88f57824dffb4ae690e38,reciprocal
0x164d3262a0e48a8e6ddc1b43f64aba407bdc1bff,reciprocal
0x16511973924c014a74b0d6478c4456efa3fe90d7,funded|reciprocal
0x1652496a916d2fba5ed549de29facc2b7ac1e0d6,reciprocal
0x165512846a5fec90fa7427a6e665dd14e5a7d844,reciprocal
0x165a0cf42d359b16a19b4da883697911ee721a3a,reciprocal
0x165ed82ce6b6d7ca8d322533e3c203da0bae8637,reciprocal
0x166df9e0f1be09616e40d07ac847b3671f29f47e,reciprocal
0x166e58f7fb80aed2dc66c6d265aa2ac23eae0b72,reciprocal
0x166e59f0c2698f4fc4ec21ea93cee41d4f9438df,reciprocal
0x16722288b9d09778626347118546b5def62bc2a6,reciprocal
0x167ffb8a1b452e2e721ec10d5b27e8eae9d9ee5e,reciprocal
0x168d8b4f50bb3aa67d05a6937b643004257118ed,reciprocal
0x169d36758703133d526adcf366e9403c9851681c,reciprocal
0x169f3df8e4e38f34948ea4e8ed156d9f7e3997c9,reciprocal
0x16a07377a80a66132d2b4a1a63b5a91465c976ef,reciprocal
0x16a1c4433ecac929f76a0e4adb13f94e1ccd0bb9,reciprocal
0x16b2c234c86c093142d259d4bf5c4a70106e2fe8,reciprocal
0x16b482fd3c041e5bd7e0f220f40acbeed78f1d98,reciprocal
0x16b553f30ee3408920fdbc4cdeebb2d631a0c203,reciprocal
0x16bbcb7b1507446fe52bf32100382d4887687b8f,reciprocal
0x16bc259b1586008a3a3d4b78544f7eeb77127548,reciprocal
0x16ca9e69e97ef3e740f573e79b913183bf500c18,reciprocal
0x16cb3dba4cce3ba02ae4eafd7db6051edea96f48,reciprocal
0x16d45d412cc93e4bbce6d390996c1135353f934b,reciprocal
0x16d9a6b1ad017e792ffbdbc58387733f4a927324,reciprocal
0x16e81a88e63188ab68521a734ec3e1161ff205c9,reciprocal
0x16eb7be3cf19853ff364d55996c59d8a5e3a84b6,reciprocal
0x16f92ed095373620ea1f9b6d15b142feb61c1ec2,reciprocal
0x16fd203bfd4d2cade3b0cc0bda9e3676d31bc7ee,reciprocal
0x172301b8a45f40a4724c61b453d62c920dad9967,reciprocal
0x17278afc2b1e8239f647fbcdb0fa1ef0521f988a,reciprocal
0x17281d532cad601bdd21bbc66f195cf7b802de2e,reciprocal
0x172d6d259c5b3473d9c65f5e09298c4bac4f884b,reciprocal
0x1731b62f873a9150b8177f2d0aa10df13d269ee4,reciprocal
0x1737c9d4496f1c0dcc933bb290d0aa9c5e485d90,reciprocal
0x174b791fa3be589228b820d39020b791be10a9ec,reciprocal
0x1751956b61b2b0ffc4703bf932d3bc06fa413b5f,reciprocal
0x1756142204a4918a3c2504b809ea8f1bee742099,reciprocal
0x1772c30fbf9df6e8565d256d26158d4a0fac1403,reciprocal
0x17820ac6118c2a5d4edfb09517e4af3579bdea91,reciprocal
0x17831cb0c6b249c8122d5e94ef08de9d7e499bbc,reciprocal
0x178517854ca110d421140f5ab4653f7f39339acd,reciprocal
0x17aa2f22dce249ed6e2957397a123cd344711a85,reciprocal
0x17afe9becb6a56a5bd9f13b41923503bdb31a575,reciprocal
0x17b2f934924d1bd2ea5ce4f1dc197bbad9ddfff5,reciprocal
0x17bc5d665dccb02a5ca15d6b4187a0760d1cd595,reciprocal
0x17c07a3f1e95a3919d6bf8b3244a6f0e2bb2568a,reciprocal
0x17c7963568ac5a2389c862ad3f685526280f2c93,reciprocal
0x17d2f1aa1cfe178f241a07070d1566a166227533,reciprocal
0x17e796ad0828fff9352cbce0e4dacb2ed209a6df,reciprocal
0x17f43f07a25eb6b63936b3e2cbb52dfe612a9e19,reciprocal
0x17f6ddf02054439afe084b6fa9888e9f26924742,reciprocal
0x17fce32f01f88ffbdaf6ba51cef9138bf6bd637a,reciprocal
0x17fd929dd710aefb010594aa889115cfa4970b57,reciprocal
0x18099f64d2195f7681de230709189a5fdb978cf6,reciprocal
0x180f07e7c58cd91223bb3b2524372794a2c2095a,reciprocal
0x181736a1db49a5ea33f1f1cbdd6a1d8ee2dd5a9c,reciprocal
0x1817b60d98a70e890dfdfd3bb4366d351375d23a,reciprocal
0x1817cd57653e34910e39b9cbfc35b876d5d4c03e,reciprocal
0x181f955e04abec79eec85fd284f89b52be283be6,reciprocal
0x1822619af3444661c2ab12f840f0051eaf8e2eb8,reciprocal
0x184105dd4cf0dd72402e68bf12c144ab3cc1799d,reciprocal
0x185617b44dba9bb35492c63dbaf5de7980db587a,reciprocal
0x185c7639e62835e3463f6b4408906638022811b8,reciprocal
0x186cc7ec03fa1796e04b631f00af064ec0e2755c,reciprocal
0x1875cac8822fbde89a4211f2201bdbf47f338a67,reciprocal
0x1876448fb0cb5d7e382ac0beed78761e962f95a5,reciprocal
0x187cf131fb6f43dbd7115d9e1703777478250e8c,reciprocal
0x187dc16566690db7078743fe07b99e74f03e26a2,reciprocal
0x1888192fac6a69e4cd7d078ec4bcf6f24f7c767b,reciprocal
0x1892f72fdb3a966b2ad8595aa5f7741ef72d6085,funded|reciprocal
0x1899827c5e02da9a364f71fe2ece7a754e746a07,reciprocal
0x189bfb58c0da479c1200e3a378ca5f7d620e144d,reciprocal
0x18b1bfa7dccc05e3dbaf2b2b178ddf9a69345cb0,reciprocal
0x18c0e80dafefebb0d8f8f0fd7cdfd582740271cc,reciprocal
0x18c16e72caa10d2ce13e4b61bfc51ab93b7e92f0,reciprocal
0x18c4aeab03888a25517524569c42af2436d27e5a,reciprocal
0x18cc0ab24aa9d32c829324473dea7bf75f6259c9,reciprocal
0x18cff246bab9c3c47a5f2c6e70e69555266fd351,reciprocal
0x18d016d1e77894c0f8cea23e48b4db7811ea7635,reciprocal
0x18d1b391049b3326ce9a30b26d240e57efb52f4d,reciprocal
0x18e71f775102690bd9005b194d2147715a515a10,reciprocal
0x18eba2a0fbc6a03ee3e8244dc2a50a3495d41eae,reciprocal
0x1900320889e50f11e736d27a53663ee66b2e216a,reciprocal
0x19143634a0edc72ae9f8d5d664c02ecabea51941,reciprocal
0x191751c5fbd3784db6a7c0cb134967c4d049c685,funded
0x191fd8fc4ef685e273b155c03e4f621f47e271e9,reciprocal
0x1936f9e97f0411e0204d35d95a3bf1d17e03f455,reciprocal
0x1938b7953475ef1a267cadb73255c7edcf038040,reciprocal
0x1948fa7b52561770fa3f75b43b86348337f3a4e2,reciprocal
0x194913857cc95808e2533d48f60c1b48033b4d96,reciprocal
0x194d8db9e870e32f189c5775bb5c191f90341295,reciprocal
0x194f1f6dfb0dbe5ee8fc29570f8b1f3ccd1fcebc,reciprocal
0x195bfedbdabd963cbee0c644bfba34f2977528ea,reciprocal
0x1964654a852853e50bce2ae3ed15dea69150ec30,reciprocal
0x19648ee65032d1d65d63bb3e728bf8b6f3cf5980,reciprocal
0x196fa89e41ec025ce3cc508cb98f002829e50f75,reciprocal
0x1980b46d6094682785c1822d0f9929ff6ec138b9,reciprocal
0x1990277122be9f258db1f08df291373be02af449,reciprocal
0x19a71eae0412da1d920d6fd91246b9d9b4a27f1e,reciprocal
0x19a84331c8270212523ec73b050efd14197c9022,reciprocal
0x19a9d338ccf1c43fb2ea69fa03da065e23510039,reciprocal
0x19b578d8773f4b9983cc6af3e1b2a92af60e30a2,reciprocal
0x19b83813ca9b1de62d326e8669f2d26b8ce718d5,reciprocal
0x19cb6b92104e0e1247b22e6ba6e846faeb86ad4f,reciprocal
0x19d503c9651304cba16aaad2da560cd4460b7022,reciprocal
0x19d7b9638f87fa49abe13aff46085234e8e8ba26,reciprocal
0x19d9f080356702cfea72388880263231f4889f7d,reciprocal
0x19e77b6351278c225aab8732acdd3295ac509f6c,reciprocal
0x19fdd37a9e66c4f37f213f1ccafdf4fff1180ec0,reciprocal
0x19ff40d48b246ef027b22a660ba4d32c8d4cc191,reciprocal
0x1a01a6eddf1eb22c1cffa276799b0d334478ea51,reciprocal
0x1a0c5213f7a29e2189c9405bcbf0a6ab1dba1466,reciprocal
0x1a0e72810f3d12c2d9d52c32348e68b6aebd53d3,reciprocal
0x1a0f2d31380f669bd49c876d0fd06565df50bf06,reciprocal
0x1a17a6ff3d3c80ffdcbf09c2def7ee11ee1ea03e,reciprocal
0x1a326fe7453d49d0392ab4b6f93dbd531e6b6a67,reciprocal
0x1a3402caea5b907e68c4d2ba517cc2e4d77ef0b3,reciprocal
0x1a43ed9f00ceda4b50011972f807d9192d630590,reciprocal
0x1a4eae876f5d5c92ff3343772494894f8cb8979e,reciprocal
0x1a5d1990397f6c1395517b83414628854bbd7dcd,funded|reciprocal
0x1a5eeb851bef517ef7222efbe5b8b630be37eaa1,reciprocal
0x1a62fa929d85f9ec00ea8e862a5e8b4884e56925,reciprocal
0x1a8007e7c5b8c0156a4f2452cced47b14f7d623e,reciprocal
0x1a8be11ed6e407a220720f2e06746365c93fb9fb,reciprocal
0x1a8d0ac2d4ed01c26395ec348c335e3ecdd9768b,reciprocal
0x1a92ad646e9c9494d437b91d45fca8602a6c4f2a,reciprocal
0x1a95e4b08d5dbc51523bfc93242d15adb5608c44,reciprocal
0x1aaad38682fc3c6c0ac7ef8a43e364e0c26a501b,reciprocal
0x1aab6b0b8653b5b2c1ad9d1b2915dec25bb9410b,reciprocal
0x1ab7bf2f1bb2ed13a05b1fe5898a6a64201bb200,reciprocal
0x1ab7c4a2d26523f2cd98e37cd198b0f6fcc46308,reciprocal
0x1acfdbcb9d757fb970509b253bb6bfbe893c700b,reciprocal
0x1adbb63b5f3f0726711b9f6ddac4762998cc5b64,reciprocal
0x1af7fb444129500fd3ab1821cb056b236e908e54,reciprocal
0x1af94ba064ae408aab07806a731bed73cc61537d,reciprocal
0x1af9bac167ffba9e083e481bc576cd28d988e141,reciprocal
0x1b02b816e0dc6c599351b48c0d5d6bcddd0f32e1,reciprocal
0x1b050437f34fbc7d2c6e20c13367740b3337245c,reciprocal
0x1b1c2ae2fda5d3156e17cf6a63c6a6bd2d99a359,reciprocal
0x1b351f88ed7ce5ad7ab6a1db97554a18fc6cb2d8,reciprocal
0x1b3cd3ef6a9816baa7671ee1ced693d112d455e1,reciprocal
0x1b438698da75d5c8aea6792265a539f29fc24e86,reciprocal
0x1b43981f3ab6f259483b8a3eba664e1db727b2b4,reciprocal
0x1b451e0f8a25929a4719063a4671a813d0542755,reciprocal
0x1b513bafb43adb0e5947ac407985e3a752416bc1,reciprocal
0x1b5ae02bce329edde8fde9b2bf709ba4dbde3527,reciprocal
0x1b5c9c0c3811103b05622fea0155a65932eb35dd,reciprocal
0x1b60a95a4a5cc2306156902509aa14889fb107e3,reciprocal
0x1b62d317f8f432662d77551f25d3d1b083c5f298,reciprocal
0x1b64f6230223ebbd6b0b7f4ee846e076e122ffa8,reciprocal
0x1b74a7ecf927e7b20fff003c402d6787ed9e326c,reciprocal
0x1b7a0a05bd7366a9cc058b1164757d4412b4a1a8,reciprocal
0x1b8288b052e7ec41d56ec4c19f4e19102134bdbf,reciprocal
0x1b898ef5816472bf031dd1c83a2cbd21cf0bba15,reciprocal
0x1b9f7123890330b8f0f43ca97d0e377766540e38,reciprocal
0x1ba15d7cb28f39aa2aa3ded4b71bed7593b31076,reciprocal
0x1baa3d40bcdaf2d76e8e4176cc0a216cf161635a,reciprocal
0x1bb00d63d485d13dcbca49d33959deb77adba906,reciprocal
0x1bbc8e09e70b5a2c8c554506c6c24e47ee70c9f2,reciprocal
0x1bcfa56d6f45b79aef52bb36e30c87697f75c2d6,reciprocal
0x1bd20fed2b4fc1f635017fdab8e30047a313c5e2,reciprocal
0x1bd5ff7e17ec7950caa06bf2deb0038c54d31fc2,reciprocal
0x1bdc634255669dd9dfc92400cfb9975229e42283,reciprocal
0x1be2c32a97c8d7f2c08db12aec0a65bc1f8f8546,reciprocal
0x1be2e1bfefe03e5b00e303b1862c81b468652ca5,reciprocal
0x1beee3e0f0d019288223672b46dce88fb430a3a5,reciprocal
0x1beef38d3daed7a7554f34163e8f1a4d458054d2,reciprocal
0x1bf1e25f3bae85de70b7db4345cfad8932c66183,reciprocal
0x1bf6b8313383685b277ccb88003e42f9c098889d,reciprocal
0x1bf9851bbc57c9a7f651b53047d58a57fda972dd,reciprocal
0x1c037c3bdddc2d428a02f66982b625d55ec6585a,reciprocal
0x1c07e1a329d8898d2f2b94d85d01b48662f8ac57,reciprocal
0x1c0a5a8a9d7d853458532b68c88179ad0ba9c75f,reciprocal
0x1c0c46646459fb923eae0935fc4d7adf0f9abd4d,reciprocal
0x1c126d6f443bf380fb2b6a40b4870c1a51529781,reciprocal
0x1c12bd9e9ac94f34569b0c8e7561e15115040535,reciprocal
0x1c19221ddddf883f88a2374bc4e798fd0e05734f,reciprocal
0x1c2577faf05f95b99ffb5d9ebec440ad14bddead,reciprocal
0x1c2f17d433e378b344c6bd0df3a3a95ba62e3565,reciprocal
0x1c33a07dd27c3281c1deaa79cab22f33a8e9c3d2,reciprocal
0x1c33b24e6d7d89fb2897ee446325544a052a9fcd,reciprocal
0x1c3a6e4f62d914529fc69d56633b86fd0555a11e,reciprocal
0x1c54bc4725c19eba6af81660296b218f824700ff,reciprocal
0x1c5ccb6929718aad299495f64d71320207fdbb3d,reciprocal
0x1c65086860e4215b0ae376d374ba6eb3221517bf,reciprocal
0x1c679fcf603ab6ccdea929de1dd0fd3573d2a09c,reciprocal
0x1c8b5ec84085fc6e8e7092999b581fc3eff620cc,reciprocal
0x1c8f861d49d488ec6479baf3dfaf54df636c396a,reciprocal
0x1c8f985542888cd6ac100e4285db92ae508485bb,reciprocal
0x1ca73f92a0096edc1fc1aabc46febf8f7b5d2a45,reciprocal
0x1cb47ef0564247ac17773a4f95a27eb9bca06d1c,reciprocal
0x1cbc7eab2bb05a2d192a7b5743a5d72e5138119b,reciprocal
0x1cc3c9013fcf51f792db3c65d283e1699590b3e2,reciprocal
0x1cd9c01bc623f239d39dc1606aa448aa7e8815ea,reciprocal
0x1ce7423e99063ce7d3d03855b59198e95aff931e,reciprocal
0x1ceb474d816f25092fdb6a956a099a2efbd48c11,reciprocal
0x1d0eff6bd1ee43ac91b46c798cb404cff9490b92,reciprocal
0x1d139d2c8c25cc98f76e6c7856e3eb2d2830427a,reciprocal
0x1d16adcc60c444c681b968d945cb9c4761d41aba,reciprocal
0x1d1d79101ab9278478b1a9498849e8cae7610ac4,reciprocal
0x1d2d0ac4479b026457a5b3d54d64296bfd43a530,reciprocal
0x1d4798e202c621c705a3090f69fc1f777c0965b1,reciprocal
0x1d4e676f6f4d38f79e8964e6f06e35410f63b98f,reciprocal
0x1d5a839f47dab8b02f09a878d1a440e4dac3244e,reciprocal
0x1d5b99670890fd0019b8e2ab6880a43df1d14e81,reciprocal
0x1d6176ce8e1285bd73014d42f470e0affa6bda1a,reciprocal
0x1d78f6416272fedc45a4db6c0ae0fbec98ffa9f1,reciprocal
0x1da19e033a025a65f6ac0c54200c01b88ab6bd88,reciprocal
0x1da5b931cff06f7cc173bdea07c5cf0e4a7a9bb0,reciprocal
0x1dba4f5355410107de5136b8a443b8d3b752c8e0,reciprocal
0x1dc2838827617faa7a47780d66fc3718a9736d29,reciprocal
0x1dc622be202d1181d394f2da6c45c0c8cf98ca82,reciprocal
0x1de25f408d8982e3ce732c6944ce40d3aca7d353,reciprocal
0x1de3912f26354806eb3b3bd6c9c8813cb83200aa,reciprocal
0x1ded852ca20c49f57c73de4f5198c4052d2115be,reciprocal
0x1deeaec4250e66702e22777ec1e3a70b19745a72,reciprocal
0x1df6e4fdbebb5d7f8014600509ebf95612f85e7c,reciprocal
0x1e01126f9d6a4137520e0bcde8ad4a185e833c3e,reciprocal
0x1e07b64d2b13de7b97e8eff0c772a1686c4435ee,reciprocal
0x1e0d3afea4cb6b6f54bdfd774cd923a94e352a4a,reciprocal
0x1e0d660ded6b9738811c1c69a2769e110c8800bd,reciprocal
0x1e1372d225c8c7910bea0e1c49508046f843c12b,reciprocal
0x1e20677f71141a7ebc78231e62a8efc9061e69ef,reciprocal
0x1e2fde0e242426e8694a5c542e78554a1cde3f6b,reciprocal
0x1e30026d699f3655b9504e18ee218402fa3b43fc,reciprocal
0x1e39f92088d48c2fb5b541a1597102c8119155b6,reciprocal
0x1e3e355c5048e9c2019753bfe1ac7284f9874914,reciprocal
0x1e3fc4ec3fb2224e347ecc56d820bc51bf97b13c,reciprocal
0x1e48d32acd4754f2c64b092e13ddbd9a03226057,reciprocal
0x1e49f2e073bc13720e07624d33af38545dfa8404,reciprocal
0x1e4a574eefe12837b53b234f013673a3ca43247c,reciprocal
0x1e4b5cd7a158be252abddd647d0cbc8fce790654,funded|reciprocal
0x1e59b4579d0a8d889f980c765df5ab4cebc0b211,reciprocal
0x1e5e35016ebfc34027718f120ea961565d724403,reciprocal
0x1e60935899a2ab479a9abc33e8e85e65543b661b,reciprocal
0x1e6aee71d200e1c474ba166e763fd0082275b689,reciprocal
0x1e6b6e2dfb26acde0bc7e9fc628e02b0cde1a2d7,reciprocal
0x1e72b7ed214d1343b9531441037dc268701dc81b,reciprocal
0x1e7909bac66b0761153927cf23a5ed238f97a09a,reciprocal
0x1e8cf5297758b231b46ec43687d8b31312597fcb,reciprocal
0x1e8d5891d9350991cfcfc88ddfedc29c93c512d7,reciprocal
0x1e8f420185833d44245f1360c54b216a2efeffb5,reciprocal
0x1e8faaf028eef2021699e66d7add87924fc225d8,reciprocal
0x1ea7905ac82fbe8428aeadfaf89d0be6a23b9a2c,reciprocal
0x1eafb884fc6bc30d25e3ccd53d3d49cea8785acc,reciprocal
0x1eba6664bc86d80e79db1d45bba4b4ac16d076f3,reciprocal
0x1ebb5b5194e559779532821387a6cbe4af2f68d7,reciprocal
0x1ec3da2cb14263f4c1abd10452786930d38496cd,reciprocal
0x1ec4cc3fec0331208847810e595e9c75694ff152,reciprocal
0x1ec6f7801f8c0f79c42e1efe44a5a71befdf0adf,reciprocal
0x1ec9f2858f1c2c8cd6240a51cefac9f1fd20699f,reciprocal
0x1ee5f8ae0d2424ba9eeeb9b0434c8ea9799c5bbe,reciprocal
0x1ef0cdff55deb3345b8487f17603caf10da80b6e,reciprocal
0x1ef4bfe7588c0a40add0a3138389c6c5e75ad604,reciprocal
0x1f0efa65c9d32ededfa3e18879b595a43c76fb1b,reciprocal
0x1f0f1e776ed8d918744387a502a3d51cd0630507,reciprocal
0x1f1c9d4a8a2059ab6c5ce418bbe9936511594ba0,reciprocal
0x1f23c58b986502ed2a8874f13b90738e93772925,reciprocal
0x1f30d959eafb8942ce8b37382c4ef9f1f729e482,reciprocal
0x1f351a8f9dc39655cb8931f770881fb5878a77d6,reciprocal
0x1f3fb83370e042adee68ae0928e390ee8876f66a,reciprocal
0x1f53dda3be0fc3ca1f78df2120b8de0355082b72,reciprocal
0x1f5c9f7f2d1fd2ab60247a026d814219aaf45874,reciprocal
0x1f6523e81e4e706f0dbc8630b392d71a7299cfb4,reciprocal
0x1f6d5c0f4cc176cd66f4485f134f4369ed2aa048,reciprocal
0x1f6f655b220942c9b73fb70a72a3f130918370d1,reciprocal
0x1f710b1a6949c6aa9ec744e0c77134233b72e809,reciprocal
0x1f8ad53e00293f935299643a237c27de280a1ac0,reciprocal
0x1f93d79a6884efee10bb49a06277a3a95e802f00,reciprocal
0x1fb4fed7a52c203a5f885d2dcf039dc80f899ab0,reciprocal
0x1fc1ec664e59628217163896aaa1d439a3cf600d,reciprocal
0x1fca5d8e5838db6df0200ae8fe453e89c6eb1148,reciprocal
0x1fcc4060e40c5140061b4c6bc2f7318817088401,reciprocal
0x1fdd786c8c637b8e34c91eb6a7eec1829671f994,reciprocal
0x1fee5d5a51371a6a64c1a17ef614f66702a1cce7,reciprocal
0x1ff00eac633ded32293077a6f0180ee3073807f6,reciprocal
0x1fff2c2fb6b7a044fe3e0fa77424a439f78000f2,reciprocal
0x2016dc45cf7cb004554f6a9105679b8ed742cbc2,reciprocal
0x201c01445f6ff93049543c4cf7fd11dbde5c4b61,reciprocal
0x201ef83ffc79d35ae4e23f08b42fbea24a4a986f,reciprocal
0x20243036fed1e865597cd8c85de9696c8440db18,funded|reciprocal
0x20351ce7e71459c5942683f1591131833424ccfe,reciprocal
0x203d704f39dfcd3670e29b905e89433830d42ea6,reciprocal
0x203ed5e6431e938e375cb2a1d75471846ab6ab4e,reciprocal
0x20402de54ccad09cd4030a97a6b4efc082afcc2d,reciprocal
0x2047ec443491984c795dfbc5bdd9e939e37039d3,reciprocal
0x204c36b562157f540df854113bd28cd5fda1eee0,reciprocal
0x205614160327f332747e93803224998d8e8492f9,reciprocal
0x2062eb86381113282095ea18e6ed4c8d2750e880,reciprocal
0x207d5a835e9c1b22cd1b6c391d433e82f8b1dce3,reciprocal
0x2084d44f5b02ef2163ad89ffea9552c2c130c609,reciprocal
0x2086b861db15333cb7f64e84800558ec32fdc646,reciprocal
0x20935cc66583eaa205d6e0122b00ea0df26b1b3c,reciprocal
0x20a57fa92157200547191960f09ca08fdef206e3,reciprocal
0x20ab3cf636b050a6b9782d7d2013ceb42ae1bd28,reciprocal
0x20ac745ff0565725ddc171b1f734837583eed809,reciprocal
0x20ba0e4fd738f0c11c8d6e9fce4f677a12d87ec8,reciprocal
0x20bb427b0753c031b3c2e2b78afcca678f4ea1de,reciprocal
0x20c063e0bcd03b3e0c2eab882cd1c970c65bd6bf,reciprocal
0x20c6060ac3f5dcb2eba65f9de0916c43f0b9b9a9,reciprocal
0x20c86bfded36bb6eba4e8f665887a05e928f7004,reciprocal
0x20ca870a481add47e723ed8f1363849ee02450ae,reciprocal
0x20d1a19734d833c74e355aa120ba5ed58a6c0883,reciprocal
0x20d9a9904c9c4e6f597f4b1ebcef3f347aa85bf4,reciprocal
0x20dcadf12a75afb2c647d0837446828bd586668f,reciprocal
0x20ed4946a6c3e499a76d5eee2543ffe4ba987b86,reciprocal
0x20f9f8e581e5addcdd01f2080ec6a9792e5c4a2d,reciprocal
0x20fe3c1c008eadc0f6d155d9cf7e6aa7fa9991ab,reciprocal
0x21006d45c1d7843ab8b630722204c26edde4df55,reciprocal
0x21014f06dc583d62f60cc62eb541f74ab15abd37,reciprocal
0x2108510f5ad0056297bbca99f61c70dfc79069c9,reciprocal
0x210f5f6a39ea1e19f04bb90cf168a9bec272a657,reciprocal
0x2110e565cbc5582da4d9d488bc54af26438e6ff7,reciprocal
0x2112b5950efa8a3ef19fa53a15d797bd48702278,reciprocal
0x2112d0aa44499e2466c9e41b26a19eb02aad5a46,reciprocal
0x2114b3ce876449ff54659b83fa8faf95cc2852bd,reciprocal
0x21232cef2e1430e6c651004daa44d23050365210,reciprocal
0x212382bcdd618e68476af9fcb9268a5279dafa9c,reciprocal
0x212a968d1a63d21b8a7e5e28b4a1d76c655a813c,reciprocal
0x212fef7c124623dd0dcfbc278792e51578f5191d,reciprocal
0x2131d178d7c0191c7a7e44de3595ffdde66a547a,reciprocal
0x2142dec4fcb5a7baef945929e39c85d142c2afbe,reciprocal
0x21485100fc978671c1ed3988ae7da394ccb0722f,reciprocal
0x214b7afabed7fe9ad6f09e4de553ab582630a9f6,reciprocal
0x214fe4778629dc8aae70073a36d604359b026f0f,reciprocal
0x2155fbc2a350a0897cd1807dd95007a8385e6d96,reciprocal
0x216f72e371d524207bc537f1e847eead603ee4f1,reciprocal
0x2182704f89a6087b284923b37956215e64d8d005,reciprocal
0x2187ec839a0703e5ffbfd7d9cf8a881446674b13,reciprocal
0x2188dcff4ef613ff0b07e55d4841421219ee4c51,reciprocal
0x21a70ea7327f33cdeef465987ac8dfbfddd03cbb,reciprocal
0x21b0f0e795c76bc882a2467517be5d9443fb19fe,reciprocal
0x21b34b723a05b74e0542be71f899bb43eb55f4df,reciprocal
0x21bded8d7b0cfc3cc71ed6a8ee1daae64bfc3f18,funded|reciprocal
0x21bf39ad332c39487c35c065c21524d27b081e1e,reciprocal
0x21c760665acd034e4107b0e9320fa0c306ee2f71,reciprocal
0x21e261950f33c405c8bf4599fae87173263c1da4,reciprocal
0x21e444e68337673a2a11f377ab28168ea74fb748,reciprocal
0x21ea676339053f8c26f0d4a7be54793fdbe2e544,reciprocal
0x21f65acfa20eb0aa3b11590c4055e60e78a0cc21,reciprocal
0x2200f540df6e184bf7d8fef636c1b2a6b6b8efdf,reciprocal
0x22017f0bc5435c75c5583f7e9380d249836b5293,reciprocal
0x2204a8ff5d9a5d22d6c13d252aebe8ee3380b3ee,reciprocal
0x2205ac845e85c03388bf84cc5b0e09493dd485f4,reciprocal
0x2211d69e95dc8e4ed7964b88dafadc024750efc2,reciprocal
0x222b82ad2790c4b972e78bc6f4d8f8eef8edc3d5,reciprocal
0x223d0999b41341b201b0f31c60d70d811cab0ddb,reciprocal
0x223e411cad90565fd19703a3f042fd5dcc988b69,reciprocal
0x2240faa0652c589fc27159065bb89d607f7f3193,reciprocal
0x224badb9eda924b21c7174ca4a2ae3ba464a7cd0,reciprocal
0x225ad496833e0d72db38c71dd60f86a50dc8f0ae,reciprocal
0x225c95077b3f7beb4791bcb314ba5ef5c102953f,reciprocal
0x22666ba0e4f656e243ad8f66cd2072a83b9a6c1b,reciprocal
0x226d9d7f63a895168722631e82d9e3a5bf1b7ec9,reciprocal
0x227194bedfdba1d613d7968e11a2a84cec933877,reciprocal
0x22734b63baf304f92cacfcabe299235c311b6acf,reciprocal
0x2273d11720c89598e4e4d1f85825538c9b9151ed,reciprocal
0x227b74e4be726891a9aff9c89efe0af3f218ae43,reciprocal
0x2286ff083849be10382ae447fc8a6015473f8d01,reciprocal
0x229ceee6dddb0851e42222969eff4e0e91aa0dbe,reciprocal
0x22a23a3ca4e54d72f37bc20d3bcd9f47b3d29dcb,reciprocal
0x22c4ccee59c6910d0eb1a1b42d86e6dd652aabaa,reciprocal
0x22c7c6c833035a1e95286959f442d20455926569,reciprocal
0x22c8260b018b8896b25aba05364e41048b6b08fc,reciprocal
0x22cbdbcc24beff0be7d7b38bd5a6de6ded40b763,reciprocal
0x22d113c52b6d91e149318df20b950972c16851d3,reciprocal
0x22d3edf4cfc14ef7a92443e72d4444f87f88eb73,reciprocal
0x22de73bdbfdcdbd174f1846c0cc4bc0b56980b24,reciprocal
0x22e3021cbd0299e5560107cd3b3d67da572eed7c,reciprocal
0x22e65a3bda08a65cc7b2f239fcc0cf8722988830,reciprocal
0x22ee1fa734dcf4338eb4964b17675eb6367ba2be,reciprocal
0x22efad9e7c2e0276107c0c9ece948c5a644d50a8,reciprocal
0x22f081b6c9920ed1961e188f4974c67601746026,reciprocal
0x22f806846f942a28653ab256e7b2b0b383f7a81d,reciprocal
0x22ff6f79efaad707ae6a828585395eb103903ce5,reciprocal
0x230a32c4ea86fe72c08b9f5987419d262c79b754,reciprocal
0x230baa2821d9d9a467fe3d876af29f0ff9e70f3c,reciprocal
0x231528eedb63cd17ddc23238af498e82206320fd,reciprocal
0x231be43309352032b6f381aca5e0d5e5a2ee2208,reciprocal
0x232d4cec2ede8762f19aecee54557aee149bb44e,reciprocal
0x23307d9081093b959b2f2d86562443e6918fa497,reciprocal
0x2336f250b24a05fcd42e6c1cffcf94252aa1e209,reciprocal
0x2341c70e84dce4579f8ad212c31c9172a9a95766,reciprocal
0x2345b96735e8b5fe9c904268a53c2a642de15e6d,reciprocal
0x234a5ce8dd246f753fb5d3aa8eac65f210097d1d,reciprocal
0x23550ced9b31008820fd8b93604f640ff5335d66,reciprocal
0x2362a6022647074af4fb75a771661a8978a50634,reciprocal
0x2367a3919969e8bc13c46e62932d1630d5ada5bd,reciprocal
0x236d99e6a2afbb2a6722ae4ecb75b49f21c842e2,reciprocal
0x23723845dd6ab57a53655714729844fd34493448,reciprocal
0x237d34630778d9b9515002059229f3757c0028c9,reciprocal
0x237de33c779c44d121dd722b90a5de49242164b4,reciprocal
0x2382d9359304bed431ae9616af8e0b23e7aa710a,reciprocal
0x238692ec6b593c024e6ad2450a2de0b60c7e91b2,reciprocal
0x238d91a1da9b525e664abc049d0fc955c77e9533,reciprocal
0x23995af7dfa02ad0ecaa20cea86499a0c806585a,reciprocal
0x239ca9d6d41a624412ca45b2b11c50b526a50a8d,reciprocal
0x23a9aa72f6e6abe2b228b20ce54519ccd13667ed,reciprocal
0x23b355d6af7df59bfb0e635a3117abf4bb1a5a40,reciprocal
0x23b791896b363aa639951abccfcce8407949ccec,reciprocal
0x23c31d577fc1a26107f511452683b4f548e6d9d9,reciprocal
0x23c7c9110228ff8a78905ba2c3e0a932d70283ec,reciprocal
0x23cab23ddf42717a026c6586845c706c9c72d05b,reciprocal
0x23d4db12a4a474cb5cc9eafa130cc02586796493,reciprocal
0x23db2d805f45bf30990395105eea7baf6a33d229,reciprocal
0x23ec5f9d14b2b5859890d6db0639bad868082b2a,reciprocal
0x23eda348ee690af80043189e7d9c7e9790c07908,reciprocal
0x23f380f4f854b82d1839e7a2222e6271f5c5c2f7,reciprocal
0x2402ef6f1aacaeb2aaa5a6bf0bfcd97df170bc4d,reciprocal
0x24033fd1e707bcb137493a842900556041969fae,reciprocal
0x240594d216c32ded21d356366fa6f391b0154cff,reciprocal
0x24104ce62e78d31346817916d05c82b593c429cb,reciprocal
0x241b9f634d414162c45dbc088dbfaa4df9342636,reciprocal
0x2420888eaaa361c0e919c4f942d154bd47924793,reciprocal
0x24280ed0c8fe511f8b28331137610253204cc5ce,reciprocal
0x2429751c8b7e3ddbf01e1304bf03637be1028eb6,reciprocal
0x2432d3278c579e441e8053bb3471b98a576b65f9,reciprocal
0x24355ae1cf746bbd06dbaa2c74a0907e14215441,reciprocal
0x2443f855a5984874d727fb8d17e71afbab494ec8,reciprocal
0x244ffbc6494a5e5c38496a2b6646c60c086bcab9,funded|reciprocal
0x245297b15f24401cbc3e6986de4db707b507280d,reciprocal
0x24556a932e4d4c281df5e189fc06d16e757b40a1,reciprocal
0x24599315bbe026c55488665b93ff4bcc891a500e,reciprocal
0x24600150ca8502829cc53b7b5c6ac908b3ebd9bb,reciprocal
0x246047fdfc17adb3e3f735ff82d4815895728547,reciprocal
0x247067363ee21f1a5397a49a10cf5f84f224cdb7,reciprocal
0x24716f92b6715a11c911f7cf0c9db1576e5d53fd,reciprocal
0x2484a4646b6f02735b892e0a9e97aa1ab33378ec,reciprocal
0x24855df723cbdb963e024cbc802420287b50f855,reciprocal
0x249a40deed78c381b91396511083fb8cf79d0f6b,reciprocal
0x249e7f968c7c46aba99a899c62517b9d3fab8897,reciprocal
0x24a93e03ded53ac77d06611c763d2e3b4c6aaf40,reciprocal
0x24b477ba3d5d0674c03d057e2e3ce91fec66e5c9,reciprocal
0x24b66bfa06223ef8d664549342e055d03dc37d76,reciprocal
0x24b8e0a8bc7daaa50e6ae1b8188a5abfac24e007,reciprocal
0x24bd3dbc8a1b4cccf0fb20d47d3394be81f82e66,reciprocal
0x24bf8ab665db49d24b6279000a9718f11b546523,reciprocal
0x24c5da6267aebebfcbf7b325753c5b2538a5b09b,reciprocal
0x24da26dfc3231a1bf7330aa54797ed2c50cd6780,reciprocal
0x24ed8128f6b6f22a6cf7039bffc697f1b56c55c6,reciprocal
0x24f3792b017b08267b93bec4f297aadac5ec4f4a,reciprocal
0x24f7b3f33092cb3c2ddeb974275be4aae9056601,reciprocal
0x24fe6d494ae5eb70b9dc61a08d2dcb100837cc70,funded|reciprocal
0x250ac6043334c6732e1d543405dd02344ec86d24,reciprocal
0x250bcdbf9fec51ba6c5f2c67322d6f2ca3e6ac9c,reciprocal
0x250dc368282b8d120d8526ddfb813403d11bb4e1,reciprocal
0x250df24ae3467f825fdc87e107185092a5ade2f3,reciprocal
0x25149e252374b07d155452eff57befb654d92791,reciprocal
0x251ad5e996c9ac8b153b227187055718b6d9f022,reciprocal
0x251f730daaf066bc6934b92903d7a4e532f1ae81,reciprocal
0x252918ef43690f05f247aa8069af0eb5dfbe821e,reciprocal
0x252c28211f09579a678daa19e9fb54e7dbe09e2e,funded
0x252df34b4b5dd126cae138b0ec4764f5eaa90694,reciprocal
0x2530dd7408484a52661d2e8807f4023654ee15b0,reciprocal
0x2534c23b0a7bbf68666c853bf54722629587cdd1,reciprocal
0x253871141874eb996ea6fede393e9cd4f8b56874,reciprocal
0x25397132c64e640965cecbe9c21e6642f547dfe1,reciprocal
0x253c54db68dd40ff20f23bc8178f96a80a4c9376,reciprocal
0x253f28f26ae252741a347239ebd4952a5183a49e,reciprocal
0x2550297e03669420ed7f04e333b8ae5b7eff5812,reciprocal
0x256b81b546a753d023f4859f3fc14be86cfa5a60,reciprocal
0x257990d4b0a4472b97a02f0db8321592d84794b8,reciprocal
0x257bce8b6b4edf5c7a43c9da32c5a361c485ca9c,reciprocal
0x257f6584b0bebd569c9b1920455ff90bd24d8cfa,reciprocal
0x259729869032a2260451ff71118c4dc2717a1181,reciprocal
0x259e387b73c8f7c12ce47af5faa7cc13327d7c80,reciprocal
0x25a24649194bfcc4e5ead9857f0ab5f58fdcbfa1,reciprocal
0x25a29d5251581a79fc86ce2cd928b339b4e803fd,reciprocal
0x25a6bd85966e9de449cf36f7f6a033944c8bb5d8,reciprocal
0x25a7d2fb4b7071664efe6de148445243db639198,reciprocal
0x25b69f41ad1a8f84d497fc942efeabff5a3915d7,reciprocal
0x25b8be7ae64ef583f9640b46a4c4a60f56868b64,reciprocal
0x25cdc1e29f636745e52c099cec6f69b26681eda1,reciprocal
0x25e5c6b32266ac8b4f0a8ba317f52e7bd2e921c8,reciprocal
0x25e6d01b3949389329109a2c81d46f2417a2d43a,reciprocal
0x25ea8564fd9471f48140be2d352b07a1ae44d9ad,reciprocal
0x25ee89b5f80bc408a737b794be548cedadf0b0f2,reciprocal
0x25f99e978338e9837de468917726bd8021ea94b7,reciprocal
0x25fafc3693666053dc5947c640e3b5b7e7e1a11c,reciprocal
0x2607e1561f00170eba1a4c2786313e6d66c3fbc7,reciprocal
0x26142f33cd0f446d8b46a8e61814464687897dfd,reciprocal
0x26213865b726cce6214750a7a99a8684c99c2d8c,reciprocal
0x263791de416328c241db0dbb0d8d585e4b38244b,reciprocal
0x26483b455fc567438bd4d8c7b3d7d62be5d7f52e,reciprocal
0x264e99538b5076269d7234129377581e98c1b519,reciprocal
0x2657d2049abb0766642e0a99caa018ffc6674582,reciprocal
0x26580e523b95f09f8f2051bf898ba83d4c30f8ca,reciprocal
0x2667cb8d201c88d81548ae649bfaa8d86b4859b8,reciprocal
0x266d460bee1d21cf9b23ace56f652c252ca0151a,reciprocal
0x2672f6a5f75ee789de27902c38cf3ae278000528,reciprocal
0x2678252c77e52090684d5d4fcb0b7789b603b36e,reciprocal
0x267dfc587a18d6636d612fd8dd34e4c2afba8ef4,reciprocal
0x267ed1b6afb78338d482db95dadbb60b6d1bfac9,reciprocal
0x268766713f98c2a92dd7d836f08f564f94e0b3f9,reciprocal
0x268c2869cd2ad9f33c6216b52f944270a48b3f76,reciprocal
0x2690cdadb7e430c8be28a57c835b329ff321ebd1,reciprocal
0x26a094fd4f16a7b51da40f2451f8462e4dc8d3af,reciprocal
0x26a4422fbfe6101e9d9911d0a7d343aa2be02ab3,reciprocal
0x26ad19b474bb3a062ce6e3f769d34a1b70f7e8ff,reciprocal
0x26af3cf8a2759e0a206f7c7ad0caf592488220c3,reciprocal
0x26b6a667845382c703fbd232ba1819a3e2f77878,reciprocal
0x26b7f2ca035eb0156087c10554eb143a7388396a,reciprocal
0x26bdf3aeaa5c602220a8a7551732c757161a4a38,reciprocal
0x26ef822241d38ed9c5b62935d717e4bb000cf4b2,reciprocal
0x27046c94c1fa6182fdda3b2417c43b7661279c72,reciprocal
0x270d41c65bea8e0a281059db3912997de116ffca,reciprocal
0x271f49e22bb1a2412df66a39619fb3f247adc7e8,reciprocal
0x272d56cea9f4af33180d6f0fdf182c9db092e292,reciprocal
0x2735f6d99cbf402ae70d8a3b175c81fcd74b1c38,reciprocal
0x27393a6b4f9c1932816e49cee19668b3553b8089,reciprocal
0x274246a995a47110e05beb9b8c8e9c9098d9fc94,reciprocal
0x2757857b8f2cc912c6e8cd3f2cdbc38e5b7bed5e,reciprocal
0x2757b783cc55dc18a6475cdbebb3a7a7d16d05c7,reciprocal
0x27599d824bbb4f506f985af865d840f61ba848c8,funded
0x275b311c98fee48107b8d8c832a28c7b74a1fb32,reciprocal
0x2763773371971e9380bbb36a868e96e5dec90deb,reciprocal
0x2765f2c1155c57f0c268bbbb1c5e65fd31c27d5b,reciprocal
0x2777a6b6c163f028be7df4c0e4e6e6081f3f0554,reciprocal
0x278635aea3c602bfbd9f042535d5f9188a5a2a2c,reciprocal
0x27883d62d5b7c8c3bb5031ee581ee86d7fd927d3,reciprocal
0x27907fcfc9354cb6c21ab2972078ec3b0efb85fe,reciprocal
0x279a39a95b68aa82e101a656ada54b1826881c7a,reciprocal
0x279b493901e961f27458fce7312457eb26d1075a,reciprocal
0x279c6c5f26d0bdac87d5fb03d6ce668b714b18fb,reciprocal
0x27a1d218265973c7551964bfbe5804e8f49c7b1d,reciprocal
0x27b17e4d0954108a9741d2b4bc4675c93a329765,reciprocal
0x27b2fd00f190522e2f9f923c97bc018596beb619,reciprocal
0x27b3af5664265605bf693fcc3419247ae8337f54,reciprocal
0x27b790f29894fe85d0a7e10466427a07904aae5d,reciprocal
0x27beb3cc3df8e3ccbc5707b1a98781d0247d8d47,reciprocal
0x27bf08361bd83a0d7b74455d02b65fee9caf3af5,reciprocal
0x27c15d5fb38e7878087044c26a0f1c0293ed6979,reciprocal
0x27c6915ce4e20ef18b82a20c9d4d0dcca8a53fa9,reciprocal
0x27cd137294c20b87b2c3e054bfd0bdf86f946a7d,reciprocal
0x27e0512ec4c595dc5c117f630894af59ffd5782a,reciprocal
0x27ef11679c83c93ddf9af36ad594530f109e61fe,reciprocal
0x27f1ca0cf425f3a64dd6d7a95f75f8f5907bf72f,funded|reciprocal
0x27f5c545cfc6a933e832193c1a2b81e26f385ebc,reciprocal
0x27f625d99ed078de0b06b92df2dcc362e5d04eff,reciprocal
0x27fe99039f0d8eba1c827b023816f2287c20fc41,reciprocal
0x2806290e6ca5a8984b4b7ea69572311e555a7fc9,reciprocal
0x2828720b210f71ecd3be87cdc08ee1de17ee91d6,reciprocal
0x28302c65d49ef9288a55fd2f62a5fb9a83c33ed1,reciprocal
0x283195b40c06cb7a6d8641f5ca220462db6f3015,reciprocal
0x28384e0cbd1ac4f1aefc0142e0739f7645d152de,reciprocal
0x2840c8c416f0a4f0ab6775debe6d974e019bfe0d,reciprocal
0x284a072e47f7032a742cf4ea1d774877b111d9d1,reciprocal
0x284c49f3a65e691221f7ff4dbd1fffcce134e104,reciprocal
0x284d3b37c98b9eea222cf01dfdd7771ecbca691e,reciprocal
0x28512282d17cad92818383e428ab7d4c73c5925b,reciprocal
0x285432103214e5efb10ffcb12c225dd2744f99dd,reciprocal
0x285d98443a5ef98ea223061bb3d6a439e09fadd4,reciprocal
0x28643294b476aeb52055866c2b493eeb295b6710,reciprocal
0x286a13e7b659417ca07bf350ff1a47329a1401f3,reciprocal
0x286b651e6c68f394aa33ffdb082598ce68354112,reciprocal
0x286de4b1054be54f3ab75ac0f5e446a9635b366e,reciprocal
0x28752426e0c805ed3479245d1664760cfaefe6a2,reciprocal
0x287ae5bcd5146ff578f44b9aca9a0eb606c598d7,reciprocal
0x287b7bf6124d42f7ca0a5e7f74bc4243f5cbc732,reciprocal
0x2880c4142323f5cddaad97149abd7bfe41e181ea,reciprocal
0x288fb205ede15f4c3e046c6af3e983bd820422d9,reciprocal
0x28a3bfbb0fbc4d802c5ff5a6975f3c2f247cdedc,reciprocal
0x28a432e8cd45f6802c6c1caa12865d58b5580aab,reciprocal
0x28aeec2345594ff899873c8d4324d7e51943617d,reciprocal
0x28b1d0a26490006e3b0047875d2b0cb4e88f0824,reciprocal
0x28b51f93d44f6032c9c00a2ef89a43a5503d4dd0,reciprocal
0x28beb2aca6da8cce523972e94126377e004da236,reciprocal
0x28bffe9b893a5e731bc3a6f36b116cd6e7971470,reciprocal
0x28c093c3a61d93f5b20e0aa143fd97b5a24a2d21,reciprocal
0x28c2a32a18b15b3de6c5e165c756e2d3d151910c,reciprocal
0x28d455d70a3d2d2adf50f8a966483341f365a5a7,funded|reciprocal
0x28e3f090d607c1fc3564c1d6261b93943035fe2a,reciprocal
0x28e9f7f1dbcd0c12287627fe8a12ce9c930d1ba1,reciprocal
0x28ecf5c00cfeb8a625d6d1148be1d180438d7336,reciprocal
0x28f10dadd76c9cca2168b532fe9ca98d47f61cc3,reciprocal
0x28f3893e4f4e9542e55cc749a8af67a388e135db,reciprocal
0x29007837cb61c8a4869c795f6eb402a8d57211ba,reciprocal
0x2902e638c45416ebd2d5c70250d484c49f032456,reciprocal
0x2905a2fc34976a38ab45e66bc1004c751619c20a,reciprocal
0x29060633b8253999c5abafddc2cbf79dd3d97e80,reciprocal
0x29091bc909c510e4837823391d0b108d7b7bdf53,reciprocal
0x2917f996d8b59bbd8550fcaa5ec8fc679f07182f,reciprocal
0x2918fe4c2e119d134266d4c73c22d1b4bf18de22,reciprocal
0x2925edbcb012511c9d724baa32804ec39a9bca28,reciprocal
0x29322ea7ecb34aa6164cb2ddeb9ce650902e4f60,reciprocal
0x294092fa020c826d3c48f391938d69444d045685,reciprocal
0x2940abe6cee08195d3e8ba8104894581358e8a09,funded|reciprocal
0x294778f42ff20ed9d1dd58ff002b1debca41b582,reciprocal
0x294c9eedbf96ca98930990c11015fef806dc1cec,reciprocal
0x2959824b6638ae1f379ea51e0366f884d7736bd3,reciprocal
0x29650d2e6748a4f91f905df7a2d5ab4ace0d24b9,reciprocal
0x2980d691ea9942bcd92942eac4f4efa3cd7c0f14,reciprocal
0x299417d34f3792e5034471381acd8bdfe63df9d0,reciprocal
0x2998def2c6f47ebe21346fa1ebcd4b0cafd06560,reciprocal
0x29a07170f7b6231fab66eed4eb775ba322053bdd,reciprocal
0x29a50198887195546c01773447a23d0b2f102d1c,reciprocal
0x29b3bf307810ea3909c1a0ca1d075b87beeb62ca,reciprocal
0x29b4ab13644c15148f9d12e3fe0b7aeaba033962,reciprocal
0x29c0fbec9f5111bd51442c10c87d7a76d4bf5e84,reciprocal
0x29c111c05a94e60e8f48d11335b24f069dc53602,reciprocal
0x29cb65670a34d8b0c687f75c02ada01c6a3919b8,reciprocal
0x29d4a1f452783209e6c1894aab99c458c763d53a,reciprocal
0x29e03172fec9fcf1b38f5df89fac3d647c727c4a,reciprocal
0x29e7d8075cc2df110b6198598034ace14f0bad02,reciprocal
0x29e8b3c117fb8a2621748bb10bf54524568ffaac,reciprocal
0x29ef25859f2c6cda4fad2b81d3f2e9f9283c06de,reciprocal
0x29ef8b5854389074069c065672432d40d03a2d09,reciprocal
0x29f045b30536465a6c37aa5e881c0f89611352fc,reciprocal
0x29f1ec7447eb9f1d385588932917ebd483084fa7,reciprocal
0x29f26aaaf1e26340bd3342464c49910df2dc94bf,reciprocal
0x29f407093c6584e66c08b6fd09040fd7ec33b1cd,reciprocal
0x29fa4b8135b0416097bb5a93c75d6dbcc36ca6ec,reciprocal
0x2a0021ee12ef45601fea0b16ecc00e759e846ae3,reciprocal
0x2a02ec1256daed3cc2422f87df5c00f68846acd4,funded|reciprocal
0x2a06cb479cce4541a32ede5b9ca2d92ecb8a647f,reciprocal
0x2a09568c79aaf8e4be6aed0125f08e12058aa7e6,reciprocal
0x2a0c3695acb9f5d43e6cd62193538ab0e98b7c04,reciprocal
0x2a1d3dfa3fca0c1bdc90743b3a0275ef5154d388,reciprocal
0x2a2fe021153f2bc80a01fb8bc460dcd92b68fd2a,reciprocal
0x2a30c7d5de88c3d153d313dab2d1dc469179ad9d,reciprocal
0x2a4fe6dd4c65c836525c621cfe6817d98fc4c079,reciprocal
0x2a50dfec6a28df98c78d0230281be0b10ceb0701,reciprocal
0x2a53046a5b351c4eeb192dbcf96055f01ac936bf,reciprocal
0x2a5819389c0b324389cf3650eebd8e13bb34a59c,reciprocal
0x2a775dccda989d391e5652273e89a440e0f4f0d7,reciprocal
0x2a7765b6d5d4f1b71adb2938679bd78a6f983bc5,reciprocal
0x2a7be51f7d1dd3d523c1dbd04b68083ccd9b7ca3,reciprocal
0x2a835a505d4ea32372cc420d2663b885ce089453,funded
0x2a9c033571545b9dbe0804eb7c9bc06ab69091d6,reciprocal
0x2a9d4a2f1f642a3ecf3ab7376772e8c1b23cf155,reciprocal
0x2a9d83aaa5d4985ef4b958629468fef4f6e86231,reciprocal
0x2aa59f30f4eea0e7406721d29de7f6012570df25,funded|reciprocal
0x2aa8bbefc7b1cbc9a9a27ac4aa5ad7e7288372a5,funded|reciprocal
0x2aacae3d003d84d321f2a2065e01b6459942bace,reciprocal
0x2ab0e9faa563d385c43f70215c66068c20d3914f,reciprocal
0x2ac1731849aebafc35b4a6f79bf38167b6372305,reciprocal
0x2acd170d8d510b2c106dd6c0fd054f4ee433a9ed,reciprocal
0x2adcae342259960dc20a63dad52cc6586b543aed,reciprocal
0x2adf0313cce0ba68eb635eea7d66495caacc1473,reciprocal
0x2ae7542f91ae6ba1761422c817d35d8ddaf77e9d,reciprocal
0x2aea64e85343c1e6f9249b385f05855fb1006ac6,reciprocal
0x2af9152ead23db219a1725d8fb6554438ce1a914,reciprocal
0x2afb0a9279e153e872879afeed85e7dc5dccc0e3,reciprocal
0x2afeb7d95c28b0759886db4e0e1d0aef0a5f842a,reciprocal
0x2b000a173227d53cfa2407ac48cd13137251b4a8,funded|reciprocal
0x2b0054c702c9b26a647eb8371cc560cd78236e07,reciprocal
0x2b05daecdfeb887f50daa1bb1f1c2f2b41d986f3,reciprocal
0x2b1547608fab04cab8724f1f07fcc7309f68b766,reciprocal
0x2b1f84f911e99491f3a9cdc52b01959b0a0f11e8,reciprocal
0x2b2d7666442539d1e635c98620f639e76b8be526,reciprocal
0x2b2e327f6724aa70fe0a24a8bbccc7d97155fae8,reciprocal
0x2b3e015a4e451d679298adebf28541e986de1ca9,reciprocal
0x2b4ed96ce69348be59920c3a7a8a07efb116d230,reciprocal
0x2b5b89bd3ab9bd6078c7e63fa1a91d59136ec79e,reciprocal
0x2b5d4dc15afc93e1e6337d74aea1415bb39bf4d1,reciprocal
0x2b5f4bd286163196aaf4f0c39cb8511422dc4906,reciprocal
0x2b78d0b7f42c3457fb33b505a3172722e560f11b,reciprocal
0x2b7b10f74b5da18847c83ff51ed87fd242b7078b,reciprocal
0x2b86e40707eaeeee3ac0cca5503c1e71f9319f53,reciprocal
0x2b8e6c2ccfa3567b2b2ec482feccd0cb4045bc2b,reciprocal
0x2b976b25b293165f41c7e6bab3369618856dcd57,reciprocal
0x2b9f04c8ae7f0a29f0035e1c9c4c00e644919066,reciprocal
0x2ba480aca5b6e2815f6cabf0b5640f3bab10dbad,reciprocal
0x2bb1750a33b7c2448cf79c74c76f162f9e3dec75,reciprocal
0x2bbe81013414dcf99fc2a00aa8be735d1b07989e,reciprocal
0x2bbf970ddb9a7ed56462ddb0709ff45b55ff7429,reciprocal
0x2bc07be9c73492e283ebec0c6706102e55befc93,reciprocal
0x2bc2b008d4978a5170d13e1a2cd21680ea02a2b1,reciprocal
0x2bc6b5fea98344bdc9d8232b673e638a9cb8d4e3,reciprocal
0x2bc72c474d8509b5c8a25970f29f93864aee0a4b,reciprocal
0x2bc7a961d44e2c845f03cc3a0b3f6b0f19188bd0,reciprocal
0x2bd375594742de26b557c9e5b49bd5e1e9f1de85,reciprocal
0x2bda0acddbbeac4c7cbb3b65a1d6f42f38691991,reciprocal
0x2be19ade96a75932a955a53edde5c503c35c6621,reciprocal
0x2be24a0bb94a18cb5daa346a86c53ea3d04ae486,reciprocal
0x2beb5472c9cf4544f7a82af398b0e29099a2ab3e,reciprocal
0x2beba5e880bef0e8705bfdd648c2ad43f0555548,reciprocal
0x2befd4e146fc4fb25b4bf235c71d4e5dc49a0dac,reciprocal
0x2bf83594d982995533a783dcf97e0fb23a76412a,reciprocal
0x2c038b360b03a06244ca430ff9fb9d8a16048e95,reciprocal
0x2c17abcf9d3d606a5c8c224c6145f772a37954d3,reciprocal
0x2c344a4b49b308061d933e9b9b3c6f81cdb9b7b9,reciprocal
0x2c38020248fcafefdd74323f6c69163272de2ddb,reciprocal
0x2c3a62dcfd78c43f9023eceb07e00d1c04ac3c18,reciprocal
0x2c4849b2922a7950b48cef20718d3e01b794d15c,reciprocal
0x2c5ed911909240c6b2499c0f2ae0d5a564e681ce,reciprocal
0x2c61d8c5e397476d1df6d23de98b6a5510f56318,reciprocal
0x2c64e2f84f7c3e0e36ac4e3397ffc7d4b12947b3,reciprocal
0x2c65afe22325d2e5dd669ec91ea86bcce2871648,reciprocal
0x2c6ab40f40077fbbd0c23cc7847636d2a70df765,reciprocal
0x2c6be964d6effce6a4adc69ba5916ef764a8f203,reciprocal
0x2c791646eb3ddf26bd24a1e06c070f78617dd882,reciprocal
0x2c7f7578706d67dccd647fbce5efb20ffa439ff6,reciprocal
0x2c953e4179f1acc00c03f741025e35f02805c5f1,reciprocal
0x2cad9f1abc0f4a1cf583ed7fb2f35c479361405e,reciprocal
0x2cb006253665f6085fe3d01fe3d80bad6de8d52b,reciprocal
0x2cc8ccba3e12abf820899a22f94ef117791c4b5b,reciprocal
0x2cc97f5fbc5f5a22b014d08999cafb63a6c407bd,reciprocal
0x2ccf912fa3598e8cf0393ff782316212c65c8ec4,reciprocal
0x2cd29fe9f25425b7d33a1663e3f362af58f5f6c6,reciprocal
0x2cd9f01429e7cc1f55005268d0ed9517c19102f6,reciprocal
0x2cde5293914c608b2a7cb346bb39bdccb837693e,reciprocal
0x2ce669d305150645de139ac73643dc65147e276f,reciprocal
0x2ce74150c949ded1184989830ac4bdd946e0b8db,reciprocal
0x2ceeb729c2b5d151b1ae7d12ddd2b562dace2aca,reciprocal
0x2cf646dc8d92dc28ec772df48333a33ac9477173,reciprocal
0x2cf96880d53879a3e94be360ff8c0f0895a258ce,reciprocal
0x2cfacf982d17dfe8f4001d6e131b20578160a37f,reciprocal
0x2d03831fcb73e1ff0d73e25f3b46a029269faa28,reciprocal
0x2d0fa73a83699029b1608ab17e12792f1b31c734,reciprocal
0x2d0ff0e49d19f8b03823376cdd75a4e67a8fd8be,reciprocal
0x2d14771682abdbd16cc9b9625634f11218de89a0,reciprocal
0x2d1d5c9b1118a6fbbe31e92241e318486aa48a1d,reciprocal
0x2d2742f9b576f1cec0413e84458ec9dab836945a,reciprocal
0x2d27467d1db210ca8fa91a1434c2a4d5ccf6fb1f,reciprocal
0x2d3162890e0a81bb0f4a1f65e8878d20853f6216,reciprocal
0x2d387ae39ee45a738c966dde840aafc106cff90a,reciprocal
0x2d3e90ae510180e6c6d4474dd53f34129e7f8858,reciprocal
0x2d3ec1fd0005ec7e1aa7ac65411adf9f47282218,reciprocal
0x2d4603064bf2c2e233371bb2fc304c50f72f46d9,reciprocal
0x2d54b93a682f6f131e9e1e7d85cd91133f11e168,reciprocal
0x2d5de05b890db6c661c5c992d042606994a30042,funded|reciprocal
0x2d687736909bdc99a8833700d7029fb39c768645,reciprocal
0x2d6f6bc16f3dfd38a8970b5772142b3d41b97c93,reciprocal
0x2d7a8bfc9250cec71e9050688dd559ec18f4a886,reciprocal
0x2d7aa02dc7ff1cdf8ea312b8e8b7fe9c747cad9d,reciprocal
0x2d8f63f97143bfcf70a3e6ab39c708071d1ebb47,reciprocal
0x2d9223d1255fe50e0595c246996575b397ea7363,reciprocal
0x2d9446147a442d1e5f406707378a7f927cf96580,reciprocal
0x2d9f3e315b0c9154353df4b2d829761657b67070,reciprocal
0x2da2a88154aa41b19d89508d0a03bccee4ea078d,reciprocal
0x2db5cb436e9ed26b1967ad2a7c801908327e8975,reciprocal
0x2dce67c078e212b7e8184a221068a50f4920ca14,reciprocal
0x2ddcbdee56bfe2a06809074622cf815c75d44397,reciprocal
0x2de75bfc328cc7ee493807f6baa720fa5b0807b1,reciprocal
0x2dea7f12a9898831ce674e10049e901a1df58a4b,reciprocal
0x2deb9b98676bf66ecb43eed73c8ab1ad69297331,reciprocal
0x2df57b5769f15d7af109a7dd58f21c0751f78029,reciprocal
0x2e00b4d0cb0da385df2e2aab17dbab77b60d6f8f,reciprocal
0x2e050f9476873f4b9b681cc8e89bfca3bfc6a03a,reciprocal
0x2e092bdda7e75a6fd2bdf4d80c969209935053fd,reciprocal
0x2e23321737a05cfb2003998e6041de9ba1b55793,reciprocal
0x2e2e047dde1aad7de5ca99cfceefda35aeb40a27,reciprocal
0x2e34f929b6d2cb71dca35d2e47bdf32fdb7c2d1d,reciprocal
0x2e36bbc306c906f806e8e5134f4427e74424f632,reciprocal
0x2e400b16aa8d1b784b851f4a0a9e9f8bd51f034c,reciprocal
0x2e430d4a36627d89322933bc4843106dfaa15e10,reciprocal
0x2e51ea3370e0a74d4870d9ce6bfd4f3c356dabae,reciprocal
0x2e59b057eda53f285b05931fc2893b88fc87ea55,reciprocal
0x2e688a4bb8d9b6aa2cf7ce2cb632bf9cc53c6d15,reciprocal
0x2e70423a2ef235ba02c40201ea58aca29b77b2a8,reciprocal
0x2e73416272d72923d9f50aba5affed58fce058f2,reciprocal
0x2e7b0d90a2b2fe59cb053b1376683995ad9543d7,reciprocal
0x2e7e996503a0f147a7849e715f6235fdb16baefa,reciprocal
0x2e941d388ede1c5be60285f0b891a06c03ae380c,reciprocal
0x2e950313c92db437c07bdf76c70bf5edd2949108,reciprocal
0x2e952d0437ff4b8e9380b62611c29e212bd821d3,reciprocal
0x2e955b00d844e5cdd74392b0453c4c4e86e4a50a,reciprocal
0x2e95ce32a69103ea358fdd8b58adf95126eb1eed,reciprocal
0x2ea72806a7ba339c5e99c670bf967354fd4852f3,reciprocal
0x2ec071f1f0ae2df294fbabc590983510335297b8,reciprocal
0x2ecc1b3857de92e9553f03382ef5cdf70a27f023,reciprocal
0x2eeebaf2046fc213f037ece8bad699c855318863,funded|reciprocal
0x2eef36bd4ef5c6520b520e407eb8acd9e56881f5,funded|reciprocal
0x2ef3147f01cd9a21ccb367662297a1ad5274b8c5,reciprocal
0x2f01e9413c468f44a0588aa5dd8bc1b7cd622e46,reciprocal
0x2f0b991408444f76b006c15a26d178f531ffe6b3,reciprocal
0x2f19b7be1cf5a9ffdd35015a0f1e407e66e645c5,reciprocal
0x2f21279d9a8ab4beb927577f86ef9f6e4bc771a7,reciprocal
0x2f252849b556111768e35651b2cdff631c256fe7,reciprocal
0x2f28326f4fdcced5fa2ff128cb05a6bb22b1220d,reciprocal
0x2f423b4bde80f7ac84b6ca6c24be02355f601b3d,reciprocal
0x2f4f9343d23016a9e6dd8deeee77cb923f46a107,reciprocal
0x2f5308cee0f678882f3e9466dd4e170d22d1ff4c,reciprocal
0x2f5715c75fa4b1d5725650028cff4b2c8491f268,reciprocal
0x2f711a1f816b45680813d63cfdb22b2b509051c9,reciprocal
0x2f7bda7a66107150cd5423d97f3ab30716c47d35,reciprocal
0x2f9395202bf8dae917eadc9dafd1ed29e7700ce9,reciprocal
0x2f97494549e333f8e4e3e52c19dc6d7ef6593bdc,reciprocal
0x2f9c31c4de5beb4db381ee6218f52a8710b4563e,reciprocal
0x2fa112c15ee5e6f507df494f8374d48759f2511c,reciprocal
0x2fa4b087ec3d96782cba25e54409a7470ddc6409,reciprocal
0x2fa9d2bf1c8e12399c3e90366a25b6ad6450f0cc,reciprocal
0x2fac2aa92555196f59a49ca0720a27104aa98e59,reciprocal
0x2fb3b7f26abc14233b4e2128e662c5ac98d28c40,reciprocal
0x2fb731eb84d5b24c7fdc06eeb50e5e1ff18aff65,reciprocal
0x2fbfc7c778944cf5f8f5a339f9ef3c30014f498f,reciprocal
0x2fcb9d4353af4fb3aca5b6fe31f531436bcabd13,reciprocal
0x2fcc56da0f05ad81fa27dfae4d2ccc29cfa50104,reciprocal
0x2fcef827296815e071fa0c2974141d6ba3033e5f,reciprocal
0x2fd190a1910250763d4fd6751f991ff25c34b141,reciprocal
0x2fd965d2bd3d3900335f5c5bf2ef60f405012998,reciprocal
0x2fdb31c22e94526a809dce91933cb8e722368dfa,reciprocal
0x2fe064da10e4e0b14b0aa1832c074e2e18aa8990,reciprocal
0x2fecde4a6918be058cc3bd56de87ff3063ea8da2,reciprocal
0x2fee0490333fce6aac6721489e60c4a977093420,reciprocal
0x2ff12f04d4dc8f570b548a5c88dd30cafc62948d,reciprocal
0x3000c7b212974e3479f608fb2d7d9788b3126dec,funded|reciprocal
0x300f2e067af664dec20d474081577ae76367f026,funded|reciprocal
0x301170c1ec99d20499f21c3b5cab8b260a0c19d5,reciprocal
0x30170f8da079f124cd12f0c2124df027661ecaa7,reciprocal
0x301a7e24413731546a6dcab5ae9282ecc6a86d55,reciprocal
0x3025441e2c2e9f6f740922d486021aada74177e8,reciprocal
0x302b6b6f6ec4e3e0e0d5ba1b0fc03dfcda3210df,self
0x302b83e4cc14fc4451217666631395125df3da1d,reciprocal
0x302fac7ffaff4bd90a5f98f2114da31ae8ca1ab2,reciprocal
0x3033970350a88eb2b67a8c9d420c0c89a60d92ea,reciprocal
0x30412562283e8b27c7728631ff563b426736875e,reciprocal
0x304dcefe091bbceed3e51cb6caf3fdee5bd81a63,funded|reciprocal
0x3052a46086e3cb81308ed22a71e5c172b513a66d,reciprocal
0x30588d47b40461a96f3a65f9f9d9a4200a06ca52,reciprocal
0x308a27624c04810c3a9332bb27d10dead3d2f18d,reciprocal
0x308a6863f97fba4d5d0b25841c69d9a1eda580a5,reciprocal
0x30a5f1ff5dc217b703fa9b9389048dc846c639f8,reciprocal
0x30acf55fa7564b150bb09236af1d614158e5be7f,reciprocal
0x30bc004af823502603549597ada8729ff854e3af,reciprocal
0x30bcbed18bd4433776655eb6a37eada5d792a37c,reciprocal
0x30c149e841a32abaa23e71a397b26c29d94ebdaa,reciprocal
0x30c2d7656bd0db4baf806d9247943bb2b32cf161,reciprocal
0x30ca83b8f26ffb389a083ff2382a90918eaaaf72,reciprocal
0x30ce67922ff73cc7448f41f90e725396d1a5d9b8,reciprocal
0x30eb04d874ff6ff4bdeebddcdf94a87022bd28b9,reciprocal
0x311238ef91b5ba9534500498d34c0315e4a17437,reciprocal
0x31165169914978829d97de44fe47d3d461350846,reciprocal
0x311fe63fa7d12a097eefae68216f2fa8e189de0d,reciprocal
0x3131741fb570d27569eff17d4966eea56ec81fc9,reciprocal
0x3137cfdc53c0f519b112372b572fbedc22a3a055,reciprocal
0x314492d02ae24bdd9d3a32915ece16aed541e5a6,reciprocal
0x314e37ad31e469581faa0a50f297724be7c41160,reciprocal
0x315907606168245cc5be600df9971a63d958de6a,reciprocal
0x315e4ef75a8c8b3ae6ceec1de0ae46916714c824,reciprocal
0x316cd445ef73d5b6af90398a50f8489c4b6d2f08,reciprocal
0x3171c3224e8ca3c3d9701a762d7f6982fe3ab75f,reciprocal
0x31765ba947744000c259f2d5aa0a9cc027116073,reciprocal
0x3190ec7811f9c0ba8dd454e437c608fe60cddeb7,reciprocal
0x3196d6f80cd577a1a09d0273cf58e3f5ffa89592,reciprocal
0x3198f51c41aafb4e2454238a8613aeba522004e1,reciprocal
0x31991ff1db32df39a4ee19606596de95e274dfd7,reciprocal
0x319b661a6435b8d256b40d59fc1d575a11f67d51,reciprocal
0x31ae3240e1830dfc1b5441300db53d6affcb2416,reciprocal
0x31b97f5017c5853e8125ddaa647438e6e5cf6d6d,reciprocal
0x31bc37843f8f7f27381dfeb2f43e1b0199f119e8,reciprocal
0x31da4ccfa03f142e8d7824496b14e3f70bae6c74,reciprocal
0x31dc600de2c72fc59e0ddcbf0f9ff3f384da352c,reciprocal
0x31de0f5d01b63a4207228dee5fab13b56adca742,reciprocal
0x31e256ff580abaa0f599d3c1d6adabc0fa1d3a90,reciprocal
0x31e46688ff3f568f0b290efc330c2d9a266ec21b,reciprocal
0x31fe548b1517481ede5d66d81fd6e63d86925c82,reciprocal
0x31fe91ed954968f607bd4904572159de1df99e91,reciprocal
0x320ae788f2b04207126330379538c60b756ea4e5,reciprocal
0x320c9078718b5389d03ae0dff67dccb95368aeae,reciprocal
0x320cabf82a7b5338101bbf12cf0882ef760540b6,reciprocal
0x3211e53ec20d39841b77243f252fa7d182257856,reciprocal
0x32141ee7047964fe6ef7534ebe65ac7a8680c352,reciprocal
0x321bd53ce5e170446ef231ebc96723b29e7dd99e,reciprocal
0x321dfdc5ee11d06f0f0acf475ba89c73e1ec15bd,reciprocal
0x3222fbdb66d8c76d1071776ffa0520a521760bab,reciprocal
0x3233bab3f588157cdeb1c234e20d6e4d80e96816,reciprocal
0x323b84da38b37bd61025878d10475eb9bba0032d,reciprocal
0x3242849d87e40dbe1ffdc1bf1e73738745374528,reciprocal
0x32634fb91cf0508c5500e41128e6f994fbc9ebc7,reciprocal
0x32677a0970d16c085224e85a6b2bcfb1f1fe9cf3,funded|reciprocal
0x326e33ff856755d72a094632ed6f2814f8764019,reciprocal
0x327cc7aa3e7d7a9a65d3036dd254539bdd582c7d,reciprocal
0x328f27b78d201079c73367263dca24907ed51834,reciprocal
0x329c311021b89598f52569ef2552a68c05069a29,reciprocal
0x32a8044af7d6ab714be09d73c262783c979862c3,reciprocal
0x32b00e21d630d6c822ee816fe83253d25fa9d1e6,reciprocal
0x32b235014e8188afe354e1f4dd7d4a1cf1edc500,reciprocal
0x32b668304cea9e02066fa1ee59c571569a44d2c5,reciprocal
0x32dada07ebd602a0cce8d32bd877b051e95f6e12,reciprocal
0x32ddb2f2f0fbadf2de50342aacde163cf5fb8400,reciprocal
0x32f14576987b04a20d3d95ffa43ee2174c23ca8d,reciprocal
0x32f3506657e4ab1596cf20585c3d266e2a74a6db,reciprocal
0x32ff8cb47d12ac69b39b46bc3403ed63deb21d5b,reciprocal
0x32ff90facbf39cf4df43fd75cdc20ff097fc71e9,reciprocal
0x3308843634dbb61755b1f7ff19d2b84dc07736c2,reciprocal
0x330aeef8abe45b3d68df62d64ed4cbbc52d5abd7,reciprocal
0x331f129177ae4527cee5839f4bb13d3eb2a1d9ed,reciprocal
0x332960f93af56edac5165fb6690d198b7891dc3e,reciprocal
0x3337e9c6cbfeb2a9c144c6f63eddf5b24be6b8ae,reciprocal
0x333a847197486efa036d59f3828b9e767a174cc2,reciprocal
0x333c858d1c2f9bc033a5f97f699f20059b010593,reciprocal
0x333d4c495cd7130bd2006e95e6fc43642946477d,reciprocal
0x335416cd12642ea0d9aebc453a03b30623bca99a,reciprocal
0x335756415fb1e080e245206ad5e0921634333df6,reciprocal
0x3366827aa15e8179d608a50e98964a6448e70732,reciprocal
0x336b508e8df463d4afb8b9a2d7779f9afa185b51,reciprocal
0x33727bdfd9d2c3dc34f4460fe7073e7222790199,reciprocal
0x3396ace6eaacafc4ff6b85c766e4272a0f9734b0,funded
0x33a2cc069a4dce73738a3601242620e5bbd5d700,reciprocal
0x33aa8602dd528e6f10ebda8557dd2fed64a58453,reciprocal
0x33b28ecdf8686353de40d6200d52a6d9a0c8fcef,reciprocal
0x33c6ac578a7bf7aa2021ee530261ca2661f213a0,reciprocal
0x33cc0a8b5954498431646ecd329764e1b7ff4f02,reciprocal
0x33cf72c8e8feb2534559fb2fd9c36aac1d58b764,reciprocal
0x33d17b36be40661202b67443ad44a45ef3c223a3,reciprocal
0x33f22018caeeea817d01ebb56a77f5900957398b,reciprocal
0x340da53d26d739e8c40eb789daba657d16b279be,reciprocal
0x3421fef72c4703a47a2a29b8bf263e2bb154495e,reciprocal
0x3424caccc69d60c1146e41d7cb0632fe711a52dc,reciprocal
0x3429af34cd8bb59df8b226ab9f9b0ea54109c7a8,reciprocal
0x342d65cdaea741d942fd17361617e69d529225f3,reciprocal
0x34355282ea76d6309fbd266d47071dc506626525,reciprocal
0x343764aa5f6586d46b6c3693125efb64044d9f10,reciprocal
0x343969ae1941da0917630baa872760b492ffa485,reciprocal
0x3444aef2d45937c1e96d9b2563ccbd60e648b30c,reciprocal
0x3449f83ef8bbf7c9a85c556f990a8cdff5975180,reciprocal
0x344c26f9842815170bca0b8560fd4695badce89c,reciprocal
0x3465bd87bdafa6a664ac5f876846a965fc66652a,reciprocal
0x34666c53993953a18a5f51031c17d3075eec9b6a,reciprocal
0x346946a1966a9dc9f534c2b6e7159aa732589ecc,reciprocal
0x3472494f9354141766bca5bb7eea3d9d58ac8549,reciprocal
0x34724f7d00fed8a70f02d7683841e622412c17cc,reciprocal
0x3475712490e45476d716a4ac4030f8dd0c9c66aa,reciprocal
0x34868dc0870bf782a5136e505f364b6ec643dda8,reciprocal
0x3488ea50276cf283d5a53262271209c6079e82e4,reciprocal
0x348df429bd49a7506128c74ce1124a81b4b7dc9d,funded|reciprocal
0x3491d562b954e76a4185f3e2ec80b68772e7dc1f,reciprocal
0x3492573ca87c7e982c5f24d75e686458ee0441f5,reciprocal
0x3493e4fcde9216e20412aa55b3e78ddc919af1fc,reciprocal
0x3494fc997b9d38887ac38a1d2c1bd1c177875b30,reciprocal
0x3497ec5fbcf5d9cac00c34acb21f22cb6a984ec8,reciprocal
0x3497f849263a7f948666a5bfaea52547cf5628ea,reciprocal
0x349c11c3af618fb97a32be17cfe87a3167e0f36c,reciprocal
0x349f9092941015785d530f6a74977a26bc3e072d,reciprocal
0x34ab5e5cb0eed733694c435d3c1c57fe2e05acf7,reciprocal
0x34adda5236c7a2979c1e500dd6665bdbb4db688b,reciprocal
0x34ba3d7165f4f66eb33b68c63f766254764c9190,reciprocal
0x34c0007c700c7d5526751e4d6dd636991f259a5c,reciprocal
0x34cf222f026c44253fd92cc68f7aa857a6744a0a,reciprocal
0x34d8104536d569dc855503fd6656a86ca60d71e0,reciprocal
0x34ddcafb96725f978550786f97ecb15041c656f9,reciprocal
0x34dff1b894530fdfbab19cf54d254ad9b0cbe9d2,reciprocal
0x34e66889fdc7df122df38fe25ee314d5c0b67d29,reciprocal
0x34f17eece6a3b0aed9c3a297ed5b6ad3aec02896,reciprocal
0x34f1940c05963c9625d0b3679a4444a1474f4bae,reciprocal
0x34f674480361cbe5fafdc44ad6ba73e848b58d5c,reciprocal
0x3503f3add25def257288e1d557d3de437e4c7d56,reciprocal
0x3507dfd9e8fba5fb235d573079ed8c244716b104,reciprocal
0x35097cdf02b5e8e810673406f01f54f387d625e2,reciprocal
0x351092fa2dacc08561665382b09b555ff00bd077,reciprocal
0x351ee8cf5b042199c5fc1479e70656f61ebf7dd3,reciprocal
0x3524944a9b3df94c6ebf711036c02af9cdbacfc7,reciprocal
0x3527b361d6107d66e1fbfebcb3a69480bd98b8d4,reciprocal
0x3532deb20b974a93d0347fa361f3975b7318a614,reciprocal
0x3537c616a5c4159d8c008455fcd388adb3e39b52,reciprocal
0x357778c04f4cbd6a7164e99e3537a7f0bb117287,reciprocal
0x3597975d973d64b627561fec1034e3d866ee94ad,reciprocal
0x359c26486750aaf35dd08921c829515f769dccbb,reciprocal
0x35a6b5a7750066d12a20f9a500437d8d91973b4d,reciprocal
0x35b4e0889b6b3098e7f6af7e4646ed7d6c8caf09,reciprocal
0x35b9845adbef90e478374541b64c06da18e4e036,reciprocal
0x35b9a2d0edd6ada001eeb8203456980102ed3af7,reciprocal
0x35c36bbf9e9b3cba113a17c6d289dfd4fbc5ff77,reciprocal
0x35c64ad656ac34a753cdf7d58434312bb0db0fb1,reciprocal
0x35df3332fba65d1d32c35089e54b5c613ffd1bd6,reciprocal
0x35e5558fd565f70a71009b9343d7876401f91e4c,reciprocal
0x35fc944ee894ec802c189ed692947be46e6a76e2,reciprocal
0x36086a6affee48e052ed01aae00820e5ab5457cf,reciprocal
0x362623fed4c10df0618b61984f916dcd2a2885ae,reciprocal
0x36293bd473b4ff93056dcf13571ca60b5d4034ae,reciprocal
0x362ac2d8dd5f7c53ac116ac83ca6c196e7ad1d36,reciprocal
0x362e0ece9fb70e06c05f6aa06d2abf74e91fd508,reciprocal
0x362e5d3e9dfbefe28e773d0bf62c0729f288721c,reciprocal
0x363bce374c8669daccda4bb3c30bfbfd4e1acbef,reciprocal
0x363caf35f5a532da9c3234e0c567466e73443e86,reciprocal
0x363f1d180037f33a12ffdf70dfb96994e998de6e,reciprocal
0x36495334d36660f4837ce1dd1dddafd90dc7901e,reciprocal
0x3652c28287c740975ea422e8fdf658e8acc90771,reciprocal
0x365a2babaf1a6bd6e9f82d508fd2eb8699766f33,reciprocal
0x366daa1a7a14dac6e7268d7ce94d43a2bc0727e9,reciprocal
0x367b20da2180de8a8d115d19398c71ca69e39ec3,reciprocal
0x367c8de6b6c7cc99fd55bf4ddb49f56cdc906039,reciprocal
0x36834edc374268cd5144194333c4f10d0a4bb8ac,reciprocal
0x3683d1a27fbcb9bc6d19ee738983c8d9d0696548,reciprocal
0x368a836801cebbe677ef3cc56b82825f97ae3400,reciprocal
0x368ac886af8c350a0e1a5a709272f0e266d9ae38,reciprocal
0x368ce369afcc813c26f1e9d5ba646b1ae08c8637,reciprocal
0x369bd5cff2403870413d8b53b6ece35e91674377,reciprocal
0x36aa41c3bae703754c0ce1671cbf75c1ab8416c8,reciprocal
0x36c536d824930353202dbfabe431c2ae7473b627,reciprocal
0x36dc74b225c98e13827fb04556714c442259664f,reciprocal
0x36dcfc14d8c3fe6c64293c48d52fcdce6b298800,reciprocal
0x36ee1f6892334c7acab25b584f9a905fe96cdfb2,reciprocal
0x36f5436628faf40f60a3b231eed04a310e835fea,reciprocal
0x36f88807ce42c94bfe946bd3deaa1f3e52503a4f,reciprocal
0x36f924549f84f300a4d1e8890762f3427632680d,reciprocal
0x371178711fbb96b0ddacfdf5e2db53d756a73465,reciprocal
0x37145220b790f66cbf66a600642dff2546c1ff92,reciprocal
0x371c426634e5be920396def7434f86126c8f6bb6,reciprocal
0x3747049ccf49548d7ed0f34e40583cd348f3739c,reciprocal
0x374b9bac6dc9a4b5cbc089d2d2b0b99e8e01e74d,reciprocal
0x37568f49e42f2c6a2a29019eab7b588dc7487737,reciprocal
0x375fdb33996c93693e33f3016809b2db45e78b87,reciprocal
0x376b07cb1b96927643aec4de57baced39fc9bf54,reciprocal
0x37792eb0cde1a78aeff5464f0ee8e5f57891cee7,funded|reciprocal
0x377d5357eb29cac8f53065788ac03b51f9103ddc,reciprocal
0x3781e5437452f05abbe2881bd038c68a30861299,reciprocal
0x3789e64f8cb685dd4cdddf8ea5b099b514794fad,reciprocal
0x379214b41d261eb37bb737e7635a4748d7f36ef1,reciprocal
0x379bcf788090165fabcc9b02829e9c292bec8ecc,reciprocal
0x379db1218674c0f8fcbdd8d60d387a2c49b7e1c7,reciprocal
0x37a5be16965f37944ee1531523b42acebe8a4edd,reciprocal
0x37a973a34bd81e38e19c935faca3c7e1003a1b3d,reciprocal
0x37ab18ad71146a6e5da029fd1f8c1344c0c582e7,reciprocal
0x37b2e72db75bf5e67bf18d881d74e876284a85b6,reciprocal
0x37cc94e91fb16f3d7c8a1b66ab1d948dd6fb9cfa,reciprocal
0x37d44b6227262bdd362add82c31abe3b7b1d37f8,reciprocal
0x37dc21d8a0a4835ef932f1bd01996fbe12246d26,reciprocal
0x37ddee2461433898aa2bee861e557d68f3d84009,reciprocal
0x37de42f92ee8d456a0390db43647fa0899a72f35,reciprocal
0x37f0d925a4e91f5cefd2aca15a9bd925221b89e7,reciprocal
0x37f25a097a0130a85a2f80ee4cfc184f21d6f450,reciprocal
0x3801cd9bce3130ce1dcce0502bcdf65cabd18d35,funded|reciprocal
0x380b890c2c226705fc98943340f43b57b6b77551,reciprocal
0x38140a75b5ed59b23695f530b74bbf8cd2a466cb,reciprocal
0x3816ffda4c520de796de114e238e71e3b9aadd79,reciprocal
0x381a10ed690d866db3b7d7ce1c9a1d8f9702a9fe,reciprocal
0x381c4826414becd554664958f0462ccb5c132447,reciprocal
0x382195f033bbff2f6b00ba31a0051c17c44e7d9f,reciprocal
0x3823e796f4533819661f9b8841c6ab8f29a45ccf,reciprocal
0x3824cbf952a044e8006299f4971bbc771181385a,reciprocal
0x382639c20ddabbba04e7418c305f76f20d3a945b,reciprocal
0x382ec7bd686612d0616544bfe2337a489bbe2b99,reciprocal
0x38329f3eb15ba1d11190305633f8c7a9fb156b43,funded|reciprocal
0x383aecc532d2142124084266de144c1ac642e2ea,reciprocal
0x38434dac18b8a4c9c490119241618a175b2d2a81,reciprocal
0x3846d4b9e94363b18528e769582a9186835908e5,reciprocal
0x384cfaddc449cc88f01c1a7a1a7c579e78c1785e,reciprocal
0x3850edfa41c7f4da55518b26371209ff015037b9,reciprocal
0x385fa36a5fb4d63c239cf00f9eb2e6a71254091d,reciprocal
0x3861832be4903f94805a8ac00c2683337792af2a,reciprocal
0x3863f3611ff0cf23af3983266a8f950610436c2b,funded|reciprocal
0x38656caf2a2be56b00ccd99259e3091832dd16ca,reciprocal
0x386c762479a3e2d4dd6ad1206cdf2c5fae613f86,reciprocal
0x38727a04089d1d985fa78fc0cd13330a3d16f8dd,reciprocal
0x3874c3814159f2e7521580a348f8e56a71d0232b,reciprocal
0x387e78cf3be00683395a91067cc2e8c90ec53dac,reciprocal
0x38807a1ca20a0b9edf91481a5e58d094807fb34a,reciprocal
0x389b1f9a7a8c32a32fbf5dd23b5250bcf7ff6e70,reciprocal
0x38a34796c72ed25effc175581cbc6df832c02445,reciprocal
0x38b18acbffcfc6ec41a88c51eb35f72967d2fa97,reciprocal
0x38bd385986e26e33c71be839a4d7f51002d3dcf3,reciprocal
0x38cb29c32e85213a18af31699429ca354b0cf970,reciprocal
0x38d3f1601b0a0af90894d70a198d8bd769d0282f,reciprocal
0x38e4f1da270aad67c725f478a633bbb05b800239,reciprocal
0x38ebb4fd025d954678f44bcb3ef0d37314d52c24,reciprocal
0x38f12c2c5361f70328bff85498253a7bdbea677b,reciprocal
0x3906b2556f2dd60237ce8257e7c788271a53eeed,reciprocal
0x39118acb43bdfb1b20ab855800991c45d5dba23e,reciprocal
0x391b3db52df01b98f0163fe8419424d7816b4d5d,reciprocal
0x391dcb95283592d1f0977f364cbbb5021cf521a9,reciprocal
0x392cd3bb9d6a9dff7c34c256404d9e303a13a377,reciprocal
0x393a5239cf25071873eb3c2ff4dae7aab253288c,funded|reciprocal
0x393a728d7d6b128330554d56fb92a92a84fb6519,reciprocal
0x393b025cc042556f05b945c559306a6b8b65265f,reciprocal
0x3942a3e875d87dfc242fa603417b5750b3cd97db,reciprocal
0x3948b1ca50a6e162e34bdffe38cde5962bc5d7e9,reciprocal
0x394cadb41e2373e02b4b19c18d8c46a7db9b57fb,reciprocal
0x3951dbf841053d87bc634b3aead7d3e3e5ba7348,reciprocal
0x395caec86809fa3a2b4127293df28e5df8fc25b6,reciprocal
0x3961560850e220c469300ee3f058d66290197e59,reciprocal
0x39664671b2a649cd2683c59a3328c7176ff8e002,reciprocal
0x3966a13a3c21dde716d93ee731a71dd2e33e8c04,reciprocal
0x397305613c0af572e0d5e65e2b5fe1e899174126,reciprocal
0x397502e18b4fef2730a9b26d466773cb3bc02b53,reciprocal
0x3978dec1fdb06e0fbed844b7d0bdbcac1f258881,reciprocal
0x39828bf4260048f804e243924a503c5c62b2765a,reciprocal
0x3988df0d215353e9d2dcb9491d732d4ded4b380f,reciprocal
0x398d95e6dc053ef3ed6843e8659bc678ebd011c1,reciprocal
0x398f613970515c093fac00c631d12e67997b4566,reciprocal
0x39a05637d52d8dbf1cffff8d1ecca90e9c5ad07f,reciprocal
0x39a39118a12cfbd3ac321599ef3ddd7429f41568,reciprocal
0x39b20e3224c075a153dab382b04baf5771d68881,reciprocal
0x39b581591f2d204a9813a3fca1cacdb896ca5c77,reciprocal
0x39b8031d7962a7668897a1c882206c1ffe53c6ae,reciprocal
0x39c1239b60c4ee7bf15e3101a3dfb0121e035954,reciprocal
0x39d5734f89faac4730fac44a9d93f0ecc049df9e,reciprocal
0x39d75e05fe90c1b1d3f7525fbd923ec37119b706,reciprocal
0x39d980e33aa781221af218d9b794c09541763573,reciprocal
0x39ec08d7d62cb1d5c1d091fe4fc8f1f637226e20,reciprocal
0x3a01a1f465f18934f13a6e28689d1518286f1090,reciprocal
0x3a0772414c7517ae1c953ca2611f07818de1172b,reciprocal
0x3a1c08ebc3d91a537d9f84d0660ae464752b643f,reciprocal
0x3a1e0e0d77af81cf9e1f8d5ab1502a6ea641d7ac,reciprocal
0x3a254397e5d01c3dcf613a2502aaf32b5b6389a5,reciprocal
0x3a322d539a38f88dc7276cdca38baf4dac70335a,reciprocal
0x3a32da34e3af55352254b821a72cc8bbba3176f8,reciprocal
0x3a3cc7e796ef01fb4b08a72d19b6b3e59dbd04bf,reciprocal
0x3a4c4ba54f00902cafc34020f015436f86f36fe2,reciprocal
0x3a510875f3dc70dd5865b86a2ec125c1be8ecf2c,reciprocal
0x3a5134591c242745863ce14dffbf8fb34cfe71cd,reciprocal
0x3a5cd402da4a2aec8c5974a028d203c2352aae1a,reciprocal
0x3a5de14c16d05d8678586244fc2f83c7c4bb6af8,reciprocal
0x3a5fb4f314463b4c79d9ed7ea1888fa9c5d52832,reciprocal
0x3a70b23954200b0158a164acdea603633076e9b8,reciprocal
0x3a736f9b9d97be6d2142527670e9d290f31184d2,reciprocal
0x3a7bed8bdab8db5bd370efcde85490b2daa16604,reciprocal
0x3a7c4bd61ad10ba0c59157be4b58f15728d0613f,reciprocal
0x3a7d8fb4a57964abee7165c00dff2d345733263c,reciprocal
0x3a80d2e1136a05b0a58da3132cfa6a3e65307afa,reciprocal
0x3a849c8f0364527af795ff664d726339f4fde1b7,reciprocal
0x3a9e75fd40a4a48fc0c881a8d033d1c653b743fd,reciprocal
0x3aa2811f4328084f0e422870175fd2e186b66f19,reciprocal
0x3aa38ba58309902c2d3d535ab4d427c7fd46d58c,reciprocal
0x3aaace23583b58ef483a44185c81a9905f038af1,reciprocal
0x3ab0943ea0ca2d6ea91168186d57f9b0f834ead6,reciprocal
0x3ab16e5503d22585df0e4e9fc85caa327ad50411,reciprocal
0x3ac11e01ff1cd2984dba8a76d7c96d74178b7f34,reciprocal
0x3ac46390d57d36a9a0bd2221635d41901dfd0e35,funded|reciprocal
0x3ac91641bdb45bc49cd6014b9677dc0fd9179eb2,reciprocal
0x3ad124d405aaf51bf9a492773003884cad96162d,reciprocal
0x3ad68910751b58fa3340607a20de11e2d7750a8a,reciprocal
0x3ad929bd7b9fab2dd07fbcf37e0e3fc2cdd62585,reciprocal
0x3aeab2468f8f6bc44ed08eb1b4c2c20989673bd1,reciprocal
0x3aecc52ed57ff4432f47cbd166cb05b96241f91a,funded|reciprocal
0x3aefc385960661db7cebe029d8d8747bb12e7e5e,reciprocal
0x3af8c87dec1c4d071827be22a8298e7a12d2c81c,reciprocal
0x3af96cbfa452e36b5abee23e8cd858519c83d24a,reciprocal
0x3afd4eeb63dbb32569ec2406ce5e51e92a46f131,reciprocal
0x3afff24439ee6ffbf1efe2cda9f7e04ae1e0bdeb,reciprocal
0x3b18e0c50e8c92b4cd3b20b1ab69177e059cdd7d,reciprocal
0x3b1b185ec48593fa459ddb14ffde808824fea249,reciprocal
0x3b21560d3285d151db17ccbaa211d356bb8a2a04,reciprocal
0x3b228e842b581220378a2fa0a0c46bcf4fb8091a,reciprocal
0x3b23fe78cf39df5404fda94efba47586fc980590,reciprocal
0x3b256b0e8ce1e8bb00c457d4dea7df0f2875ab44,reciprocal
0x3b2669b846db556d8cc4aea571a3d72647ac894b,reciprocal
0x3b4c4991164d17485fb9e1175a15b40e8abed884,reciprocal
0x3b4dda34e6d7b715157758dd780f7e3d21448f1e,reciprocal
0x3b4f2e1156e33eef90e523dfc18d07a992ab043a,reciprocal
0x3b5be4047c5a4f37c5e3a5951432ed794bf201ff,reciprocal
0x3b5ece286eb0bb485d38201872ad85999db70cf1,reciprocal
0x3b627ed14be5d3b6797f5840346621ec643f2a78,reciprocal
0x3b6dc28701c3c697794a40089deb8e9474ca23f1,reciprocal
0x3b6e6b41afb8940164c156ceee6a0fc94a7addfb,reciprocal
0x3b7fc0ac4b638dd5f4f4bd6c5a0483be3c96e388,reciprocal
0x3b86ddbb1b6f8eaa72a3aa2fd89cd99577838f86,reciprocal
0x3b87da73e37b7f11b144cae85625b3cdcd406db5,reciprocal
0x3b959707570eead7006b69af64234a09c589fbc3,reciprocal
0x3b96baeff8ef95cef0fe664599e1d3b0a4665e47,reciprocal
0x3b9c1b9b8ad778c244a32ebe2db273a6561c2bba,reciprocal
0x3ba0655cf0ff7f09ebd3dd5fad7b86b369263783,reciprocal
0x3bae614e891e04d3897c9b5f686b2bc799a3187a,reciprocal
0x3bc2a4c1d09d95e6015d9168319f471d58ab77e4,reciprocal
0x3bc37b7c0e73aa8754f5bc202d0866b20f90ff6c,reciprocal
0x3bc77a218cc6fd414ac9959e1e1f6b95a4864ac6,reciprocal
0x3bcc8a32be13cac3fe40db73c0c2ae1b2a3e422d,reciprocal
0x3bde11b9c837c69da870f1d711568ce571ec89c8,reciprocal
0x3bdf3a6eeffdbe5f5941d6359c71708869034d33,reciprocal
0x3be8311bf552ad0e5a4c12a176ca794e2d15a3c8,reciprocal
0x3beb52583f37b0549e2b06ff500ada99563d510c,reciprocal
0x3bebf0ea72337f8e9e462c6c3b8af56153098137,reciprocal
0x3bf48281be811c3c4e4a56300ed593f788d87600,reciprocal
0x3bfe0b53de71c7c88d6ffc3bbad4fd3f38028192,reciprocal
0x3c109efdb8ebf8cc6c477ddc706345671df3fe4d,reciprocal
0x3c17c7dcb60a1422843d6ea703a3ca7d2075e6c8,reciprocal
0x3c205f520fa6d1ceaeee632825992a3bf48cf433,reciprocal
0x3c29373cda6d2c5a4bb43e4930bbc413d4508139,reciprocal
0x3c3157837952151d16937cd4671e9bc89376197e,reciprocal
0x3c4fdcbacbf2cd2c25e7f5c2a1c21b086638a5da,reciprocal
0x3c500acf2239d0f0147b3c09e2d0c813ecb91548,reciprocal
0x3c51a82e711b1b5f1ccbfe12d1204c615a5186fa,reciprocal
0x3c61a36424fe353688e8dd5db25c6cf379c43c80,reciprocal
0x3c65ee5a6f6aa1f860369fa0283883ac7b4da604,reciprocal
0x3c94f5bcb68bcd118f0749bd92bb71a3ac21812d,reciprocal
0x3ca98a258475f358b948d89f70ad59a7c807fdb7,reciprocal
0x3cabbcd56b6aeb20e5a8460e503b402c35938089,reciprocal
0x3caf68699f360ab834538f9a97400f69caa57ed1,reciprocal
0x3cb8363c36cefbf4caedf299ccd0ca9871036326,reciprocal
0x3cc3d523c23dbe14b5478052a634e8d3692caf94,reciprocal
0x3cc4f1dbacfacc3106712c13a1dbb7527259930f,reciprocal
0x3cc4f9ffcdf41e00cb31995e337685383f34421d,reciprocal
0x3ccad3b6b6c36bfb8e80beb679c65374ad12250b,reciprocal
0x3cd69dcdf25e889eba3cedb0db499060977579bd,reciprocal
0x3ce61f683ae4c128e61c62238aa6ef2ad949ad31,reciprocal
0x3cea8976c8ff65affefd8edda2cd8e5b6f860488,reciprocal
0x3cef9fb3cb7142f9fb6630873cd1e3d2b361eabc,reciprocal
0x3cfab17714f1743f9d75a87b60ce777b3406147f,reciprocal
0x3d056a38880cc531f5231a713cf036a2c53c05cf,reciprocal
0x3d12f986ce61c910cdb06fbb4e66966fcebd0a91,reciprocal
0x3d19dcecb505783caf0f0d8a7d450c1fe91d05fb,reciprocal
0x3d1f76128b7e8ab5bc320dd776a9d02610b39027,reciprocal
0x3d237fa4272090a9b0d3f7250e5475742eb15653,reciprocal
0x3d26e88d7393dd54fd6d9e6abd3270e16160a109,reciprocal
0x3d27b30605040ad2454450d681133347de994c21,reciprocal
0x3d3eed102e982883e2c2cde704ebce16ad6fccab,reciprocal
0x3d42aa71c02589c4596f2418ec864d1818268a82,reciprocal
0x3d4a4c59c87db73f01450662fc967a5b50674bd5,reciprocal
0x3d508a298e2da00cbd761367f6d93f3b370c2ac0,reciprocal
0x3d50ae4052f0538f1921fe5903011128d487e96a,reciprocal
0x3d568df9492ce40598e3d33eca1af018268ac61d,reciprocal
0x3d58bc47749be0f271c9260953bf529b1889cd41,reciprocal
0x3d5d4163133a8880575234058c75d75ae329b1b9,reciprocal
0x3d65f9c3fb351a59cf64e5e0872fb2c21d2ef988,reciprocal
0x3d6f9a394ead39d442728409909a174b04decebc,reciprocal
0x3d7b089baa9468e4ea9fb453769d3fe2084147a9,reciprocal
0x3d86ca41a0dbb069f6d41a0dd43ad211658ed0c3,reciprocal
0x3d88b79fdf7cec2131fe15d3aef42fac53c09744,reciprocal
0x3da1399c5c73234eb16554da88ba3541cbae4658,reciprocal
0x3da376f4a5b45d1329a88eb329b30945747ccd70,reciprocal
0x3db2237b4f345f1f0c8db434464c1a344c1afd84,reciprocal
0x3db5e86d6e64406f79021aba3ebeaf0c21f439d6,funded
0x3dbd07302acfaae0b9ffed2ad5f1b2d140ce2805,reciprocal
0x3dc22fe3c0cb160e5bf9ca6ed0bee96f07e702ef,reciprocal
0x3dd2f3977b1f86ce91095ce124cbc476eb845464,reciprocal
0x3dda5be6929450403b61ad7f39bc47d35a6905e3,reciprocal
0x3dde119209a6e42c29518ed2a7f80ce761d2782c,reciprocal
0x3de3157c91c862aabfc4904d3bdcf5e7ea3d2503,reciprocal
0x3de3ee4188e0c230b20bd0e3af440f503239a90a,reciprocal
0x3df6f9035e7af2db6993f57605b3392ee2172769,reciprocal
0x3df74e6ee92d9dbd45da590113ed7c00752328c2,reciprocal
0x3df7b1c0900e48594845b1a76915fe82a16d3720,reciprocal
0x3e058014432120e12bd8987582e5d54e3208c4b4,reciprocal
0x3e14e3fd4b652cd9483f847e974cf4ecf944a502,reciprocal
0x3e15850799c1b660590094d490168bc4fe817b42,reciprocal
0x3e22c9fe7e55d5b65d9498bcc51c463645148322,reciprocal
0x3e326536f6cd3c89a7c8fe05e6392ec3d085efa8,funded|reciprocal
0x3e3b54c5618e2bf9bd729e1eeeab5a3dee640e49,reciprocal
0x3e4baa38498ae57802246b68457e4b043130019a,reciprocal
0x3e4d48a05c13c789162a857e31804eb1cdc63a4f,reciprocal
0x3e5dd057ef6cca968ca9f66e313c68e5b3f4b943,reciprocal
0x3e6557ed6a8dc66ced4432b30f528aa84d66b89b,reciprocal
0x3e67238a99e1d5ee44f8c3c956960c2ff51df423,reciprocal
0x3e6b27da528d5c32fa21770609ddb4fc5dfbae05,reciprocal
0x3e6b5b603a43df92592e27a8904d135dd8a5ae6e,reciprocal
0x3e74d049228c8718c033bdedbae7bbcbe07e96ed,reciprocal
0x3e7681f2fa601f503af4bf665de9ccc04d36b848,reciprocal
0x3e8a47a62cc2188fa3b4a9a989bf3731e4d98609,reciprocal
0x3e8ee2f0294388bde8bd10b5a2e8e8ce79f04a53,reciprocal
0x3ea2d6c495419f29202cae2dec6e5d465a0c303a,reciprocal
0x3eb04631a0b1146a7fcd5e8b9a0cb402e13a4969,reciprocal
0x3eb35844e6801bb6058a46ff8195890c5033ece5,reciprocal
0x3eb5feb3d6f8f558896f0daf89542ef291ae175a,reciprocal
0x3ec4bb0130a3b0ef8ea02aecd75a12f004152bcf,reciprocal
0x3ede4dd8048bbcbe5a9126a7b405a615cdadd839,funded|reciprocal
0x3ee673d3a81578c3c88faecf7be1ca93a9055ee5,reciprocal
0x3eeb160d86d8147f4b094643676ecb09dfc7858d,reciprocal
0x3eeb5ad7e79ef39ce3a0a6b52c90ea163aa2c3f9,reciprocal
0x3f094e9695e1d9dcaf9e7540a4f7c5e5c2e00376,reciprocal
0x3f0981b6d9789234b2228dfeb57190aabbe207e3,reciprocal
0x3f0a70f2f98619708288ccf99dfc39cf5e407154,reciprocal
0x3f1ad491ace39d2c6c20ef5b017b51f631d3aa31,reciprocal
0x3f2adc552ebc7de99440fa54914daf8e00ac43f8,reciprocal
0x3f2f0a5bed4d719a9fb3d3478f2f7bd125c3d7db,reciprocal
0x3f398e130602e82e4b4667fde61b325606c077c2,reciprocal
0x3f3ff371540f5a9aec03bcf52da648466e595a8a,reciprocal
0x3f42a3c88308875ddf717547b1c84c8394c92098,reciprocal
0x3f4fddcf222d8feced45335f9798ad6ac12074e7,reciprocal
0x3f51d355a09b2fff39c17d7b1f0655f45c632bb0,reciprocal
0x3f6767822ec9ddb67ab5b25bf54258270d84e425,reciprocal
0x3f6a09c2423d642efd6e51a0742b3cc73d5bcbc5,reciprocal
0x3f79480fc61a559974d9a6c7e6be1bef82433960,reciprocal
0x3f882b1fd5e8ed46ce4b2035dccf34b73869b1b5,reciprocal
0x3f93b9f1e0bfc867277a32350edb2dbf538e57ac,reciprocal
0x3f96d3d968251aed352d87b0ab22ea2431000438,reciprocal
0x3fa5fee7d654ec494d1a73d49df0e9c23f02ace7,reciprocal
0x3fb2b23371cd5b7dfec6e93d81e83ae5b33aac0b,reciprocal
0x3fc4585400a73fbee36fde2cece84038bdd0fbd7,reciprocal
0x3fc875f71440ebd001b048dc8cf0754f3769ac6e,reciprocal
0x3fed103d73a8d353a68024007b60579a05576cf1,reciprocal
0x3ff35e6086c115506beb35c5adf56e4c4995530f,reciprocal
0x40032996b2520982c00fcd0c95601402216578c0,reciprocal
0x401584fb1b1a04cc467f2b48a22e0fde9a23854f,reciprocal
0x4021486de7d198b5fdfcc699718fbd86ef31845e,reciprocal
0x4022c9aeb157ac40596fe57a90c7108b004fe878,reciprocal
0x402a1fdca28eba098e257d86106c4e2e97568722,reciprocal
0x402b1a26becee84e0614fe44cf5d64181db0a969,reciprocal
0x402ffe9f324f0a5f252e601be3d4add6d480a8b7,reciprocal
0x403ed70c4cf48709f4cfec3cad0a18d0bd380ef4,reciprocal
0x40448189115a09122c7702a08b6a6ba5768bbf45,reciprocal
0x404bd062aff710407dc9dd99b102ba02d36adecd,reciprocal
0x405413df994c75e6e069380918a3ec0048340445,reciprocal
0x40547e3a31c5a6c47f36d26b874b53fabc83c0d0,reciprocal
0x406218c0aec6d6091e4aef7de023dabc71f7b742,reciprocal
0x4084226a23369ef0adc9af0b08eb5c562d6c7912,reciprocal
0x40a3b2efe6a3d3b6b924d3b9f06bafe24e763be4,reciprocal
0x40a8cdd6a10ec1a8cb3dfb2834675e7a2cf4ad8b,funded
0x40aa5e7a0bdbbe01b33e72748ca89431a2a8b6ee,reciprocal
0x40aa71aabcd492867a96cde1bd9160d74fcc056d,reciprocal
0x40b70851ee5853363a89e635ad788a56fd409666,reciprocal
0x40bdf6ae247ef9eb721fdbd7b02e386f2c23643f,reciprocal
0x40c65af2186d1afa0168df982a5bc70f8a95ceee,reciprocal
0x40c7d2619b4cc82578a3446da1b417a0c9b4df55,reciprocal
0x40c7fd8afe4c07dc02c3a778ba7ac96fa2bd4164,reciprocal
0x40ca2e53b3176b735fc2aafb3bb14d81ebd7da7b,reciprocal
0x40ca355254054c260bc56a8a013cb640edefc915,reciprocal
0x40ce00eb87654e8d29f3ce752f32d152e100db1a,reciprocal
0x40d7af6762a21a0a4a868e3da5fe720a964fe467,reciprocal
0x40ed463c1949dc2dcfcaaa29923eb8c6509cf113,reciprocal
0x40eeb946c87aae4104ad2fffc242dff064ff8d7c,reciprocal
0x40efc62201fead67a1ba206345101189f6817da3,reciprocal
0x40f29b0457fc97af75465f6fcf12bea0a543cdc5,reciprocal
0x410f1056361f74fd1b4d117eb7afcf6ad73eabfc,reciprocal
0x411aaa9190d6601643d3e5e1fd2f9d8b3e6a1b14,reciprocal
0x411edff1276f6a4ea105e6a6e738aa8113b98c36,reciprocal
0x4121c39506bb5754c3d24ec8050a62c22cc68fb3,reciprocal
0x4127fddbf4d0d60eeb54ee1f785de92622eb4993,reciprocal
0x412e0cc06449b9dbbe45fd0bcf7d10370134c866,funded
0x4135cc2537d97dce5d96168828ffa2db1b7ec279,reciprocal
0x4137d785a3f71941e475638bd6bc3009cf5a07e5,reciprocal
0x413a7af0b929157d55c50cf04fbb47ef433886a1,reciprocal
0x413fee9d19614b4197fad1cf8552369dfd7f9032,reciprocal
0x41405dcee8ebb51020bf45b8864f26b6a4840e19,reciprocal
0x41552d601b98131c56d8034063a2b84e9cd4857c,reciprocal
0x41677e4257670fdb5668623b72787883cfc0218d,reciprocal
0x41690fcbe0cc38f64f0694bf132acb5659a61f9e,reciprocal
0x4171274edf5a1885d9b1bedcaff261940c1bbb6d,reciprocal
0x418bbb0ff063f8dd251b2a5f3b7d28a6ec8f4fa9,reciprocal
0x41a2c271adba84f45e39844cf874f66f983af37d,reciprocal
0x41af9ee5a83b41e0d89f311af2f78a37b1eafc0b,reciprocal
0x41b8ab54e9dc2b95f5e989db6119a5f58767b921,reciprocal
0x41c24a1abe94c93b80bd0a00530a45c5b0b96554,reciprocal
0x41c3bb0d9fcd1ee06159dcb04e904d675106c487,reciprocal
0x41ce3adfcdc9a60011f6dc06caefb5de8681bef2,reciprocal
0x41cea73cf80ac855a382bee557f5088351f9ba46,reciprocal
0x41e006c7cbed957ba94fd99995b3cd28cb85b042,reciprocal
0x41e5abdfc29df0e65b4a9af07f10d1acf1fccc80,reciprocal
0x41e5c25453fda55790e1021a1d86f031ea15339e,reciprocal
0x41f4c23fc5cca21ded83f333b87e9ae9e6539d37,reciprocal
0x4205ef10629f0c109a7159fc082ad3bbbfca0393,reciprocal
0x420c3ff11f60001e4de311e8b860ff8f5f22496d,reciprocal
0x42113cf5e005f7a1a29e76efe23453143fcbbf73,reciprocal
0x4233538cdbf37601425e946f625d3dd2d201584c,reciprocal
0x42562df8b11da408210be6d2fe60c62edfe70194,reciprocal
0x42602b9483f21e997940f99eb51cb51d57d9698d,reciprocal
0x42613cafa75786bc44f6bc24fbb1215390d163d9,reciprocal
0x426daae73d7564e321f9e238267eea5f4596da47,reciprocal
0x42742278d0531b3c21ec27f64bc852dbde7a5367,reciprocal
0x427d11905571f9050b67a648b462b4885afa0fc4,reciprocal
0x427e0d6381bdbb8c00becdb399921046d4279c65,reciprocal
0x428b5e26f971453e4f1e8cd5de8d600a10ee40a6,reciprocal
0x428b8e88bf12fcd1f88b5ca9cd2c0ea6be7ba2bb,reciprocal
0x429188b9705e6212017c77517762d23f8253f37f,reciprocal
0x429821c8aab0c290f980f565fd232f98899bf5fc,reciprocal
0x42a3ea8692da9b0b3b6777bdf55dcd66a5af042e,reciprocal
0x42aa9657b4321064982daa44f2b2b521edeb7b65,reciprocal
0x42b8dfed69ac362856be0a895636ff2f7f355735,reciprocal
0x42ba18fed4cd0e42146f7ff1127120f121d8aa1f,reciprocal
0x42bf49880d06f6bd86c5c38785099d37042e465a,reciprocal
0x42c5f726c8e382357b7ed0119a7d1bf43e79dce5,reciprocal
0x42c6190f9bccbbf7924afac2882b70921390183d,reciprocal
0x42d4fb731e5b775d08e6227c81ae2a2558497ac1,reciprocal
0x42ee04ac8b2285392b4d00824845bd2cc0ec6b64,reciprocal
0x42fd9bcafc2a0b109dbccecb09a457682958493b,reciprocal
0x43054755082f87c9c785e15d8ac02b7b2d635c9d,reciprocal
0x430c94a330acbc96a9a7718d9624eb07ff1518d4,reciprocal
0x430d5df97c050fce55ca7ab1016f23d9f1babe36,reciprocal
0x4319f0c73abd5fb3316783e948391ccae062d03e,reciprocal
0x431dcacebbebea30ed806bb4d3e64419f22d330b,reciprocal
0x43216d18bceff406d0bfd26ac614e3ab616c8600,reciprocal
0x4324772234180285d2219460ade76da70daea8c5,reciprocal
0x432f1c4183828a80d39f1e94f6a5b69597821a78,reciprocal
0x432f447d4170daccdeeb2e780a3eb5f65d288ef0,reciprocal
0x433423ca8428ec95630d7cd065e81ff05881b170,reciprocal
0x4349f9b53a5674b8d5ea45d9a0efd57c1e7a241c,reciprocal
0x434a3e6347454f4b141bc34e323daf414092457a,reciprocal
0x434ed14471daa6de0a62c0d50b5cb9b2c14578e0,reciprocal
0x435bab7b3ea99daea32728fd583a78fea7464cf0,reciprocal
0x435bf6ba2fdd04ca6af13e4d4cd3b0c4cd95a8f1,reciprocal
0x436ef4b73e98aa75d754b9c21fd663bcaed99199,reciprocal
0x43782cdef3576cd7df4fdef7b79407a32cb2cebe,reciprocal
0x437e8e1441f4a7283d6bbae71e3dc59de452229e,reciprocal
0x438e23f2ecdd45b575a3e2bd141c4dc4c0dace53,reciprocal
0x438f9ed97048ab651d2a8a8cd5896270c5366865,reciprocal
0x439048748202ba389105a5e17906e2577236a91b,reciprocal
0x43a132b38347346c03b117829001bc3b6abe2e58,reciprocal
0x43c775c3078f33c1a4b773c4cc9be1b18d7830d4,reciprocal
0x43cb32825f0a1cbac2fd6b11a18f46aa81d142f4,reciprocal
0x43ddba2e85c29d0fe41c378dc28a861d0a34c748,reciprocal
0x43f097ad1857fab275695ef517b97452501e3827,reciprocal
0x43f0f10e29f24a9ce41aa16817315000ad98b024,reciprocal
0x440fd205524e8b99bedbccf35ca85e658e5ba9aa,reciprocal
0x441970a4e082ab0d0631578294de44478a67712c,reciprocal
0x441a15749ed5070308b5d9b85f94f6fd626d0dad,reciprocal
0x4422b4274d3fa18bd3779039312e853dc5eb1cb6,reciprocal
0x4424bf4fdc828a53862b31b87ee490e37fa507c8,reciprocal
0x443515b37542bc123126160f71e9e92873ad23bb,reciprocal
0x4449f4fb51c35303dfd628df825c9dd61c4a190e,reciprocal
0x444b1b539dc13d3e73180f4a35e4f82748d36383,reciprocal
0x4451fb788a14d02bbf28d017deccce192c7442db,funded|reciprocal
0x4462efa4b601fc79947be836ec3cd2b54612bb47,reciprocal
0x447e981bd3d8267499860ff0f9afbc9f8ffcc514,reciprocal
0x44891be0b6743e370d51de230354c0fdb122e8b0,reciprocal
0x448ac924740545757298d87e5270ddae2045a33a,reciprocal
0x448e4c86dac39139c184b56573123dd7811cfbcf,reciprocal
0x44a28a0d7a1bbad78c6fc951839cc4513286bed3,reciprocal
0x44a5dadf1f95a7103e4dadf10afa0f9855fd658d,reciprocal
0x44a83ec69c1acff6939f6a76c78db695336b6e06,reciprocal
0x44bc7421931357b0247759d1043fa3c51500c865,reciprocal
0x44c5965bc66b3c13b414d55bfe1ee9a66e7c3de7,reciprocal
0x44d8997991b00ad29d53028a69e6aaab096ea21d,reciprocal
0x44db608a0eebbf7e54d929dcd47273b5ed57c183,reciprocal
0x44f72d4b656701f69aeee941e00437edf59f5abf,reciprocal
0x450240d67ae2def43df8bf15adc8c51a35918b5a,reciprocal
0x450b5589801dc6b2960e8582dc7159ad01d61ff0,reciprocal
0x450b7086517990fde4f582746a42f29bfa4990eb,reciprocal
0x450c7ca292e826e17e60a34a291e31ad436e2a8b,reciprocal
0x4514ebd726e2dc93dc0926bbd195e5ccaaf18f17,reciprocal
0x4515d7b8c040b63a59195c5debc90860062e0160,reciprocal
0x4518ff1e1855be7c27c7ba0fe3f23c24696f2c03,funded|reciprocal
0x45196eb7e35c9b933a5b99b5f9089a75d372c3af,reciprocal
0x4535fb9e8b031521ffbb5202d1e1a08aba60b60f,reciprocal
0x4542c54727da162bdff19786e280c6d8772ac5df,reciprocal
0x45513d206de54b0a9753a20346b051e34bbe4e9a,reciprocal
0x455547fbe6e417f88718f9159d441875454ca04e,reciprocal
0x45615620ef0e0a35403e42e3b4bef97acf354436,reciprocal
0x45646ca79a620d6b24f6183d76864c2481f7ce9c,reciprocal
0x4566c042a9ecb295f67c176ecb781bee22a0efe6,reciprocal
0x45765af35894d3df9a304b8a10112511acae1abc,reciprocal
0x4579af15a134f1b284cd8d870b7cb5cda7c87ab1,reciprocal
0x4585960790c58d36b65652417f37c1080a3c9bea,reciprocal
0x4591ab97c7c2d84f1e81ee79fbfb0ff37f69ac68,reciprocal
0x45a33ac6db4455460b364a1fc1ae8c489bc644a7,self|funded|reciprocal
0x45aa57ba7f260d11b1fc4833033397103d266415,reciprocal
0x45abdcb647a9e2cd41e3b0e76ac4e06de56b4a0e,reciprocal
0x45ac3dff93afe51e257d801e7e690012f526f94a,reciprocal
0x45c56817b406351503c4bb790b0f6294904da702,reciprocal
0x45c895bd8f4e09fd1a92a72b6611a1d7d9a6acfe,reciprocal
0x45c9ab778bf4cf3e6d3dc6d7a4a27ffbe853b102,reciprocal
0x45caa1dc3a331605fb1194e80bff8dba363bec49,reciprocal
0x45d2aacfee737a5a5c178fc3a8c7971a700d49bb,reciprocal
0x45d849a5e6aee1b4d5ae5c8b7ba9ff113225bec3,reciprocal
0x45df59bce3a12b5a0b350350a724f83d081c4897,reciprocal
0x45f07b2669c2ff5331961e8464312185d19d5974,reciprocal
0x45f82f6b060804174046c9b420f718ee33a9a098,funded|reciprocal
0x45fa77af9592b9b24e12276fb6067ce09339edd6,reciprocal
0x46048ca08a6223b451f03a8f81d312dc675e78a5,reciprocal
0x46090f2275293f2a19a937b87389f1bb6a15dd09,reciprocal
0x4613b731ef2ce510ce5627330dd178d5865184ed,reciprocal
0x46190637f019cadb7216aa3fe1589255b919da95,reciprocal
0x462bf1a486b8dfed96d489f6f5fc947157fe8e7e,reciprocal
0x462f9f869c5e42482273e88ed7ed29cd47bb614f,reciprocal
0x463d826e81ceeb25a68c4942add701c355bac9c3,reciprocal
0x4644ad95cf1b45bb8ca82583979f9c58a3c56976,reciprocal
0x464c9a3257af3e4aa40134a41e0592c5ae692ce5,reciprocal
0x465b3b9aa677472fafac8b55fd9cd9e234c8aefd,reciprocal
0x465dc4b94748ff14b486dd02e6478d6ca9f2531f,reciprocal
0x4663db90d52782193818dfbf8f67adb2e27e872e,reciprocal
0x4670e4ad8f1c3b80d726712cc644e6745011b45c,reciprocal
0x4675025e5ce6cd2e1ca15693705cf86491827170,reciprocal
0x467db167c73929792b764c105916fcd4ad4827b3,reciprocal
0x46817765879f4b61faeb3cae93de0565e45c8292,reciprocal
0x4681cf07e32b5df48fb084357d59de45da3fb42a,reciprocal
0x46830a57ca3806ec71b981e063dc39ca2a3c6fb0,reciprocal
0x46a74825e9c784630c982cae893d2e0443788774,reciprocal
0x46ad272ec9a13af304ff831c96d5c5c2f864605c,reciprocal
0x46b8cabb96f2f4afe660f0338dbb9513cca1f5f6,reciprocal
0x46c6b6a3d1510350cd2d9bcd40d640c0fb8ef3ff,reciprocal
0x46c821380743bd7ad722c60c042807a2f75b86e9,reciprocal
0x46c9b5f72057824a6a60dee99227e7648973350d,reciprocal
0x46d13afd66ad32634787fb816466f412d825fe2f,reciprocal
0x46d2a9a8b518a001ca2eb536bcd17286a9983887,reciprocal
0x46e2c5fd16f08708ba5e647ab572e311735ccf85,reciprocal
0x46f976be31b8866b662a3480dfe5d7d945c293b3,reciprocal
0x47015cd0217918ffa6b5b1f0eb8a969d8bab21ce,reciprocal
0x470b60e3c836efa83abbf28e9a243c1c6441d5e5,reciprocal
0x472788347f4d3561d0eb78a24b88c4ef74fb49d9,reciprocal
0x472e7f3127ded30abb31e0af57b6ba08cc57660e,reciprocal
0x472fd137d08457884b16c1fa02e229c5b4126934,reciprocal
0x47412bb74f812f6a0156d47bc91cc27627640268,reciprocal
0x47464225a5b8b1c3fc765739fbe125d709ec2b70,reciprocal
0x4747a45555257f9595c00c89468611273e7995eb,reciprocal
0x47494484acb81ac09b72cc28ef1757316c89e3ff,reciprocal
0x474bedc39654bb55e84ec6701011a2f618e7849f,funded|reciprocal
0x475762772626bfe8a5decb279daef201baa13079,reciprocal
0x47583fb315fcbb06127ef0eff464f72252cdd08e,reciprocal
0x475b4a0f32e36a10286156bac3b223e020e8042a,reciprocal
0x476837e4137def4bfa0fecd54246c7cb90c65bf2,reciprocal
0x47766a01b92cbf578c463a38ad61f60f6cdaa421,reciprocal
0x4778946a01308f8ef3767f049c625bbd060848df,reciprocal
0x478278864f4e31d0ac5cf2bc1c26c96c5609d57f,reciprocal
0x4782ab426ce87a8257f84a65995248a70a8924b7,reciprocal
0x4784cf225d63516bf15503e4d0c77604ed11d7d2,reciprocal
0x478a4711262c31ee8a46f6d2d406be4a7b3601a0,reciprocal
0x4792fe311cf91203a23856a61ce207756341bbfa,reciprocal
0x479bd1d508f6d7df0cfaad0722212f5ae8e073b7,reciprocal
0x479c6ecfbe8d553732b1e02792ab8b92e058a118,reciprocal
0x47a2bba6874f3083f2bdbe725de13053aea341cc,reciprocal
0x47b1de247b9d8511020b8f599a437932fdf94227,reciprocal
0x47c68f348ce13ec238551185af9a02ffb7062697,reciprocal
0x47cf1dab0daa9ddbb7bcefdda389fc448d1cb5e3,reciprocal
0x47d2eaef858b4c59540211e6d7afec680bfa1fd9,reciprocal
0x47e59e0a279722b87417c70c00e07fd17bfb7dee,reciprocal
0x47f5629a88c8e65edc838715c51f2d8445ca229a,reciprocal
0x47fe1c4272e7bb0c538dc9f0eea41404eef39e6f,funded|reciprocal
0x47fe533e80809054415eb798b9e6d1f00e1a6e18,reciprocal
0x47ffc880cff2e8f18fd9567fab5a1fbd217b5552,self
0x480b5a88239fc88a8369e9a5448bd5e095bef121,funded|reciprocal
0x480c93cee7efadff40d3a57aef6f6d7e7a3d5983,reciprocal
0x480c97a0ba37494ddf31067b615f99fb8cfde689,reciprocal
0x481d286d35cb68e7be7171d811eda7331fb57fe9,reciprocal
0x481d6f44c90527c0bd112afe4f072bf31c7231b5,reciprocal
0x48248b3161e620279cecd7d11683041e798cdf55,reciprocal
0x482dacf54e66fbc213f9c52b04869d6ba9c3b614,reciprocal
0x483c9799b69ea981955225d8dfde373f24d6234d,reciprocal
0x484081bd91d692766eb21f6e4f8564c9556d8728,reciprocal
0x48477149c6ab8ebd86dd0784b6eeb3dbb4d8855b,reciprocal
0x484de46c9a51cdc3256790669e91486a455dfba7,reciprocal
0x486be700210ee116c44c9160c1beb89568dbdff5,reciprocal
0x4871890015c0f680ebd4fed6c171209f208a473d,reciprocal
0x4876ce8c86fb8f728107e25a5cde35e98a4b7285,reciprocal
0x487861c082023fb60d0c433d82db0d6eee3d1b95,reciprocal
0x4880b9cd1f7b0350d6de52ebb74c0a0987981222,reciprocal
0x4892aeaaf4386720286b46b2a04de5d62eeb9e69,reciprocal
0x48a2d77dc70b38edaacfcd92eacce5a6c921dae6,reciprocal
0x48a8c2a860c20aa8c71ea1fc239e13c353dd17ba,reciprocal
0x48aa0785766caf412b64bbf769b326f289e79ea8,reciprocal
0x48b0e0400d8f41ca76003ab82635d6ddaeddffec,reciprocal
0x48b2dc2846d7c793efb81bdfa301ebaa1fc554d0,reciprocal
0x48b43e7e14003dc2dcf687d5603ff7d684add543,reciprocal
0x48c2c90e9177ac98001fb58d2b47ba0fe66c3126,reciprocal
0x48ce8efd3b2438c143fa127a76b4274fefdecb85,reciprocal
0x48dadbb1c8ea22a9440606e9cce7a24567790fcb,reciprocal
0x48db0916f2c81c3a3868a2ef09d205425d5e1634,reciprocal
0x48deb2e58edfb028f4ee37abf273e2c70d40ae7f,reciprocal
0x48df13b9302efff3fbee3762370dc92266e28150,reciprocal
0x48e6aaaa5de32b9b371cfc490f4b64120436684d,reciprocal
0x48f0520bc7628ad4e2be58179c8fa77f66f01050,reciprocal
0x48f4f5f26df5099d3b01c675c3f7aabc633edaa8,reciprocal
0x48f9612bd3c317f3550bcd9aac40b8e5c2f62abc,reciprocal
0x48fd1ecfaaa35072e1870417afc4158e04ee0ab0,reciprocal
0x490d963fccb765fda5d89c13c51ff33b5aaeee7d,reciprocal
0x4912ed402fda2ae5ccbb1a8003321915612762a7,reciprocal
0x49177be21edebff4075ff0d437979e85e5c140a4,reciprocal
0x49262d72be5b9728c64467b6c06dac1b734e1876,reciprocal
0x4931b524640bcaeb2c94bf9fb395bde200b2fc11,reciprocal
0x493349cf1fcaa9caa1f6a2d21759502e82c08bec,reciprocal
0x49394b33c42ab0e6cf5670353302be8a3fe30bf9,reciprocal
0x494101b1d0219ad38f8931fbabbe58281ef8800f,reciprocal
0x4941578f663af2e53703813294bf2ac1e198adf4,reciprocal
0x494b73f7cdd598e2ef9a59bf29c7e55dd3a257a6,reciprocal
0x494f58a017ac08e65e1a62b8ebebbcc162a2770d,reciprocal
0x49552775f957a4a1ae85487fa36ce619458e43a2,reciprocal
0x49588ff1e3d223ca1127b7a60b78ebeeffebeddd,reciprocal
0x495ea94f7905934e16bec01dec2fa4b33f6f72fe,reciprocal
0x4960dce9eaf65c83f13c4e1798b53c9f8570ae5e,reciprocal
0x49672c6d66338fa7c0f7bb58be874c0a4816bccf,reciprocal
0x496896b2fb8a6c24f7ef70896508b3e1f6fba824,reciprocal
0x497442f40f0efa6eb59ccae3a8fdc4f3aff98d89,reciprocal
0x497594987286df0b84976290fec79f271dace792,reciprocal
0x497dc0f4cc65c95f26af8597fa5712b03d3e513a,reciprocal
0x497fc342a09c5199e8672e797ec114800cb6a49c,reciprocal
0x49936ca7ebc7856d72516122187946f278d76f87,reciprocal
0x4999eaafe54bff2535bf456459bc26c225ab6f79,reciprocal
0x49b7b77d8aaac66c0b24e627ba1c94dcf7bcb731,reciprocal
0x49bacf174b837925979e3a8358cfd4f094dd23c1,reciprocal
0x49c431275accfb37aa97ec914fe12f8fbc497e75,reciprocal
0x49cff63d890ff51d1d4aa6f278624ae01be30ad5,reciprocal
0x49d3b71a646d3029e2adab5494436b63184eb196,reciprocal
0x49d7e04750eb21604ed1bdd8355977a35408f5a9,reciprocal
0x49de30ec86aad6734a60d82418e0f6249e6ac417,reciprocal
0x49eb0a8b9d0cf2e4666b479c43c0364ba47d02d3,reciprocal
0x49ee0b046710124c4c610d201b511d4a4366aa0f,reciprocal
0x4a0033030bac28d311cbfe14fa36179daf91e989,reciprocal
0x4a01a07cf0383a3bbbde257e63bbdf6bea12fe38,reciprocal
0x4a0cd0c23f9cbeb8eed001e8398d505ff43772ad,reciprocal
0x4a0e4940f13dc0a6e22bb43e180ecbb9b177dd66,funded|reciprocal
0x4a146191ac0a0e10e5939b6c47d52bbd32d2cdb7,reciprocal
0x4a34d6229a2d9a016ef137c5c593b661b4151e17,reciprocal
0x4a3603c155d2aa01296b562d7475e70a1bd2e3bc,reciprocal
0x4a3934e5828fceb5cefee6db74d7cdcd9f442f08,reciprocal
0x4a47e09434a1ee3e1970fcf6126360ec429d71a3,reciprocal
0x4a4e71f56360092ad40bb2c37b72af5eb9fed4e7,funded|reciprocal
0x4a52affe536a0096ce80426da537af893096e01e,reciprocal
0x4a58366ed2de8b2ab6f5ad4b8dd61169b7644151,reciprocal
0x4a5a906161c26b411e5e0553a73ba80f8836cb7d,reciprocal
0x4a67e2e68bc63b89a0786775ae987fcd2452b17b,reciprocal
0x4a6bb64ff84ce0b005efcf4bc1a85d4f48605060,reciprocal
0x4a715e853243beea53586becfa580b687ee65676,reciprocal
0x4a72104d5d9c2d3ad2f8cd194fcef51e5ebbbaa8,reciprocal
0x4a7522958ad4d50e2daa7a24f2279a505b884342,reciprocal
0x4a83a77fed3c03226cdb937924011fa578d91173,reciprocal
0x4a8b85d114ff2e94c13123ab08c3af0b9daa8112,reciprocal
0x4a8d29ab792f71bc51472eb1a9de8518a0de2e6b,reciprocal
0x4a927887b3ed9ee4f3c8ff018ed6e091b519125f,reciprocal
0x4a9566b97ddaab26cd38932ced82cf6c5741bcf8,reciprocal
0x4aa72bf3de6e2b326059e856f112401863c83910,reciprocal
0x4ac4e147a60a3035737fafba1767d0767e69f2f5,reciprocal
0x4acf81dbace50ed6ef6d78e3cc3cb5117837d685,reciprocal
0x4ad6eca351a20471b2dd9c6edb1ed4b649647a60,reciprocal
0x4ad770088bfc6e0949244631d94d9ef315d4aefb,reciprocal
0x4adc8efa696b27d5620c33aaa43f0446cf845577,reciprocal
0x4af0b67914818d03fad03edb7956ff3e596591fa,reciprocal
0x4af527987e73f5a67a657d9b405eb0eb269eb978,reciprocal
0x4b0cb03dc394d6132aaa6281c4567e6b915e5dee,reciprocal
0x4b0df287cbca6ab65a41507c7a73d2ed23098e22,reciprocal
0x4b11cca93b26f3be14c1939a5e30356de902fd16,reciprocal
0x4b237bce97dac060f0aa10c8674e04902c43da07,reciprocal
0x4b244de36ceba9503996e64bece81eb853f25d9a,reciprocal
0x4b2c5d419d1e10343719450f8b7fba12909668f8,reciprocal
0x4b3d752732cd9c1bf9f67bad829fa064ccab2e59,reciprocal
0x4b4de12c9ac8100a6b37ee0d0a39202f68eae4fd,reciprocal
0x4b51114eb1fdfbebfb7c6e34936a83f76763b7e7,reciprocal
0x4b6ad3e351871c70bcf3aad18afaea1604d61d95,reciprocal
0x4ba4801f68b303c26eaa9027baf09544a2cf1bc6,reciprocal
0x4ba628182ee9bd57c626c7b04c80fc789a1df619,reciprocal
0x4ba89f9cdce22ed8bb069e26137cff439f3d9043,reciprocal
0x4bb11d9ce00c3e362c84c6f0056e3b8de6aebc51,reciprocal
0x4bb87ac5e8560db87ed1978d720b7484a0a38a33,reciprocal
0x4bba6c8fd1586707db5e366b05047f7869c0f1e0,reciprocal
0x4be1e3db253261878d14cb348963850c842c5cd7,reciprocal
0x4be45cdafa36987ddeb03ae1b526a764cd6d674b,funded
0x4bfb878d94bb49dd94805162641a6a9b7d0b0940,reciprocal
0x4c05b56a63bca5f9ba28fa7bffb3bf92d60e1cf6,reciprocal
0x4c1e9ab9070565860b4e97681bd65b079d1592d0,reciprocal
0x4c2fd8eaf831cd4108507434712c1a7ab75151bd,reciprocal
0x4c42ee1caaddc2dbc225f2cfc15db1689c598d86,reciprocal
0x4c4c122a3a3ebf50d9aa46a7f358bca5f85d9735,reciprocal
0x4c5662e2245d50c7ff8e81fadd95b09706c73f1e,reciprocal
0x4c5e9e2051992b4f3afcaf833ccdea309360a18a,reciprocal
0x4c62241aa67cb45739c8ed642840b193d858d31e,reciprocal
0x4c647e732a822db7d19ab13e5592bbf8a2ce04c4,reciprocal
0x4c6a4797d8d0d1a63b3ccffc21f7f3a03accb291,reciprocal
0x4c70a0c3de6da4e6de5f3899759b6a0f521bd614,reciprocal
0x4c797a8d87d24b5d57559ab4fbf69abb3945645f,reciprocal
0x4c7f7cbb5a8d36e35e6e6498da17024d8c75bda0,reciprocal
0x4c831725547cec903692c47b009554c8e6bc12ea,reciprocal
0x4c9d5a4a6538bc2bbbae78a3f560eb3d21f2f7dc,reciprocal
0x4cd62ad80d991bb51f9f18cb12acab6ca2b768a3,reciprocal
0x4cd70732f05a50c3304484b1f653ad6cea53a90f,reciprocal
0x4cda055be1ef2a1dc5601ba460220932cb2cf273,reciprocal
0x4cfe7b42be0d6cc6932a14c19f83e706a60bd3b5,reciprocal
0x4d08d459947ca20a95329722c0613f291b9ea17d,reciprocal
0x4d267cfa004934dd1f67c868bd2c662c17946288,reciprocal
0x4d282dc514c2b5162633fb431f204369376ba014,reciprocal
0x4d2ef4ec072ba0d682b9e9e3190a0f723a291481,reciprocal
0x4d2f04b92c9eb3a75a9c75946e81828d9468f159,reciprocal
0x4d2f581db80621dbbabcbac2a34bb80676573dba,reciprocal
0x4d33578c486d5ba52bfd4dc8ec3a38f1231c8d4f,reciprocal
0x4d33fa5a487fc6225ece299d14e197804c5dda24,reciprocal
0x4d37e302989e9715a4a35dc61a927ce1a87a248a,reciprocal
0x4d3e76cbaa08a5da14c81d823af86769872c2e92,reciprocal
0x4d4622f3c926c3d3221a7ac748f176e251428b06,reciprocal
0x4d535939b77fc8f9555e80392214c7d825a0fa79,reciprocal
0x4d56813f9638fffd56468732ed16bd16972bc608,reciprocal
0x4d5eae5138ad963fd833c91a7538af993c463fbb,reciprocal
0x4d5fa4a175b1b5a5d6e50651280b8c96273b9438,reciprocal
0x4d6aa8f29d632071738fc9fe64854ee1d915252f,reciprocal
0x4d6eaf2830968b0fef212610869905efd69f7307,reciprocal
0x4d8223936787834d7eccdc463e22b9b82bc0ead7,reciprocal
0x4d8420f5f746910cb521e718c4660ec9bed2b62d,reciprocal
0x4d89d2c8da27d80f32873ee2d10ab92e4c19396f,reciprocal
0x4d8bd2f5cb0522a2d02b302b31408684a2e2708c,reciprocal
0x4d93ce1ec69cc46778a0ea1f7236eb9cfe0ebc1a,reciprocal
0x4d9555c5d06541d0ac90e6cd2a87a82cf24f9b70,reciprocal
0x4da31d46fb43513aa09146a758bb1fbd203639c7,reciprocal
0x4da62f6c7cc2b2bffe34f4cdc223513234114271,reciprocal
0x4db891311c49117442b29bb067f267e7aba109df,reciprocal
0x4dbecc404212ecb1be19f259f37a11fccb907655,reciprocal
0x4dbecc9df385cc6bf86560e42f8cd66e628ad447,reciprocal
0x4dc578d4eb41a7cb6c843da610853cc1316fa13d,reciprocal
0x4dc626f5a3ebebf921f8ee391848ffcee0db60f5,reciprocal
0x4dc89a8fc04142bec9256c0a8638841a930f958d,reciprocal
0x4dc982e034d6dd33d8ea7cf4dc2f7c916a4a8a84,reciprocal
0x4dca5ba875dcd4d808189863f54fa999fc4a240f,reciprocal
0x4dcefd2bed147f5ad599625efee58ed69816569e,reciprocal
0x4dd064c4d5dc5366cb62cb80ce255a85529ad524,reciprocal
0x4dd572aae15cdebb686e477dfcd4f6e04687cb31,reciprocal
0x4ddd6a4b76b43c207a14847ebbc57ddd47031d4d,reciprocal
0x4de2254492bdaf6b79b33abd1a97e3c47691a522,reciprocal
0x4de485b85882b8b1a9b134112daede95ab942027,reciprocal
0x4dec1a1d9b1976db318a2e02566b16e95a6ce25e,reciprocal
0x4ded6124517c7777a62edd7df6ad5ca46090d711,reciprocal
0x4dfab83f16eaec429f276cb4e767ab38807be93f,reciprocal
0x4e0f586e51e432d55c7ca807169adb8995b60908,reciprocal
0x4e12feda4e3eacada9958cd572179d6db732486f,reciprocal
0x4e13c3adccf9ad4a6478ef74a4d2830e7776d2c7,reciprocal
0x4e19773c06535f6541229b09cd49fc508f5efb2a,reciprocal
0x4e1f352aad1599c69acd6d49e495343d83c8f6af,reciprocal
0x4e22949479da7f83791e259f343db97951798a53,reciprocal
0x4e312f5ebecefc1b59baabd5a13cb4d3c0352d5d,reciprocal
0x4e4090c36bd2f1c697da5c9437defe5326888511,reciprocal
0x4e445bfa81af172ccb6505c9fb83d9376de4436d,reciprocal
0x4e4e9bef7f38f4b63ebda58e1a2770cbdc3e3436,reciprocal
0x4e592756f1ae2e5f4977c23c5fb5c5686bd4051f,reciprocal
0x4e729bb66be399144eaa02d635621aaeb283bbd2,reciprocal
0x4e7d2600fe8f62ee47fac320c613f3bc503123b4,reciprocal
0x4e83db0e97cf4e284412497aad79f135e1439a53,reciprocal
0x4e8c4bd95affbb34a9387abe7c324026bc372d6c,reciprocal
0x4e94392a9031e7b9c6cd45530004a049b2164226,reciprocal
0x4e9bce2547a9491b09ed092c433b19888e665edb,self|funded|reciprocal
0x4ea6e35057ec379975989f4e52263366552e98d3,reciprocal
0x4ea726fb2e3dcdd52ab5365d8c6db6c85ee3baef,reciprocal
0x4eb1fe744668d38bc35f03599c55accf0319354c,reciprocal
0x4eb260c1ae2b4c03cd81713c5f4cd647e606b7e4,reciprocal
0x4eb7b68be69cf0ce43a682c0b0b3dba8c59ab3a5,reciprocal
0x4ebb06aec22c6776bba52b9003c0566cf1c2b040,reciprocal
0x4ec3db6660226c9dd3fc2dd1fb619ae2be13ef17,reciprocal
0x4ecba15a68637cac139b0a1213a1075632d8b8c5,reciprocal
0x4edd9edf605d5a0d0aa494e023bca03260e7fb13,reciprocal
0x4ee763f650e510546b43efa46542f48768dc9239,reciprocal
0x4ef261a2192cb3960996b3e7120a9c10ce93375d,reciprocal
0x4ef49f835a9f0d8c11c0534642e657c9fba59118,reciprocal
0x4f010c0ee3956fd3c7b36302763d18a7a822e5bb,reciprocal
0x4f04da34c376744f6454ee3602e7a9c3e7ab9550,reciprocal
0x4f0ba906c68767c4efe6b3687d579ea234c568df,reciprocal
0x4f0efc83861e0d95225b7535e25c982274e5fd58,reciprocal
0x4f138e8ed2bcd577ae3270c027ebe2f72ed75657,reciprocal
0x4f16dac58bf85a496853f9a9ab3ae48857bffdc5,reciprocal
0x4f176470434f540aa2713fe83506edd402a225fc,reciprocal
0x4f17fc14020b46d1e64b9ce4a5499222afc1d11e,reciprocal
0x4f1f5487068a9c61c603f1e3678718ba2294e30b,reciprocal
0x4f238458128b024e4027199b11f5c234fe9366a5,funded|reciprocal
0x4f29be9f5410f494e0dd317b41c1311e638e6f6a,reciprocal
0x4f2e4b381cdf9d10d6c4d6afe2e7e166bd80b63e,reciprocal
0x4f2fa2cfb69843c822c6256a4bd8bfe408cef3ae,reciprocal
0x4f33b967aba1cb19bfdc8ad55db81120eea050a8,reciprocal
0x4f3f06032aa4e8b518b401f7520388fb2f39ae6d,reciprocal
0x4f3fb5baefff8132b4cf803489831e5291342c30,reciprocal
0x4f5695d12c30eae448c5f38023b12572e483453c,reciprocal
0x4f57eef97ea7db3a2743c34725d77bd9cf48236a,reciprocal
0x4f64795d32693992dabe161e19d25288dc28e2ac,reciprocal
0x4f6f43f6f3a4681c5bb8e1aefc10425f27b6a89d,reciprocal
0x4f7e77ba208d00224b5d684151586ab51583febc,reciprocal
0x4f7edc6f1585b9206fa1179b80534357de6f0b4e,reciprocal
0x4f83c3bc69c6d402ef3b9f4534e1da07af4cd7f6,reciprocal
0x4f8758fbeffd0ee7542a1de115adfd4c10fd4968,reciprocal
0x4f88646c1ffcd1643ffdbb0271fff9244b9dffc7,reciprocal
0x4f88ec22b9b28d342afb344a4ab04c5b442298b5,reciprocal
0x4f8bdb4efaf6477479af28aec3e9a1537bc7d734,reciprocal
0x4f90badcfaab7b39bb18785e80d02e72992f13c3,reciprocal
0x4f9798212e83d450a3a10fd2d9ecd1b470e1354d,reciprocal
0x4f9e6b3f1aa725838e5a687cfe4a5c3a24d766cd,reciprocal
0x4fa1d8a8318196e879346556acba6bfb783640e0,reciprocal
0x4fa3c8b7ccf6e07ae05ba5ba705494d7e52d4eb6,reciprocal
0x4fa44beb75abf27d316659ab224febe9a5d50a69,reciprocal
0x4fa9d6a0755ebe7aa671ba38633921785eed6e97,reciprocal
0x4fab6f82f45c0971e0fbf2fdc6959a417c41e482,reciprocal
0x4fae17934e0a8927c5938d559ef3947543e7f346,reciprocal
0x4fba01c26acd3a8585faf0faf441691f0273b73c,reciprocal
0x4fc1cab2aceb9d2e3cbdd1cb0549d90d17705524,reciprocal
0x4fc5aec79e55c940d5cf116d89e7b17414d2d103,reciprocal
0x4fe3f73c9dbd825596f5008d04bfad9f6a70c5f7,reciprocal
0x4fe6f167b3aba88a8315c05d620deeb19d0e4e71,reciprocal
0x4ffc281248106780e8a0f6c61a6b9526c77bb56a,reciprocal
0x4ffe01ffb1d28174dc5291ae0d83487d68ef7491,reciprocal
0x500176132bf490986d1808477f17005264058d64,reciprocal
0x50127f768cc2eac5fabaeecde0892399b38b120e,reciprocal
0x502697f9d31771f1786afda7ba0b93e8aab308e2,reciprocal
0x502a5aba75a5f835238aeac764a8b186f2b53d9f,reciprocal
0x503379cee1ab24494f77fee9e7a780f6520d85bd,reciprocal
0x503b6abbecd1070f3d12e403fd99d34caa921957,reciprocal
0x503ce726456bf14f588e1b2ed2f0271432472a87,reciprocal
0x50518e26215b66f841c20a37ffc4cee71c7ceba3,reciprocal
0x5054acbbdd6aed95231cbe833f7bf1db7c248bff,funded
0x505517acc03da66a17e1faad65e62d7cd42eedd9,reciprocal
0x505db0b153d25971c3775f6d30980d6a40b8fec0,reciprocal
0x506745d1a1e7e99548ff3a13a327c693eee827bd,reciprocal
0x506e0b637d0f7eb7403fa84a3bd69b5dccc1c084,reciprocal
0x50781d8e52e903f09721badb428f2b7d0351c4ec,reciprocal
0x5078c3fe6af7295205ae455012383d805fd450e3,reciprocal
0x5085bc3e700ddf5d6ba775e0329b2cc00eeed65e,reciprocal
0x508b32de1596b65ae000d555deaf1c3cc55fcab8,reciprocal
0x50d1a1073c68c2f99f8621e5f5b7772794351be3,reciprocal
0x50d584def5f0c3ffb43c7860da52c2ff6eb44367,funded|reciprocal
0x50dc1e8cba11d1d30011271cff992d44e4c67008,funded|reciprocal
0x50e39a7b5c1abd3643f58cf820f3e6ff70c190a7,reciprocal
0x50f24a07c3345057dbf335becd74b91044c2d8bc,reciprocal
0x50f42006757f45da7aa01c511bcf9b39d6aca9ae,reciprocal
0x510b15cb3ee9b4438c2653bba5559c62f7920091,reciprocal
0x511347b0b70d81c54592f41c7bcc2b7fbbc4f00f,reciprocal
0x51163d16801bc8d90a30a28d0e24321a27ea524b,reciprocal
0x51205b09d6a9506b65bc37a264ed49853ba59b5e,reciprocal
0x513087820af94a7f4d21bc5b68090f3080022e0e,reciprocal
0x513a5535039b16733fb32cbdc5ea6c260e0e2fc8,reciprocal
0x513aae4fcf7ac5c99d8a0eb2f3f59ed5c331f6cc,reciprocal
0x5143907f39390542461429ad865af59ce7009996,reciprocal
0x5156c01a74c21cb6e199f39ed5420c95ef1638a6,reciprocal
0x515890c36b5cb69f1bfcde8a029223a8d2f5dd44,reciprocal
0x515b8dec89165dac7c00d6161054a7e89cb1a3fe,reciprocal
0x5167a963e97af7f4a4de505ffae00bfc6a9aba79,reciprocal
0x5177ec69532523b15bba0d1a49e83c4b10657ca5,reciprocal
0x517e12de68cfb048e773acb7ffbec0b78f833fa8,reciprocal
0x51846462dae6385f350e88ce42d3f6cc8d79a25b,reciprocal
0x51888ca7fc5d60357a95a1c86260af18e331322d,funded|reciprocal
0x51926f84babeef281470fa1bc4e076d469094539,reciprocal
0x51989ea5d9ea813f5bb07e02b2047155fc964475,reciprocal
0x51a0e4812fbc5fa1f20e31ff81a8e1e10becbd35,reciprocal
0x51a3b7ce8b7889e38b26c144e4efa1fa612b5b3e,reciprocal
0x51be973519aff89cbf9f3aecdd027a4cd0ce24ee,reciprocal
0x51c89d9254a97bbdc86676cd44169b398895d026,reciprocal
0x51d6da4bfbf556c55ffe0a004fd3a1078ffda95b,reciprocal
0x51dc780c788314fb3910da6d42c0ceb2183a570c,reciprocal
0x51de96c97a9d9986d68f561dbb5b7b83cc53d938,reciprocal
0x51e3b80b97aafe089ba6992c8579999cf0249232,reciprocal
0x51eadedcf4dadf6db1fbc4db556638c3644eb9f4,reciprocal
0x51f118715aecd9e406b9556af60427d7efd50315,reciprocal
0x51f39fa2132d672a42a3d06868942a1fe3bc1a5d,reciprocal
0x51fb1e178b6b8924b98c256eddb9004d76fdc91f,reciprocal
0x51fec06ee9ef7a82639717e5cb7af80e3b6dddf6,reciprocal
0x52019a15db00bd87a035c2da3c729e5ccf9f1918,reciprocal
0x52050fe8485d14863252f94a6adbcf5143977314,reciprocal
0x5210ce1b8c469b2150aa9b2d4f6028f280604d75,reciprocal
0x521144fbf249d549552e11880368871ec22ddbbb,reciprocal
0x52119ba022ee44e8728412b3667a17f54021d565,reciprocal
0x5213a57d952668c6052bdfabeed2e7f67974d273,reciprocal
0x5226dba6118abaa4968637e584986ef470093773,reciprocal
0x524970e8445ae0349e36c873d3de9867a29c5b3f,reciprocal
0x525a2d3e6c2530342ea803679c33912b79f11193,reciprocal
0x525cd1c97fce79e91f8865c84fd74e820c4a245e,reciprocal
0x526f14f327aad8b3dea4d1f44a9e0cb186f8f7cd,reciprocal
0x5281232e65589b536a9850a2584848a587154eb4,reciprocal
0x528ac8ed09ebd3f8702910fe312f2e21b34e2033,reciprocal
0x52909bb0a71b097087cfd0657d290f06091b4176,reciprocal
0x5296c328279a3c59fa730147258656eb29771b5a,reciprocal
0x52b729135e921992c175466d2c908a21a16b7866,reciprocal
0x52dcd4128954432a92bae52f07c3ce02546391b5,reciprocal
0x52e59af07b396d6d19758d8b1cebcf850fadf3d3,reciprocal
0x52e6614bedfae9bdfbf04210d77453c8f37b0385,reciprocal
0x52e6d9b8fd9f3cd60f6e92f0750ee1dd43a62260,funded|reciprocal
0x530496f10964dfb25fedaf41fc64ba9ebe1e5f4b,reciprocal
0x5320db44ff07c5d7009dac1f46b555fc079f2fc3,reciprocal
0x53272c0bf42272995da2f2e4269694ed98cfecc6,reciprocal
0x5333c48355b36269fe70461ec2e14f3240db76d2,reciprocal
0x53399ee103c1e72afe4e12e76d6d5a8a785466f0,reciprocal
0x5340bb2d691eb93fd35ff54174b05a27a3bc406a,reciprocal
0x534298754b054eb454369cf24157336fe08d1986,reciprocal
0x53441588fac5288a8b5e201a094dbc6b876ed716,reciprocal
0x5353e3c8c8e29a2c1327472fc45d54a0edb7fc01,reciprocal
0x5355578bccc6ba1bc7aea58f2e007c52d278a600,reciprocal
0x53580c22fd11bc6336fe9dd5a39bc0e945d125ee,reciprocal
0x535cb97ea531d75a6d2251ee10b5909aa2b6ca12,funded|reciprocal
0x5373d903fc17b8391ac348fdaf38217fe10e1f77,reciprocal
0x538e019122988b1d27e57c310aafda434fd22443,reciprocal
0x539480e8d2f4d690adeabfe4e7f19da0a41dc4a7,reciprocal
0x53a6dd3221e3d8fec535f9b9317c6ab5461f5655,reciprocal
0x53a7506b9a8cde34dfa462fe5cc1d4a2d59761b7,reciprocal
0x53af8d9b463a8da823e92329ca18549883ea6a1d,reciprocal
0x53bedc98b94aae33ef4ec5b802bce6d7a01b0526,reciprocal
0x53c3311dc04f74c9c80f3e3e7815f80f4e7516aa,reciprocal
0x53c3fd8683b5cb98e9dad57462b4cbb7fcc5e8b2,reciprocal
0x53c6e59914963952523ec7ad2596bd4928a5a5d8,reciprocal
0x53c9a9defaed92e71b691526c0d1fd2e616e7811,reciprocal
0x53cce05ed41fcd5e1267dd7f5cd032706ba168dc,reciprocal
0x53d2254e4dba7ecd4e8a7e2351680628b951c2f4,reciprocal
0x53e0b0e056c9c6a5a4c2f38f43bbacc04fcdf9b2,reciprocal
0x53e804a33a2666a1aaaf5fbb80098fe50766631d,reciprocal
0x53eead358cc4e37f8ac2660b30928d58e6d88e02,reciprocal
0x53feacb841c5fce338126833ac519d159f21b67a,reciprocal
0x54091b682f0eb8cdcfb7ea44942e7e46b28a9ca7,reciprocal
0x540e832210fcc5c23b9cb73be47a92d256ab1794,reciprocal
0x541b505ad08a87f7a24478949e5eeafee63da89a,reciprocal
0x5423320af0c47acd374dabdc199232c0c3ace714,reciprocal
0x54308f875d9b1a5ee0ff4dc956cdcdbbe337df81,reciprocal
0x543117da138b9dd30fbfa20c1a59e9ac3baab038,reciprocal
0x543af7a9dbfc2bfec064b3e5b9b3788b44117922,reciprocal
0x544285fabc82394a3ae89254c7a53c5100f8f628,reciprocal
0x54430f2cd2efdd9c4692528d4fa00a3f14c58b03,reciprocal
0x544e7899895a4450884bb57f3c1bb268e8990b74,reciprocal
0x545466d7ce7c0fc8d7c3e94cfd1a42adf803d93f,reciprocal
0x5479dc254c659eb0e5d94b2cf2ccb7f7e06506e3,reciprocal
0x54857b6835f852b9b23008b0533b6fe557c9962d,reciprocal
0x5489107730e34328779d934b799bc061c72541e1,reciprocal
0x5497cc1bb6fe18cb54639babda73412ce968eb47,reciprocal
0x54ab50cedc7ab14e27ff11f72e116d5de2029b94,reciprocal
0x54b87f48bb59341a5bdb1424d9f61e25553e6b97,reciprocal
0x54be8e67fa6642f7b414193f681db08d3e2638fa,reciprocal
0x54cb8907da1a695b1366abb3fb328f492f7e2283,reciprocal
0x54d6abbf0cd4d5e5adc3965aaf431bfbaa07f53f,reciprocal
0x54ea2ede0f2359ef7ba5c9b483b48dd6323da456,reciprocal
0x54efef7f77c549a3d087eda92f9f6b31ea5b0cbc,reciprocal
0x550356d43dce8b000c735d445fd7b71dc74a1254,reciprocal
0x551168fad93d4d6fdcf6143f33d8b450318de30c,reciprocal
0x551cde83650fb4b1ba2a8cccf2c2f396ed3d75aa,reciprocal
0x553635b72c6580ae29564ec191e7deac3841cdb0,reciprocal
0x553c37a99380e8f6a5ef36105a6dff0a7cf02f47,reciprocal
0x553c8835be8b8ebae0ad688a6f1673e020a06995,reciprocal
0x553e250f5c643dde8407828423afcd09bb2f717d,reciprocal
0x55518bcf103e3b7565b90f2b3aa6cdd91a6561c9,reciprocal
0x5551aecaf350390a6c0c5c02731fe6e8d6fb2967,reciprocal
0x555fdc47eabbbc0f5855c26a16ba38b21438e4ac,funded|reciprocal
0x5560bddd1c16e32aef570b43403997ef24668fba,reciprocal
0x55674e4ba73ee077b442825d8fb8b9e2d8b4909f,reciprocal
0x557a736bdade67074506004d4d45a16d71ca764b,reciprocal
0x5582a65639ad2e0968fc0f013e360bfe4d898db2,reciprocal
0x55883c13df21da0502c3d8c3618c6f6b228a2fe4,reciprocal
0x5589fca4565e1feb275cb461987286712b843b82,reciprocal
0x558fffc567ac45a18be15c687b2383c7fb0ce1ce,reciprocal
0x559a2001af6731f3fe48d13c83e25b8d31d077d5,reciprocal
0x559ac5fce8cd6b8305b0c14b4d4af8a1edaaa26b,reciprocal
0x559f409dbaab5c669f964f2dff2fc5283f1023b4,reciprocal
0x55a19d204e38953ff48aa392f67c7a965a4ce0c9,reciprocal
0x55ab18cc6bc67de972881ce76a5c5b0fe10cb7df,reciprocal
0x55b3d858c97949d4ba78d8a8f7aaeca21a99315b,reciprocal
0x55b4821392a1c2d71a4b1240bf3d9ef83191d31b,reciprocal
0x55b9889df2163e11161bcef4af9788ec460e2680,reciprocal
0x55bbf2cf79990088852ac9add96cf6d989ccaa2d,reciprocal
0x55bcd8b5058d4f7396edf90f32949fad7627c5e2,reciprocal
0x55cd27703d9757de96ad35cdaf78e2a53e32cbae,reciprocal
0x55cdb48a36545225102f1c8c4811dc06c08d5159,funded
0x55dc6eeaec7b006a46243f4c03f069c6d884d35d,reciprocal
0x55e58223d031b2d8b12f7ee6896e943f7bb4367d,reciprocal
0x55f30d4b1edaf17aaf2aa4e6236116a2f28e897c,reciprocal
0x55f9e6c52e4cbdef2159d90d8d0af0b4724f00ed,reciprocal
0x56033c53a1bc9515190693ae3f45aefd2fecba0a,reciprocal
0x560aae0c796996df2b5b21add0a48b7d3e79843e,reciprocal
0x561b721005ceb0c9f46e1d1c46e6a48538d567d4,reciprocal
0x561c0d2ceab32b5a12a8acba63b952472c4f341d,reciprocal
0x562169db7f72c12b80249bd8d9884a68d7ee5959,reciprocal
0x56255ab83297d65fc90bb4e1067bd47ddbba6a08,reciprocal
0x562928a8ec5772ffba0d80382060bdb2c7b62eca,reciprocal
0x562bdf315a4d988ba76661dbbc1afcd3c8118864,reciprocal
0x56320d7b254f85f8aa19fac786544d0ca1bf52bc,reciprocal
0x56348373a69d06b2ee81cae55ec42dcdcbfd74bb,reciprocal
0x563fcf20917c65a7b619c2db9828b325bf76a792,reciprocal
0x5641cf8ca9a5e63e4113d6009c965a07c0796442,reciprocal
0x5641de33cb15b82a0c3024733f54f90c4c10fdca,reciprocal
0x5644862d2213894c696ba0b2338205bbe1a2a89c,reciprocal
0x5657c6c659aba38234afe5d17ae963749a9719c9,reciprocal
0x5669925e179225d1503d7554ac55d3a453e2d28c,reciprocal
0x566e68a5837416ba52906ad1333b67f0c7046285,reciprocal
0x5683506a082a215bac99857f6b7d1f5503927b4d,reciprocal
0x56928e86d9326b36d18ae9117cf63e82715b5bd5,reciprocal
0x569ca8883a7297488ef3b48641f21dea085fa4ff,reciprocal
0x56a109df5f6f81aa3b7cc762e32c14057f9fddd9,reciprocal
0x56b1374652505bf35bbd0822ce33c7c7defb31df,reciprocal
0x56c3af6f64ddc11143ad630e76fab31154cc2e6a,reciprocal
0x56c5cc67bd7833750b550e7f63ed9d3aeb40c4ee,reciprocal
0x56c7d64b944181e6ddc90241fab613552f9af6ad,reciprocal
0x56dab2931a7ba6d9746ab750339ac5fb438112a3,reciprocal
0x56e16c55a9e9bc08905fd6ae31c3288f0e309c4a,reciprocal
0x56e4e0cbd4c05577c150d933b0fa7ba1b9802c00,reciprocal
0x56e9b127a999bebd068627ce4b2d3cae527c91c0,reciprocal
0x56ec65139e37f984b5967bae4f9c073158a58506,reciprocal
0x56f83517948bd7d8a2dbbca0e9037fbd2d594430,reciprocal
0x56fcdf82f51c3a2d7a3c6e9acbbb231409ed998b,reciprocal
0x5704fa162151671553f98e7dd814ffbb56b00a23,reciprocal
0x570b17752747472ca597bec24ad8783596667112,reciprocal
0x571138daba0d3d486dc2f1a3d42c3de31503f456,reciprocal
0x5720f480776f372b65c46f5eb28800305dd3eeab,reciprocal
0x572506cb7122ccc2a983fa2c2b21ad156257d44b,reciprocal
0x5729441ecc2905e4daedbc8c1a904f9aa42d531b,funded|reciprocal
0x572dc6f829cf367098213096ca83347ebc4454ab,reciprocal
0x57329bdaf54708964f33a253ae1a5de00a96aaea,reciprocal
0x57479ad5987bd7488aa3877a8c35d30bff376ceb,reciprocal
0x5748e80a03c7a1ace8643bf629a7cdd683219a0e,reciprocal
0x574b41785222ebd400c845e02e51d1495af9fc28,reciprocal
0x577194d2663341c3ec75dc68acba6cfe83ae7d6c,reciprocal
0x5771ea77bc1ca79560a3542363d957f9a9fc8684,funded|reciprocal
0x57852fc6e1748b29dabf029941a2a9a48ad699b8,reciprocal
0x578741fb47eccf23c392129748c4bdbb8af41927,reciprocal
0x578b104174570713113d307978fee9a33716f8d1,reciprocal
0x578ba4e07a252e4acc4043de57f0862a99f8ab25,reciprocal
0x579fc54d3d8aae203146fb4bf2ee942e12ca57e5,reciprocal
0x57a4c3dba380e8f5ffead7c2773128c2fa09a524,reciprocal
0x57a65d45d86a72c7b7cb68839839eead1b7c2f91,reciprocal
0x57a6e941422ee4fc4792a69dddf414230b3c4528,reciprocal
0x57ae58f09863bdf35ca78118e48dc1e9f1d6b8a4,reciprocal
0x57b7b6835a7a12309f57b527136f44456cddd69e,reciprocal
0x57bde4f4492c6410bf4146c3d007f76a7a086f81,reciprocal
0x57c17870fb240c29c428c452bdac5563c6207180,reciprocal
0x57c8207cd319695337a78938588baa782b375a9d,reciprocal
0x57d078003d31f5d18bb5dd747a7666e56d2057bc,reciprocal
0x57d8154c91a88325d97a4eae079009260bd846d7,reciprocal
0x57d93c1dabcfad97ad0068a08a1c14bcd13c6447,reciprocal
0x57fdb273bfe320e5d14a6c63ab0b209266d77238,reciprocal
0x580524bfbdbd19513e99ab1aa723178590e1dc0d,reciprocal
0x5807f738e54854ceb6fc6d4d93382bb726601d9a,reciprocal
0x580a22a5c3a9c599f345859557daa02836e8ae2f,reciprocal
0x580ff6a24513f10d43ba269227498ab2180b73a7,reciprocal
0x5817c64ebde041b27abf91722c6b908a4b9ca305,reciprocal
0x58297c94f61c35f392d9d80565f1ecf6b625a074,reciprocal
0x582c9c968761f4fabb418be74b94485cab25e6df,reciprocal
0x583c53e66ff2e54bfe3018f78ff5955dc89fc70a,reciprocal
0x584d5d38b4d06dbc68d29a4b56beafcff2b090f4,reciprocal
0x5850b841277e4f657d73d2b3aad47bed5d213ddb,reciprocal
0x5851802d63cb73e3553bb615df848470ebd45e11,reciprocal
0x5857872e773eb6bb944c4d067f496906a1fe7135,reciprocal
0x5872ab1961400cfd20867e15a3461032aa3978bd,funded|reciprocal
0x5875de39c373d040ac167da2cf5f3a788ce24ace,funded|reciprocal
0x58788c8acd4781497ea0129fac1f02594c01bd28,reciprocal
0x5891088f48ac649496a20046c65f1ba01fd98030,reciprocal
0x589a88e08429b4d3fd677c6d3a18137587428aaa,reciprocal
0x58ac1a4dc8b577deed808af6e475aedf4c85794d,reciprocal
0x58babedc404e9382ae71c3a3d13c90c4cb075ecd,reciprocal
0x58bbd66b5b55ed27f41571d330d133daa34281af,reciprocal
0x58c061d7d8e33ce83df6ec686d539977d3c7f96f,reciprocal
0x58c1ecc4b725f71f170b02de61a6bcb70300a21c,reciprocal
0x58d5cccf868dbed005640a8591f06c72ff4476a1,reciprocal
0x58e1d2ea0a0ae84e1c1144fd1e5b7bf346f2c7d4,reciprocal
0x58e489a747dba32f4db94fc40baf1d9086e7b808,reciprocal
0x58efb40ab6416e4ed799f544e025986c6a9136d5,reciprocal
0x58fdb23dfa4dfe63ed88f91021145bf08070953c,reciprocal
0x5900839abd2c01970dee6aa2e7936534aee6341f,reciprocal
0x59024aafafc9ab5e7fdaec6b9f4cc6b91175cdd8,reciprocal
0x59068fd370a9394a28b2a835497433e6d31bcaa7,reciprocal
0x590b4514ac6eea14274e928cd1a5579667c60e42,reciprocal
0x590b55a28b2f6d687ccc01c465cc56a63561d70b,reciprocal
0x59125bb47f2239d767e8ce8bda5520a431f9fe74,reciprocal
0x5920a79db294649183fbb350a293ad13f71cfdc1,reciprocal
0x5937583a1834c9f295035996305f07d989521397,reciprocal
0x593c7515e71e4bbfb7dcfddbf5839c0df616fc42,reciprocal
0x594044806c4ad2a64ccf75e22f3132fc0807678d,reciprocal
0x5946a73459fae02affc3929e02dfbb4dee47db50,reciprocal
0x59477bca9fee01232096e27b4f349b5118a0f655,reciprocal
0x594a2fc42ba9366fdf0000c8cc3870440aa1135d,reciprocal
0x594e2d2f9c7c40006307fb017fe41ad011947fa3,reciprocal
0x595e56bf8687ca85b2aca3b64f9115391efdb0d3,reciprocal
0x59627a5d4cca333bb28abbf4e75c15a9b87eee5a,reciprocal
0x5973a8d185766ec58fc7c27a8b5759e3a7b5a3bc,funded|reciprocal
0x599605a8da0e63b84f20c091df6175f5b0aae390,reciprocal
0x599ccad4c0b5a45f222da448c3d325a251124c21,reciprocal
0x599fffba5e00090c00c00b4d63e4bb76a59890fb,reciprocal
0x59a031c4e545e9c7314e18237fcb1fa39ad29ccc,reciprocal
0x59a35233502dfd65f02c8b09f988ffdfc2bc64c4,funded|reciprocal
0x59a55416f8e9cd46c6dedf50a8e31f60ce2957d1,reciprocal
0x59ad1c813fc751089396c076f32d1855db0341b7,reciprocal
0x59ad7137d3d88c30aca08e8ce57d5991b85a394e,reciprocal
0x59b437c5a06b0b7d1cf70e3166b8316cb421f111,reciprocal
0x59b5b280531a23644fd421f6a794ddb837dbaea4,reciprocal
0x59c95d6b74be2927caf041e8bfb45cc4c693dbd3,reciprocal
0x59cd52a156b34590ea2db6a8571935e96851b807,reciprocal
0x59da480249498c63b2948352eb2dcfaf2f6d0f26,reciprocal
0x59e0ddb84d5df236bb51f3eebb70d98e422d7366,reciprocal
0x59edcc6fe381bde7f465c7b6683fe44a96af8783,reciprocal
0x59f3cc281581bd5d3a362fee6b78a6323e66098e,reciprocal
0x59f678ee0261cf973f2a8a90fe4c580c34fa082e,reciprocal
0x59fdc239d3d824a0ef5cce41c858ef26dead5336,reciprocal
0x5a0cc441f7d0826c5dc8a7d95d3d60b2294eb050,reciprocal
0x5a0d2b05a9439100a0b3d2e831885124bdc3391b,reciprocal
0x5a144c5091b453a15d0f8e52cb87aa8593b719f4,reciprocal
0x5a1e760eaa3e7571fbabe9db01f4042d4cb8805f,reciprocal
0x5a2352461a10f06de43a35709624a87b73ef5b47,reciprocal
0x5a29870c521ecaf9e16a67b96a6b9992ddbe7138,reciprocal
0x5a2b1699e90b9ce1cd3427ae0a731fbd36ab24ad,reciprocal
0x5a3944b8da2c15a7034dc2150c27815668edfbf7,reciprocal
0x5a44e06b144dac39e55bd25a0f4cb7673e436d52,reciprocal
0x5a4de84f8b9c84e52ca8a06ab60ae59721167f9d,reciprocal
0x5a50edd3ef656a09f209f5c85bef0f563853ce12,reciprocal
0x5a564f9ee79d66a13ce4b763678edc523d9f1ccf,reciprocal
0x5a56703f46be1459b9b2806968661b6bd7ce3dee,reciprocal
0x5a577571dcdcc48dbf203d13fa8800dbaa8423e8,reciprocal
0x5a683585123464d4777758b694566eba816975d8,reciprocal
0x5a68e01756cb35af60b370d8e79091f023254807,reciprocal
0x5a785f66d13d6d60c058d811cfa990480eaee5c0,reciprocal
0x5a7fd850e62a264172ecd332f2a926a9e32ff436,reciprocal
0x5a94df47876461efb98fb46ae6b4c3aecafcfca3,reciprocal
0x5a9ff786eb1285123d385c730e1c01c631826674,reciprocal
0x5aa1f2a3c4109fc945c9dc65d5e71274e643c07f,reciprocal
0x5abad121dabb983e663fb8d08fea3dcf745af005,reciprocal
0x5ac2934044dff92299bacaefdcac379cd3b85d85,reciprocal
0x5ac67128e1e31cb2348e6ee730750e0933c18985,reciprocal
0x5add31d75641d0c90bb651e71a105a81d5e6df80,reciprocal
0x5ae6d222f341e01c3a9d7ed5bee498d684fa8d60,reciprocal
0x5aea15ef1b4036173653ad170fe7c23987927048,reciprocal
0x5afbb6dccd16b6365bfd03b2c5fae319950e1bb4,reciprocal
0x5b24dbbd9c46d50899283447a3a43670e412ccb9,reciprocal
0x5b28d3a67c738e36dc96906e40511030bcb29782,reciprocal
0x5b2af92d0a38f71814d7a638f691279eeda30090,reciprocal
0x5b30b7d0becf567d3ab115fa4c71f0b3f9003150,reciprocal
0x5b38a4a9ac11b9345371d27dfb73492c684cf6ad,reciprocal
0x5b3efbc0869e856f719ccbe266202be17362a002,reciprocal
0x5b413f212cf40a226d7594fed315cf339e2545a8,funded|reciprocal
0x5b440632a526c977deaf6d636cc0d82f24bbc39d,reciprocal
0x5b4aeb2d331509421c77f9a09d5343047ad0deb0,reciprocal
0x5b4cd2dbf53c47ef37e6190b67c2195b974dbe88,reciprocal
0x5b4f103b95378543d6b093f4b142450f042022b4,reciprocal
0x5b54ad820e01b8232deae20c726599afefeb8b2b,reciprocal
0x5b5ac6b5167c1d9f5033ea7bd68381c99fe4015b,reciprocal
0x5b5cecfadbcb3653fb79f0519f0ee00995d0b235,reciprocal
0x5b6c815d88c350976332b9395cd2ed74f20335ca,reciprocal
0x5b742b4be4d78d1d8d689efef57752e70bd6b928,reciprocal
0x5b753e8c25a94868ec559d87c87f7fbfe6e147fd,reciprocal
0x5b84e08735d635b67700c5f0576793875dd28b8f,reciprocal
0x5b8a4b81f8cc36300e97c97e9b00ab13be961e47,reciprocal
0x5b916fde6ca0efd1d017439120cded3ab6ba96c0,reciprocal
0x5b9541d927a446ae21b54c6b0ee5b53241194cd4,reciprocal
0x5b96c48d8845361210d9e30167f0b44aeb915979,reciprocal
0x5ba9355a10611ed4339526472a59befed3549bad,reciprocal
0x5bad0d9dea2a0cf501a7012f7ed487efe265dde7,reciprocal
0x5bafe0ef4d98f7856e90653062d2be55b6209fd2,reciprocal
0x5bb1926c941b1e7fbd1e13c5e24d7d01290dd5d0,reciprocal
0x5bb972bb87f37611ce5682606249644cbcdbc9f9,reciprocal
0x5bc37677a9f1e91131cf180198be24a5b03617ed,reciprocal
0x5bc544750c0eedcdb88169a714501dbb571ab35d,reciprocal
0x5bd04fec439e74a94f43a1fa3dd4962f9b528db0,reciprocal
0x5bd73142e40fec5216bf77ddb0cebff443248f3a,reciprocal
0x5bda4b8a85898583c3274f8ea6b14b9dbac9b7ff,reciprocal
0x5be0bf7cc961999ba689cb514485c6163c4a2114,reciprocal
0x5be735d4f03cfcba238196cfb82e87eed3a7c264,reciprocal
0x5bea9508e271d35b568282ca7552a122c300ccf5,reciprocal
0x5bf1396606f4195f9fedc7bea12d213d4e221d03,reciprocal
0x5bf38195a529e8b0b2f5d86d3017b626735dbf78,reciprocal
0x5bfebf62cb5a8056d4469261bfe52834b8527191,reciprocal
0x5c03f59b4221001a819bf2dcda2ba338f62e67d5,reciprocal
0x5c12ceeaa5207c9c9bf7ab17cfb82373700567a2,reciprocal
0x5c1999f2b20a0b5f4b8f956200defe5ccc50b54c,reciprocal
0x5c2f1511c81ca9b84e9622a50c8364f03c7f4b5c,reciprocal
0x5c3c0609be142cc510904704e4a854685850125b,reciprocal
0x5c43bbc731face226fbe243bf9e3f156c6f8442f,reciprocal
0x5c4c55925f413f803c41f50af18efc3e601334f0,self|funded
0x5c4d52890e2f5e760f8195bbc0a7cd6519415ca9,reciprocal
0x5c57cf6fb214420faf1efd2ba385b19b32f88f3a,reciprocal
0x5c60053ff113207d984688c569798f783af613a7,reciprocal
0x5c64eea38498042a6031847df8da40acdb9fa3d6,reciprocal
0x5c73af8b418c4bed948579cd56742dcb4ca0dd1e,reciprocal
0x5c7b86a61c0aca8b3987c0ab7e4c91a325458e78,reciprocal
0x5c8069583fcec70d3835af0d50e9f2c108984871,reciprocal
0x5c80b1152bcba6a79a68d93914cf64a07e6d71ee,reciprocal
0x5c82b61312ccf26eea5b5762cea98ad5e5e4111e,reciprocal
0x5c8a8cd1310fe2da7185eb80dcccc10164d78fb6,reciprocal
0x5c961f8722a028c5b0097a7baf649b47704af4f6,reciprocal
0x5c96f599b5415cad9b40b755ac3e455ff57a1d6a,reciprocal
0x5c9b7d2dcbcb7204e092dd0d5df79aa975022e90,reciprocal
0x5ca45b451859bf6e6c3f86b1cbfbff54df71934d,reciprocal
0x5ca5bfc9e300d5ad6fa9203376e8f3bf9c5cd11e,reciprocal
0x5cac8bfef610756cb20484980f022e39eae04967,reciprocal
0x5cb4987d92ee50856c9b053ed1e554b1b540051a,reciprocal
0x5cbe5bd03c313658df0f0944399eee7f5d8327ce,reciprocal
0x5cc0a4775f8743eb10e83ed1b779e954c6f468ac,reciprocal
0x5cc281935b8c68ccdd829d0ebd9a27f070f3005a,reciprocal
0x5cc9975b1e24ea2da9801b10a6769c1b3eeb52aa,reciprocal
0x5ccf7538a6db1404df122e58d87eb36034eea223,reciprocal
0x5cd4d2837506a369072a904d4c74999320fcaa17,reciprocal
0x5cdafb3151ae39ed6f491c674c8f806992137354,reciprocal
0x5cdc0a3b83a942ade9f18b33af0b31c4b4039dc7,reciprocal
0x5cdeb6010b296da3f3ff1c411bd072f3d34447ed,reciprocal
0x5cdfb9eba23587ef6185ff20487a79fa00bd5f7a,reciprocal
0x5ce0bb1302acf113b5827ad459e050a5c510fa6b,reciprocal
0x5ce6b3aa98d312ffda906b32483a35bc2a9c9b1a,reciprocal
0x5ce8cf48c607e7da2b7e20a3aa50c4d99784f49b,reciprocal
0x5cf13e061096710ea13c61af278b26627ac466a6,reciprocal
0x5cf2570a5b2ab46d0d9396737ec601c7da506d5a,funded|reciprocal
0x5cf4c765bf20da75e44685a3e3615d068c95cedc,reciprocal
0x5d025c8d10a98e4d37dbaa62f2179b8c73ea570e,funded|reciprocal
0x5d040e8988f7eab6ba10f31fe362d03406de682d,reciprocal
0x5d057ad6513ee8816f8ac8077419fe25ce89a5eb,reciprocal
0x5d0e0cfd71a7a22fe4363a35da806f5b0eb92508,reciprocal
0x5d2411f5a3c19d7d9b17188419072645b8a858d9,reciprocal
0x5d2d14ad4331f4c460efcf06a2410d704ec6aaf2,reciprocal
0x5d35c36214eb6ef6ea092e9b2ac6bee046bd5bf5,reciprocal
0x5d3c6b98f9f29e78f13f6c8a43371026cedb0e5c,reciprocal
0x5d4315ea0f515569d532dd1d8ffbad656c08ac84,funded
0x5d4befcb866b212a580229370f3fb3aee5aa74de,reciprocal
0x5d516257b0ddf2e0d4e315bf0bc96611b399d648,reciprocal
0x5d56fc9e174abffbe43e186b143f7569ecb1db3e,reciprocal
0x5d6471f229d09a2b3af33ae82af68d1ac157c0aa,reciprocal
0x5d65b55a4ba8e39b5c9999833ddef273a9ac363f,reciprocal
0x5d6df6b10c54617dac4bf9993ad9fa384b7b36d3,funded
0x5d7674c5ee35f8e75c9436237c35c9d620ac3b7a,reciprocal
0x5d80ec7674cada05e7aedc32d00af9101f865db1,reciprocal
0x5d842b2a51eed72ba80469dd38c5d7df211b34a1,reciprocal
0x5d8a52b23ed68d7e9f46eabe9352340db7634320,reciprocal
0x5d8ad60f1647efff94250129e6abc25423b9e6c6,reciprocal
0x5d9e1518890e7d4b3d816f094a31d6488d6929f3,funded|reciprocal
0x5da19773ef1599c29fffc7dff0661642bc96bc11,reciprocal
0x5da9a7c9822e8549f49060744f31027c90cb49dc,reciprocal
0x5dadb84a00858214e6bb82af91fe07460ffd2cb5,reciprocal
0x5db71ba18a71abe4a212be81a61537dd1cf0f836,reciprocal
0x5db7c48cf9c17c7b3913437e737fc5b75976beb7,reciprocal
0x5dc966590efb9e16ea3faed5797b12968a3f1607,reciprocal
0x5de1b657e394c3d9cba5c984a79e8ce77557b676,reciprocal
0x5de5aaffac7952d037f0b512f52489387e54d82e,reciprocal
0x5dfe59770cc556b1ec97db3abcec3fe07a0b8fda,reciprocal
0x5e04d4bc0a077c2727d4e542629606923aa55fff,self
0x5e0aa09a754955aa6c02185fc33838b0029c5979,reciprocal
0x5e3d3ede0fbae7d0bfbc787630312e622163d89d,reciprocal
0x5e410d45e8d73178819c44b9abf87233c7a58e93,reciprocal
0x5e4259a58206d853b05daefd6cc27dde9365e1ff,reciprocal
0x5e469fe9b17329ffece6c3ca43cbddd29246ec1a,reciprocal
0x5e47df5e239fc0585b878692d2e8f6d53455f214,reciprocal
0x5e4951c27b3821fc48d47a4be768cd5604e5b9c7,reciprocal
0x5e4dd97022925bbb21709da68387f3389088ff9f,reciprocal
0x5e53133ba9ef89a976ee7a78260ad34afd20ac79,reciprocal
0x5e572ba7b7ba864abfa85864a72cb62156831f98,reciprocal
0x5e6034533f20055e5a9177fdf8ae65e041688d81,reciprocal
0x5e76530430e14beb60d8e8e2b12fd61573eec1e9,reciprocal
0x5e82cb7f2f51974740078b501d2c9eb25a324b45,reciprocal
0x5e898416f9e6f63121c8f01c64ef4989ce948485,reciprocal
0x5e971389a51321024f1bfb73613bd818f622720f,reciprocal
0x5eb5dab29b729faafe96b1f0504fa2c1c7dbf48c,reciprocal
0x5eb7fbaed78b1957e3c49d9728d8fed0c61a43ea,reciprocal
0x5ecc085b120a9a8e4ad7b4d4f8a352672e899b68,reciprocal
0x5ecc2a02a491e8605f40299a30c36b4b62a1624b,reciprocal
0x5ece036c047ebcc5299e0e82e2ea615ffcddeb05,reciprocal
0x5ed538e927f6ed707044d23e62343bf158d9fed3,reciprocal
0x5eda6c7f9ffd6dfd78f3537a627feafbaa9101f5,reciprocal
0x5ee1dbd60f4e45a9c85398c0f1cc04a8e0bef3d6,reciprocal
0x5eef87ce5d1b65f496439bcacd7986d8260892be,reciprocal
0x5efd07404ca85ad2029847206ac8916db3ee6b7d,reciprocal
0x5f02db4002c0c9b0f43874109ac635631e5a9a58,reciprocal
0x5f114bb1b71f78fcc601ecc479978d685f2d468a,funded|reciprocal
0x5f117afe4ae1f98502e7606f1b9f2a9dd3304182,reciprocal
0x5f122cb63e0d90c5a6abc209c543ce4a5d533eb9,reciprocal
0x5f149b3475a7ca6b35bd7fc82a0c95d1e852591c,reciprocal
0x5f1910b3f976acfae5c6f7656c6df717cd2ac33a,reciprocal
0x5f2979968dcc7dff4fe9ec099f6411e661ce72a1,reciprocal
0x5f44749c89a54699ee58ce203413cf27364d43cc,reciprocal
0x5f4d04a2543857693d00324672e3991093840444,reciprocal
0x5f5462e6cc55d420417a1c9713f70f3993d141f5,reciprocal
0x5f5d5448e38c71685507ae04af6dfc938610f215,reciprocal
0x5f6549124eacbb88dea6ec9fb3df4d483f7060db,funded|reciprocal
0x5f6c6a6582494d6fcf8a5a48db50ff6d006a0d7b,reciprocal
0x5f70d0b543f5d11cca05e2939b66e4240d453afa,reciprocal
0x5f70e398c0c8a7e57f19b1a5fa3374653ec6f828,reciprocal
0x5f73797591125acd9b97b57d4eafa1a52731733f,reciprocal
0x5f7c417d797ff381bb51cabe9991b2fe9e986fd0,reciprocal
0x5f84b630dab3486d2fdccba74fa5038c966d0788,reciprocal
0x5f997e0d38d69e4ce5de0d202cf6e24ce7dc5af6,reciprocal
0x5f9de304b20aede446b85ec150759110b2bed759,reciprocal
0x5fa0f5fdb2417402cb154e25ad73cb693c2fbb71,reciprocal
0x5fb602e5d68df029c7f5d18398a3f4ec097d8ef3,reciprocal
0x5fbfc88f050e8881975ba2e98f6e9bceb7ee2eea,reciprocal
0x5fcee9ea2791b10aa97e4c3f258a7b70816cb18f,reciprocal
0x5fdbc793761624d9a6c1d525a3012e7864f0c896,reciprocal
0x5fdf8d624de1134cb153cf87a05431d258972504,reciprocal
0x5fee555ab81ffbea0e2235dd612d5419db54a5fd,reciprocal
0x5ffbf97ef27341efb5c21d7032d24e934da21797,reciprocal
0x6003697f471a564e096a8bf66b4ea54949fefd9a,reciprocal
0x6004158e6967c87ca74ff3f611f52cef28cd131e,reciprocal
0x600cf286a275cdfa607317ee6d7821417868d12b,reciprocal
0x60181b5e05520d39231f01f1f6b555bb1afcd0d3,reciprocal
0x602b5e776b9cb621619765fa2e32b91b81b70320,reciprocal
0x602be6123aa923712845a42959f9837d4ff72a99,reciprocal
0x602da2ec96393c129cb4ffd89f8e9d030c16ab2c,reciprocal
0x602e5935a047be6eac9b4393eeccd46350f4a3ed,reciprocal
0x6037f55079637ba57f4f73f02695398b0d4f8a23,reciprocal
0x603b0313d2488c2d1fd07afe63acb63d058d308c,reciprocal
0x6048fa6e0020ebda616d943ea320be544fd0094a,reciprocal
0x604ec71fdb52da725489f8411614044c2bdb5643,reciprocal
0x604fc2a5d469bbf74f49f0ed7ab48ef22d5f727e,reciprocal
0x6050fa9dfea478feb81e399632e24daa29f9a44d,reciprocal
0x6059f647038c230ba7fe98d1e4ce1e031e3211b5,reciprocal
0x606056f1c20bede6ee97b094f7ae45142273da42,reciprocal
0x606150f4218076a47439a621ac5fcdcc81873202,reciprocal
0x60665dfc817ac80f7d02bfb95b4cd24f6279ab7c,reciprocal
0x606a3ac5f67bdecc85a8859a8617b0b3b5133626,reciprocal
0x60713fb29abbe45ffcaa0022269c219c03acf8bc,reciprocal
0x60797c147674b5579977386b5dc028a5447321b8,reciprocal
0x60894c0c5a0cf9958db4f6a1430ced85223976f9,reciprocal
0x60960d03b7102e727f6a40800096384cad1afe41,reciprocal
0x60a9582ab56b8ced9c934c798c308cd79a5f5f7e,reciprocal
0x60c42aa7d48f981a5b75cbcec3317b13a0f9ad00,reciprocal
0x60cda3f39e660a01d6849d617f18ccc45b55041c,reciprocal
0x60d81752d336dd22f9093bdf717a9fa84468baf7,reciprocal
0x60e0e481c695b03435eb5962098f8cfc771f6c05,reciprocal
0x60f914011a27d409aa6948b10af4ae8a1b677de4,reciprocal
0x60f9c1e04c7752db80bb7a572d25ab6f8441f926,reciprocal
0x610889faf4d38d8b0d03edb12cfd1a8ce509673d,reciprocal
0x610e532b21666f1e7e0745d242752bcd45998f53,reciprocal
0x610edda7834fe6a3f2fa3b344f9f27acc2560503,reciprocal
0x6111c5547e6bb4f78c38f2700e0cd953617f5833,reciprocal
0x6114a8adcbf2427bc8978b28c68dbe2ca2e57947,reciprocal
0x6118f2f40f66d5d299d22f577830059dd9a96c06,reciprocal
0x612cca7c2af723fa1bae55c24a4bd6134a444934,reciprocal
0x612fc84521b63563584a79ce7f6925fdb857e6b4,reciprocal
0x614136d05a0fa3887c083b74cda4222da8642817,reciprocal
0x6141e6644754cacf8663d3413411fda16f5723ab,reciprocal
0x6148c5a710262c33fd2aac32538538c6aecff74d,reciprocal
0x614a389ea9f554754422e73105a8f6f4c5c0587c,reciprocal
0x61515e2f0aaa048eb1bbd72e0210825cd61aab5c,reciprocal
0x6156d10f5c74b64b38b7b9cd3217400d8590cbdf,reciprocal
0x61583c1ac228ad5435b674d617d9c9ad47e81a7b,reciprocal
0x615e4c81f05b2d8098dd8c3978b12ebfd4119943,reciprocal
0x6164eda4e576332d1489c9981d67c62d9f654100,reciprocal
0x616764c8d0ecbf0932bb0f23effcd8ffd885600b,reciprocal
0x618bd9970bb82784c313efc90ba764bae489f809,reciprocal
0x6191a890dbb25dd0e623621867d77e520cd276ca,funded|reciprocal
0x61abc92b5c1af1c1cee82e5006f688e2576d076e,reciprocal
0x61ac55d7e78f487d74a8b2e60b2b178ee13314ea,reciprocal
0x61b629ff390b15b1880826fda013dfd2349d1592,reciprocal
0x61ccf65aed47d67a86acb14b9db8e8c795f43255,reciprocal
0x61d061185c38cbff9d150287e1a6e9ec4d39e6b3,reciprocal
0x61d25ee77740c649500f45e544b69333b006390a,reciprocal
0x61e5accba4019530a2dd00d72b65f1b695850dbd,reciprocal
0x62133c587fb85a68e0c8b3f75180ef6ceccba7f4,reciprocal
0x621ea2bacc56790827b6a03fa9d964d65e5ba73c,reciprocal
0x6220392bdb8e7ccbf3579c7b443a60f020b72891,reciprocal
0x62272f70446f315f23e866f51bdbf1ffb3685699,reciprocal
0x622fe363999f7e970a1a54f430f4177925565717,reciprocal
0x623ed2a3fbdc59c1e2766378ed61e9abd9fc71e6,reciprocal
0x624434b903eefaccf6ca76694780d9a5ac72dd4f,reciprocal
0x6245901a4fc81306962581ac6a5adc964eb2b6ca,reciprocal
0x6250ab28934bbf5d3ea38b5e2d5bacb033bf9104,reciprocal
0x62661db60bdc826f8778db7dba2f4841aaa5e8a8,reciprocal
0x6270d469823215343871b726c19217ddaee1dd59,reciprocal
0x628ead9987715791d6a0dd99a389edfdfac0e071,reciprocal
0x6295c09425ff28905cbb7fb2ef656b1efe975fe1,reciprocal
0x629c1a17bc5c5c79c1a315cf8f0cb03d5030a79d,reciprocal
0x62a1fb40f9f679a13d6b694056180b29084bb84a,reciprocal
0x62a595c61aad42e9dc9f7e184c508736087981c7,reciprocal
0x62b2627becf24e4e56c090ab91d086d6eff55af2,reciprocal
0x62b92cf23472a2d20f94c201eff7c2ed02b31f88,reciprocal
0x62bca9034a2a17e335038cf1e960dd0e61199f84,reciprocal
0x62bf5ea9485372bdc1fba5433d90ad9ea49fe124,reciprocal
0x62c08caa0c2a11c404de98b110a1afee041eb79c,reciprocal
0x62d06df9495ed7811b3e22e059f7b18dba13093d,reciprocal
0x62d409e2baddb0dd9b01acc170a4fd5bcd87972f,reciprocal
0x62e2ccaa31c24d0b465bef6f25a7e53e1891a504,reciprocal
0x62ec22f9e9944f28401c775518d10cc820e4c091,reciprocal
0x62ece3ca5cc5d8f2f3113060f76e201582bc324c,reciprocal
0x62f544c75c4b724a6d7bc13d62fecc6722e811f3,reciprocal
0x62f9a4bae1e6989b9ba765ca4ba1b98b5789b8ed,reciprocal
0x62fb6a0471752b18320b3b386a07d9f8058e02a6,reciprocal
0x62fd8b73f503ff3439870ba76b712734a4a30c4d,reciprocal
0x6302d9e6dbb22fec3c350551568bb39b4b35ad57,funded
0x630bd0eb0741a91453227d135a0508e1552728d6,reciprocal
0x630f4b8b635d61d4c5271bae40c91d31da425410,reciprocal
0x63119dea8cef1037b507a85c6a8310c79684fbec,reciprocal
0x631445602c365d8d4872ee4deec05a871a472b09,reciprocal
0x6315ed05cf6d66fd1013bcc7ec82958185ca55fd,reciprocal
0x631babdb2b48cb771eaa1f14c2d7ae65d198b620,reciprocal
0x63201b4614d0b857b02bff1a36441135c5972ef4,reciprocal
0x6322beb5c99ae9875f0e8b871447a95543b89a4a,reciprocal
0x63380f184439ed53bab87855c8f9f0db0e19e85f,reciprocal
0x633c8aa9031eaa59a5b0c5180f9614443bb9f16d,reciprocal
0x634be4c9ad7a9121115ed40584f1fefaa87120b6,funded|reciprocal
0x634eea9dc9f156733e78dfb3df79571714ce26f7,reciprocal
0x63582a0e76fcfe44650fdfc0d70c0659ae1668f4,reciprocal
0x637879cfd558a7da570f9f70767a0e9c5b60d040,reciprocal
0x637a6c637b0bfb7ef1c8a0fcc13568098674e06a,reciprocal
0x638f080ca980916f752833fcd79291bbb6c3241f,reciprocal
0x6393f0ae5c5b2add76a5960ba29c5403f8c995e7,reciprocal
0x6396a224a67c2e674debbaf7cc26a408cbd83dc6,reciprocal
0x63a7f732020345cb4e5af1aebd37b1c0d48b6514,reciprocal
0x63ad52623028db6fcbd41bc072a69d456c0ae73a,reciprocal
0x63ada412dd8a3f0a7262274305824846bf92ba40,reciprocal
0x63b7a643d28e6678196a535a029eb7fa93c326e4,reciprocal
0x63b9d0ceae564b707072833983971cd9496033d0,reciprocal
0x63c1565f33dcc770739844b4e80d1f72a189fdec,reciprocal
0x63c157b4c200bf18f1159eb576d7d822445b1432,reciprocal
0x63c32880dd5c04f4473fa46113141dedc592107a,reciprocal
0x63ddb54e3696d2125773415feb69efc2df63e4f6,reciprocal
0x63e967a97407e66d12fe57155345bfa7992ed6d6,reciprocal
0x63eb477152acf122fa9fdbd840a81d800c0dadb1,reciprocal
0x63ec8d59f3020c68a0424a5ed8e69409451f060b,reciprocal
0x63f103304ed9f0f1b47b90b10b30e47b639c46c9,funded
0x63f63fc0b8634672f77ffafb020e97459619291c,reciprocal
0x640186d1f8d542e6179b3cb9e2a891d588053ceb,reciprocal
0x640a88d5579d1eb56eeaababb10188b196aac80b,reciprocal
0x640dec5f8cac09d07cb367a52241e0cdaca07427,reciprocal
0x6419fdf956dd8f44c5c4aee5cb8493d7298fbfd3,reciprocal
0x642e1be4350a8946867e0ca23f8934fbb4bc36d8,reciprocal
0x6436b828084e93234ac106b181c35d75a35f4c81,reciprocal
0x643e2ce1930fd895f4da9b23a12cc853df3b9933,reciprocal
0x644354ea1bbecc3e099df2aca87c5d36679ba623,reciprocal
0x644d9c73b985d451ca430c263c216fa543d3b908,reciprocal
0x6454d84c624eb38cf90647ce02ede35d9c9211df,reciprocal
0x645dd5aad4d89a59147e19d36415353fce591de2,reciprocal
0x6460c90354a4d8b01a69dd00211a2ac7d5b92f7e,reciprocal
0x6468ff2c34554379ef9a85f8c702ae00829ef061,reciprocal
0x6469571fc261c4268de3eeb13e65228d7183c1f2,reciprocal
0x646f66be9f305c20dee1b65736ab58135c383b30,reciprocal
0x6482e1941246481486304a25988bee249faeb779,reciprocal
0x6485ab4d11f9d4febe373fec6cdae8314dd40ae4,reciprocal
0x6486787109dd137cdf84a6ec2f44e2ca15f94f69,reciprocal
0x648e47a3d3bd3b476c383f0b4ea813950b641f56,reciprocal
0x649238356f42f0d642579e39926b2c7c228d83d4,reciprocal
0x649497863b3a56bccd41b29eb05f012c40105f73,reciprocal
0x64a2d9ccad99f4386bc1d045a42411ecc6b8d3c0,reciprocal
0x64a3df297d96bd2194d117c930d8b741f928f32a,reciprocal
0x64a8c83ed225145e5a1fc60224b8eee6b03139ff,reciprocal
0x64ada8255bca0e0bdd7638e3fa636aeb1ce3cc40,reciprocal
0x64c20fde10928cf93b133b629b677f62ea9c0b1f,reciprocal
0x64c5e1a95cea450dc952f0d0777f4f7185daf509,reciprocal
0x64c6544725102243c867d495a4ac8a88183247da,reciprocal
0x64cc3148d5079078e161fb62ba3f8fc73ac79a42,reciprocal
0x64ce07f4585a041cb6590fcf3bba06c470ea369a,reciprocal
0x64d3c8e4fa7bea4cc2a366b038a60c11694f1711,reciprocal
0x64d621e522ad6bcbb14f1abc8168bd8ac648656a,reciprocal
0x64e0871e0eb872458d093b211f2fb2dcba7e2ff1,reciprocal
0x64f4b270912d8918e19dc6929a977e0402b5308d,reciprocal
0x64f7d7d477d4f498783de92fb0bf9b9f983fad38,reciprocal
0x64fba7d1d1c66faff52212e104db157528b6beec,reciprocal
0x651c917d3494c321817c3ce1cc79a9fca26d31ec,reciprocal
0x6524fa7aa803a4239e8fa5729f07e77d2c3a958a,reciprocal
0x65389afd230ec76d1c4ba30f943b0c87a58338e3,reciprocal
0x6538ea78f4d02fcb3e7ab939a5b480e482adeca5,reciprocal
0x654806459a8eff901609ab082a1ba605d7f7ff86,reciprocal
0x6549026536639572a93f86ff9d110c4159639a0b,reciprocal
0x65613e551510048837dcd9ba1085f6afd396a1eb,reciprocal
0x6563e23847596afad2110db7a99800d7422e90bd,reciprocal
0x6569580b5a2e07f598fcb8c32d0b5412e30b2e5a,reciprocal
0x6584cccaffffd20726553b80019533d1d6e806dc,reciprocal
0x658b6371ff31270052da9c288acee2c137b62a44,reciprocal
0x658bfd4668ca2d4f17a4ff864233c5914677a642,reciprocal
0x65a71bbd297b0ef8e4bfe5852ea39a27366e53e4,reciprocal
0x65ac5344a73cdda5af98b84d1ac08573921e84f4,reciprocal
0x65bc5555a25e24569e69bb0af3f51c4ebda42e6d,reciprocal
0x65bdcc2c08f45bb1c8c7c3dcde3d168b7b758bec,reciprocal
0x65c103681b2b55d75819933df66b2317694e1a26,reciprocal
0x65ca21e54bd807aa4e15f72cb36ed0a2d57a1f35,reciprocal
0x65cb6da7da2901cfac1bacb7ac4782049a24afa3,reciprocal
0x65d6bb1756bcf16f7abb5a21f5dc943ed549abbd,reciprocal
0x65e71b89f236b9895f0b1855a0aab5f6d79876c6,reciprocal
0x65ebff802ac5ee9ffeb90e92a95f9c745fec2400,reciprocal
0x65f85507ef2d9e52001f2f78fe55b99319e5c697,reciprocal
0x6604215acc3209d1787767dac5107ef7ce756795,reciprocal
0x660af4f7f9f58d931bbf7307e8a0c3bdc334e870,reciprocal
0x660c7f49cf5c4c59b4aaa39dc0c6f27e621f7ad3,reciprocal
0x6621754b907d9178603bade0bae65d1a8c570f85,reciprocal
0x662d45f4e285c99db0265e07c9809d6a3111455e,reciprocal
0x663805f94a1603f5523f719b4a7cb9b5bf41d068,reciprocal
0x66450b4338cded7436b3be0811261be13e3c4512,reciprocal
0x664c127a9820e651d1ae223272a2fe829f02ae21,reciprocal
0x664ebebc6c2b3075febc128c3a4fd45cb520c974,reciprocal
0x666491658dbb493b10888644ac9b3a173b72ef61,funded|reciprocal
0x6668eb6a6f0fcf4b3ca8c363804c9ca48f1b62c1,reciprocal
0x666ec807ef454377942c5634bf3e5f5538f0d679,reciprocal
0x6671fcc66b7c4d1371476b53d7f327fbcc0af658,reciprocal
0x66795543669d34c716d429a8dbd94faa2de213fe,reciprocal
0x667a0bb4f077781b340b6e73da9da0d1aec41037,reciprocal
0x6688cfade11b6493f1d291bf7928ae3571cd3849,reciprocal
0x668a56e3c96f34532d5d17470357f58b87029ab3,reciprocal
0x668add9213985e7fd613aec87767c892f4b9df1c,reciprocal
0x66949251372d0ec32b34139fc453c6e7d4728dc8,reciprocal
0x66a08a9b3f4cc0450dcd7c9fbe510a2faaa4989a,reciprocal
0x66b10eb799afedb5a135dc9820665b4bc3af0b4d,reciprocal
0x66b21d2e7cd581113aa07b71af19d2e3b4b96338,reciprocal
0x66b7fdb5c39d788f87081c6e2816afa34fe2186c,reciprocal
0x66bd7fe762f4b0d69851a88321ba56e1ce4d540a,reciprocal
0x66c0d5e34027815b4bf7d7fb31285e05e4efac3a,reciprocal
0x66c0f2a1c5f01e2050722da5359e004f09b4f4d7,reciprocal
0x66c40946b0dffd04be467e18309857307ecd37cb,self
0x66c57437efdad4d85265febf9be689fb4390669c,reciprocal
0x66c603e37ab6047be4833ba2ef522daf865fa6a3,reciprocal
0x66c902b30be4ef2acfb24ddf063d6f6c5a981d97,reciprocal
0x66d11ffffc49a111b4987dfcb66479010d970077,reciprocal
0x66d36a576d9bedc037808f4a674cd59efd7f2b99,reciprocal
0x66d7f1d703a9259da41355ca34b277c0855aa621,reciprocal
0x66dccf9a21dbe1f8ca46eb6a7e1b5835d697e246,reciprocal
0x66df00ad163d385195d2de0fe45712391e628881,reciprocal
0x66e40b41ec14105d89efa718c223a6175e6347f7,funded|reciprocal
0x66fa4d79ca84016b42352be33c908dd812952ec8,reciprocal
0x66fb255eb83b1cf0de9dbde979d6f65624b3c745,reciprocal
0x66fe4806cd41bcd308c9d2f6815aef6b2e38f9a3,reciprocal
0x6708b690d93ffecb6ee09f00905e94d7386acfb4,funded|reciprocal
0x67117b1ff315095f870df6523b3b8341b0063cde,funded
0x671281aeb221b2bd48cf0aab86d163c7381bdc28,reciprocal
0x67146a0a04e6f15d84943c83d151b6b1c98b40a7,reciprocal
0x67172d747001d0cd697145cd1b9bb3d53436e986,reciprocal
0x671a8af2c33364022597a727e4168320c4bf4f96,reciprocal
0x671e9400266f99c5cb63661392a07c205e1accea,reciprocal
0x6720d282676f8bcf74763bd92492eef4b5214a88,reciprocal
0x672e750577e16e4c72eb0c1f3fbcf831241ba249,reciprocal
0x672f5ec05394e91975ca083941da9e5d73db1d1e,funded|reciprocal
0x672ff29449bfa55b90456f7318a3fa5cb03d16d1,reciprocal
0x67341abf36fe964a7a643b56627f2d7d4a20aa11,reciprocal
0x6739f76b7e3fb7387d3f3f4166952f61fdd5db3c,reciprocal
0x67533acd28880f3fd93704631cce5c1695804438,reciprocal
0x6757284be876db4c293477c7620e17b11445d14b,reciprocal
0x675baeda02fea678434267c9d6c8b2ce9b63c9c0,reciprocal
0x675d9bdedfa7412dfc6e03224d36093ce32cf686,reciprocal
0x67624b76c31053337122559d9f0030ac7fdf5989,reciprocal
0x6770cdbbbe12590b35af412244004041bd5d0ee6,reciprocal
0x6776065c14338732fc41655cb1450e5bc920a1e8,reciprocal
0x677657ac9091fe2e49355b968322786303ef0c0b,reciprocal
0x677930a64b611b2309425bf4e6cb0667c13e9e35,reciprocal
0x6780d8769813e98723d060e3198ed60483739103,funded|reciprocal
0x678aa5e90967188bcf10e37317cf2c8d8f8102eb,reciprocal
0x6799133ffb37a3ce3d820dcbe09838a3f4092208,reciprocal
0x67aa16d2cd39ea75715b78129b65ae7e55a1f4e4,reciprocal
0x67ac52d82806d877c277b82527fa200b4e790f77,reciprocal
0x67b0fbec733afe04f4bf67424869fa528a93188a,reciprocal
0x67b72b8b5bb68643975306c560fa6a1c1f097ad5,reciprocal
0x67bf39d04d6f3838cef7753e8f0cba224c80fe98,reciprocal
0x67c25be4bff33121286c594040b5788c620e27ed,reciprocal
0x67c843681a41491d9940d651e3482d4202edf292,reciprocal
0x67c8c22e7edc7bf25c299e2c3b9aad4cf2ee6c79,reciprocal
0x67cce75b6425c640ea2bdd06f38a2af8819b89cf,reciprocal
0x67cd0e62283832e1f6f91ec548eca2aec5c19289,reciprocal
0x67ce126fdf3ceeac75cc7f51c3ddc9c83b5af2c5,reciprocal
0x67df6e395560da408dbd4cf9d24a7cafd536e29a,reciprocal
0x67e1627b649f4a5d2eca1146eeddac429bbab6bf,reciprocal
0x67e43e7ecb19ca11626e256fa08787b651767aca,reciprocal
0x67e763a1d41bb60fa47155e64f9973b163ac51b0,reciprocal
0x67fc9a4883b6d4633ab9dc08c06d8a95e7f40fec,reciprocal
0x68081a52eee8ac620d8a929565cd3846f219da64,reciprocal
0x680b0dcd074654023a5daec1fd557c9e9b1548ba,reciprocal
0x681152c7ac231f87c0f76e57c71baeb1047c075f,reciprocal
0x6824c9f5bc3d0a62ea5119b993c2f27c1ef2b65b,reciprocal
0x68305c4b00a2ddd56254fa20213e21369449059b,reciprocal
0x6848881d2b937cea96501715a63a29a4cadb8045,reciprocal
0x684d9b0986394708edb971c7f984f174c8f36781,reciprocal
0x68629cd81ce669994fc7ecf991006771c6cc2be9,reciprocal
0x68667f937732d5b1295ad39f93f4dfa407e7f86c,reciprocal
0x686a6a00b1ad77056630569a9ffca23e757f3935,reciprocal
0x686bcc1c4eea8ef33fb15ecc5e5afec371dfdc75,reciprocal
0x686ea296040360012ab21ae0a6490d427c275d0f,reciprocal
0x686f8bf89b9a629f60d9d96ee6c12a99dc56d592,reciprocal
0x68732d331f1517a9805987fcec88965ab3decb26,reciprocal
0x68771cceaacd16ce1df03f861383d79e918aefb0,reciprocal
0x687e14cf49badb01f47f5667db514f764762e23e,reciprocal
0x688276851203e3d058106a4952dbaa503deb44aa,reciprocal
0x6884c639d9ff4be43d3d75ec9fdfb1e5f98ac6eb,reciprocal
0x688c9c61eb3be26830d09a718e83c4c71004037a,reciprocal
0x689885cf38c0960f7003400ccc36b2e9c651fb39,reciprocal
0x68aa56160304dbc52088c7ef21d9f010f1236e8c,reciprocal
0x68aa68a46525a4a92a54b92859c46dc12cd053e0,reciprocal
0x68b2c020dc971573da1ea88d981e2246a65c0c7a,reciprocal
0x68c43612e200dbb629595cf41d8a174abd7656ef,reciprocal
0x68ca1c796a273b380fb769f352a9d153f62c8172,reciprocal
0x68fd6670867142faa419ccf272d8f4aafbbce2e9,reciprocal
0x6905bbe921daf428dd02cedf1a0ed14e7dd9cf49,reciprocal
0x690c4f4ca6a68aaf503705d5a5ac87f1e48e4b7c,reciprocal
0x69201c36d3a8d668a058355741836c8eb7b77beb,reciprocal
0x6926326078b9643f55867e4428aea2f41d41d264,reciprocal
0x693eeb1d89b416ccbd2e2b4cf6af90f763e9a551,reciprocal
0x69405ecc4b6b0af6280ee465e73d5d032ef909b8,reciprocal
0x694d0cf38d20874934469b51aefce23069447bb4,reciprocal
0x69521e5a0abcadf1efe8ed1ebb158a00685f1a4c,reciprocal
0x695d1e11329b3c0d811d8121c502307b94f6fce8,reciprocal
0x6961b88476a9b89c4ed97a4af4d190754d5e70a1,reciprocal
0x6961c45d09e8a23de6487b522682b1e4daedc5c7,reciprocal
0x6968b49ca7b82a3255bc9dad4cdddc48782cdc03,reciprocal
0x697e5442252179b1802a5623581a4cd48a8c73e3,reciprocal
0x698376d41f0ed271531f25fe4937be71f821ca3d,reciprocal
0x698bfb71eeec99b5d2518b08277183631e18f006,reciprocal
0x69925a8b0098ee874a4b273dc65995c99c922395,reciprocal
0x69a481ecdf7102574ec44ee50158d7a651cd2529,reciprocal
0x69abce0f6145e7e912865119878e840e37b66399,reciprocal
0x69acf60492e2bb889c50cf3b46d8c2fae2710ae4,reciprocal
0x69b7b1657d7e98b60445c4fe1bb7daf3efbe478f,reciprocal
0x69c568c4277752a33ec77d2461fbc6499ff52bc9,reciprocal
0x69c75772fe6d6687127369741f4024061653cd52,reciprocal
0x69ced8ebd2efa016dd1598f47eb861b60f83ecb9,reciprocal
0x69cf1daeee1a55ca9b797f1f8cc7b6fb2ba48b64,reciprocal
0x69d1558518b462d50e12429204c4cef28a1c9456,reciprocal
0x69d8db6c5082e5efb44ae1fa533f3696fc86d5d0,reciprocal
0x69d942e15e7e986000e749bd30e346acf7ea6461,reciprocal
0x69e9b85b09cc2cefa5e6bf945da22283e3f86356,reciprocal
0x69ef61afc3aa356e1ac97347119d75cbdabef534,reciprocal
0x69f2c7755c3ce269e35e7e1cf00932c12c6ea5e2,reciprocal
0x6a02dcbca68fc71ff074ba637d8446eff9904cc4,reciprocal
0x6a1259bcd77f3bc2387f363ea537d02b349c4e62,reciprocal
0x6a1fe26d54ab0d3e1e3168f2e0c0cda5cc0a0a4a,funded
0x6a1ff9e5eaf1fb2107a01e4c4e7c0c28bd469e65,reciprocal
0x6a268f009297d34ffde3c28b3006f74e3c0f75e5,reciprocal
0x6a2f5a3184190764876327133847fa7ac8295a42,reciprocal
0x6a2f8e1c90731a53af9d80cfd61d2c1b6f8a60be,reciprocal
0x6a35ebeb33ee61ea42299074bdeb6309f5565d34,reciprocal
0x6a3bf3a90594287756765210a98969ec1bc0cded,reciprocal
0x6a441e72c36160806322d227ad2d8245f80cc79b,reciprocal
0x6a489063e4996750c133e5dbc46830c6d314a00d,reciprocal
0x6a57523def8d6cc0758b31e1c8a8894d2666e5b9,reciprocal
0x6a5ce17beacdcc91f2a2b4d2c9c8e3657453ad6c,reciprocal
0x6a6b0095f968f74bbf52ce8530adb8747e302c28,reciprocal
0x6a6f982278bc4d112e152338bbc752391d6714e2,reciprocal
0x6a787b037e250ff6d59dd73c9ad96217af67a691,reciprocal
0x6a7bc8c00981ffe2613decf753ecd400ce6685ef,reciprocal
0x6a85c42926ae5321e6ccdabeda0b636e4609103b,reciprocal
0x6a973f24469c69f2b53d1a8d7e1e6ebfd42d88ba,reciprocal
0x6aab5ffe51f5983667e9543af1c38c310f36db0a,reciprocal
0x6aac1ba465a2217498b2c1f52e877b0fe17fdbb6,reciprocal
0x6ab3d3ab1c689e524b0d838293db70dd1fc522c0,reciprocal
0x6ab6c27b3861ce5a79fa375fd9019475d12c011b,reciprocal
0x6acd5e6fffa4f252790f10c6a6447a54dedd9e2a,reciprocal
0x6acdeef69cf8a7bb8e1e41fde36a356824e41bf0,reciprocal
0x6ad496e8080334a6aa2af50efd1ccb7bd2826a0d,reciprocal
0x6ad8d0f9de90b830f475c83fb8cb89b0d7d83b02,reciprocal
0x6ad8f2040d578ffba667aa1f084597afa4341b29,reciprocal
0x6adbe2ee5cb9ba35ca1f893efeb95b2e3515a116,reciprocal
0x6b0d291570a3e7c43a355bd2a8b26ae726d26b1a,reciprocal
0x6b0d6b7f49618ddf9157cc08d9830a2c422357c4,reciprocal
0x6b0ebb89cbd9d6f9ab33e2c68669bef99975fa02,reciprocal
0x6b12ee8ee0ca72c8c1ef65288582462ef2916944,reciprocal
0x6b173bf632a7ee9151e94e10585bdeccd47bdaaf,reciprocal
0x6b1d21fbb1312c49db65ca8cf240a5c35d83869b,reciprocal
0x6b228f11c7476ba1bd45e55dc49ac84834bc758e,reciprocal
0x6b2cde216d33445f286589636266372cc0e07bec,reciprocal
0x6b37652454c439d7cd2969fb616711166f15db95,reciprocal
0x6b396d69014fa1b011c3de55bef6a82aa2e0ca8e,reciprocal
0x6b3d6723f2fc0718017f1dbde28267a5b2336fe4,reciprocal
0x6b4d60b74d27c0ab44a0dbe3e6d87dea8b0a2a0c,reciprocal
0x6b4f3d6eb76419933695e457746ccdc22ebb82a1,reciprocal
0x6b5060bbd35b4de2691092b0654d35a0e1efc08a,reciprocal
0x6b582708442db2c65d6e1d5dbdbd37942d95da88,reciprocal
0x6b5a28ec66e34cd643c6b721fca3321f36dc93e1,reciprocal
0x6b6072844094da31fae35b68cb8f7bbad91cf153,funded|reciprocal
0x6b6ac2c5ea5726781a8d48efdac35984ee68f866,reciprocal
0x6b71d01bd0611c4922ddb6814576915f1abc0947,reciprocal
0x6b7f7afb0d0693ce0f7cffabccfc7f24cac42c83,reciprocal
0x6b86c58ded07e9e5567f13f70be5596a7b5e8a0b,reciprocal
0x6b8913d6142cb4b8632b5dace9fac2b7f273c0b9,reciprocal
0x6b8e88d2e26e2a0850dd035e9a4b3966d230612a,reciprocal
0x6b99ed8a0958ba5729bcc99ff0166565f70be283,reciprocal
0x6ba0800cc79446ef5330f7d223238b4eb412da48,reciprocal
0x6ba0a7778d63f7ca9f4e0037404a70d45a15b883,reciprocal
0x6ba699ba05e2ab5fdc3c0a8db348f84894a4b93c,reciprocal
0x6bafa2a0e498e38bd69be4a70597996156de9ab0,reciprocal
0x6bbe124a80332d589a6566faa633e5cc5de0ed68,reciprocal
0x6bca66c5f9f4ee17aff485db89ce4906344396b5,reciprocal
0x6bd78183504bfb5589425087e751bcaa5d73567c,reciprocal
0x6bd827b1ea76b3428c4a208bedc19458a9655fe9,reciprocal
0x6bd928a67b83f53ff96abf1836c54a65bea35a12,reciprocal
0x6bddf6e6f79919e11ddfe3d8b8b122a00f784e9f,reciprocal
0x6bebb3c806c4b0bd23f037b31761589b0c5d7766,reciprocal
0x6bed7b46fa5e4a393920bf06264af987481b8cd5,reciprocal
0x6bf0e7ee96a9b9206aaeae2536a1e1f821c9432b,reciprocal
0x6c07ff58bb622a75cbf7def723c903d8a45e0eaa,reciprocal
0x6c08f62c97a0339da1ac52801e65936b5c715d23,reciprocal
0x6c0a923ad364adf7ce534b0a47343f98eccf1096,reciprocal
0x6c135a8502a61dcc0cf2aaeaedd5236da08db0f7,reciprocal
0x6c1f6d98c5901d741cfe6e3f31ef3469f4a58fc8,reciprocal
0x6c2055f254028fe705e0fb7eb6791bccdf8b8595,reciprocal
0x6c311d076d570eba0ab2f80caabfdd84e4c1c743,reciprocal
0x6c377c78fc93a045b52922ea94c3818c6cbdeec9,reciprocal
0x6c37c559699956c3a32e8156a40c711d4bb810cc,reciprocal
0x6c3de49b31076086723e8fc529b51daa960bd176,reciprocal
0x6c442641165481f6f4761bd2d0317493b8c4b8e7,reciprocal
0x6c556dc744c7a31b2300753d6041893b11b8031e,reciprocal
0x6c5d861f5addd2c947c5bc662bb1ba044b396a4f,reciprocal
0x6c5e77d761d6ec6f209b577f7ce20bb77af3fd49,reciprocal
0x6c689e4dda7c4aec72e4db290b7861a7dfdf2804,reciprocal
0x6c7b10a32a3020fec44a526a696c1fff76cde6d8,reciprocal
0x6c81a40a5304ab568b4a9e8a01151d07a7c0c429,reciprocal
0x6c844df3b8439f9eb73906425d9cc1e73e5c9d56,reciprocal
0x6c8b5db76c612dd57bce27a5fcb89d29e1b8938b,reciprocal
0x6c8c64bc784cb00b9fc66b8b61e42586f3df8e82,reciprocal
0x6c8cb986430aff78fde3eecea5e204c6ce09b41a,reciprocal
0x6ca51dda8558dd6f64848631750078845e905f8b,reciprocal
0x6ca8472732d43ccbda0bda3272998709572c5bd5,reciprocal
0x6cb2ff38110946a507187b6c98ebfac8c7b4a849,reciprocal
0x6cb3d075432752f39df10fdf53d97e98c27510d8,reciprocal
0x6cb435c93f759f658422ed0b092fdc339d7a6a21,reciprocal
0x6cc05fea311eb94ae7733b6dd3aa46ff3fc7d389,reciprocal
0x6ccadd1843384fbfd2358378d97865ee2735b254,reciprocal
0x6ccc89e1ba2675d879083fc6b5c53bd9782cffb5,reciprocal
0x6ccd601b275f5e3ea6692b9e8f786f3c6d1fb1a5,reciprocal
0x6cdea863ea49b265db07ae183617105354762f03,reciprocal
0x6cfa28cdd6e0d151508ead62533121b493bf7d2f,reciprocal
0x6cfb9ea4f1d46dce8afa528b165c120e3791ae16,reciprocal
0x6d017dd4eabedbcb6f1d98096fbf9625923e2797,reciprocal
0x6d048b609c31a7be784f3353a488bc42d1d4ccce,reciprocal
0x6d0593b5d6ce0b424f7ab2c3bd5ba2b76d41eb1f,reciprocal
0x6d084c5857b7fe93e3f947a09a8a68e6b2d5ec75,reciprocal
0x6d1f189d65a045212f7adf0da270d0326c6c77e1,reciprocal
0x6d2511001eb3a1c60828be5b65ee293f4436b5f7,reciprocal
0x6d321996133b4a6fa783467434c64970ea31bae8,reciprocal
0x6d3419478ee4a89583275214e881204ebfafe705,reciprocal
0x6d452a720192375b2ae506abe6fdb9b2f8feeab7,reciprocal
0x6d5e671046c58397746361d55a7ebad8c7f7c237,reciprocal
0x6d6503ce19f9cc9bdfdab8dc53ad0512dc37d482,reciprocal
0x6d6fa8c120dcd64b70b936a449bbac53fe37bc20,reciprocal
0x6d7def9aff6632acb4219c418fd49ff1b5c21c81,reciprocal
0x6d80a3786860ee55f5fa3c74cbb83bd8301c91c3,reciprocal
0x6d8dae88e37801f2bb2b7ad5e1b18f6727b67859,reciprocal
0x6d974810fbb96e06b2ce1c83b189a574e4ab276e,reciprocal
0x6d9ae6f398fd614e3122821e6a77d86edc20a3b5,reciprocal
0x6da68cdc8376b5e308481737738566f5d7858302,reciprocal
0x6da74748662740e9ed272f2ec8a88194f05ac98d,reciprocal
0x6db830371586ddae557e81b65a9ed132dc96ef91,reciprocal
0x6db96a9ecb285b85ecfd98fe6494623c4f72ce11,reciprocal
0x6dc081210f0be427993b393eb77e37c0b0189c86,reciprocal
0x6dccec00d22276d00c72a0b6a91f73fc15e8654f,reciprocal
0x6dde26bf3fec391b25dd69b31ea915b1445189df,reciprocal
0x6de5a8ee0c858820b08111af2d6c6da2e1584eec,reciprocal
0x6df47eaf55fd85ce62b398ecbb21f3764f245728,reciprocal
0x6dfa4d89df681a1b20f6139e7398d23e2e51c3ab,reciprocal
0x6dffce2a790a9fe1bd5dd77f52290d54cd96e930,reciprocal
0x6e3184c204e596ded89e8a5693b602097f4ab687,funded
0x6e42d01c4edea613a19c4dc7d1964755718ab76d,reciprocal
0x6e43dd98bfa23693fc7fa210f750c9194aa670cd,reciprocal
0x6e4e1d7afe19b0d6bc41a84f5e0695891a2f86fc,reciprocal
0x6e4f52b04944d60efa6ecc5aa2e2bba0b22f0c9d,reciprocal
0x6e5dec65690055ddacbfa942c51ddec1b0378edd,reciprocal
0x6e647743e97473286a3c5f166d919b59ca5aca4d,reciprocal
0x6e6cb54cd8b9739412fba059ddf05747b39ea2f9,reciprocal
0x6e70a02472437c4b543d06d4c41a9cfe9f859b0e,reciprocal
0x6e74833cbcf6287d29196dd729fa57073bbea743,reciprocal
0x6e7c60370284ac3056fb6795272467a69a4127d2,reciprocal
0x6e826072af59a941cc9c8cc4477152d507b44aed,reciprocal
0x6e85272258e6582b7298c1f76bda817517fc0079,reciprocal
0x6e914b5d3c00c6640b07f7d3ef361e94e0357553,reciprocal
0x6e98a08a201b62101e486da6a332dfc837bcfe33,reciprocal
0x6ea0edab70ab3f0e6a8c4fdc62ed383a2620c7b8,reciprocal
0x6ea644f95fc6817018d8bdce3e71f947f2729fc7,reciprocal
0x6eb51eac35e0401853a4fac1da8b07fdb8cb540c,reciprocal
0x6ebe66da419096ce2952d62797b986564abe268b,reciprocal
0x6ec0700092ea0ebaeff2f12edc401981ce383238,reciprocal
0x6ec20231fbe419a3b953fd02a97f37ed45f562ec,reciprocal
0x6ec2acf6c5f033b12a5cd893714259eb3cf15d17,reciprocal
0x6ee37c074ae9d17a53b40a822f17d8bf912f8fa8,reciprocal
0x6ee41501a60c8093827815d3d749b064c081bf7a,reciprocal
0x6eed01aafcc57f45c91dc77a391f413973266a53,reciprocal
0x6ef2204f0992eb97f495ec852acd4c250762b72b,reciprocal
0x6ef4e78148d791f0a64f273df95b8d024f52f112,reciprocal
0x6ef8331e18029ab83dd8ac684ab5276c51e20ffb,reciprocal
0x6efd50768b131905c4201b8491ad77a5e5d0189d,reciprocal
0x6f0518be4a1689737ef2739fe9841619ecc69cd4,reciprocal
0x6f06dd420724ae2972232469b079f8f0072223e4,reciprocal
0x6f14b48cc37190ca2f8e8d3a1a5527d02d129f5c,reciprocal
0x6f19feff2f43e949f3d46786017734c4860726f3,reciprocal
0x6f2ace54729af35bf8ab099b74ed067b7212e544,reciprocal
0x6f3b5eff027bf99e0ed69309ed26751bda31f9ba,reciprocal
0x6f4368899c70ebb3dd18083f62151c024ea75baf,reciprocal
0x6f4a3c275735bda433cd248efa7ab9fccc7555f4,reciprocal
0x6f4bc6c5db2905a9b26ef1051887f9a8c36ef541,reciprocal
0x6f4f2848386df0dd7b0a438cac84e05208497726,reciprocal
0x6f63571a88d39b4d0e4b43b4836ae27677f8ed26,reciprocal
0x6f6398a0f36932968f7953b926f5fc4f67c1d693,reciprocal
0x6f63ae4050290d2195220a4ae74d37fcbe54a982,reciprocal
0x6f64a35236dfb7438f74b711cbf2d6a5908a0b13,reciprocal
0x6f6c942165107adc711620a31739653f970075fd,reciprocal
0x6f74b072eb857d47dfa882630e5df6602fe5073c,reciprocal
0x6f807e4ddb8304b68a7e5e5d107d1b3f48a48f5e,reciprocal
0x6f8d450a82e7a7ed38251fc3adeed833208bec90,reciprocal
0x6f8fd50ec873c91a93704c9394111b738ab74d4c,reciprocal
0x6f9f2835e1b0258719516e359ef1c2aff3df0870,reciprocal
0x6fa23dc32928e094be0b8e99e7fdd2593f6d9a4a,reciprocal
0x6fa7b8837655ae35311f09ba8ba1e9b9862bf68b,reciprocal
0x6fb7f90cfe8c411045333a0183eb53136cb1e34c,reciprocal
0x6fb8e61ac9885e3b94e3e35e89d707e32ed69524,reciprocal
0x6fc74ce8abc3d076d5a7913f673774ccb122dce8,reciprocal
0x6fca2cb79c739b26cbe5c4f71af6121b72c73f0c,reciprocal
0x6fd95571e0ec9f12648e0073573dc85b6a57eec5,reciprocal
0x6fda044c4247cd755d20049a97a5adc872fdc601,reciprocal
0x6fea6001d817a875dd244cf2b64a9dda65bd6554,reciprocal
0x6ffe663dfc5798906d18babcf44c685e6b660714,reciprocal
0x7003b2ecfd37cc30a65f44e16936032a557eadeb,reciprocal
0x7005d35626aae8832f250af96c0e19460b2d51ce,reciprocal
0x7017afd4d665eef096190efc18a7ccfe498ab2c6,reciprocal
0x70251ebcc7a8e5e45e6d93e78132c54d2b38d02c,reciprocal
0x702c4dc18bda4ac998881abd6032220ee99501f8,reciprocal
0x702d13b555946d977aa9099e2143c262be30dc56,reciprocal
0x703c84b19f1a52da99c633790817e09eb25b3866,reciprocal
0x70517bf1f036572233ec9aff95506b5df70b66e2,reciprocal
0x705c64165876d1f12cee8f21940c82912069b4eb,reciprocal
0x7062d8eb1d5dba0d551b06d7145db22d505576eb,reciprocal
0x706ca193358159fba8072f585d6ef8c845d9270b,reciprocal
0x7076fd15046aaf4dcf8ff22d734a0ec081a28cc0,reciprocal
0x707fbcdea26f37a413be3bb8ce4946f62f8ca82c,reciprocal
0x7086e43726681b91a8f4d4d5c597eb009f79a2ce,reciprocal
0x70905291cf28782ea76ee3c224f9d0835fe771f7,reciprocal
0x7090bf131eb0bbb51bf2e5970735a8ff18f4ab7b,reciprocal
0x709762fb055c60ce541be50a5c801ef8ed0c55de,reciprocal
0x70ada2252d7af024b5dcd15d7574ce24036ce889,reciprocal
0x70b1800096b75c7333dfe2735926936ea644bda8,reciprocal
0x70b5be0797c1b24facf61c9b8bec9483f8d7d45d,funded|reciprocal
0x70b77958a58b321f37aa505164c7efedc7d35c70,reciprocal
0x70ba02d8082ab397ba5a96c9f5187ab158ad726a,reciprocal
0x70bc5b2fd1cfbed45bc3f7b93cebe376b5fe9cb4,reciprocal
0x70cd6cae7d1f72517ce517f5d44a28cd80d8927f,reciprocal
0x70dfc9088c3aa001c1a443a88cd3e3b08b6a641e,reciprocal
0x70e168e1555cb99bf102798cc6c539f3d99a2b8d,reciprocal
0x70e28395f9b20254f0ad7ae0749d63276efb5d75,reciprocal
0x70e3bd5dea62f41b59ffdc12c0d208e055192632,reciprocal
0x70ef6fc3a778cad3c3e7ea834ed47e3fd51adb94,reciprocal
0x70feaf6e85fb1cc0c9d8eb9a2314939a7ccb14f4,reciprocal
0x710a1854b28088356aa3650d0963e1a059cbeb73,reciprocal
0x710af478e7d8e467eca1aacac6b5faaee329e05c,reciprocal
0x7114f07be2049c54e7a3307e567bba0b2129bb54,reciprocal
0x713198a21d8f8ae6a8d839d30719906b80f1831b,reciprocal
0x713d275d4d8c85c154038ea4d92e5b13205069cd,reciprocal
0x7141d2f032290ae7c141c7b6e1e2802d904b9925,reciprocal
0x7147559de863575844992ffa1a71e67a078240e7,reciprocal
0x7151755028f08770f316f117aa72ae3dbdff2b57,reciprocal
0x71548f9b41e5ace8578fcb15aaf11a3b23f46af1,reciprocal
0x7165d0bc66144e24c1480c9ac59067a95e441e4c,reciprocal
0x716d2fff4ad2b700a414d89a735f223611849547,reciprocal
0x716fde0dac4ef6ed2018206d43697c6bb71d7eb3,reciprocal
0x7170d647e6566a82c056c2ba48b60005b176ed04,reciprocal
0x71722ca18fe45bfaa52f9094dfea5eb1d1d1b02c,reciprocal
0x7198836fe10d4b16770c98765ea675166cec3501,reciprocal
0x71a1a8629919bed533b064e1f62d419c6aafec8e,reciprocal
0x71a2dd15988224419ddd6539d8c9724cfa39987a,reciprocal
0x71af9f85680f34ce5be29f80671654b6e4cfb22e,reciprocal
0x71b139e8fc2792f78d996e8e1c23a7b5cdb30087,reciprocal
0x71be5e7abddfece3eb34d59fadf4d0433e6f6ccd,reciprocal
0x71d3510ef111f4640673854d35a725106b293550,reciprocal
0x71d4e6cbeb522091a5aff902f2dac625cc66e046,reciprocal
0x71d817552fd1f9e5516bd7ea662b2a5732414bac,reciprocal
0x71db02ecaa0c767641a3387c7b08c76b68dc6661,reciprocal
0x71e05997949b81f0c551037020f29a511f48557d,reciprocal
0x71f3e0b6fb24b375d2ca2e63b8c9334c6ac7d23f,reciprocal
0x71f9d5f7901e75010bd6e86221c673ebc42ff87d,reciprocal
0x720303cdfa5c9b62a42505779b888ae239c99403,reciprocal
0x7217b79983bf7ab80105ca6e40d4d614facd6953,reciprocal
0x721a804abd754ea1a782fb5ed1948a6a1d2e3946,reciprocal
0x722a851f9b92a20921e5a225c219279950181755,reciprocal
0x722f20b681055380762b887da7cb86ed52f11bae,reciprocal
0x7231f07d4ef62b9bdfce8f0ae4b9ff1c5c133230,reciprocal
0x723a8ee4b0916917b715f4db4be77976a88c19e2,reciprocal
0x723ca8fcd4b86164bf6423a75e439b2a26bb4dc1,reciprocal
0x72442c3e26fea6cf21bdd6fa6aedb31134319721,reciprocal
0x725f407ae19b29d9e69da2f1db7b25a7a7969053,reciprocal
0x726158cd1ce1828356334f7728418b0d9c4abb70,reciprocal
0x726325ccc6b6fa948da11e54216606d8e4be549c,reciprocal
0x72754605ce5521bafd7a409774d11133484de119,reciprocal
0x727be5064acd1b4183c7da9fa12254590182910a,reciprocal
0x728e1be8a0f83f0d758628c2c47b5237cca420bc,reciprocal
0x728eb76684f7bcf88acdcdccc5d1219381d8d736,reciprocal
0x7290fd2f5e774a32fd985e1b021fa02dbabedbce,reciprocal
0x729e71ff357ccefaa31635931621531082a698f6,reciprocal
0x72b04ef8897409aa24672bc8c8d822923d96749b,reciprocal
0x72b53673c0e7e5ed9cfe374431671d1f8266e76b,reciprocal
0x72bc3541774ecaa257ddfd3c60b241965add4c73,reciprocal
0x72bc5e75a9f742691bf741ff337052469ac53e39,reciprocal
0x72cb3ce78db20bd3caebd62188ee75b6d0bce0d2,funded|reciprocal
0x72d22d27259fad6d34232a2e4efb51205fd4eac0,reciprocal
0x72dc6ca41b8dc320b25973c367c8f8db58688b3e,reciprocal
0x72e77933788b7288d4bb7e905c5187d43a8a5538,reciprocal
0x72ecbe83d11e270c2bd78d71f116354908172444,reciprocal
0x72fa66f8cfe0040b51b20f89d41ed675291f7166,reciprocal
0x7305253f923f8c18672d202d401ac8ab654e1220,reciprocal
0x73071f4ed91f37cf2569a09f9997968830ccd239,reciprocal
0x730c58123e4b41a7dd6acf4b308d2baa131eff11,reciprocal
0x7316734ed6495a317d8ac72551f3a06c4e575813,reciprocal
0x7319bc21177484d68cdbbef8790ed64ab37118d6,reciprocal
0x732802d14d46ec67f0559ee3e5a9a33f9d3f8207,reciprocal
0x73307c86b51db19966e9a87fb165422dd3767513,reciprocal
0x733f1b3b1c4693c2ffe764dc4bcba45a0cc49dfa,reciprocal
0x733f765ae7ba09db0b6218e1167be5fb65b249f9,reciprocal
0x733f860d1c97a0edd4d87bd63ba85abb7f275f5e,reciprocal
0x73441f20d2f370518916800347861b17188d9414,reciprocal
0x7348f1f99f1d13ac89a23ba82dae1579dca083d9,reciprocal
0x7349f96913f46d2ee6d10e2a0fdaa90ff7d069b2,reciprocal
0x734cdc7b2ec45e28d52eed2bf5b27e8923967a61,reciprocal
0x7350ca539d0181eab4fd331b3ddadd0ec8c9d25f,reciprocal
0x73527045436402643531f56649c9387ef656c645,reciprocal
0x735a947d686adb5f2f41e329689ac77da106b4bb,reciprocal
0x735ec796be4ed26027501c36f49a7be0de01ef41,reciprocal
0x7365f5b381e3e479eba1c446dac3f36c858d55f3,reciprocal
0x7378b454714bbfb6a03cc87016a95d605b8d188c,reciprocal
0x739539ff269eceb780c047435deeb0575354d43c,funded|reciprocal
0x73aed13e684f6683659e404203ca59c46c45427a,reciprocal
0x73ba418166f7852a8beeacf79f427a0231e15ad0,reciprocal
0x73d6ad4c6da8708bd359a1999e395abb6896ac92,reciprocal
0x73d8eba14c0224c33ac3a8ec9aa384aaa951aae2,reciprocal
0x73e53933a5e15ec7d59eae1184991039ae333665,reciprocal
0x7412727100012fa859db111bb4c566fc3074bef6,reciprocal
0x74161e7cac317a4999f74096ebb4c084c70a9e99,reciprocal
0x7420f5517c686368541d9eff10ca6bb869198532,reciprocal
0x7429229af78992f282e8fc15ad34578c7319afb0,reciprocal
0x742e2f1359f9b594add099c65ebca7cc3abca4b5,reciprocal
0x742eb1a5df22363b9a520e7e45ca749f50ce9d25,reciprocal
0x7433be9835564a29de14a90c32cfdca6fa0f4b4e,reciprocal
0x7441c6ac368e8d1595aecd73b4ebae4c29df51a3,reciprocal
0x74479cb347406a4451d1118b43eedf8882be93ec,reciprocal
0x7462b5abaf2bfb109ec84f68d59acbf8d9b2a044,reciprocal
0x7478f6bb220a6ed29838a731b08913fe1634abec,reciprocal
0x747aa7ccc550d068bb9b948a3315b75a1b727a11,reciprocal
0x7483adee8f097e245b3bb7be76f8eec73099454c,reciprocal
0x7483cf9817d20ba4c96aa345e49065f8686fc880,reciprocal
0x7486e74cca127bfd22f0e6ed3682f4e0904588b3,reciprocal
0x749cb92b11ef734249967fbf5537e5fd851bbc56,reciprocal
0x74ac853fb8939bf4bdc17186163f7852df6c8fcc,reciprocal
0x74b39d774eff86de2acd73ac900f9b661c0849e3,reciprocal
0x74c0add933e03fc79c4f670dbba224788bcb5bcb,reciprocal
0x74c2d4d07e2c7843d7abe07f2c5998d4eaa91a3e,reciprocal
0x74c4f1e73e92a85aed4578fa5e72105e10a305cc,reciprocal
0x74c74de5cf5154b3333b691a6e5fb06070d7d703,reciprocal
0x74c92fd6d4477996e45e5704c49f69cebf3ef0c1,reciprocal
0x74d11207cd9189d3cff3b66070b665c858ff9936,reciprocal
0x74eb1c1ac4823ada93b8ff070b95fee04e7a77ee,reciprocal
0x74f37458bac22a08a501159266b1a9bba66812f8,reciprocal
0x74f77cfd72e26dd593f00441881aaa6a20155dc4,reciprocal
0x75034d188e129e17f45f1f9de732b88f8ba94956,reciprocal
0x751f1b47329cb728a27a9b64a3d694143af4fb64,reciprocal
0x751fcb641ddd44daf868f223230729294e676b84,reciprocal
0x751fe9f9daeaee01d37bd818cf34b8c35d3bb07b,reciprocal
0x75290136a94ccb0f8241287e6d25704c06618ef6,reciprocal
0x753449cdc6e9317e12a4441e4e4517fb0e64dde5,reciprocal
0x753e80d3d44f808aed547817c3c0410502dd3b4f,reciprocal
0x75466b09fe149d573ef4fee9fee4022e6fad74eb,reciprocal
0x7564763b1218ea85c293c5c07129e165ddb00059,reciprocal
0x756674ac29f5428bc4cb42cde4dcf9aa1b84301d,reciprocal
0x756e10a25708a977d59bb2e2ddfca6b4f1fdccd3,reciprocal
0x757802df82aac751fce4d2c369bcd6cd1af86837,reciprocal
0x7579465d1786308e565e387489bad191680b959b,reciprocal
0x757979eebc399634021e3695a30cc41adba51681,reciprocal
0x757acf498c1d13b9ae71f045ab344e2a2ccacf2e,reciprocal
0x7587eb735a4f9d5cedf199b0cb59f9095cb28e14,reciprocal
0x758d2532ff6a304d1a0c2fdf46264590e4ef0637,reciprocal
0x758d739de3b02f5a6dc5212cc015fafeaa7d0af9,reciprocal
0x759554d8d26bd9f265895facff8ed6b87887d8d8,reciprocal
0x75ab1c4e201086c49765adbec01378af8b7db61d,reciprocal
0x75ae19b4b4fe07dc4fc427fa08063cfe111a7892,reciprocal
0x75b1a19799af2ca36613870593e249a3eda538d6,reciprocal
0x75b32e5c836b2dffc81757bec58b1e11c2a99892,reciprocal
0x75b5a88697270f67674a3285ccbb3336cbd0566f,reciprocal
0x75c971bb98770c7f8dae9016a139bee3d566cc7a,reciprocal
0x75ce7e881c893cfb3668a35ea4cfba44d7a0113b,reciprocal
0x75d0b2eb881fcfaf0d6e834b159d2b0b9172c60f,reciprocal
0x75d6a8618389fce701b09cc5a2f2b75089e1c2af,reciprocal
0x75e227d4aec1dc219742b5c675374e8509260b75,reciprocal
0x75f3d4669293dea2d77cffbf2da7a5347ffa9869,reciprocal
0x75f7c46acaf35516a6d5559137dd3fad0ab403e7,reciprocal
0x75fc7efe3ba4a9a9a125b9ee4b20fdf093bb4f6b,reciprocal
0x76070dcfa7b07a3361716f9fc372ddde6be02bd4,reciprocal
0x760ae85e40a07a395d0c8fb83fdbe42827a7b102,reciprocal
0x760c1ab5235cd73cc4e142cc285cba0ff3f4f1c9,reciprocal
0x762025442ac304b8727c6ebbbbcd113477a51ba0,reciprocal
0x76221e0334d4751952bc458efb864641e93e62cc,reciprocal
0x7623d01df7f52692136ab865f1d7c463039254b2,reciprocal
0x762ffcf385328d40372d176c918d534c9e06a682,reciprocal
0x763bb187607402daacda15f81fe577b91ef1e483,reciprocal
0x763e35671b4e67f4cd036b66edc5265f1e68f03a,reciprocal
0x7649fdf3e689dd7c4200cdd9a17e1191d470c223,reciprocal
0x7658ec5a5b1b54ee38d78008bffc5807c56bb670,reciprocal
0x7660132484e72bfb1f74751e3e89d751a89499d7,reciprocal
0x76602587dbf31b1bd1c53a10ce02960ee028a151,reciprocal
0x7662999f2e522dff5f0c6914218e278d9dd70c12,reciprocal
0x7670dcbd00c2b2a2bcbea06d49202736e95e2a1c,reciprocal
0x7671365c9d1af14aa6acc8e601b512fb290668f0,reciprocal
0x76725a2f4c997069a5a331a044f5c7f3b8ed03a9,reciprocal
0x7672f051e11f9d6df3c79d4e2017de344ac3c3d0,reciprocal
0x7684116abff8bcea3a74bf5597c5528d0f673629,reciprocal
0x769e4083237e180fc7332108588df9fdba348d3c,reciprocal
0x76b1bae53c3f0383e20f12db34da93023e8e473f,reciprocal
0x76b40bfe737494830d2856c574ff4cdc98174c8f,reciprocal
0x76c13731a0d7fc5a0383bf86e9ef4b7b8cec3077,reciprocal
0x76cd70116c35f8c3de06f1d1840284e54e9c8325,reciprocal
0x76d14fec6496d5d4a0f4b4256ea538a698e2d181,reciprocal
0x76d28c44d7c5239068dd85e466ff1986d6efdf1f,reciprocal
0x76d5d847b2df928a842b47794a7943c3dfc434a1,funded|reciprocal
0x76d82d492d2b1616e11a25df4b87e9c3f162ba6d,reciprocal
0x76da6449d7a923e53c0bef11aee128335158656c,reciprocal
0x76e1fade1df4ea73a332b1c3789399a8bf8b4dd7,reciprocal
0x76e32c1b37158e656bb1826f98614d7417d73e93,reciprocal
0x76e43ee0d4951a16796078ef2935dca99c395ef8,reciprocal
0x76e545ebff9a7f8bfee30d22836da0d97c7e4ddf,reciprocal
0x76f67f8c720a93d29a060e2d433032c7ca6f4f5e,reciprocal
0x76fc2da6889f2bfb67f7b519aec70feee9c55df1,reciprocal
0x76fec33865a2d10222971c21176d4dc4d1fb26b0,reciprocal
0x7709c7025609412b0a2eea2f91a0e5ac4559cfc7,reciprocal
0x77216e4001e9910f7db1afb48fc56b791519f2d5,reciprocal
0x77227f59a0473cc6dfe5468cb8a11c9a9b5488d7,reciprocal
0x77263594cca386570454a6a888adc173b2f61d0c,reciprocal
0x772690d89ddb2dec568f37763f229ed38fe111ee,reciprocal
0x7742462984d4d9a91a385c0c50582a1772054cc8,reciprocal
0x77498b87524d65c9f0177d19ca386a66526978e9,reciprocal
0x774a65e7a09c53b49b4d9cc71314b0137d200a21,reciprocal
0x7756f1b7d82ca5dbf3e9ac61fdf20308c51f5f49,reciprocal
0x7757c6925c4ebdf98ad8913d0aa0a90cd6101ce5,reciprocal
0x7766104f8c44060c1a76dac88ccf3a56a90f4037,reciprocal
0x776c2afc95cd9af463bdae400cf595965920ce50,reciprocal
0x7777b84f3839e0609faca6402a070b399a52c00b,reciprocal
0x7784fb80b7a9be95a68a08fbfd977f0372ad2e98,reciprocal
0x779bc0ccbc8d8ab57b03b8cbde8ca2a37b8a90e7,reciprocal
0x77b572870a88c534424c45c5f2a1b465479d1eb6,reciprocal
0x77bfb44154d28e4ff3d35cf17e375bafadc7d122,reciprocal
0x77c34f428fe54367ce939675b127f63a6725721e,reciprocal
0x77cbed19ada6593f12de4f09014b5779b8257458,reciprocal
0x77e83823edd79d68bdb73f197bb0d8ac8dfe3293,reciprocal
0x77f1fc17f920924e0afe7e38b5080ceb5e29d0f3,reciprocal
0x77f279e1d2ba47584f16610e50dd6e39f7a043bf,reciprocal
0x7809610b1ba3ca8b3b96ecf302ec1ae4f1621978,reciprocal
0x781fee8ad55d512d9d6a2d621c2c718343e9125a,reciprocal
0x7822be6ef673a0aa41a3a304dc59c5fc3a146333,reciprocal
0x78287dd4265619306e21aa0311c46b9aa6ce462d,reciprocal
0x78309ce4326a9e016652a263b73ea9c069893ba1,reciprocal
0x7835439fc770fd8a1ad76fc1af9ca90d1efd6e93,reciprocal
0x783c95dd80919da1c7f07d493d405c0bfbb67ab8,reciprocal
0x784d80a44160e83c6e6dc417f9a6c32e95a2bb46,reciprocal
0x785a93978e863bbbf5df5a411d0fa67e1982b988,reciprocal
0x785b93a523ffdd6de5aec9bdb767d34346b632ab,reciprocal
0x786104ea8e47ea9188b7d9436e2bd26db75ff4d2,reciprocal
0x7862ef92874bf3578189a9130e99ae2505eb9e88,reciprocal
0x78673514a6374413703426a984c24ba5dd6cfe53,reciprocal
0x7872c948f7c8b5a3d47ba4370486462af9ccb54c,reciprocal
0x787609482807bab5afeb2c0f580f01ace8c58c68,reciprocal
0x787eb7eebb1acceb0bef25de72fc3d842b46d4de,reciprocal
0x789241603a9f0950347387671e04dff97bacc0dc,reciprocal
0x78964706b93e4e55f74d04bea26eab4cfcd9dafd,reciprocal
0x789bcda111dd1929e8b951e9f65798a1163cd804,reciprocal
0x78bbe1cf0d3537d68fdef67f1cf4ee7f4baa0725,reciprocal
0x78c0e6da606572f6bf2eb2cf728fcf1076823167,reciprocal
0x78c5308728a8904b21b3fdd3f62300caae46346c,reciprocal
0x78dbc63615e99633eb6069aa0cc3c6712606b40c,reciprocal
0x78ddfb2c74ab20e92f94ce8374be80f4e6d099f9,reciprocal
0x78e3760c86a40b1fcba64232885951b015c3cc70,reciprocal
0x78f7156aa533a06c3c9a14c590ec429522243324,reciprocal
0x78ff6d7ae6334ea130c71749733a27afa9dae7cc,reciprocal
0x7904278896077696792e7f5ff9e64a895f57b9d7,reciprocal
0x7906f8bb430b929adf7d18820c9fe43886bf4245,reciprocal
0x790ca77f987ebc51a9c2179c313313e341554edc,reciprocal
0x7912433eff8629a291fa0e6732cbdd5e5959a452,reciprocal
0x791ca4c764734f6ddc5d62217b3c0d02a6524cd9,reciprocal
0x79247fbaa851b2d128a0740bdc1ed6b1db38631d,reciprocal
0x7925567facbe48d75cf0e62d9e0c65d46f2b4c01,reciprocal
0x7932bc7d5d2b1d6f42830e960e6046b65b01bdf0,reciprocal
0x7943d2ce67b5d719b97ab7f2de84f0f01e465b2a,reciprocal
0x7959fdf83c4c69ecd55766c68f7f1c9647661b1c,reciprocal
0x79634bd10dc781c88b909e6cdef7f0a54db352c0,reciprocal
0x7968785468b422eea6ff6f7e4d3f0f1dad2839be,reciprocal
0x79694fb05b0927695d52561984dccca10d4e0137,reciprocal
0x796c67bf95b891e67a880f087163046dc46f2fd4,reciprocal
0x79728d3dcd65f9770864cb6fdd6000778dfe5754,reciprocal
0x7979d4951bb7cd07e4f4edb5e18f35350a4f4c26,reciprocal
0x797a69507dfcc85ffb1937519c8ad2ee725cd557,reciprocal
0x798249d6d64dcc7e210fa4fb70a6e3918e0a333a,funded|reciprocal
0x7983a3c13f792fa62904d13fd88feaa28b461ad8,reciprocal
0x79882fcead162863166f9cd9da5aa431af902932,reciprocal
0x798ae2ad1994013437709198a67f5800d17677a4,reciprocal
0x79928f72429ed58464d2e440fd721368fa7ff60e,reciprocal
0x799b959bcbbdfa212650ff081fb78037f19251e2,reciprocal
0x79b46cf1e777c07834ffc53c1b9006f998c4252a,reciprocal
0x79c6994129d2e5f1aea13f035d4b08498b34a078,reciprocal
0x79dc708621f7fbcb93b8f881c5d65fd40b851803,reciprocal
0x79ddb8a3c498d947e77a5ed11435eb2153a12ab4,reciprocal
0x79e1d4d01adaf0624ca5f64f051c643a62e08a91,reciprocal
0x79f97e072c9f3946c71d8e8f07e0091a408471cc,reciprocal
0x79feacdcaf06173b4b06ac5efd6fd09f9c2cb87b,reciprocal
0x7a0083bba14d51dadad229c3abc65eb846d4b1bc,reciprocal
0x7a05a7faca4b0c8784776c72e40be3be7f31d416,reciprocal
0x7a32d01b51a0a3daa22528cbe64ea6d3e7085bf3,reciprocal
0x7a3a433bf8a781b4fbcc2e83039620ffa8a7de05,reciprocal
0x7a3a8dc92b20d544c0c03f89e3d2983910293588,reciprocal
0x7a51776f58b42ee61435631038281a28ab8335e9,reciprocal
0x7a532b91afe18b81e3b262afdded5f9d06a16f2c,reciprocal
0x7a5687fe828ab939a16d461e6b63e421477c3362,reciprocal
0x7a5acada2bcd0a184836bf6b35a984d45a0094af,reciprocal
0x7a61bea3bd54292e91230f8ace204beb39b536c4,funded|reciprocal
0x7a641d17b063ffb6f4c15ab8b97661c534cb60ed,funded|reciprocal
0x7a71948342574c3c6aa3703fcc8db5b6ef1cc9f4,reciprocal
0x7a8170d28a4f63937dc683837e2c63d845ea0770,reciprocal
0x7a8b8454fd5765f3997fae05b7b35b9fac104dd6,reciprocal
0x7a8f4a67f1e9ef017b0b0eb98d998c1be4c44190,reciprocal
0x7a9027202e7d4f3aeb18daac943df3a01656db48,reciprocal
0x7a937ab629f5b4c5680049a3eb29e7aa541c92d0,reciprocal
0x7a9701704bd7f28c09735741317933943dbead42,reciprocal
0x7a9bd1d330926eb651e13d62e5f01ffab1af1b9c,reciprocal
0x7aa08b6a3e777f8337617bf05a2873778a814ead,reciprocal
0x7aa37c69521018b6dc6653729ea3d87dd0234fcb,reciprocal
0x7aa6a251edf6780fdc90524f66127a3a36986453,reciprocal
0x7aaf0dc27ca4536f4687a568043d0e1d143323e8,reciprocal
0x7ab32b344ab065fda1a845f41f822bffbac96e7c,reciprocal
0x7ab815facdcd99b30adb9cad5548711888c3096b,reciprocal
0x7ac8a1e83c6341d3c85f8dc24f4e2589e33f4624,reciprocal
0x7ad45da2cc4d07f5bf4c3bfa28dd586ebb444db2,reciprocal
0x7aeba860c9d11583a15a7cdd057faab92e222337,reciprocal
0x7af0f78f77c4f8368c964b994e721865e15f49f4,reciprocal
0x7afc623c7a27a0644406f1f9d0268634ca60fcc1,reciprocal
0x7afe1c793c1febb0718a131145a858c05b8e701a,reciprocal
0x7afe53b0752c503a0f8671fafe0463d9cb05f4db,reciprocal
0x7aff323400c65b40411f7d44b360a801ffb3ed42,reciprocal
0x7b0841414b4a928034785f7ffbefca27ac44df43,reciprocal
0x7b1059e4291d3c11396ac7571845c683153e6451,reciprocal
0x7b12eda0c16665351c5188e47426c05f374f6c8e,reciprocal
0x7b1463a083779dbf174fb102af9e537db3bc3eaf,reciprocal
0x7b291c0a610f0f7ce47345d56b6eaecbfe8f13b7,funded|reciprocal
0x7b30c923c78ad083836f0ecca3ed82b5c7f8a0a1,reciprocal
0x7b396c354e9bb7a14222ac503b539804302b03da,reciprocal
0x7b3fe0aaf8166621342c2dd7a1a719abdfe23d87,reciprocal
0x7b3fe9333e0186b3998805d1408665284b0bb11e,funded|reciprocal
0x7b47c1ed3a2de2beb99378b158b6525913b091b4,reciprocal
0x7b4e710b65c16aa1ac2655754f09eaaa3d1a67eb,reciprocal
0x7b58040201043e249a451ba11fc75938e92ea3df,reciprocal
0x7b6d208efb0b25224677e789f8867cfca74fbbb9,reciprocal
0x7b70584d6df050852ea40242b7164d6d9df0f432,reciprocal
0x7b81d5b94bb0ba9f3d8d109c757392b9873ad9fb,reciprocal
0x7b855c8c2bcc201d85a1e00e62145afc9f71d3e7,reciprocal
0x7b946f55e4b543aa3f950bcc84195105fec5c11f,reciprocal
0x7b94f2d4b7d013315d7e59e6287c6190e692b2b7,reciprocal
0x7b98d71bf929018fcba6ad06dc259d8dc90582a1,reciprocal
0x7bace46d140490cb8bec8e311077984a4d271916,reciprocal
0x7bafb7d1c776dfdbfe7033336b312063713962c6,reciprocal
0x7bbac3d298d7fe41e7e7ac9594fab57482c685c7,reciprocal
0x7bc18685d991cf3bc77ff4e806be0bc933c58c3e,reciprocal
0x7bc28a2c9c4d8d68348258259c8301f28b24b73c,reciprocal
0x7bcc382bfa37a32a5d39145188e3c593713d444d,reciprocal
0x7bcccdc78d28229a7250da6116b91ac7a7a5595f,reciprocal
0x7befbc1248f6bb6faaaee182344497705a586ffc,reciprocal
0x7bf13ee77a197dcb281bfa67b4bd450d409ea602,reciprocal
0x7bf2081957a892d79134cbc9d8dc33fead917842,reciprocal
0x7bf992b529ccbbce810499ee792d8ec8f7fb7214,reciprocal
0x7c03e617375c3e47260f22a1edb0a4be9b9d36e3,reciprocal
0x7c04789666aed9fd81dbe5fd3f19175380ec869c,reciprocal
0x7c085b7d89d1d2fe15816a86e08688db44c5c654,reciprocal
0x7c114502b91c82cb8e1ae7a70ee0560b38d99c25,reciprocal
0x7c123e75a330b05db331d431bdd4836ebd597721,reciprocal
0x7c1e9008e08d5eb7354c294eff6f45097f9559a7,reciprocal
0x7c2a20adfbb08adc47886864cd8440bd5665df38,reciprocal
0x7c30629f83f4f6abdf5ffe04368ccbeeddecc244,reciprocal
0x7c31f8ec95e5a5b457dc911ccfae260e041f390b,reciprocal
0x7c439b1b6ba120883ebb37d40b0cf1cc55ee78e6,reciprocal
0x7c4eebacf08c18d640f49f4192f78870eb9ff46b,reciprocal
0x7c6fec6f076f6431de9f38e848842e9708fe6695,reciprocal
0x7c7663599909ea3aa59695f65aa444efa2f64a6c,reciprocal
0x7c78717c38261f78782682b2fcae9d6d35f5f126,reciprocal
0x7c82a55cf82e709f328d2cbce5e9249c85a93ae5,reciprocal
0x7c854297a56a0971a3106dd6fef9381fd81f518a,reciprocal
0x7ca1538b6777514af49ea8fdeb5e39904e676532,reciprocal
0x7cbca0850b37048fd5eea8e579787720c29aecd0,reciprocal
0x7cbd11e0985189d84ac9a3b0d72ba247b3d85d66,reciprocal
0x7cbfbf520f9dedb784c5232daa40d8193cdef435,reciprocal
0x7cc8e89cccd3605f873279da05473e76ea822e65,reciprocal
0x7cc9a31e26e4ec4b7b333a7870fd72ce461cf1d5,reciprocal
0x7ccaf3e3ec2ce9ea764e64d265865f1f8d887a6c,reciprocal
0x7cd7b3ea2fb2ae0683dd9d3fcc536f2322e4fe72,reciprocal
0x7ceadc410d6e725c73780943026dfbc7b8f96310,reciprocal
0x7cf484a971af17122df662ef6724a4bbcbaea8fd,reciprocal
0x7cf9234151c286700c10bf46ab0d253be17bc8fa,reciprocal
0x7d07f25efe2290ef2a9439f233452cb59139c1ef,reciprocal
0x7d0a3278a0f1d48f51d59a926cdfcc52bb229e15,reciprocal
0x7d0b0dc343f100279a7d058b477f063985f0ef6f,reciprocal
0x7d0d2ec76abe7e4a0356205e926000fd09f28ee6,funded|reciprocal
0x7d124bb65d1fd820f3228e1aa674d255c2b43086,reciprocal
0x7d1820b43198861437b7ee8c372338933902b0d2,reciprocal
0x7d20c5e7bd892aabee66bf8fbbc50534bccb64c8,reciprocal
0x7d28499d0ea2b248573725874cfc14a55ae10f59,reciprocal
0x7d2fd059e3a424cc3a5efb8dbb7f0594415f6236,reciprocal
0x7d362bf1e599712e1e5847082aa9aa6cd8c065bb,reciprocal
0x7d3e54261589de8eba4471fef95e24b3acc78d27,reciprocal
0x7d44a7d3391513cdc7fe77790ff4017152d1f6c0,reciprocal
0x7d4b8e767ac38e2ef4877224e08e00fdd7b354eb,reciprocal
0x7d4bafce943c8e7b3993672f2fa73b982244ea69,reciprocal
0x7d4bec6ae1d6035796dec1021b65b3cc1d68d2e5,reciprocal
0x7d4f6f9d5d1e77c7a30f24c59eb3339583b63097,reciprocal
0x7d5580904e01415ceec9ca17c9a142bb5f87fdeb,reciprocal
0x7d5e438f2b6e9c43d93d8b7017afa7a5760a225a,reciprocal
0x7d5f239ec630ad6f6933529f80dff3ec74b3e940,reciprocal
0x7d671b7cfc235eb2a119e1328d29198151592dc5,reciprocal
0x7d7d28603c8fdcc4ebd67691b00a0517eb96de03,reciprocal
0x7d85d07e01605dd8e13eea3793b061bdbe3b13b1,reciprocal
0x7d865f350cde8c9056a92a2a8089c7c7c8a09d51,reciprocal
0x7d960dc174a5001918cafe1d62d04fd25733c989,reciprocal
0x7d9743684b1997c66f2cce0bd7e274a07772e01a,reciprocal
0x7d97a4584ec4342164f5677eea59450b1fb73bfb,reciprocal
0x7d9a95c46d50231016f12a79c5bdea2936570b05,reciprocal
0x7da0be32c8948833363740c56224bf2ef3983e62,reciprocal
0x7da43072a42a32922fd96b0b8d810ebc28cbfeb0,reciprocal
0x7dad3ba68ebdcf79d8f45d7674d05698ed8c68b3,reciprocal
0x7dad3c4b635392fcb2d43b740ff1cc01934300a1,reciprocal
0x7dcbc110ab4e359774bed1b621c62e493c01287b,reciprocal
0x7dcdf50e9c5be73a963180206c51f04dff884a2f,reciprocal
0x7dcfffa0b9da0fcdf6bfe6f6884324f7a6d1ad98,reciprocal
0x7dd97e09dee8b6915f2b8de14a5ce9537c7022ea,reciprocal
0x7ddaf1d16efad8ff8fe7f3ac88e7f9981268805c,reciprocal
0x7ddb5b56c821858b904cbb8875660e31adb20151,reciprocal
0x7ddcf248e4b60ee15ef03a836cb61db3dcbddcf3,reciprocal
0x7de2d94f9bd93ce8fa2eed8e1821e50a0e15cd90,reciprocal
0x7de9fc6235de82f610041f402f1d6c1d3440379a,reciprocal
0x7e03ba731ae8be5042ca2eca1d4bb709abf0b66f,reciprocal
0x7e391bf6e54b1ef006d40fbddbf921cf55ed9cfd,reciprocal
0x7e3e3d1b37f6c271c67c88b3c51b0c6ca12b5273,reciprocal
0x7e3eca1f0fdfa31918722f0c6e531bdbd54311fd,reciprocal
0x7e429d2573fb0249f865b2327cc3036f9adad981,reciprocal
0x7e46f29b7c570840e8e12fd5574bae8230c75994,reciprocal
0x7e4c4f8c9f58d1ed96ca8787b332fab1043e9a6f,reciprocal
0x7e4c63d06f4e510a52818ed48be2db1f882a1f47,reciprocal
0x7e6d42e6cfb67374646508c4bd1bfb57396ec9aa,reciprocal
0x7e72c8cfd8b587236b3cdfd9ec93300698296b36,reciprocal
0x7e7c1bac7ef59f70272bba4d87bcf18332982b6a,reciprocal
0x7e8407c8891ab064f7478b57a26eb6e47602f87e,reciprocal
0x7e873992ac4658ef9296cd98f3823c44dc60b921,reciprocal
0x7e89a0bb07a0a05ec8301d68a2d578ac04f4d669,reciprocal
0x7e8bf581c52737240e3139d2bac0d5af329d3d8d,reciprocal
0x7e9461fc4b90a79ea3f256fa7299deef86a753d9,reciprocal
0x7e95fd1140a94e193197c8d61bb5d800a9dbe265,reciprocal
0x7e9cc4dc86bd696391d990b1d768001a162d75f1,reciprocal
0x7ea14669f859649d36781a7164c17302f3ce4c61,reciprocal
0x7ea2931dee1712b93288febe67119fafaa8e9eb6,reciprocal
0x7ea3744231b5cbd450975ea77f7f456b4ba3500c,reciprocal
0x7ebb280ec1032552c32720d73bd7d4c6a809c780,reciprocal
0x7ec321fe9c8b0cdc655549d13e5767662714550a,reciprocal
0x7ecde844b51566ff88ba247a19221b217c6aa7c5,reciprocal
0x7eda00706b317027d0cb153b008c6bc98e143f5b,reciprocal
0x7ee3b99a50bad9e546b0cb1cb206ca7b6d1ea66e,reciprocal
0x7ef7bd6eabc3f05664dae1cdd4c649b6e0b9d20d,reciprocal
0x7ef9a088a1e6f666ec9e750b3385380da5dd8b47,reciprocal
0x7efefdab42a94d350546985d0e31591ba9ffa8af,reciprocal
0x7eff2f39a7a3499e8a992909b80418986b51681c,reciprocal
0x7f058a72572460672e6ea258afde88c1558fa519,reciprocal
0x7f094e0945c443fa31818554eef4c3474acc5ce9,reciprocal
0x7f0ba29b1d890dd4b96a09e944edc556a1859b16,reciprocal
0x7f0e79b1a7e952512790b7d23bb1bdf7c6a566ec,reciprocal
0x7f1291ca396239fae4f86b6264fa60dd559d1b2d,reciprocal
0x7f17752f229af7a33a0d65cdf1a9647c5739c2f9,reciprocal
0x7f1e05223d347a6d818e4e0f3897d7135dc5ad40,reciprocal
0x7f1e813f55bee5293dd66e630c06733d87af39fc,reciprocal
0x7f219652fa3bde3d5c0cd30f0c0cfd87dfc4c605,funded
0x7f2fe9f6bd2dfaf7c8435e6b6332804eba7203ca,reciprocal
0x7f3364b0f54cb44d86441fc6aee945be6ef7061d,reciprocal
0x7f3dbd17efd39b8426ddebd83969142217ac8d52,reciprocal
0x7f40c8f34e7bc0cab3718332735c1eb643c84a8a,reciprocal
0x7f46acb709cd8df5879f84915ca431fb740989e4,reciprocal
0x7f48a02b551eac2d8431260227ebc19c8eeafa50,reciprocal
0x7f4c391238f1fceeb13fe4ff7fbcdd2df0df2a75,reciprocal
0x7f5b4f0e013c6174937efd02b751ef22ad9a26ed,reciprocal
0x7f657d34e5434d8e8fb61725a71c0fc15c28647a,reciprocal
0x7f741f4cd326d0ab6eefedc9537e76a11b7272a2,reciprocal
0x7f74ce6d34ee0180f0217a16ce05f3b91272570f,funded|reciprocal
0x7f789ae90d8799fb5f4632c949e6e97878dea927,reciprocal
0x7f7baf7cc2bf793944b424ee1bcaf4c6785fc30d,reciprocal
0x7f80b26e5f64fdc28268d4baee60606582332478,reciprocal
0x7f97574e31e928ac5e051826969a6fbf8ecdc598,reciprocal
0x7f993da80fd2199e73fd177c60ec6ea2ff9c649d,reciprocal
0x7f9d1a879750168b8f4a59734b1262d1778fdb5a,self|funded
0x7f9d9949b80013bfa50b4cd281e6d4aacc29ae6c,reciprocal
0x7fa9c3198f8095a83a594603dbebe9639fa78556,reciprocal
0x7fb96b1183234ee7cd20e2fb8094866d8a4967db,reciprocal
0x7fcc258a37e98473e135fddfea28f8b04dffa09b,reciprocal
0x7fcd0c3fa3235352a965dedcd610adb40fcf2628,reciprocal
0x7fd421c6d200279a9935200a9c4b6249ff5ff260,funded|reciprocal
0x7fd87768c889ac1989223a3a269816fa9313ca1a,reciprocal
0x7fd9b60eb058d4b143d90480af23808c4e81af55,reciprocal
0x7fe97f4cc48c17d448f1246c84d5be0b0b72ab46,reciprocal
0x7fe9dfd4078fbbcabfedfcc1423a38bdf0736be5,reciprocal
0x7febc34f423838edeccd67141634e4aa1e8b691e,reciprocal
0x7ff3953852d940290e62d87f32853dd99045b618,reciprocal
0x7ffe2d72104f46b02ffeeed30366c03f5acf9cf0,reciprocal
0x7ffe8e962b8f1ffb1fd28889b9d4389ef3632ae4,reciprocal
0x7fffd35417ff228cdbb1c973e3d4d47d836714e6,reciprocal
0x8002f20a14c2a3b6e9102a4d298c32245e4effcc,reciprocal
0x800ce44d6c485c5a1efaae204e23f621790779e8,reciprocal
0x800d40ee01187380a854619ce397186f4a3f3f2f,reciprocal
0x800e261a0c3c1f6397097900772defbd35225877,reciprocal
0x800e867bbb41b61d4652b022de04f5227524687a,reciprocal
0x801108ca1b7caf261d2e4a11e7701af7cd377e8a,reciprocal
0x8011744bde98a72126a4b5d1b7b9624b8965c86b,reciprocal
0x8011e7993b472833ddd26ad773f3c514f3d2de35,reciprocal
0x801e96219542bf6c275edf78f9493d0cd63d8caf,reciprocal
0x802090ea31f55f033d5cc47c378f7e77c2c06714,reciprocal
0x802af40a1a01b2678fa0c86e6e6b5dea72c646b7,reciprocal
0x802beb6d0f256c1cbc185d7c11ccaf7bdeae0f20,reciprocal
0x802c68abd31e1be5b43449985d6ccaba7970917a,reciprocal
0x803610d940a700a080ab76646b9b6a83a13cc0b8,reciprocal
0x80407a4de7701c4db243cfa8d229b0bba1a6eecd,reciprocal
0x8045ce5ba406784c3b34adeb39e7331d2e96f032,reciprocal
0x80481438fd50c9ce2097a24a0930e913a3bd3d73,reciprocal
0x805481e109ce1d7d66b96976a7fb080c152d9b7b,reciprocal
0x805e92603f95d2e37334aec9a2502115e56f7742,reciprocal
0x8061b3d965a2fe5d0c1a56388bd6ef5d779cc430,reciprocal
0x80740d6d970ec62e3db3ed06ac0e6e4ac4e0e89c,reciprocal
0x8081a5d7fc9a0721559f9efceb8540e637f7423f,reciprocal
0x8086006ed4e28df650ec5779d66fdb6e5f646e3a,reciprocal
0x809af6ec828514c8447f49583a6e31e52e1daf7e,reciprocal
0x809d31efc3369cb82fc36d867b04035459ed9e41,reciprocal
0x809df1577f593e48aff4e3ee0e6619a710708ce7,reciprocal
0x80a37531905a40f6800249ff3b49ea02ca2ddf0c,reciprocal
0x80a5571ff8c832aabaee9a8901a6ca8f3f16d4de,reciprocal
0x80afa324e6db237c7995a41c171b2cfe3659de53,reciprocal
0x80bc94ccd6ac3bec0011486a45525d69c9d42a76,reciprocal
0x80d858ab622dfb9127de298e07fb4d527d32b753,reciprocal
0x80e00d9fe810b2aa8ea2ddc3e3c2e698ccc65468,reciprocal
0x80e971fe7e06e12786fd5d256198bbc2492bcf05,reciprocal
0x80fbae2ef6c11ba8aad07c0c714beea8f5bc4221,reciprocal
0x8100b75beca5d078716014189020f9150407b558,reciprocal
0x810c42b79240d4af41c0e2b934462be9862f376b,reciprocal
0x810c59345596a6f33343100eac39cc9b9bf4a20e,reciprocal
0x810e0cb31a184926e56616931380ebff650dd0a0,reciprocal
0x810f5b5783daef374c5e6e62bad2e1bde09239ab,reciprocal
0x811d5e607813324802e6fa1f80c089a90273ba3a,reciprocal
0x811f44428f45f78cc0d8cc1b7c87fa3ffaf56050,reciprocal
0x8136551e4c1a7c0ac3430b50a37e283444485587,reciprocal
0x813957f66df1706802e5fa585662e6176e7afe9b,reciprocal
0x815051312657107bf3db2d62f5cf758c3bb32f54,reciprocal
0x8165fcbab3b8ede59bb758810066fd549a4ce566,reciprocal
0x81713559220af6323ac3700847f83d5ccc3beeec,reciprocal
0x817349dc91aa7325583d704188c44d7cedf80fb9,reciprocal
0x8179bdc371638c57d655b862f4205e868d3791d2,reciprocal
0x8187b08e60e281e4c206f659293f43954ff5bca3,reciprocal
0x818e43935d5fc0ffedfe9c4e23052a05797efb8a,reciprocal
0x8192e4f526a4b41d9ae42072b2c55e1e6d3ce98a,reciprocal
0x81945075e368161dad0a3ec0a774e058c05ce4d6,reciprocal
0x8199d1de78029d95917710fb1ccc5db3ece1bcea,reciprocal
0x819ab7dc3982b34499a422c4a684279e18220d01,reciprocal
0x81aac8f37063e752e424f793fce4116575847e1e,reciprocal
0x81b048b80d849ba0b4da1ba8884863ee538310ea,reciprocal
0x81bd9d4979ca2f627c3ddf4aac117aa7d18ba564,reciprocal
0x81c9d0a93cd494c5c8c5d27e638c0c766f504a0f,reciprocal
0x81cb3ee2bcc4c071ebba6b0339d3d19a1834319a,reciprocal
0x81e745e56e2d41352c2d89aabc91453fca29af88,reciprocal
0x81ee734c1eb6962f9fc85753bcd90cb32e3519c9,reciprocal
0x81fc0cfea22a4d051fa16fd9f26c4a65f87dba26,reciprocal
0x81ff2dba5aa17dbfb6eb9172677468729574ab28,reciprocal
0x81ff3ccc66eda2134343ef8e6dea7694374a9f3d,reciprocal
0x820c9b37328a687bb87c06d72694eade6049fbde,reciprocal
0x8211c25aad6085f6f20488ec4658c81b835ec4d8,reciprocal
0x82153bee1d456d349172bf85e4623b3f480667fe,reciprocal
0x822f5d699323c2d2d707a419ef3de30b9b2c84f5,reciprocal
0x823358bde28754a5e4cf57fb92a8046d38254391,reciprocal
0x823d103088e10611ec93b3c52c9d94a6197a3735,reciprocal
0x8245b6f9d7adc7ea42b29f3f8e6379a906445bfd,reciprocal
0x824d255669de23ba1a4e44643a9325677681fd0a,reciprocal
0x824e4c82953791d40c76960b17e52a3f3ea25d83,reciprocal
0x825e8977cc9c4ce4fdfa47c3ad7a7de5194e6a0e,reciprocal
0x82681ffc1ead183fa89cdad6cbb003b9d4363af1,reciprocal
0x826b1853a3884b1c6c41011d7c45f1368c40422a,reciprocal
0x8270498369ad1028512a521004a7a6bf8edc10ff,reciprocal
0x82844f3cd719ab691661eb3be1a5ca55315cc932,reciprocal
0x82847f88d6a4de4f380bb9ddabde7c4b20ff609b,reciprocal
0x8296fb44d3fe74b5c9f1a8278380ce6bb25f95f1,reciprocal
0x82999d082f3a9435587db7ebaf23637d4a472fef,reciprocal
0x829a4c33ccbf838a00369015a76720b3ba141238,reciprocal
0x829b69d42ca207f5aa59c82b505e221902747f28,reciprocal
0x829eca3cf79290ba493fd8507bf6411cb1c40ce9,reciprocal
0x82a3a174d5b1e278175f1111332428eba16a32b7,reciprocal
0x82a6080f45a7309bffcbb73073a6df14efb7bb51,reciprocal
0x82aff139483c009ecc2307d80d4f0f3310058c49,reciprocal
0x82b4f916b590d92e2900825c392b0c6e5c8abe1d,reciprocal
0x82b664d16a901475b42375142cef391a3a58edaa,reciprocal
0x82bd01d5c929e89dee21180533b06d52b80514cb,reciprocal
0x82c4113475e36f26388513463d03d31d00e22a20,reciprocal
0x82c4c9e754bb2cda1d4fb0c43e8c5c9cfccdf6e5,reciprocal
0x82cc34abe0c5915cb535d030189d1101798eab2e,reciprocal
0x82cf00c67a80dc5cd3974f2428e8fe08c092ecf6,reciprocal
0x82db6713c0271251a939d12706194602938d2e49,reciprocal
0x82f8167f0d1b42595d3428593b48e84f3d466749,reciprocal
0x82fdb23dc94f9e68f61ad4bb372c23325684f109,reciprocal
0x8301c6c6a2c551434e4b15ecf621f472b50115a4,reciprocal
0x8301dbcf7189ce45aa39ae523809dfd405e53d24,reciprocal
0x8306b441366676d8428c86ac007cc20b324b8600,reciprocal
0x83091c9f879aa5c4689cc217f37b9854d2b32a66,reciprocal
0x83095cdb3711360f676780d2c5f8a7ef0b8cc52a,reciprocal
0x832b123d73ed4197d382a43642b50c4a32503993,reciprocal
0x832f4b8005cbbe7ef407af61e6615603a4351940,reciprocal
0x83334ef0c6f6396413c508a7762741e9fd8b20e9,funded
0x8339610f0111e8b044beb1ccf4225dbc259a46a1,reciprocal
0x833a529af1cba464ee9decc86c50492813e5315a,reciprocal
0x8347637f00f0780999e9f16604b70b1fffeecc95,reciprocal
0x8363a964a7c3fbdf599223b5bdaebf96e6809e46,reciprocal
0x836a366ed8b2b173e89d4d0073ff771e4960122c,reciprocal
0x8374d7c4f0d30aa5ca6c82f012d69b2d5abc62da,reciprocal
0x8376279598ad64bbb6fac850bf451489f2f64e37,reciprocal
0x837e1951edbaf3945e9b35f0a3abb5c6cdce37d2,reciprocal
0x839dfa7ceee91bd19c0c96cfb574989e52cde230,reciprocal
0x83a5053992dd81464b41f8c54187973939833a34,reciprocal
0x83a53e1e468b8d76479a421a898b3bc6998d17cf,reciprocal
0x83a62ae0c37efa41ea95c01663ca50810411e63e,reciprocal
0x83ac72ceaa3a5b7d43c436c715aaa4711fa3fa89,reciprocal
0x83af459d3c863c991705f5c3692ea18db099fc1b,reciprocal
0x83c80450e9dc2b2591b250e74fc115f9789ed8a6,reciprocal
0x83cc6f3ece6afe90d149272426ba9050b2f6f21a,reciprocal
0x83f2251e88a80d409f9ff9efab2d12b0660d97e0,reciprocal
0x8410e6fa0ee2af99408bf4e4887115b66049c8f6,reciprocal
0x84166ce7d35851da5c262c7dd86ad3dcd51525d2,reciprocal
0x841b9b5fe8722070d5585f227b57c889f78d6b84,reciprocal
0x842117832b8a6aec67e70cdce23537cfa654f151,reciprocal
0x84277ad2cfa46a7d65cebf49965b1f19603764c5,reciprocal
0x84335def78f1e21dddbae9bfb32b8285c579c4cf,reciprocal
0x8435262f9f9ee260bc5725f65a4537f8ab720d38,reciprocal
0x843efa26afe068d75262996698e884f95a5e5bdc,reciprocal
0x844b2f6ceee3014e4700666210fb9edb412cb034,reciprocal
0x845423fd2203c1bb467ba3153f2fb91e03baa0b3,reciprocal
0x8460bb94537fab3d37996e969f0676e9bcbfa4a3,reciprocal
0x84669b38c3f4b31590e9f1850d1327c31763e111,reciprocal
0x84674eb77e86a6c93bd990597214b535acffd255,reciprocal
0x846a5c87f8844aaf01bacd958318b7bf0967b6c5,reciprocal
0x846deba1e476a0d37cf26967d4a1242565067432,reciprocal
0x846f7ed6a09e026abf5064f6ba9c06461e6264d8,reciprocal
0x8472e3cc3118287ed6fc88cda90a2186ee2490a1,reciprocal
0x847b5df3311c4094991c957b874796ffb68a694f,reciprocal
0x848743da076a69c3fb412a2197b03ae5b39b2995,reciprocal
0x848dc5040f392f87150b8fb8a05794114b68d5a5,reciprocal
0x848fd4f7824787ee58c4c6133b9f6afc4f0e1db7,reciprocal
0x8492141f3e1e948114e1cfd272ce35ba8aa16650,reciprocal
0x849cff7a3554906ce800f700a1388aa5f99ba945,reciprocal
0x849e7885bd0fe687674713b3a34da3690b9e5c49,reciprocal
0x84a0207aa46d04fa45c7544effc1dfdb26df24f1,reciprocal
0x84aa5be858e98a8eb57ef79c68a9557082a8bd0e,reciprocal
0x84ad62fb34e7d29b76b737d8243a2f7246f623e1,reciprocal
0x84af354752d1df4bf95ed339ed85f452db84c0e8,reciprocal
0x84c12ad7fcede964bbac87a2fefce11705959aa5,reciprocal
0x84cebfc5a51eb7896cdbb6b393c549bf8aa79e3f,reciprocal
0x84cef38067409df1abbf13dbb4da71bfe5a33c50,reciprocal
0x84d6a9f49aa672fcafb07cc7dd1186f7c4222941,reciprocal
0x84dd4f0d6dffade11554b775ffbdcfdc58a17f63,reciprocal
0x84dfb12c003bc89d0192e3d8ece6e6d4a9568c0a,reciprocal
0x84f47655f67188422aa70244e8aa2fbd130c7a12,reciprocal
0x84f5a53e2243ba9d9be927c1ed3cb4dcf5906231,reciprocal
0x84f6ab15818e956a5bb0d7a3cbabb4bbfe4abb9c,reciprocal
0x84f91f06937de1f03e37c14f8439b5e1bae13fc1,reciprocal
0x84f9c4fa3266bf097a470eb870014d134bb208bd,reciprocal
0x84fdbcdee54ad44fb36b656f852b78f504a79be7,reciprocal
0x85047f17748e38b969b4823037ba8e62d7443ee6,reciprocal
0x850c304aa244b6c776833efe91fc84108985ed1e,reciprocal
0x85193f6d0b86f72a9b3e8ee99afc802c7b1172d7,reciprocal
0x8527e4314233539af7904cea439d80397a94cae0,reciprocal
0x85305a5b73baf7a9ad34d1c0bfcab12609ce2b88,reciprocal
0x853d73d93ef02d641acc9c8c8f6e93ea11e07b99,reciprocal
0x8540d35a256d119ba4268d0228bc2a7fafedd131,reciprocal
0x8549a2b577a4be27ab169fd956fbe3f7cc6ada83,reciprocal
0x8553f5a4a38d0726b231111c1267c7ca8b4bf8bd,reciprocal
0x855589578fb8be311c25759334f17d4a346b8e77,reciprocal
0x8555d01066f596eede81aff339b14635365acf69,reciprocal
0x855a0a8cae153ce6f761bb1a695bd0fc8d59eb32,reciprocal
0x855b384f40b6cdcc00df18c693697febec333af0,reciprocal
0x855bff6fc0d42019c916420e2c82e8c0f674f441,reciprocal
0x855e22e3610fb373e1319e8d7448233b02a27136,reciprocal
0x85626a1d09e650e3f8e06efa9a01d4117cefc8db,reciprocal
0x85684fe4b513a069d89e2c1cae3668fab14744dd,reciprocal
0x8572d1446a22c593680e717849e285dcd903a184,reciprocal
0x8576edd9ab343ed5ad3f6fe9c65ead3f45d2c510,reciprocal
0x857940defcc75244290d7ec735061ea85859db0f,reciprocal
0x8584a46d81c0c0f8f8d8c22d84fe85fe3f9b265b,reciprocal
0x858a24ff21ad44b12d98ef8f2cdf208e81a2c8f9,reciprocal
0x85a0f7d19609a95d457f1102a6368a42d2eb3897,reciprocal
0x85ac20901afea3c02d952ed1aa672469bbc24cc4,reciprocal
0x85b3777e0c08067cc1cf5d1856fe33f803adaef3,reciprocal
0x85b49b8c92dabe77808ffd0ded54c0bb8a5c1c60,reciprocal
0x85cf164d3963539b3041fbb5c1fbf4b4e4e8dcf6,reciprocal
0x85d180329a373b5cbfc29ab57a16622731b48e98,reciprocal
0x85f13aa302762fcb6cd49f96f505f976ac0f3895,reciprocal
0x85fc5d22b6214901bd3190ef7347ac66f803447c,reciprocal
0x8610516e70e1e82374848783cf2219c04ffffa40,reciprocal
0x86134e524f3014e8936cd818cf18490a3e6099d4,reciprocal
0x8617d4394ad3ceb3b0841304d9beefcd5e677030,reciprocal
0x861a6ec78cd117fe61400035e0ac7b961dd7e661,reciprocal
0x8635bd83a66cd715caff39d2e7e088f816d16581,reciprocal
0x863dc347b23d795546719b366d93278d738b49bd,reciprocal
0x86424a033ce93cde215e4eca56cab9c8e9c1be76,reciprocal
0x8645a22bcf8fd6048dc6faca1d4c405ad7aa0202,reciprocal
0x86484a8c1084646cc642132570ad507e0d64326a,reciprocal
0x864bffad61c528a305e08a3d58afcf3cccd3c894,reciprocal
0x865996bd65a1091c0dfcd501028d7aa0f46c7352,reciprocal
0x865e99aa213bfd98b3730710fa42b3ff31056789,reciprocal
0x865ec904a575e671b7c0f2f9a67bcb6af2c50ad7,reciprocal
0x86753f789ab86d3adbe006fa8251a0511206727b,reciprocal
0x867ccdcff75a5032e14a2eacc131c704d39b4a09,reciprocal
0x868333bb2b88d1b98abdf51a24ea78fea1dd7d30,reciprocal
0x86887e570e2046c8df6f99d61cbcdeeb6ee54870,reciprocal
0x8688b37d4035e1bf8d2041c6782d48f309bdf45e,reciprocal
0x86a27e5927615c7dd86c56d51cebaa54fd7355ac,reciprocal
0x86a6354b54f5e6d277ed397399fcb80909da25bb,reciprocal
0x86a6cb5b6fd0dce94d2f7d3ab5f32211cb6a0f55,reciprocal
0x86a866a12f1a201031933d22ffb84b12253ab36f,reciprocal
0x86a8a0a31fd6dc41db29c87c6112f80cddd4b96a,reciprocal
0x86b1821b7631c83d4ba0cadb3ef45f7eea280f81,reciprocal
0x86c2610c572038081fdb7c6d20cd32a0895ab81e,reciprocal
0x86c959f072e9b4e97a319f611a72f99540289136,reciprocal
0x86d884e4ffe096efc77ea494b41762ca2204434b,reciprocal
0x86e232dd59d7eb1e8d0b33cc0954de9389b6b73b,reciprocal
0x86e6ee0e403c88ec00490b029fbdd5cb057d0f3d,reciprocal
0x86ecfd84292ae679f41cd10d0ea23808744ed2c0,reciprocal
0x86f832720e90e83f232c2d7835631553585c39e4,reciprocal
0x86fc8530bf16cc3743051b3f42d660dd3e378dfb,reciprocal
0x8704f0054ae54e2c6666942d3e84f6851caaa275,reciprocal
0x8705b99d430fd5b5b14285874387d28693190b9a,reciprocal
0x870646764e926a788f3e15f55f8ed4cc4b0346d5,reciprocal
0x870e8e16839a51ede63411579f3eab2b0c3b0ff1,reciprocal
0x870ed3a7e3662bc4c4df81711f39515e923d90e1,reciprocal
0x87177537c384aa5fb4cff0c56776dfaf7bfba69f,reciprocal
0x8719f4946487cc0bfe8b29922407d8cabb055712,reciprocal
0x872718ac8033bd6a3ec20f944e00ece9ec47c19a,funded|reciprocal
0x873b1025f17d5aa11b465140b6bf695f54fe1b93,reciprocal
0x873e46db0341243b3c919d5de76f50175a68112b,reciprocal
0x8743695c42bb9a9a98d0ccc4ea4b54e380d7210f,reciprocal
0x875170d1c6ebf2c1d8918e782b8283e438aa7404,reciprocal
0x8755a2faf86c9e3758450d703f8bbcada343c62e,funded
0x875bba9e4e18830a74a853f65fcd2189096463c8,reciprocal
0x875c8dce5a28fa8d5bf49136e96fd4aebfe09202,reciprocal
0x875ef677e84d8e7c083b43c15dcbc7a6cc0d327b,reciprocal
0x875f9acd3d2ceb9e184a372482f03f2fd3874434,reciprocal
0x87686bd7dd77531eae65a6cbb30394fb6ca3179e,reciprocal
0x876bf14d3b856f665e111c3c13a53afe8ceb5efc,reciprocal
0x87862844221bc3f922baedb206ae8cf63a0d8a01,reciprocal
0x87a0db26880c12833fe00959b4c5033e85c27a04,reciprocal
0x87a617d3d7037d76baf153e5ae4f67fbb92c5505,reciprocal
0x87b0f7c83de15d5154dbb178cd88b05808d52c36,reciprocal
0x87b7cc1050733081fc0efbc10664d2addc0a5a75,reciprocal
0x87bae666bd0d2cc838e6f77af9450f812ccfafb9,reciprocal
0x87c2ddfceba9e45e305eb975bff6ac13eab38749,reciprocal
0x87caed4e51c36a2c2ece3aaf4ddac9693d2405e1,reciprocal
0x87ced99bf885f4c13cb00c1715c68638d7cb9b43,reciprocal
0x87d665f1550a587eef9c1106ba66eac86801704f,reciprocal
0x87e6643e2ab10d257a39762bd0130df3ab086341,reciprocal
0x87eaabef2d127d4b46fb9504f5df9f9ad1e892fc,reciprocal
0x87ed2db943b0d9ae42fc0b9bfdfd8040bd78b7f5,reciprocal
0x87f5157066d92db79b5f72c596b660a129808bfd,reciprocal
0x87fdcf02e5862dc9fc51e304145e0ee5c4eada56,reciprocal
0x8803817f9b075a78ddb4370b55f76da6b7df8409,reciprocal
0x880eae2ba5c2ca395727ecf9d3e5c97087ed97d5,funded|reciprocal
0x881103ea1cef8f8434c68eca099ce894f42ad64e,reciprocal
0x881229c778d0177df95c6d353ae4e2cea6d73b86,reciprocal
0x88159b42d2cbd6705ffc5bb4e7aaa842c77029a6,reciprocal
0x8824ca859d3a9abf3c983820dbc42768704d5da6,reciprocal
0x882b3b38835c5d2799b87b8e50ec5986bec06005,reciprocal
0x8836784256e41f77e9fd6cd763486e170fbb58d0,reciprocal
0x88394bf5fe466131ff4bebfda418d41ab2c92fbe,reciprocal
0x8845db0d2a62521d5d5e5246ec5dddb5d328a5a7,reciprocal
0x884c9b283072263d1e3066dceaab49e0106f6bb2,reciprocal
0x884e06fc97f6c77b656dab4a3f711550b86081e4,reciprocal
0x885d1d284a28f2ebb7c1f1fc5e093082b4936cf0,reciprocal
0x885f165598347db3609900c8268645daf770580c,reciprocal
0x8869b5634dd3bcf741ae341ff5d9c5db9c4a13ab,reciprocal
0x887a9f0873d48d9cdcfdc003a9cd8f4c6a4eb027,reciprocal
0x889099b947058c7be00a3b08a925765f425384ed,reciprocal
0x88a0f5b92570c5493abe78f879e38a280b07db71,reciprocal
0x88a51037bb711fce79ed9faff9529862a3f2d704,reciprocal
0x88a5661d171850b1a4ff37ba689b2bfa2576542f,reciprocal
0x88ac5fff44e27e9849dcbc8a6ade2f2fa67dc919,reciprocal
0x88ae6972bc61f0851e3843614987b798402f9d48,reciprocal
0x88aee1537b8321f560355a59329c7ba36c47753b,reciprocal
0x88b77ce1d18082f0384dbb2b1282e4295ae8609d,reciprocal
0x88ba17ccffd3df69e021b1fe33c5824a45927cf7,reciprocal
0x88bc02f82b9362a9ec7bc39566b7280ebbc740ef,reciprocal
0x88bf4e6277f4d54624b6760e6d6849a25aa5130d,reciprocal
0x88e6a81d53f94a2d5d623536aea166bacf17e830,reciprocal
0x88f2c900e5af5ae26c372c5997a1d0bf2bfa4b8d,reciprocal
0x88f9f182c0e194acde50d0990af68bafdbc55564,reciprocal
0x891279b74ead29c025db6e0baf107d17bcd2179c,funded|reciprocal
0x89148c303d77f2b96c5a30b12e62a9c81c5d9fd3,reciprocal
0x8915cccc52cdfd49f169a1fa11b27be17540dc11,reciprocal
0x8922d8e872310d34ff5074bbaa87617c2b5e93dc,reciprocal
0x89233666361a801991c0a74af6fa22c8c1e2bebf,reciprocal
0x892e4feed0128f11d486fd451aff4a78171c8748,funded
0x8931126f8f00940228965863060115affcc5dc50,reciprocal
0x893489ec3673b59b9bae6a3d451ec24725be76e4,reciprocal
0x894b6051f6ce7e6b1bc2a90c66a89fb221e88746,reciprocal
0x894e00ebc26966684fbc38d3f71e1aea9614b51d,reciprocal
0x895256dcf7a0e79624643ba7a917efeb298b5120,reciprocal
0x895e812577b473630832cdff6e4a6caae4d846ef,reciprocal
0x896196e8c3cade3442f243135e6fc5976b243e1f,reciprocal
0x897720c5b19f93f3194990d0121d3a64783bbab8,funded|reciprocal
0x8977b0e40bbe3639f1da8998ed76230bbf42bf41,reciprocal
0x897c173de796817329032e768a542139536d69ac,reciprocal
0x897c1dd10ced8d68e28d590291e7125fc2304459,reciprocal
0x897ee222a11ebc840572c56787b06c214135483d,reciprocal
0x8985889e66dd9e4944365f365b7d85efb2611bed,reciprocal
0x89858cd040d5c9e27445e3c49284e1140cb893d9,reciprocal
0x89881d619e90c75531368a7cdc1450c132d014da,reciprocal
0x898bb6039c62b9141937cc53f31a518d03a6c986,reciprocal
0x89963b2c1b681a943b680bd334ba3eb5384f48ae,reciprocal
0x89a6112679c531fbfa677d610ce65669d6a4e2b7,reciprocal
0x89b6c126f0ca1827e0270609b739b58614f69d73,reciprocal
0x89c9b4aaec1b6e78e80a999317e8e24755e0317e,reciprocal
0x89ce0cf0a96c7b1fcf519e32d8fae7593089283b,reciprocal
0x89d370810a9b1d2d6b474b824f8a80b4107dc385,reciprocal
0x89ea40a908505aa15ee50ee3a9fa0399716755c2,reciprocal
0x89ef04819466e171154df1bbc043f7abc58dd18b,reciprocal
0x89f1fd2bde5c5d3971241377eb8949588b0fb245,reciprocal
0x8a07e4a600bc4265ebfd6f233cac27f32eaf3fe8,reciprocal
0x8a1fd782f27b76a75a8c9747631142df723e0c67,reciprocal
0x8a36f293c6b8ec08d88f2c384d4f5a615175b5e9,reciprocal
0x8a4b32287c4ac994106f291f67574f9db96da478,reciprocal
0x8a58e4088625f80229c7216919a184ce2483266a,funded|reciprocal
0x8a5ba97691219b544467bd68fc793850b268f833,reciprocal
0x8a6776a594e0d64d975be2dea32afb739cd59fe5,reciprocal
0x8a843e7382b416156bd0115b4c43eed0268bb630,reciprocal
0x8a8b122f18e67b2f3ec6932085086ffef1d64aa7,reciprocal
0x8a8ef62c78a9ee33268c3b945f1ef8b3b8256837,reciprocal
0x8a8efff538f58fb58a85a7e87872c3d639bf0909,reciprocal
0x8a901afd367025489c074a0e5b4af9147c45b881,reciprocal
0x8a9286089c83d4a8a63f99de89abf034c688e6c0,reciprocal
0x8aa5051d09dba32a4fbdc4e5b44d8c1a5ba9cd3f,reciprocal
0x8aa602d578be0f74dd283f0c027ce7e592d488e3,reciprocal
0x8aa97de35f68def1d7b9b550886ab901f8529891,reciprocal
0x8aaf88519f9722701419732260bab669986ce24c,reciprocal
0x8abaac9efd20dcfc311a2d10f0d13628afa2b0ac,reciprocal
0x8abf828b020497507433c30dacdc765348cbd5a1,reciprocal
0x8ada05af8f2f87b55a19b2a30f54085a7ece5b3b,reciprocal
0x8ada2caf01e9b9884b530eb7f25f8fcb670cd4ce,reciprocal
0x8ae1205bd85e875b493661af5d92ddcfe01df65c,reciprocal
0x8ae18205285af18a28a045a75a78c78a11132d41,reciprocal
0x8af48031e6922ca93133800d66f284b7385b41b0,reciprocal
0x8afe8d2e54ef8d3714b632df49b1d2b749561410,reciprocal
0x8b0960094383a1afd9ff09216758c4b3b9aec49f,reciprocal
0x8b0c5e184191317d4eae9d77b4175365d200f2e4,reciprocal
0x8b0caec477f9ef3f253de3cd703ebc65a0f44afd,reciprocal
0x8b2014aed2532a484cf4cd7e1e6463c968a81f24,reciprocal
0x8b414ed92e75643ec42bcd6b6ca7f0b1d3dc2517,reciprocal
0x8b464edbce1eec77758948f2f17de4dfef95757a,reciprocal
0x8b4a7478783d9dff063cdfbfc3ffd6c9521e7b46,reciprocal
0x8b54d7c94ec068790e3ab8213991931f1707fbae,reciprocal
0x8b561d7c680c3bc71c36cf118c80c2b46ed195be,reciprocal
0x8b5b3d494f137271498ec6a02cf30b3576505a23,reciprocal
0x8b63b50955bd74a137d1ec278cdb9b503fa027f4,reciprocal
0x8b6fcf8247456fcb09fcc8a14098ffe89f58058d,reciprocal
0x8b72d361139102f7f51553449529ca3d8d1a4193,reciprocal
0x8b7442eb1de34d788585d91777e8e705b2323506,reciprocal
0x8b764691f75c4f0374259d3937e18dcc2ba2bd73,reciprocal
0x8b76be4acc8c6750fc697a62e2b5d890369ac971,reciprocal
0x8b7e347c5a32e731c801dae48f89022e0e4bc6bd,reciprocal
0x8b8349f7a6306bfc8805697e5e50ea12b453ee74,reciprocal
0x8b849988b8ea010a683c51bbc379e0a96286d584,reciprocal
0x8b8871f150b45dea4ad174a6ba033ec81d058e3b,reciprocal
0x8b94100df2858dc44f9ba0d8d4cb3089496cdfc0,reciprocal
0x8b9b2dc15ef69db200913cd1db776df47e147b65,reciprocal
0x8bac08ca0ce57ab7a149c5e7486961ebfedcecc0,reciprocal
0x8bb01be35fb4ec9ddaa2c74650cf3dcb9d994e5a,reciprocal
0x8bb0f83bdb35a9eee8b67542682eb0dfed5f60ee,reciprocal
0x8bb6404e7b53e87013a2ed8cf2bf10a4ace58aec,reciprocal
0x8bb81ece47292b7e8ef01f2b409f848ecb0e87c8,reciprocal
0x8bbc6cc10ef699da3d9a661b3da7e8b8dca4bbdc,reciprocal
0x8bc656746219f1d5fcdd3cb88bb23322962b1396,reciprocal
0x8bd500b9668566de66b428fbe2be08d01e52f257,reciprocal
0x8bda1a204919f4b028f91db8031cecdb97572bc3,reciprocal
0x8bdc0be5e7a9d3d88c8dd23f616e1efc898d380b,reciprocal
0x8be255d4f8dd32390505ecf1ea3e41c46ff88284,reciprocal
0x8c006a1a6b89c34354ee0ab7c751761ee95ea2f4,reciprocal
0x8c0ee8fc4aa3a5034a662c45c4443c911a1d3c83,funded|reciprocal
0x8c1a3c300a26e13eb0421e554c62dd2b8ad444e1,reciprocal
0x8c2640156d7ae5ff4625e94f3571eec168953507,reciprocal
0x8c3f9599d12eab8075e411689d3fc2294af4e549,reciprocal
0x8c46fe0fbc397c08c58039684b8de5199b24cda5,reciprocal
0x8c6052317e1b2def451b5d136c1fe735d583d11d,reciprocal
0x8c6e51cbd95ef4f0816adeb7342d024013ed1f28,reciprocal
0x8c7a38d2b3c0e44a0badea2586787db0d92e8bc8,reciprocal
0x8c85a1c085182b8271c2bf7c9f538e413dfadb98,reciprocal
0x8c89c7dc429847ea337dbcf10221758c2e47f316,reciprocal
0x8c8daa719c6a6116e6d6b035ba5c059817b375bd,reciprocal
0x8c99938f8e363d7315aa66604472403138207c81,reciprocal
0x8ca75aa1e4c52a004637d88da143906420dad7cc,reciprocal
0x8cc06f5b9ef0148014d19162d6e23249c9bb65a6,reciprocal
0x8cc1c225c845bbb38889e562db563d5c938efe61,reciprocal
0x8cc6a7b7cf10ce6b3127399daf962326174fcf05,reciprocal
0x8cc77e4d74e4805fa301f46aac29db4a9c6a7efc,reciprocal
0x8cc78c108d46163e0a5dea73b8bf7fa6791be557,reciprocal
0x8cd699e79e938821fadf3b1aa468d75ba06b3dd2,reciprocal
0x8d016892e217e413d5e6565141866b7791b1b012,reciprocal
0x8d0f58923de60ace49e332b7c6c6a8f9a3c528a2,reciprocal
0x8d13867976b06068deb7cfb97c224ca035e651b1,reciprocal
0x8d13f8bc44602530a070d783799cd017f991f94c,reciprocal
0x8d25cf8801f1ebfdaa860512789ab9585c79a36c,reciprocal
0x8d30941c630cf06557ba0d33b80845eba1e4f137,reciprocal
0x8d3af726be6655bc49e1148903fb2931fb751b6c,reciprocal
0x8d40bb107a89a5d200921263627e3c901d63e683,reciprocal
0x8d4f67bc3be46076a881c23b9312f40000901d38,reciprocal
0x8d6bc862ea0e3933f07a51471b3eb3961c505945,reciprocal
0x8d7aaba68d883e243fcad5dc693871989fd8d744,reciprocal
0x8d80ff1313177da1efddd4d299d805cffeba43f4,funded|reciprocal
0x8d8487bb247b7a6473850223c4b06005ea2f93ca,reciprocal
0x8d8a4932c1efb39c95ba681a4eb5b8a108fa20f6,reciprocal
0x8d8c7bcb554a508dcd1124e2cdc054aade34ccd5,reciprocal
0x8d8fa42584a727488eeb0e29405ad794a105bb9b,reciprocal
0x8d93be11b30afe9804ed863a05ab5733c61ca7bc,reciprocal
0x8dad116270fdee0c9be972a9a356fce4f6932817,reciprocal
0x8db16bce1f9ccc02d11ce4d354a1ae6304d117dd,reciprocal
0x8dc47b99bf02e8028e007a5ca5538a7dcb83bd2b,reciprocal
0x8dc5592581fcf4982dbbd51c0f3abf069d799042,reciprocal
0x8dc72b3d686eb292904e1c61ed62717691b9e165,reciprocal
0x8dc993d3516c0a33b695ef48535496f94d6c8aa5,reciprocal
0x8de8a6acb7ee1984f44c345d7882e257ea0dfbb5,reciprocal
0x8de92c53d11523dbf1a888ca9555e11e506a9ec6,reciprocal
0x8deb5f8954d468f8daed9b3345c601fbc3f9a53a,reciprocal
0x8e2503cf2f8d5ca9fcc21e0c9a88c4a81ad36db7,reciprocal
0x8e2b9968e3b51adef5e0bd94cada49ee78c63a22,reciprocal
0x8e2e5c1111ffbf1c1ef35c7557350aaae529cc1b,reciprocal
0x8e39acb4248d8fd5271222459d9773ca9114e775,reciprocal
0x8e479a10df543548f58769a3628a3d83e8f4bf76,reciprocal
0x8e49d3b1f604fce128998ce8f3f85f64d1346546,reciprocal
0x8e4f3f51ac3efb569f196ce4fb44b66a56fb294d,reciprocal
0x8e5a534e912c2d2d05a150827be9d3385a31b6aa,reciprocal
0x8e5bc36d41a4e7348490018c8fe1b76a15810f34,reciprocal
0x8e7769d440b3460b92159dd9c6d17302b036e2d6,funded
0x8e796f3ccb89f173c1b3ed1e81a3bb87ca64c5b9,reciprocal
0x8e7f27bdfa709938b231b6e179c02fb280efec4d,reciprocal
0x8ea0b8eb25302a0e5585f1e2a9d722e649268a2c,reciprocal
0x8ea142bc6d441b891262b675d7631eea684bc897,reciprocal
0x8ea8178aba438ddbfbaccb8072c483904e9d7db4,reciprocal
0x8eacc7b39b125afbcbadd92abc26e5359573e737,reciprocal
0x8ead4bf27d418ce9a7c38aa5abb128ebfffad112,reciprocal
0x8eaffaf1825d62b01a23ee6c788d2b5904a5ded9,reciprocal
0x8ebbdeff7dbf767ca66916a39616f6b55143ac17,reciprocal
0x8ec6616dfb08cb737cf26d9804b5df027c290d69,reciprocal
0x8ee0f21cc55166435e70a739da5788fcfc474068,reciprocal
0x8ee20ce93fcb61d3c2cfdc4450c8141a6d56d99f,reciprocal
0x8ee391c8ccedb8171cde63ec7e5e3968c6e9360d,reciprocal
0x8ee7f2c9f408e20affaa763810ae395865e8a552,reciprocal
0x8eecebbe9fb33c0d662984daec92b68fab92117c,reciprocal
0x8ef83a4d27bd9f55d7147f5afe88c2abd503f053,reciprocal
0x8efbd83d3d4b002f50df4a32aed446db9879ee0c,reciprocal
0x8f07e1bb058c7afb7e27fed2dc26e52948d2166e,reciprocal
0x8f0b3e7fbbba092affd9d3babef1f0e2e1cca028,reciprocal
0x8f0dfb9d8702d13174d69c56cded73abc0bb5242,reciprocal
0x8f1224f3aff79872a3ccdd89b55a36e1047e6d55,reciprocal
0x8f12c63892a0a0bf3462b4e3a1049e3a782348c9,reciprocal
0x8f1713fa355a1f6df6edf07d965b4e881b0db341,reciprocal
0x8f26e98c9ddea8d167fef43d7c92a1a130933ef0,reciprocal
0x8f2abca8d879668ce59edbfc79b81ebf07539809,reciprocal
0x8f3202307d95c45f7be68fc3e1fa620444f742de,reciprocal
0x8f39b7da8ff3eba4191456bbf2b14e92144e3598,funded|reciprocal
0x8f3bb3030b1f31cb19c4b9384cb14223a2301f0d,reciprocal
0x8f46717f31dcd2c7225a6ffc30741197f5131795,reciprocal
0x8f469534fef2b8b8abe74be04fcd644aa0d8676a,reciprocal
0x8f5df8cc255a251b39a352f1a0e31029bd1eaf13,reciprocal
0x8f5f5e27168a4c5d197909996abd2514568c569c,reciprocal
0x8f6954c68eaa00449cb423b54625db08a9cd7767,reciprocal
0x8f71ebac3dc05efd2fcb86dc7ea27eaae42ee5be,reciprocal
0x8f7a1b2245b5950aa2f042af0d3b2d6031475672,reciprocal
0x8f80d71f72c79b79e4443a643a79339f7490033a,reciprocal
0x8f85ec56b81f761ca883c4f2857a1c37185deea7,reciprocal
0x8f922d86cd7cb96170c1f04307f9d6bffc05c60a,reciprocal
0x8f98c00fca840b4955abbd31914843d6a91681ef,reciprocal
0x8fa7b8e8ac623a8690a01b7131c9367af9eb5da0,reciprocal
0x8fa9c984804ef38e7db4282825638bcef86b3adf,reciprocal
0x8fb09863140cdbccfa4ecafcd0fe51ff1671d313,reciprocal
0x8fb09fae10c915d829ea6bcb6aeb68dbdbd467a3,reciprocal
0x8fb6cbf021f723bb01003421d4ae10ca2e0651eb,reciprocal
0x8fc090269819d4365b630dcc9e2c47a2a5a0715d,reciprocal
0x8fc51e1e2641cf5013ac803441dc79d9779c15a1,reciprocal
0x8fcf8b04150af1ed0404b5a830e520054d741bcd,reciprocal
0x8fd49e3fba7d1e87b61d36bda2b94240e496df58,reciprocal
0x8fda48a1c937a9daa1e3a3c91686e30c94ddb46f,reciprocal
0x8fea38ee9b682d9a9d504e96b4ae2b25c5550a85,reciprocal
0x8ff41e11e7083864aae2774efdcc9368afc4f0d9,reciprocal
0x9000eb8409c0c5934e0183fb39bd9379272675b3,reciprocal
0x9000fa07ca09937011a7b15677fd8a24350ba0ef,reciprocal
0x90107afed5c2e8a60b426660ebc1a39d4e39c757,reciprocal
0x903439191cc38ec7d66a136cf82e24e0508a3796,reciprocal
0x904340021e2685226e166447daa5a6540b7ad67d,reciprocal
0x9048311a47f1a604f074d72d9fe0071e87552ce7,reciprocal
0x905045bf1edf608d1f5b2a005eca7305bff815c3,reciprocal
0x9058ed675f81dcd79377011433cc2d2a5e9b725e,reciprocal
0x906699d616243cf879b3212e5cdb59bebdca6466,reciprocal
0x906c11e0e16cb4a3d506943390f08d8c834aa475,reciprocal
0x906d37127da8ba068ac12041c073e5701fae59c5,reciprocal
0x9077d792f7b9495946b57e0cecf24001b18fac61,reciprocal
0x909965eded2ec5f4181b7ffec1de512794c5b055,reciprocal
0x90b1bdf0e3f2b14889a8451dde928d3dee340afd,reciprocal
0x90b4dfbcdf73fd4ee5384239b512e7fe8ec33c5e,reciprocal
0x90d3f0179616d550dee5e3e3203af8b90b8d8800,reciprocal
0x90dc61bc0829a31428b18a508e85d3710d82e58b,reciprocal
0x90deba8d14899e9e5a79f4af7b336b6ba5ab7d7d,reciprocal
0x90dee57c9c3c821343b32807f68bf2e284d78c60,reciprocal
0x90e0ce6370c9e17cebb4d2dd128f46c9f8793267,reciprocal
0x90f0d2cd7e8c68163db84ba0d1fb47c562a6e75a,reciprocal
0x90f8c3b9512e16276713a5fd96e4e656ab25f252,reciprocal
0x90fb5be536a2fb39875fa02e4c2e3f13728bc1be,reciprocal
0x9103a3b6264139f3f27ba5f3e0b6048f161a42d6,reciprocal
0x9104401c635d7d502859ec40e88cfe669b0d1870,reciprocal
0x9104d5fbec51e6c119eb788b1c41c59b146af553,reciprocal
0x9115b4f6af14cf4c5f759ab696372a8345bd04a6,reciprocal
0x9123ea2d8ff0a5374547b3326fc6d0155681da2a,reciprocal
0x91243d0cb2e4e5acfa04a1b9aa70aa08e20aa863,reciprocal
0x912cccdd74a1b193ccfcc26597b08f799e0aa13e,reciprocal
0x9130005e42c5f089502de5a807c196b65a5bf937,reciprocal
0x913bffa8a2a654344915e64180b186392a3c2ce4,reciprocal
0x914118c843f892d84cb372515ef2157393d02050,reciprocal
0x9154b408cf49c2bb4dc968cf6cca88e7b82af85c,reciprocal
0x9156531ed5f7fc85bf687fb61872d3bce7f4c3b7,reciprocal
0x915ec4a2d9f3225dae6a1706adddde6b027c4c96,funded|reciprocal
0x917ea6d509c8180d3012b0fa9f86a258990c3a5a,funded
0x91865e3e57b9fe52202fbcf67fa1799e23123fc3,reciprocal
0x918cc962d5f41801235f26f3296df4e23f713bda,reciprocal
0x918fc99adbeafc5598878e269739588fd90c55b2,reciprocal
0x91915a853f000fc4c77f42ce0a34592a01cee778,reciprocal
0x91941c66541fd187538760ad6db58bcc0e433bf9,reciprocal
0x919cbeb380c9636c11b5ca9754a3f599bc7ed184,reciprocal
0x919f888fc0d6b98fc345c359f7e9afd57c0f1c09,reciprocal
0x91a2b52f38fcdb05fc1425df50e9286252551147,reciprocal
0x91a4e4ad6332d7c174f21b1174136ce039d320cb,reciprocal
0x91b4f6505d8bf81f9a8470ba4114e80fbc7a75bc,reciprocal
0x91ce26b5250717d1d8b0d28dedc3a0045ba88943,reciprocal
0x91d46bd7b21fa0290efdd6f648ccdf102f462281,reciprocal
0x91d73b5404afac260ac69d3ba3adebd82b398187,reciprocal
0x91da96772f1e2bcc6cc0803d4aae6923e3286587,reciprocal
0x91dd6027140a4c124543474eb0a04fa40c7c8824,reciprocal
0x91e954fea62a0337120e00a945f8a46cc2eb3438,reciprocal
0x91f4790ede090ab2533fbc06800c4e0898b17017,reciprocal
0x91f9282d892cf4270ded68770aef1a6a2d1f2934,reciprocal
0x92041f3a064fa1ac2d9f78c213a73ff2c541c9f4,reciprocal
0x921d9f19826fc955a80a6ed2a63853013caaa124,reciprocal
0x92218fcdeecc7ab8467e3659cef93f3c9ad4e0de,reciprocal
0x92291a7b998d83a43cc80cb2ca52d3657dbe92d2,reciprocal
0x922c846b3c4384a4b49d82a7c546ad39fb239d46,reciprocal
0x923774d18b127b7b5e5f77f061b19eb3c5de964f,reciprocal
0x923e5884c67784d84f0362bedc31997f41a21293,reciprocal
0x92497e0ed20a23cde5d0d54919bef52795e43a31,reciprocal
0x924c25a412b46d3149b198b62417b682b34febd3,reciprocal
0x9265ae7b5cbc8469fb2615c1e34697cb712f2da9,reciprocal
0x9277b5fc58c2e83533c98b975188a7c661cdb96f,reciprocal
0x9278da799540fc832b1e94b9029bebd277be0b80,reciprocal
0x927ed9a2ef586df1243d18238d8f1eb8f9db00d1,reciprocal
0x928468d9e30e87342b7a0fefba41923f4a7e88c3,reciprocal
0x928c646cdd3c0c24a8e9f9f90ca98b6120996e3a,reciprocal
0x929a03e0f38e87109f283be824100ef729012540,reciprocal
0x929c941576c88aeb795a33a195204e3658b6978d,reciprocal
0x92ce80f27267c272c804953e5149f7beca407445,reciprocal
0x92d41fb2c7f3bfec74215eaf8a445cd8df52b73d,reciprocal
0x92e6995959b2ad3e51fdc9b0f04fc8b2e80875e6,reciprocal
0x92ecec34d57970d4678d0a5b4593b11835dfc0ab,reciprocal
0x92f38526b05b79208ba412a5478414adacc471e5,reciprocal
0x92f4ef4851f3fd5dd60b989a6e08fce481634570,funded|reciprocal
0x9300ef62e2ddf13ea1c10ab9e65ffc592352ab42,reciprocal
0x930a6542ec3d699d266e96c9fbb4957b11f5c6be,reciprocal
0x930d62005f3c8a7629f7efcfecdacd37139bf4f1,reciprocal
0x931d5e90be213c99ba6fd3ad37fdd09837373b71,reciprocal
0x93244cb13842f94ba97186f0f9f077f3859894e3,reciprocal
0x933e91e142941487e30de6c0f7b594dea6512d5a,reciprocal
0x9352201cd687ede8857d96bcdb56161c9ab86cdc,reciprocal
0x935bc05562baaf76b289a10a49e7a9857a333226,reciprocal
0x935c03b44eddb051a7ec7c5dc43d10e288f44fb2,reciprocal
0x93614cfc1cd52106bb291afea3269d22ec44d2ee,reciprocal
0x936ee11f05d0cade9e446bb405c2be593bb05065,reciprocal
0x937169b51f6e12fa1a073cb9764aa43c4b0d1d91,reciprocal
0x93722fc5279c3f2fda9cfc7d9334eb38d58d5c9e,reciprocal
0x93770f791f3ea6e1be302cddb123a76062c3f962,reciprocal
0x938271437f3ee120d33312d139c592c4a671f764,reciprocal
0x9383892ef7e30a66a41f241ab93697121061ed5a,reciprocal
0x93889cf078f0abdfe54e7213082db6765a685049,reciprocal
0x93b45246ffa1f33b2da404b4a364293990269248,reciprocal
0x93b75f7e8c45a85925b321e71bf6be1fe465665e,reciprocal
0x93bbe04b7a1a17c4b939c737737ebc9439a73638,reciprocal
0x93c3d9ab681801712728429fa0bf9ccb8fd5f9a2,reciprocal
0x93c5568d1faf209d05948acec8c75802b2b32ab2,reciprocal
0x93cfc4c0c504cee99105360c947a186632c30658,reciprocal
0x93d276bc9bdb9060381c11cd426394bbaa5b8dcf,reciprocal
0x93d70074cf81bcf75746e02d602fb2d4274eef0b,reciprocal
0x93dff5a4eef877b0d7f29f164a52ac1f379a1c83,reciprocal
0x93eb96f1669c74c74936b67c5de6df25ae784a58,reciprocal
0x93ee18c4056e5e7f7be1aa1bd0a4e6a960e8c91e,reciprocal
0x940e5064399ab7aab4535c8c537c8e35d2cca553,reciprocal
0x940f692a8409f51953349fc7400baba1a4e92da1,reciprocal
0x941100bdb3cb6a0469fb746c4589fcf71bc335d1,reciprocal
0x9413565092769cc1fecddaad5b5cc3782bbf435a,reciprocal
0x9422ae7e133d8938bb79a5e91b596d5927492155,reciprocal
0x9427c401c333e48fc3656509b0ce8086004122bc,reciprocal
0x942a90814b561f1d71591d7e5c9bfaa06fed77a7,reciprocal
0x942bd3c6defd7f1c0646e6a8d17d23d918a8e461,reciprocal
0x942e2d3edb84c3afb712fcd574b4920cf6f988e4,reciprocal
0x943aec258d46baf0e896c79485f91a7cc496e0e8,reciprocal
0x943d86f31c530ca30eb28b0f4b3ea676c48fc713,reciprocal
0x94407f69757efc648aa26ba19d763f235fce77ef,reciprocal
0x9442d46dbfec0b7f73f4c5839d38d3b85703d233,reciprocal
0x944cd39e88f1e19953f22d0110e322ae2bfed2bc,reciprocal
0x948eb1c55fa035f50b1402b0d2f0427dd879a363,funded|reciprocal
0x9497859734e84b72264842406169d239c099c598,reciprocal
0x9499f0820cb7f8a695e656096c2c207a0aa0bbc0,reciprocal
0x949d63b3822de571745d5a03f7ca038c8afc74fb,reciprocal
0x94a71f8d308f18fd1d633e92b0790966073f076a,reciprocal
0x94ad1db8f46aa7411e01f1e59c167b390467daec,reciprocal
0x94b191cc4d98400a114a09dd0efb3aea3dfe59fd,reciprocal
0x94b4b681b754547ec6a0c0d8e3d4c7cf23cdbede,reciprocal
0x94c1aa06b2f9de967dbcce0295199477fcf38cbd,reciprocal
0x94c1ae7c41114c10b0ad45d1e8ba36a45294a7e1,reciprocal
0x94c23cfa71ba074078105e589f6db1f0ef7875da,reciprocal
0x94c4279d3dbce523a79690a0986ff37c00f1cca8,reciprocal
0x94c773fea8018e5f5a59f962c136c703c4229c44,reciprocal
0x94cd6b56be81fcaae525bd903c17c6fbb0994ade,reciprocal
0x94eedf6711329961f770e49c41387fa7f2b0644b,reciprocal
0x94f4a86a2c4ae3c0e02c8de983a118f6958ac7d5,reciprocal
0x94f69136dbd96c706fe01e0a757ef9d45d615cef,reciprocal
0x94f8184f0f190ef301a6cbb8ad96d1f63b42edc6,reciprocal
0x951ef29adea106f2f388e01fa0fe7be65c050a11,reciprocal
0x95275ab41f9b473fdfe001bdc52a6aafe1dd91db,reciprocal
0x952c1c2c40ce14fb84e34e307fcef556195fbfbc,reciprocal
0x9545ca73b58a1253e5f044ba83426740e718ad80,reciprocal
0x954e1dc6da885b7f4e9b887e2250136c8a7a2b4e,reciprocal
0x955be6ada88ae666d768e6fdc0174f688d4c7d04,reciprocal
0x9563cd5e93c9c83c2517d0f1a18b657308f80f5f,reciprocal
0x95642a6299a7df8a0d3566e49415d37e1dd24b00,reciprocal
0x95661627c72c27bb7a1bfc18c043debefb02e230,reciprocal
0x956cf15368011ec1a398feafaf302bae3c2b6f15,funded|reciprocal
0x95704420107a0be9ef6abeefd993c5190e51d546,reciprocal
0x957eed7ba1098a09f6b23169beb74a6ae02b2b61,reciprocal
0x95835f5ce36604eafcc0ad8b9ce89b98b2a844de,reciprocal
0x9584b0749bda7c3949a74017b99f7f9b4498d708,reciprocal
0x95a1c5ca61dbf12e526c44f2399f291b4521f5a9,reciprocal
0x95a43763e93c27094adaee6a121c6d9628ea46aa,reciprocal
0x95aaa2e904166d95b92fbee48a830311a0cef715,reciprocal
0x95abf234465094820499483050855fc5f79dd350,reciprocal
0x95c0b131ebc2b3b159293925889afbc69259250d,reciprocal
0x95c3db28ea876c13dab57b5eef39a6e769a766eb,reciprocal
0x95c461a0a8f2027b157369c9ba256ad1cb8b792b,reciprocal
0x95cc7852d013a231d6ce4d31fb17f77c0d59cc46,reciprocal
0x95d57681d4d5717aec25b2f56246fa2bcef53a9a,reciprocal
0x95d853d22ce5ce159b45079e440dac47037ba979,reciprocal
0x95dbb4046ed3f7c62a0637debb0ac496377cc62f,reciprocal
0x95f298a849e8dd67207defbde648cdc540743e11,reciprocal
0x95fabf119fed2bb1955ce3fdc0b4bac76be963df,reciprocal
0x95fb4980377c65d4f11dce741af9a9256e98cdcc,reciprocal
0x95ff5d374ccd1c7ed60fc2a5e779d6e15e0acc28,reciprocal
0x96035393181780d84737a21ad21bc22f52bcc714,funded|reciprocal
0x961354c27a340376c4f24b951d6ffc9e55df2fe0,reciprocal
0x9619fa5a7ca4f526cc5df0a5ff1071bdcff09439,reciprocal
0x9624264247c76713c6867450d592b7dabbf133a0,reciprocal
0x9628d79f42aff150802f568ee30bb1fd3fc3a8e5,reciprocal
0x962aa0c6e18c91ef3d039ef4db93ec8b2df39b53,reciprocal
0x962d68a515052cf8d47015debc9be9945376bccb,reciprocal
0x9633db0fa52bb151c5034f52e696d54686df4848,reciprocal
0x963644094e258205bfbc21267d56c644d8b09290,reciprocal
0x963d6d61059d542c495e0b6f564dc9a9fce18cc8,reciprocal
0x9647bfb708058d8c01d334ee9d193e9dacf7feea,reciprocal
0x964ccb02ce45354acac52842d40bac6af0067c62,reciprocal
0x9650e0d4ab05687e391db1bcb86639839e2c0cc7,reciprocal
0x965948656e62cafe2ce7323d3f2021801a11a044,reciprocal
0x965fd845315907c4c0389cc190c21eaa4f36305a,reciprocal
0x966a8fc796eb7528d1f2672ae31b9b179bf31c6f,reciprocal
0x966cea17754355b50b81097728a70c0f9602c479,reciprocal
0x96720009c411859dfa24ada33eed537620bac74e,reciprocal
0x96764a95ed284d5d15a8819e96b4ce6622d90f62,reciprocal
0x9676dd954aa7cd8f7ae88d86ed9dc3962d488495,reciprocal
0x9677e27a8cd14bf93c5675f8c96c484dd7112eb1,reciprocal
0x968eaafb4797556445cd66017f746169468ad5a7,reciprocal
0x9691ff4f4aedba1d51daf2a48706f2e3b6caabb0,reciprocal
0x969fd696b66cb5c099b578800aca53471defe5b5,reciprocal
0x96a534d4d1fc403a460a8a9e053491c1e823680b,reciprocal
0x96ad0f0662bc6489af39fee3bf66cbf28a27d2de,reciprocal
0x96b0e7a5e86de7c3365bb805fea55005ddb1b1f3,reciprocal
0x96b4b3d435d88b2feb918befbb0926c0d408eb94,reciprocal
0x96bb08e0616d707e1ee089595bb67c4ae03844cc,reciprocal
0x96c44eb92ac1eba7c920587a609c47fa270959c3,funded|reciprocal
0x96de0f22558c3b83a5a3efc7a4e3af86deb2d8b1,reciprocal
0x96e74aba2d1116c7a3d6b73761c0179fe884604b,reciprocal
0x971681e567f92c60e2ed0ced32d852d711382091,reciprocal
0x9718ac21011fe214719c6bf850c36da6e128d2f4,reciprocal
0x972385ea802a2494ebb0e2ba6e933bae456804e2,reciprocal
0x97316fa4730bc7d3b295234f8e4d04a0a4c093e8,reciprocal
0x97326a31bd03a1102ece206aac29855828121370,reciprocal
0x97345995f1d5e1d4487e3e3ea18f437e17e0ea87,reciprocal
0x973935aaba6a228b74b7a2d2de0b8fc2e1639cd4,reciprocal
0x973bc8a856efa0f5b7e033d22a4ebd30e8cedaae,reciprocal
0x974618c9d44ed7813ba4678a231558cef40c00d4,reciprocal
0x974660c2071239ed8ce82303357125ae890a1c5e,reciprocal
0x9751e144a6058138248143100ffa454e3b7766d0,reciprocal
0x9753a7a7e92b2e9915d2e9470e8491ac020c589b,reciprocal
0x976c586a68b2990f73af3b77540f052e54b7d487,reciprocal
0x97717d86faf7a130561df44a7ce7d2ed16df077e,funded|reciprocal
0x9778e9c7288858a5cd61e765718717b824ec0f87,reciprocal
0x97808d0627ca385f9e06919736dd447c1e40c7fe,reciprocal
0x9787cc712165ec414c7c3ade7c1eec8805cbaa63,reciprocal
0x9789f0d01d0531b4b5b9e972174febe54ef33dd9,reciprocal
0x9797674d6ee20690cb411028f8c6a096d70db4c2,reciprocal
0x979ee4915f31a1025ff4df4169b06e3b1484e2b7,reciprocal
0x97aa7820cf12bea7bfc2a21f32524c74253b4b4b,reciprocal
0x97af9f1be1b015898bcfe5af157ad71db984df9b,reciprocal
0x97bc2bd00cb74e153f9284ae3aed2bd2e70592e4,reciprocal
0x97c164c521b4db10e8a47b1891edca5492d83070,reciprocal
0x97c32ad91146e24bca3c8b3fa3c14cf0ede2f181,reciprocal
0x97c74aaaa74a8c2c7ff8ddefa59a63b95d6e9e47,reciprocal
0x97ca6bba1a6e9aed75fb29a29aa50b3fb0f16520,reciprocal
0x97d2544208d508dd9b79a6ead58e98ed2fe41b35,reciprocal
0x97dea2d353e05517930950ae43de9d2a4ee1b702,reciprocal
0x97e1b03eb6283ce6fa3d783962944db406ae4d28,reciprocal
0x97e37a1356dd86b6fa235237b206646d41c8faaa,reciprocal
0x97e4690e86a8a8222fd4488fbbe0d2810738025f,reciprocal
0x97e6df9df1139236c8eec78efe539f4f06acd83c,reciprocal
0x97e70116abbfb8fac67e547daefc67d46cc06cf1,reciprocal
0x97e75c80810698d1a9f4df92e9e264b3ce70f13c,funded|reciprocal
0x97f3255394edfa6501bd3f352920bb5048994477,reciprocal
0x97f37b3245f6039fb4dd94c694ce8448a2faa4c3,reciprocal
0x97fe879db93611c34f370a3641f67a2070bf68cd,reciprocal
0x980d2fe54e2824e4241689601c8289bb642ca8f0,reciprocal
0x9817315c48b82352ba91b9c2da96c5bfa61853d5,reciprocal
0x9818117d59dde58bb08e8e3f76553b6bb6fab89c,reciprocal
0x981da1c8ae69469d8a00751c8ad6c97f34b5344f,reciprocal
0x98234215df8c705e6638444d20e53d261573f55d,reciprocal
0x984045b7bb4828e06791d50f9f5b49b6e1d824fb,reciprocal
0x9846e46305b4727c1b74e797079a49c584c161bd,reciprocal
0x984d4164b788c7892f6a2d872d3754ffa695e7ed,reciprocal
0x984f6f3b1dba353dc952c7a3a8e340b48a89c947,reciprocal
0x985853478a2fb65d2cd33f9513cd2580c46f01ca,reciprocal
0x9858dfb554284c1716bd8b09184eda7e3797f884,reciprocal
0x9864156a8bd2e32ce0e56023f069450cedf7940d,reciprocal
0x98652267b0d85e03b2720883d7081846f4a4080c,reciprocal
0x986a12f6b14336730dc3fbba6babf7bf4ce24dae,reciprocal
0x988375a818b0edb1a0de5ec188b288a6f735c5be,reciprocal
0x9883f42330aef6ceac1d5e7f2cf12377c19b000e,reciprocal
0x98899ea9b12df2df99ba30cd98d3244c7c4d5eac,reciprocal
0x988b390e862eb9fb72a4c00229327ee23b8e42b6,reciprocal
0x989f6969ec4896fec0e7dd0cce8bb8c4e937480b,reciprocal
0x98a189a457034acbb3977faa924d92470368946c,reciprocal
0x98a9887e0fecd38b6b03874c693dfeb9ff033877,reciprocal
0x98b3802f41647f7bccb4a4296ccc7d919e990a52,reciprocal
0x98b4dc5bbc8d444c0909b737e6a45e511ab607fc,reciprocal
0x98b65c65b78238551944a889c48ace306530fe34,reciprocal
0x98c1de2b8292635093aa394e3de444c4c2b11a4a,reciprocal
0x98cb955943d32e344c2cf736a99911f54a5f21e2,reciprocal
0x98de18fcbe67cec21b9ff1dcae467d5410be9dae,reciprocal
0x98e710123739a7a4c4381199ab0422d1a2aad62e,reciprocal
0x98e7496ca70c70b3e8e8163a0624135240bc451d,reciprocal
0x98ed9267c02c188eece886a434c7b40a077d3666,reciprocal
0x98efef4605675ee6a3f60b8453730c9e4ae1d80a,reciprocal
0x98f6ee5495f45873e0b5d772c04b2f5e095df05f,reciprocal
0x9902ba5a7345ccde4af0e97979e2fe57b982fae3,reciprocal
0x990692f7a70b9902d69fe675e5cfab1efd63a5ab,reciprocal
0x992a6da2226dff7b31495ba57c93b6be853c7cb4,reciprocal
0x99353655986d8f207a58c41ceeb2bfd23ec7e707,reciprocal
0x993be9470eba4be9fa4ff40767693e457c2ad23e,reciprocal
0x99433ffe0cc8ab05eede0cac8d0f10d8f242886e,reciprocal
0x996675fdfb1e846b2b5de2a4a6979258d92240a5,reciprocal
0x9967b0b3f5fd6a4f72328b2245ffead25b027b9f,reciprocal
0x99849326553d8214ed27ca99dcc73fc228b7fd2f,reciprocal
0x99852ef0f7bf715042025882927c9f496ccc4973,reciprocal
0x998b016847c29407eccb8a9a6ad2a56cb9a80acc,reciprocal
0x99935f281d3ed1e804bf1413b76e0b03e1fed4f9,reciprocal
0x999c53795fca07e2b4dcc15c512ec27fcdd2c765,reciprocal
0x99a15d62315338e426ab2a08f4a5b2a62d391915,reciprocal
0x99acf8d24929f3e5ba323745ecebe9e6a2ddc785,reciprocal
0x99afdcfe8e84e0b977e0b9de9e9b7224a9b3a98f,reciprocal
0x99b38a87b3d5c48c8c109dbccc32f3324eb2b883,reciprocal
0x99b63ad2a7204eb479285fa8efa205f96b58758f,reciprocal
0x99c2604ab85c1d0cb1f0b9589bae646978a7576e,reciprocal
0x99c520193c944d5595839e2c9bd20660998d1873,reciprocal
0x99cf9e928c77f52b9b422c1378dec13f6291d5d9,reciprocal
0x99de724a85a3039a6cdfd505b72ed3f7710a92bc,reciprocal
0x99de8c7d564f75e6988553f3f0380657174d3435,reciprocal
0x99e642e8d7acba5c125138010c642470348465d5,reciprocal
0x99f276a84dedf2d99da5c1448f482cfb69b931e5,reciprocal
0x99f5c48241c228c484b966499e672136f9af7f0f,reciprocal
0x99fd499cb117b0a2b1111339f1917ee71ae27298,reciprocal
0x99fed6dec06d9e5740d40de5d245200c226619fe,reciprocal
0x99fee08e39f4a86f0bd651fae76ed8e6f1f23bf5,reciprocal
0x9a04a9f17cd4a48b1339c03cbc71ce9008706126,reciprocal
0x9a068c355b5514345fb95310d252c4d5a15b96d9,reciprocal
0x9a07af6fb22179fb0e0a9a9118fa2823efc9804f,reciprocal
0x9a08ec748e5e71387d109a9478d076170f7f722d,reciprocal
0x9a096217eba436a15d7daf5ed94a0ca06bfeb9a4,reciprocal
0x9a0cc2c2dd475f4b53a6d851dc2cdadd480be697,reciprocal
0x9a183654e6d982dca571aa7b0e49fbe0d05e985c,reciprocal
0x9a197429b4143d92849708b2c1b068994fdf483e,reciprocal
0x9a1f3c702e722cd0e6426448010d897ffa4ac473,reciprocal
0x9a2b48e4f62d74f1a2655d42bee408112b107615,reciprocal
0x9a2e7ad6a975eba08e5e34c5193958c454077b78,reciprocal
0x9a3aab53f7d3bffa20cca6755db244e0defa29c4,reciprocal
0x9a6ae1337f67152d21591a6bbbef6d755cbb9f36,reciprocal
0x9a9268adf84bdeabebd106b2c090b62a22cf7536,reciprocal
0x9aa08c674302ea1a111160ba38c43522ad600ffb,reciprocal
0x9aa14202b922646a6a0cc986df5ff90dee1e9c28,reciprocal
0x9aa300ef921e503985a53b10129b6e3881d22bc3,reciprocal
0x9aa59eaff78e6791cd1e1eb786709730a408124f,reciprocal
0x9ab385c2e8d4c52f10b0cce90940b2d938896df3,reciprocal
0x9abd32d44f3348ae6368b7c0c34e3e682942862c,reciprocal
0x9ac4130aa648658bcf71db884acc982908a7a482,reciprocal
0x9ac802fed57d864abc20f6e8588993642a5d3bad,reciprocal
0x9ad7c7d6bc777470ecc884799fe2cdef46917991,reciprocal
0x9adb4b96c78e18a1474e6ddf630f444d7b7e69dd,reciprocal
0x9ae59855c62c6583243247bffbb1b731ac29a570,reciprocal
0x9af17d607f82b3b22002b4d82efbd1b77f286a7f,reciprocal
0x9afe726dda1858f717f9a2cc5b8a340f41e03825,reciprocal
0x9b006783e3d19954f98c5e4c9c53a338da597901,reciprocal
0x9b097ee2a8578c0bf8dac42f1a6d26d2788e098e,reciprocal
0x9b1057da4ea84c10eb4a5f714e6c2843560c51f0,reciprocal
0x9b14aeadb37041e37cbfd7eab32e073fc8119ca7,reciprocal
0x9b3bf867790704868eb54c17c4db4d9ddd688aa1,reciprocal
0x9b442ddcdaecde12bf86b6ef35a9300e124361fa,reciprocal
0x9b487f8a66062f8054bddd35b14b18f2b6928308,reciprocal
0x9b4948d5c4c051530d1b71fdcda217481212cf1d,reciprocal
0x9b4aa5982349bba28acb9b9ceeda9fc5eeaa46fb,reciprocal
0x9b4b624e2b86df31e42d4ba9f92840822c3f9887,reciprocal
0x9b5df1c1a16a0d3288782c72aa38a19418b64cf2,reciprocal
0x9b61e475b44a108e1e7b56fb9f323bf9a544fe4d,reciprocal
0x9b69eccc1a5c7b1db127851c45c78b475043f655,reciprocal
0x9b7d989da1727b0ab7e7d955bfebdf1c9e467327,reciprocal
0x9b806b1c3f422132d3dd969a38d153cdc161e699,reciprocal
0x9b82ce10e74b3e2bc08ab187267043d28ad2252f,funded|reciprocal
0x9b91c4feee412221b5c1b0d2ccd1818f8bf6c38a,reciprocal
0x9ba1d5826246dadd25033820a8465251bd22deac,reciprocal
0x9ba55fae678e5e6de23ab4e0c5a08ea1cedad869,reciprocal
0x9ba70c71a5d7af207da67e97359366313028b73f,reciprocal
0x9bb186bb103c3e2e2cf3cb7460565d145828e770,reciprocal
0x9bb3743934f8633de3b326b9492ff59f1050198b,reciprocal
0x9bb58c98bff49e81f4c553d501692e07fd4011db,reciprocal
0x9bba5185f56add5b7a3fdaee903ce468fd506ffe,reciprocal
0x9bc0761166bd90b0e655f15d546a4b0c8f543c37,reciprocal
0x9bc3d4bcad64143cd294634451127cf15747214f,reciprocal
0x9be1d0dd3f5a430887fe411e0a58bb37153dd266,reciprocal
0x9be8145e04392c4aa894dcbff3fec8d794b5745d,reciprocal
0x9bed55208024b62f6b3d2831f89bc73433ac361c,reciprocal
0x9bfd09ae3537e0683c0563da8a944802cfb90597,reciprocal
0x9c26cd5fe2575757718c4a34dc1eaff4163bbb0b,reciprocal
0x9c287ab7137211ee014d1207f38f25d68a1d5102,reciprocal
0x9c2c99574afc8b12209bfe84d98624302e76c02f,reciprocal
0x9c349c390500a2edf6c3af86a92b350467e7f0a3,reciprocal
0x9c37daa769bb63168138462218a220c7d494d3e2,reciprocal
0x9c3aff976180ea547843abc5d5ea6ccbc11d7544,reciprocal
0x9c452692c7e655afc96f4fa83362f46fec211167,reciprocal
0x9c4825f05eba3747e20029cddc48d60598c9e9d5,reciprocal
0x9c5e59bf024b335d9d7452d5ad1f0b4ec01ff246,reciprocal
0x9c618b6d13e594d2d98695bbcc0e00110886a26d,reciprocal
0x9c674fd63c6ba8c58d09dbb0aed72ee0bb3d9657,reciprocal
0x9c8cea577b98ab055cfd51b2099b9510f1252ae7,reciprocal
0x9c9650ed4232d9b21941125fe90a985e6e956c5e,reciprocal
0x9cb96dbd75160b6e2250b89d08e9acc6370ebcfd,reciprocal
0x9cc0c434c94481bbac11f2b9bb35410b883f961a,reciprocal
0x9ccd367fa7bc164ab85a1e032ba2ed6c156f792a,reciprocal
0x9cd0f7c6247ee98f1cb2ff6f6afda98ae87e0ada,reciprocal
0x9cd17f8cb4266987c6d7f35c65c3aa8931af0cd2,funded
0x9cd234b413524e347079bea5daa964dfd89b9061,reciprocal
0x9cf0ab2d547b7c34d79d437ac86c55ff83330126,reciprocal
0x9d006dcc12569b8304d7e5367ca3e2de8124a5cc,reciprocal
0x9d0b42481fe3b6e257561c1cf2bf3e158fd3cfa8,reciprocal
0x9d10d331a78a8e43be230edb04b4f57e2edb647f,reciprocal
0x9d25ce04af2ffa30850117600afd64705f40ef96,reciprocal
0x9d2c99c73adb1ebcfaacf696d7ff239f7e5dabe1,reciprocal
0x9d3d8774bf3da5225dcb9f4a6814aa988ff01338,reciprocal
0x9d4af506be5c8a043938f0b530cd5fcea21d470d,reciprocal
0x9d4c849954d72ddffe36df916d95f7cf32f3471f,reciprocal
0x9d585b97dfce2c99455cbb9dbccaf736b03f9b9e,reciprocal
0x9d599f61103c9172f4f4a61396ac757c98b5c85b,reciprocal
0x9d5a80eb536f461d007d9e9c970c4ecde4282aea,reciprocal
0x9d5c773afc263b6b56e88e1b708c66521cebef67,reciprocal
0x9d61e35529f02c3622cd030d4ecb928a581b0690,reciprocal
0x9d6515e4401ddf060761f8b5265dda1585fdc302,reciprocal
0x9d7a93815aa75a15592ee630736700978b48cf55,reciprocal
0x9d7c1bb448cdfdfd4bbab3abce0df40a58ee5f8c,reciprocal
0x9d7fbd8f8dbaba904c10c60a0e7ed27c82ec0666,reciprocal
0x9d84964cb7ef2efc4e42d19a1593629d96b0153a,reciprocal
0x9d920d1b0f93c8414c986cd5d48e4cad4c05bc19,reciprocal
0x9d995c0e92d7a467bf30f051f491192e36f2287d,reciprocal
0x9db0ecfe04e6c3cfc90aec917e8c1b134a048a8e,reciprocal
0x9db71e70b76923f524f3c2a010d74ff98c4ddc70,reciprocal
0x9dc680660c27bc4299b454fde3c1d261d34947ca,reciprocal
0x9dc70b552b531c3a7ef477b61c06b84572b94c0b,reciprocal
0x9dc9a48611b53145bfaa3535dbc1d01df89159bd,reciprocal
0x9dcae4e65f345e6b92b328fb63f86d8630d58832,reciprocal
0x9dd00264ff5350f709ea4144f6d8692fb896091a,reciprocal
0x9dd7f6260f90a10528f16095f41ee69ae08e6c0d,reciprocal
0x9ddbe325b0b05a828647653fb6ffe95e48dd6da9,reciprocal
0x9de365daa4e37243894e279d534bd4cf548ec6f9,reciprocal
0x9e09270799698bcd3a792aeb213cc78fee9ce9c4,reciprocal
0x9e0d7d8cd8292c36661155d0927947ffd7eb8e5c,reciprocal
0x9e1676c27c3b48fb2b98d9f9e46bdc9d269c47aa,reciprocal
0x9e1f4ef85d6c6f465c84569070a553a73ebeada5,reciprocal
0x9e1f6ddc5d665377238907fa3474f22e8ac0dff8,reciprocal
0x9e21f9753f5c3ae0cf1cd25e246305bb33b51084,reciprocal
0x9e2608ae79bb1f894309d25361a21a77054620e8,reciprocal
0x9e280c5b65b9607c2d8a020424150e9620840e38,reciprocal
0x9e33dc6cc96508e1f243bda5c5032a09864272bb,reciprocal
0x9e3c038b2657aab9d9d587faec687c08cde85139,reciprocal
0x9e49645c6a5fab655786b1caa0fe43b030a5246e,reciprocal
0x9e4b46001450a37092698534f90eab11715ce3b1,reciprocal
0x9e4f5234abfb31f5a5cb4388d1795d8a538bc9c9,reciprocal
0x9e501a9dc26add340ead313eb031ab6eece1dffd,reciprocal
0x9e5646f33fe907b7d6e92fb23badaf7101df6532,reciprocal
0x9e56ce02ec5d41a5cd0fdb762a42eb0cf1ba2feb,reciprocal
0x9e628d4cc54e71103f7da363d832ba5e1fdf1f1b,reciprocal
0x9e6c09de8bc6df7d5c4b894d2414b8f32f1f60ed,reciprocal
0x9e7d10e432260c000947e496b749aeaf96958655,reciprocal
0x9e7edd176bbce0f6286e050f95c4ee5f15a94d0a,reciprocal
0x9e8d77642e58b341f8e3a47d14db44499aab7997,reciprocal
0x9e8ee9946a648d5c8369d22bbaaeaf4ae54ce970,reciprocal
0x9e9b69bdf7fefaa0016e5f925e8bea783aa722b8,reciprocal
0x9e9f07ce37d4306a951a9677a6e66ce59c7d06c9,reciprocal
0x9ea51eb12e54fba7702b99bb22038d798bae2c2f,reciprocal
0x9eabedd549141f2fbaf7c55df29a2bc357456dd7,reciprocal
0x9eb1dc0ad39db4a8f75de22722a836e468412347,reciprocal
0x9eb9ad63974268cdec8677645e0542af598b1907,reciprocal
0x9ed59d3169bbcf4f06e2e510b94172a85f50d7a0,reciprocal
0x9ee8f48c9ba3769fa8df991ec9dae3f082a55f82,reciprocal
0x9eec195081375fc979283954e9a0955e6e6c9b72,reciprocal
0x9ef4827ce3e22996f1e33b61d4f64766905c7042,reciprocal
0x9ef49ba640c718039ea2619f21e398fdc49a34db,reciprocal
0x9ef97a177832bf76938d471e3cea88a823feb4cd,reciprocal
0x9efb447cd8ca33a2befcdc559bcf3cfea429dd22,reciprocal
0x9f137a6134b62437813e4ef88bac89f6cb408511,reciprocal
0x9f16ae4cec78b260fd8a361f171b81999b6ab6d5,reciprocal
0x9f1cd48364102190a27297a378df6d4820f09a97,reciprocal
0x9f1d84def0466e80fd2f7a865d41b24d84156541,reciprocal
0x9f22c2213bff47c06d2bf86ed61a9eb95950cfc0,reciprocal
0x9f242e86ced14b1a4bc5164c4a7ef641cc83cf04,reciprocal
0x9f268a7b42427927b4940c5ea003e356e7a7bf71,reciprocal
0x9f2ced6cc77465840e9a3bd384b215a491e41820,reciprocal
0x9f2d5af89adb9bd3990aa023fba5ffe5a181a8a9,reciprocal
0x9f32fb9b78bc0fcee10efe0489ec7de84745df70,reciprocal
0x9f3bdcb03e78cd663f9d9bb3eac3fa12e7a27145,reciprocal
0x9f5a5784d272c09195ced73d6512faa34cd1a36d,reciprocal
0x9f6cb1740a464e4953f65e7c30a7ac690e7f163c,reciprocal
0x9f6d0f8dc9840c31afda97e1e7538750d46f3d58,reciprocal
0x9f721df1152a823db8c616f5f9c50dbd24934b74,reciprocal
0x9f8e489b4ad978be063b45501246e79d28f387bc,reciprocal
0x9f902f521cb631418836d1f584087dc284865ebc,reciprocal
0x9fab55e1c423d98b5e7bc0096b2156da0597fb40,reciprocal
0x9fb20168a25c56c2b19f336de07d9c4600e22066,reciprocal
0x9fce8cb27ddf585fd9db9e694ee3e20f3bd02dce,reciprocal
0x9fd742d1885554023a05634f64fb928ff1b56b97,reciprocal
0x9fe939cc90dfc01d2d771e42ae8ac0aa145e50ec,reciprocal
0x9fe9dd27171b811953c46041e09b1ede6c9642ca,reciprocal
0x9feabab34feb248f60c758f9634cb0d444a1653e,reciprocal
0x9fefd364705534977be94febca4fec813295a296,reciprocal
0x9ff281908ff74f92452bed3b3619d02d8d74fc81,reciprocal
0xa00f1de2e4d228e4da7e36a4d945551f07a49af8,reciprocal
0xa00f974004f394428dcf76aaecb9c7cf7d428c6f,reciprocal
0xa00fb125079e2c41f5ca547a36b48d83613a88c1,reciprocal
0xa02e5fb562c5a71bbc959306170f4f605889bc75,reciprocal
0xa03d90b8dd808cfea1c9ac5d9d311e06a269719e,reciprocal
0xa0513acb9df9cc2a7fc225b82829984118d3919c,reciprocal
0xa05744492073cabe887c2db1e7cf644a6c5aba34,reciprocal
0xa05961b1b047c40dd6ab5f4726ca78871ad431c6,reciprocal
0xa0673c8718fc4c3c621feb87bd11264d0b5ed0be,reciprocal
0xa06e81abf04c8abcbe0761dcadb27575684ff874,reciprocal
0xa070b4879da46b7d683e1e38e0d828d74be638eb,reciprocal
0xa07433b23a78dbb170571d7044e3c845923a040c,reciprocal
0xa0822b1ca5d1f2b0e392b489ed001029580c8bb3,reciprocal
0xa0841850c6022b8a35f03951b42806d1a32094e2,reciprocal
0xa0850cd8c88bdec1bf245414fc16d9c65d2a6fc0,reciprocal
0xa09071a254e003a73999b20fc2039ee80a852e22,reciprocal
0xa097522fa27e3fc5f8dc04451d7d7728c49cbb98,reciprocal
0xa097f48ed40e8f046ebd4632891850a9f7c61408,reciprocal
0xa09c833a5470428d854e116c3719175d32fb9831,reciprocal
0xa0a35e76e4476bd62fe452899af7aea6d1b20ab7,reciprocal
0xa0c7058d088de3ae60d3a6a1d26bedb4fda0480a,reciprocal
0xa0d06c88c5fa6f2fb408adfeca74d9d411f05da4,reciprocal
0xa0d68150e0a1e4b9269db79b31759683ef859e7d,reciprocal
0xa10f9e3f539a64296effcf970a8e89292e669955,reciprocal
0xa1189fe8617e7c7504627b8ac763710b287b9e36,reciprocal
0xa11b64fc2833897240942c0350f60740ba2b4177,reciprocal
0xa11d2db7df470561f2409a18d5c0458724ea9912,funded
0xa131dc2b74bc70f7a41eaff6b24e89bd896fc9ac,reciprocal
0xa1486bf3e81dd913e77204d79c4db851a2011d22,reciprocal
0xa14befdf9e283ff5d64a6ae8843d11591ed00e62,reciprocal
0xa14c04ce05f9ae41be65b3f5d74a9df48d512556,reciprocal
0xa14c3b5c8b255b37b569c9bf299c77cbf6c59d28,reciprocal
0xa151ab7149ed993a5ffb0bfcc7678692224d36be,reciprocal
0xa153a7d236948ff10c59b741078d8a1904bd03af,reciprocal
0xa153e5e1d5cae19a9dd1153096252d0c8d523918,reciprocal
0xa15728faaea63bd69447bab95d4cd4e81bff083f,reciprocal
0xa15f022b7581bbb92611c925b53caf91b5bc625f,reciprocal
0xa15f6914c54798f69f03cea548d8f87ce4ec68e2,reciprocal
0xa1630ae80e7d529b66c64ac6098bd3e164224723,reciprocal
0xa1674bdf00f307f28383e5994067f34d60f77122,reciprocal
0xa16af14d82a6e739e5deae1f017d54a338b8676e,reciprocal
0xa16f5a09919fedfc575e6f9faa837407452151a8,reciprocal
0xa180491271aaee0078707dff796fc6854bbffd77,reciprocal
0xa18dfcabec09bda8d194f423fe18bb82a25ab2c3,reciprocal
0xa1933c644101e04fb46dd5e4983d5e244c09f0bb,reciprocal
0xa193887fbb9285bd0a0a7b96d449858bc5a45a56,reciprocal
0xa1a5b42071cc11d1b573936e66a316562ced3496,reciprocal
0xa1aa7e481ff247340eae0916138b74ebe8f7f002,reciprocal
0xa1ad002fb84bb159c6b338d5330b5d9c527158c6,reciprocal
0xa1b20a914969f465af6c2bbae5c27e6a4ffc0c79,reciprocal
0xa1bd2b9a2c5725e1ada487b5465a53eb420c0250,reciprocal
0xa1cae8f90733ec283d4485de58aaa0037b858656,reciprocal
0xa1cca97078763789d6cbd296f82c53bf1ee2858a,reciprocal
0xa1d107d6b38fd6c05f4a7525aacf0ec59a4196ea,reciprocal
0xa1d12ef640d220010160d615134b32d9239102fc,reciprocal
0xa1db513a6ffc7eb46ccc68bf695913bfe360215f,reciprocal
0xa1e1b323457dcd0a5b02c050266650849cc020a7,reciprocal
0xa1e5d7b56a65fe34a01acc4760038860cfa00f6d,reciprocal
0xa1ee7650d9214b4913fb775e9093491e56369f82,reciprocal
0xa1f5c70d9920fec46a1eca6c0489c464c1467ac3,reciprocal
0xa208939d4b7407b9322498e1e4e5ae5803579437,reciprocal
0xa20eb3df8fe5faecac71f1210af7e27f27f2709b,funded|reciprocal
0xa2166eb6df417d7a1b2313bee1df0a330ce09d9f,reciprocal
0xa216b7fc36372c7d323342f911d2d7d3672c82e7,reciprocal
0xa216f4e134396ad2bd0c813b27d2cf8d0099bc0b,reciprocal
0xa224184f8d769595a3c5bc4d286a489c8cf03bca,reciprocal
0xa22477f33745f7a4130ee3ddda8e6097e64cb5ed,reciprocal
0xa23c092540e4fc106c8cddbc1b030d5fe89fead0,reciprocal
0xa2479bfb5b01a45b156c17c2e1e3e970c35b43f1,reciprocal
0xa24830e1d1a8863eab1a9389436f2b44e850ff14,reciprocal
0xa24d0e91a7e2c163afea11ed4920f03615b06066,reciprocal
0xa24ed0dd3a38be2944f4d40df6dc98028074de74,reciprocal
0xa257696558775bf8f2172748c22913231563ac7a,reciprocal
0xa25d6f45fa76e7542a91763b6dd66e06159a759c,reciprocal
0xa26653f40da9ef2c1d8bcc4c92bb56d778b2e216,reciprocal
0xa26a4db4be19fc9eccb61bb41f60d85bffb3fd23,reciprocal
0xa26e7bf5e8733f81c5d5562d3031cebdbbfc5199,reciprocal
0xa271cc333bda7ddcdb635f183f491b93be376f71,reciprocal
0xa2750170ef5351c50c0ef056977104e3ceff2688,reciprocal
0xa282f2eac26a4c5712cf498afd38fdc2f50c16c9,reciprocal
0xa28516fcc778f3a764b7b2a9b1cdb48c282928b0,reciprocal
0xa2855aac44e8eedfafeb61b65e8911fc047c2e64,reciprocal
0xa289885477dc434143e14c8511b3dd04fc7708e0,reciprocal
0xa2972dc640232a969904df57a96eae73f9e1b050,reciprocal
0xa299dec2657f24309a3e32deb9415af675fa22b2,reciprocal
0xa29b1343c702731990782bb03b809e551c283b09,reciprocal
0xa29dcf3e8e781dcdb63ae61cd99aec28dfe02f5a,reciprocal
0xa29f27eddf096d31822528dbcb0575b3b06210ba,reciprocal
0xa2a5890725bb730654b0e530599fbc9ede477e55,funded|reciprocal
0xa2a982e04c8d4fdb23f543a7725e2f8f44dbda43,reciprocal
0xa2aade9c891a3faa795ba43bb908095c8d929d55,reciprocal
0xa2b05598a507e8ca5295e2de9f157f0dde3bde6c,reciprocal
0xa2b6de868ccaa9d5b6a86216fd5b6c0c282a357c,reciprocal
0xa2bb30b31ec3cfa615ea7b0bb5e9274a53022b82,reciprocal
0xa2c015717a92c49dd6de39da179daecf03f06585,reciprocal
0xa2db0afb4727ad1ed92618f0a50ea6f7a6719556,reciprocal
0xa2dbc08e34662002f3e4f6ce8c25073ce4514fac,reciprocal
0xa2e92aad17dcba4f8ce88a8f47129ee6659336fd,reciprocal
0xa2f0c4e0bb3fa621c77701c0b373ce863f70eb5d,reciprocal
0xa2f48bd94969d81bb770629d193b95b088bc3626,reciprocal
0xa3091005a76b1480f1897a9d0c2e1c55b7767674,reciprocal
0xa316e14960b3e501cb2740e53c957fdca62d54ad,reciprocal
0xa3259d3eecd83b60193f8ae62f14d31ef7cc4416,reciprocal
0xa326d69ddbf4cbcc2d8e0c4e24602d14682024bf,reciprocal
0xa332d803428994e1e5ec7978f79825efbb7f9bfe,reciprocal
0xa33a8e03de38f9b14ea0b965758c3be6686bb208,reciprocal
0xa33ea378cf0b2c1cc3f7e3d890bc5f9f6297564e,reciprocal
0xa33f14a81fb74553a4d1dba5e7a6041bd70f2a41,reciprocal
0xa33f2431baec09ef9518ad1b2a2b15120493bfc1,reciprocal
0xa345e0b984e5c3b3d16809edd505d478e59af6cb,reciprocal
0xa3483ad7bed0597bc183f381fbce86e60b362a26,funded|reciprocal
0xa34fa8fec3611ae98fa9bc1712cc7a53c1ae5662,reciprocal
0xa355e9496e795645b81e8abe4530ff33fd6832f7,reciprocal
0xa358b9cbf9b3cf6951dffbf281513a6b6610b36b,reciprocal
0xa35ccea4dfccfe8144c60d2c20d8147956bf0e4d,reciprocal
0xa36dc4cbb33c72dc75c43a3251b5c58ff6e31c28,reciprocal
0xa372ee963676a0aff085b2635c8b7268a3b5812c,funded|reciprocal
0xa379d4c6543cd737ec48d5a13bbc3306a603011b,reciprocal
0xa37a30610e553ede94d4092cb652001e389cdbee,reciprocal
0xa37e99da8328068fdb158787d812d685870d2b33,reciprocal
0xa38803144ef32fda172add2f36ed491d7f04537a,reciprocal
0xa38f1c02ef39564a7627d969e64fe3dadcbad603,reciprocal
0xa38fa1fbbd8dbedcd83c28749fa293b8614716aa,reciprocal
0xa3aad9bc127cd0fe71862f9eaed4a793e1c2545c,reciprocal
0xa3b2c52257ae9c042215f26d405bafb7cc81e19f,reciprocal
0xa3bb931ce61c98ce5ea09b4ee22a7065bbe9c08c,reciprocal
0xa3bd74ffa62a4c675bc7ae01ec8e47ec01cbe96c,reciprocal
0xa3c12096c85db6d3a9250c872df243d02e7c0bbf,reciprocal
0xa3c934f6e9aea1355f1db75bbf4e439e118eb48a,reciprocal
0xa3cb5db024fdbd43e26de3442a1a112e3e72bf91,reciprocal
0xa3ce8bb4ea1127aebf43ebf38d3f30699ac43688,reciprocal
0xa3d692bb830dcb959b37892303a5ddd354764c86,reciprocal
0xa3d992c57e42505a32c72173229b07bb159cc3f1,reciprocal
0xa3e17f878023b680c6d897477bbec602b7675993,reciprocal
0xa3e48e4bfd0ed342bef38f63fe07ae2a5372214a,reciprocal
0xa3f047eb737d7b885b9d43a8d80ea810763e795c,reciprocal
0xa3fa58cd3c3fc0295d16f2b632f69e09dbb6e10e,reciprocal
0xa3fbf07d4913afd7df8f6389f506ecee67f2ea40,reciprocal
0xa3fdbf618e48cb7955410090c2ceeffc183aef19,reciprocal
0xa4138f1a58efa9b84c456eff9214a3ef582dc41c,reciprocal
0xa41fcebe9e93280f8628c8e08266ea1df64f3711,reciprocal
0xa421f20be2a30b4e337c68eb914a972c784efed3,reciprocal
0xa42f5cf594f6731ae434d55fef5713dd0b55191d,reciprocal
0xa434bd5babedd121b0872363b6f53c0d5572b06d,reciprocal
0xa449e4ae6aede3f4eb44a48428398650bb7315ac,reciprocal
0xa4503e3878f449acad7d7a1ef5adb5148e019093,reciprocal
0xa45f840efaa3cde3f0df38e93e2681a9c5c73d62,reciprocal
0xa46004fbd7447cee5a3e125ba426e5ddfc7ea884,reciprocal
0xa463a78fa6e9d7c9f2d80326bae39cd2bdc31b1a,reciprocal
0xa471311cae93d7582f3b8244353fe6e4fa8eba29,reciprocal
0xa486d0c8add9ea0e7b3015080beda40a5eb1202f,reciprocal
0xa487d373f799aa10541d1c1ed929e13f7e892fdb,reciprocal
0xa49609b9c03313d328a32b5102b841a14278cde9,reciprocal
0xa4995c6ca580aa9fa118534973f7679fbeb654f1,funded|reciprocal
0xa49ece4a45124f5f6601a64b39f272e8c2184305,reciprocal
0xa4a4a9e89a13c4ccf65e5d39ee7b1b34178e8581,reciprocal
0xa4b2b4a08e9119167071ec5cdf0079fd3d7c8e6e,reciprocal
0xa4b8c5e8be2ef3c98c6df38a775d7d3c8765c3c7,funded|reciprocal
0xa4c77ceb7787477052ddfcc7d4d6ffa1b5e4e329,reciprocal
0xa4cd7314952a164c8f743321f8aaeb3fba201577,reciprocal
0xa4d11d1b93dd4f4fde34d33653d502de06aebfbf,reciprocal
0xa4ec2a69d3cf6188e8500e1580066628e39ff199,reciprocal
0xa509d41aa2a0b7f755538ceb326675ea7109f407,reciprocal
0xa50c3fc0e8f6699a5b5e85ef7212fd1c27e9a3c0,reciprocal
0xa50dfd6db7dc7f5e0fc5631fccd4ebb164e84618,reciprocal
0xa50f970586098115f025ed118de6160d0bb42fb0,reciprocal
0xa5123306e0a61fa8f5da4b5a2ed2ad4f986d7c54,reciprocal
0xa51ad681a8086315aeffff906b88fa401dedfd5b,reciprocal
0xa51dd519d1ce7c72b51aa0e7c8c5a95e2f3d66bc,reciprocal
0xa526920d14f147aabc93b6702f67817caf08c4b5,reciprocal
0xa5298dd34cc080cf5625a058007d1f06b4d793f4,reciprocal
0xa537ca8915f3879234397db070e7197e3e136ece,funded|reciprocal
0xa55355b78cf9ca59035f0c04dbc3456bf0ffee77,reciprocal
0xa55a2b6fc0e68a54a76d618d27d90650188f573b,reciprocal
0xa55da81c4575a3023f20eb242db9d55ee79737e8,reciprocal
0xa560a6dd30a3ce06adeee491d057b9ce09526e66,reciprocal
0xa568081f0b67f01b2d84e158e03868e521b64e8d,reciprocal
0xa56897c808cdaba5c5dda5667bada3e264fbecac,reciprocal
0xa56d76ad9434c4ca02bf3de91846e743ff19d42b,reciprocal
0xa5764dd8cb68ad742d6885e3e006049a298dd0c7,reciprocal
0xa57afc1d9c6a6936cb219d0cdaeb8481f39c130c,reciprocal
0xa57e97789d406381a06c0032da5c6b2bb7f7d180,reciprocal
0xa58842b198e32c0d0dcbc01fca2874d73adc219c,reciprocal
0xa591e1c2df56c80b974f165e8cef3ce4005ef0be,reciprocal
0xa593e2a5832b9d20558a03c9cc6021aa059194a9,reciprocal
0xa5c37761dce62910e0311a458d0384c39fbbd654,reciprocal
0xa5cd1845fed60d87afc0630cc21fce2965a18d81,reciprocal
0xa5cd1a3939cc583a8029d20258eb1fad91e28dae,reciprocal
0xa5d82648e2a714fca8a9189ef2f4edfbc226cf6b,reciprocal
0xa5d9b1f02db683bc635c2af386dbb7e94201be98,reciprocal
0xa5e9f60532e63716faf3cf0d4ee5811e2e7fefb0,reciprocal
0xa6008e52b8ffdc259ef23167b293147569c24a2d,reciprocal
0xa608dd19f64610f967fa511d426fc4fe15a849d9,reciprocal
0xa60cebd0da29753c6d4de9e91b81fd46b689675d,reciprocal
0xa60da14bfce79a11b149ef6a2414de2309c18c2c,reciprocal
0xa611a74763bc47cb01587d5c0512ae0693de5ca6,reciprocal
0xa612481db9254d61bdfdae15e2dd72f2c748d49b,reciprocal
0xa61d059313f5efa92b6aff137a917c5429998f2a,reciprocal
0xa62c9248c038949fd925876205acbdea05d20ec0,reciprocal
0xa62d783990f9fd2030ccf37b66bd421ce2a4d8c7,reciprocal
0xa62e4c7fb0f6deb37750d64cfc950a34c4fc1707,reciprocal
0xa63cfa4ae0380d9be02095aba25f26860069ca54,reciprocal
0xa6459ef31c68dcf46cc603c526526db1c6ee4fd1,reciprocal
0xa64708ff4d74609327fc6d2ae7cff02a1102b969,reciprocal
0xa6493de2c0839eda651148e26a560d2fb76c5ad7,funded|reciprocal
0xa651781d0038a389dad3c7e3341e49ff4db0a4b2,reciprocal
0xa65acdfe91f663bc75831701633490332bd2d929,reciprocal
0xa65bd0b5d095dc4b861dec4c0947fa2f3f07f45a,reciprocal
0xa65f9ad17ba7488cf061fc15044d96e0d723fd67,reciprocal
0xa65fbf8011e7056c23417e09dd343f5f0a78c62c,reciprocal
0xa684eca883dfe82ba99a1cc0a51d1986ebf08291,reciprocal
0xa687d14347561597b43100ed4f8ce7cd6feb6fde,reciprocal
0xa697afe359defc010857e173e7021407ff92b2bf,funded|reciprocal
0xa69e9400527e6ebd3799db11eac97ada7d71adf9,reciprocal
0xa69e9eb15b4b356a01ca9d7f7a1efe5770f2acdf,reciprocal
0xa6c2eaada1d20d2a014f98b040d97e5a61bab7ca,reciprocal
0xa6d38c7c2dd801b19973a67c28fa7608cbed7f0a,reciprocal
0xa6dfec8c78737032420cc533c5724dfb461a163b,reciprocal
0xa6f013371726e0bcb23832fa7f41b8de67729867,reciprocal
0xa6f1144d77af3cc43fbb92b7b925029ce2407019,reciprocal
0xa6f9e348d8fc2cafcb3b16aae9407befbc077b4f,reciprocal
0xa6ff858919048d508c28cef20049f207e50d7841,reciprocal
0xa6ffd680b5ca1c913ab4490a35f0807741db2017,reciprocal
0xa7085f6d5fa48eebf491a57649ef5f7f611331eb,reciprocal
0xa7086760ef23a61e00877859a10b5f00a7ea0aa8,reciprocal
0xa70e145f73c4655217e26aa853ea60e525b4f192,reciprocal
0xa71d5a9066219d66c6dbe5a6aa0722ccb3f4407f,reciprocal
0xa722560d60861907804a0b4dc96e2a7cdfe8d3a4,reciprocal
0xa723bde54677b1e07d92cb75e066709eb873417f,reciprocal
0xa725d33d935dae9e11b898fcceb59daadd5ff90a,reciprocal
0xa72abef56e59c32daa9b53af15a1ec84ad9772df,reciprocal
0xa73d8956253bf678c609281181f1766e35239c72,funded|reciprocal
0xa747a59c25dfc3b5292034b58421e257fa94329a,reciprocal
0xa748d74efc6c244ed8761683475cb0a791cedf8f,reciprocal
0xa74d630e65066d3f5369ba1e5a605658c34fc874,reciprocal
0xa750fc751aaef024a6f9a317942111cb04ddadf4,reciprocal
0xa75651268fc8496c8b04751c3fe5e6e9c4fbc443,reciprocal
0xa78524538ccf38fb94b952d9bd1bd206c48f28c5,reciprocal
0xa7891083d60c5cafed30c59b74836bdc77136b48,reciprocal
0xa78f1534a75d752438e25ff23bd0e98c92709bbb,reciprocal
0xa791830bd51de94816c5c07752f25f53f41c0f5c,reciprocal
0xa79ed10d1782180a7140aaaf4af7089c3e9bae19,reciprocal
0xa7a3a4a66d1c0819ae87ae5d9bef7af99ab4270f,reciprocal
0xa7a88ba1d6b90f9e1108195eee677cbdce8049ac,reciprocal
0xa7b6af169643151c4a0bac4c21d06f0839e47299,reciprocal
0xa7bf60e27586fbe7e62597024111c1388373bc49,reciprocal
0xa7e8587ac513fe2b11885a1fdfdcca4c5b3e2af9,reciprocal
0xa7f51839173914a9a4efff7fdfe6c004d8f432d2,reciprocal
0xa818b139f47d661bbf3f4baf88c1c26a3b476af9,reciprocal
0xa8313185372327f27af1f5ca5df70a77e124929c,reciprocal
0xa83afdc56ce8d285a73133dc9975f109b152a69d,reciprocal
0xa8493c5dcb4fd01285c0855eb7693c4a0684b8d6,reciprocal
0xa84f15b0318fe5911a44f2616b85b59baf170abf,reciprocal
0xa854706d2d36d498d3d0326d2f16af3963569764,reciprocal
0xa8592a4505b4176617df5a5fee16b69c5b5bb325,reciprocal
0xa86474faed8c973bb430ebf1bffb90671114ed20,reciprocal
0xa871edd4699eced5a4a3bd8d62509db95cdbb106,reciprocal
0xa87a32d53d1be6b1772909671953c183bfc4fffa,reciprocal
0xa87da383279817de1947aae67934e36019862698,reciprocal
0xa882d2f2ac38698dcd2fd5cf950e810fd7fa31b6,reciprocal
0xa88b60f3c185918c19b3847c748c9beffeaabbd0,reciprocal
0xa89b8001fbcd0f8be5d799092949ecac1b7d2ef2,reciprocal
0xa8a86ca5534fb8a676380e25bd4d068e26768f25,reciprocal
0xa8b64424457d0a65d3583282a56787dae3448500,reciprocal
0xa8bab0fd1947f4fda1e32e2b627130ff5fcd3bdf,reciprocal
0xa8c1a5d3c372c65c04f91f87a43f549619a9483f,reciprocal
0xa8cb514dddf4830c37558eb941cf9d9e9c49aa38,reciprocal
0xa8cbeb91e6242ace5386c6c2ec7bb30a7a93dbf1,reciprocal
0xa8da72fcdbe90c201ac6a55ae937776885d63f82,reciprocal
0xa8de9731bf49d226894259bee68288196bf723a8,reciprocal
0xa8fe5ff934c339d3f63154b86221ecfc822581ce,reciprocal
0xa908ac479148f9c1f6a5d2547a72c3f86b861c77,reciprocal
0xa918ab9b11f1801b96b9d8f486a7d44daf293666,reciprocal
0xa919bfddae895ea201575646b081ea2bccaa5c34,reciprocal
0xa91bfdc4b60f1db07f11e83d661603f35fa738fd,reciprocal
0xa925921e339cdb347861799a41ebba3c6deec798,reciprocal
0xa92b8884ea161ba4646122a358bf0ce06391389a,reciprocal
0xa92f22838b10b1f6daeee8b52316ba93df1702fe,reciprocal
0xa94187cbe5c40fe5e9dcb7b6799164992d9cae1e,reciprocal
0xa946127ca5dacb5265606ac139fbc54a1164c40b,reciprocal
0xa94b481681f1690116354869f9e7683cce09edac,reciprocal
0xa964a672992d1541f29125f8b2723858291ba45d,reciprocal
0xa971e669686d5555fa00527385f669b489542fee,reciprocal
0xa97d190a3c8cec459ce470b7aca5049b49017b8c,reciprocal
0xa988dce1c96d460727e04b482f71662f47717306,reciprocal
0xa98b6cc386ff5bd5dd9beedeeb51e76db10569b6,reciprocal
0xa98cc8b546e65dd6b77af60d5f212c213377bca7,reciprocal
0xa99995f2ddb9046f395ee20abebcba9899e7660f,reciprocal
0xa9aa3066217f3484e6961bd566db818ad69d8251,reciprocal
0xa9c62f2b01db3c549d101d5a640b58db38520024,reciprocal
0xa9c6709443bb4435c328824dabb9a2a7cf4ce56b,reciprocal
0xa9c9e81c263f614a6644caef7e43f1c82947900f,reciprocal
0xa9d79ecddd3a4501faec0599e1f81c77aa3e1b30,reciprocal
0xa9d8b2eeeefbe130604b27f94b8d0558303ca8f7,reciprocal
0xa9dfb627dbda26a27b879e8446acc7cc95a018e8,reciprocal
0xa9e1648c9e1d1a1af23cc5631b429608755b1f08,reciprocal
0xa9eeccfbeddce9280905de3ce536339657d89e1e,reciprocal
0xa9ff4670779ee698366c3c7ae69b9b5859a1bf3c,funded|reciprocal
0xa9ffbaa1362dfc89df8b5f0f4f13f0fec5681fcd,reciprocal
0xaa0608339f7f6ff4da69f41ad9e8756a5f86fcce,reciprocal
0xaa0a872f8d2e97b7f8bf86abbdac2098d918486b,reciprocal
0xaa0bbc89737ae655139ecf877b0eeca03311e5a7,reciprocal
0xaa13b408170a14fa652a66a1ce455ec265459bb0,reciprocal
0xaa1ec1b919e307d370276e476a1fd2b04defe91a,reciprocal
0xaa21a3d104c60ee0fe8d88056d6dad18a6b3a659,reciprocal
0xaa23fd10a95c4201871c26091dcb0784695d169f,reciprocal
0xaa2aea7e02f963b24725ffe36aaef3d02b9b2347,reciprocal
0xaa2d338c0b105f6be30e771e7db9538d0b57d366,funded
0xaa4a64ce9256410d6953b72d290d2bb64a0bc4f8,reciprocal
0xaa53971d6f332a5637d640770da4336b6f685416,reciprocal
0xaa5dbfc41eed3140e4d75938e59468ae2914c37d,reciprocal
0xaa62e79dd5292ea89530da20da879735a2ff9ee6,reciprocal
0xaa6853318f9d64ee5219b38b79707788714f7dac,reciprocal
0xaa7019f8a37c608597bc9817192b9f8eaf6f54b2,reciprocal
0xaa81d18d2af0d062879d17aed6ee14505a66558c,reciprocal
0xaa8bfdb841aebe5c23835ab75867d1c33eb7ad68,reciprocal
0xaa9c460f440ec1512b35ac8b31d73bf9a8ac0d71,reciprocal
0xaaa1d98f7c7f806700d568f4b3e5729d621b95d8,reciprocal
0xaaa24b8c28b87cdc1f7e1432c0e906e2d92e7d29,reciprocal
0xaaa584c34ccc5e70a4cb0f66ab9abdaffc57da1b,reciprocal
0xaaae17d3dda7ca44ca18da69ff53f2151b14e845,reciprocal
0xaaba1500c95348896684f6835ad42031b3e64ee5,reciprocal
0xaabed0970538dfa45444e3965519e09bdfa63d53,reciprocal
0xaac0afd21b7437628ef976cdc3f2c528110ff076,reciprocal
0xaac4721171c204029101294a7184936ac63517e9,reciprocal
0xaac89fee8cbeb7f66348580bea3238205e8e6d3a,reciprocal
0xaac8eb6fd20a1283cfb0bc2fc89cf91909c2cd82,reciprocal
0xaac91448b561a53c0cf3cd83a0bab681f53ef40d,reciprocal
0xaac9ea82ff40cc57648472c6e974b777f451acc5,reciprocal
0xaacadb976230f7428258ce109485a70f85bca6ed,reciprocal
0xaacf439372cdaa363f3da3099dd242d039750055,reciprocal
0xaadb925b202b2437f6740bd4bfe30f6e5e6d80e2,reciprocal
0xaadbf3ffb2b8fda0b25cc0499fd740218546454a,reciprocal
0xab062d23c715346ea7a35f2024a5799c19784d93,reciprocal
0xab1616ea6c492643eb6cdc860710188f7436cd9f,reciprocal
0xab1eea868d418a3129862041d4fb620907dcff19,reciprocal
0xab1fa9c3d2541a84a306c2f4564a78f2ea0271e7,reciprocal
0xab26f80b1c3e0faf5e21111f93bd4bde38cf53ea,reciprocal
0xab2cf01385081ea0804b4beac014e5078b2e7acd,reciprocal
0xab3a7ec3d38264d97eb4d50d70d1d3442ce279cf,reciprocal
0xab4df989cd8de4b9e5fcd90a0e16799551ca0744,reciprocal
0xab5497d9ff3118d0779345209ea480039e70b2d0,reciprocal
0xab56e8c7ed397b9a5e311c846bcc3b282e52b65d,reciprocal
0xab5bb69d3aeb3a8f41b83b0d81a8e869fe62d954,reciprocal
0xab5decb819bbdb823e472c388d0826e294f99973,reciprocal
0xab5fa7bc59ed2c4cb205cbd729c7f57820208379,reciprocal
0xab69ba53652a168b766dd269343b1609b686939e,reciprocal
0xab6cab4671b729343a5bd32bbda50ded7813ac94,reciprocal
0xab7bd23744cc4317d05fd3df615d1fcb7fcdee39,reciprocal
0xab871891a841ed96057ead9a00432551448dc43d,reciprocal
0xab8a663c5d4e33e1c5b16372ae15a5fe37a9fa42,reciprocal
0xab8b46148099a617a661f672b533e80969027514,reciprocal
0xab9162b820a6bdc03205c6e5c3bafa7fd30de3bd,reciprocal
0xab91af62586216ae008443536700e6822f95e6ae,reciprocal
0xab9878ac4e6e15b87a025fe0865fd3ed3deaa5a7,reciprocal
0xab9a1948cb87c83ece572b6e9154152694d44cce,reciprocal
0xab9cf41272b2b86cfe2aea9957bd01d9f5e00262,reciprocal
0xaba0db3f42eeff45395e627a05d5f3e3a47a34b9,reciprocal
0xaba3b1f1f15dd7226530fef9fc35e1a801f60325,reciprocal
0xabb1102ab66f1d893c91af577f1814987fa6fb5a,reciprocal
0xabc3a421ac49c9ffa0880e72c088a9dd6a18cc9b,reciprocal
0xabc8b8d73d6f412a3be7107ec0f300d26ae33c7e,reciprocal
0xabd38f0c3064c24431433a9b1fe3a0a06fd737df,reciprocal
0xabdda6bff0360812566d0f4d2b761f96d5a8cbaa,reciprocal
0xabe0c17f5e3d400c1e9eba0e32aa4370ceaabd77,reciprocal
0xabf00778a354edbe6991c3983b4a6590503d6cac,reciprocal
0xabf01df9428ead5418473a7c91244826a3af23b3,reciprocal
0xabff933676b491b9f805a0e10376583fd9246346,reciprocal
0xac0f2f7a2ff9ce5b1a667b57b072e0e76afcf6cd,reciprocal
0xac0ffc09cf72db02e6bea00797e09b0bc4e5ab71,reciprocal
0xac1163b25b6e2ef71bec4f1690b507db684e9b89,reciprocal
0xac221539f750990e36b02aa6824d594b92ad9596,reciprocal
0xac26b6d7d9e6980012d5619c8665d5d8f0b1255b,reciprocal
0xac2b72f09f0cc8b6a11bd450ebdaf07758237414,reciprocal
0xac2f528854c28a115aad0f98a9a10fe7f744afc4,reciprocal
0xac3287c3bd0483e140cc2d6d4f0a7fa1e060ba7e,reciprocal
0xac391ce9c37516c1b53168328728f2a153799f6e,reciprocal
0xac3c9c1d8c3c90eb20827bb1b8ae015d8602f1f8,reciprocal
0xac4680a323fd2fad46f7b7e64d1cf89eb7664738,reciprocal
0xac7e04591e45de032877ab7432a1ddd56dc6a08a,reciprocal
0xac8357fb0002d6035aed303f444e89588179f01c,reciprocal
0xac96ac174732d5f5ac3f7e2da0ed6777fa7fd6e1,funded|reciprocal
0xaca38cd9ed31f92b98ef6ab741b389e0fe77afce,reciprocal
0xaca8eb6d6ad27711fd2e4af2a8cd804f3171a710,reciprocal
0xacad5cf076d67bed0c03096389d856c7a3f5152f,reciprocal
0xacbf769c2a092954b4aa868d6b396c237f07fc4e,reciprocal
0xaccacb997134dc7d00d1c8f25c75f2ac5a1d34bb,reciprocal
0xacf1c476516976e1f59f98148e2bc97bf8801743,reciprocal
0xacf537dd8f8e6887b047adc40c3a5cad8395307e,reciprocal
0xad005b1c4e9e8fe5e15d594ad1caa67508188446,reciprocal
0xad012abdcc7fe2be6d76c8c248e43e79cd0f1b3a,reciprocal
0xad02fd7596f12424843fb8ecc3602f960732feed,reciprocal
0xad0306a4880988b92bdeb4c92bac3e60be9e35a0,reciprocal
0xad0d3482e0f4b090caf931bae459ea1452c5c3a4,reciprocal
0xad0da05174074c1fa3ae02a71bc6c30904ca5ecc,reciprocal
0xad12f99b35bb91a6f47626376126b551a42670e4,reciprocal
0xad1428e40568fa0d07f5599d7f44655fb40fdc2d,reciprocal
0xad1bf94936d62ac97993edf92002ec2353c806b5,reciprocal
0xad2b1156d6fb49a4884787f24fb666354f29a95d,reciprocal
0xad2bbe4e250e00969d245ec8e9ba3a44de992ebb,reciprocal
0xad32f08b5eea0b31d44d3260d379a6891bf116bc,reciprocal
0xad3517533e3e99532b8e557ec63ff51bbc20cd87,reciprocal
0xad385360cf9c4c600af0cc47b3e658dabd6111b5,reciprocal
0xad3a5bb47307f3dbd728a4bf8d5d9afc50b4a095,reciprocal
0xad4a466194730ef52b213e9ea1a30e8260a57ee7,reciprocal
0xad5216c0727d647762c66fc0bfeee2288fad94d7,reciprocal
0xad5c167798ffae59b6f4046551fdd8646466807f,reciprocal
0xad85ec28c6c491c2376ef153b0feee38e09d3b5e,reciprocal
0xad87a6200985b4530765ac3c25aab9705f672e8c,reciprocal
0xad896330f05ca8c41f6480634c9f16e5b3d8de3c,reciprocal
0xad8f7242c64f80b6612907aedf2e2701eae7352d,reciprocal
0xad97da3abbde64bb67451c1f6bf8ca38a3e73a45,reciprocal
0xadb60d34b57b010a6feed9efb1f9be9897fa483e,reciprocal
0xadc6dc7b70ef0c7dfef68f23679a1053b8f57838,reciprocal
0xadd358e261dd98a8d73f879fba61c1c60841d314,reciprocal
0xade540c9a4a534a14ecf01a6b68b76b2279e6a6a,reciprocal
0xadee0678bf8c7e34d856b29eb34126fe7686e16a,reciprocal
0xadee6a2b4bc27dac4ecc18109f946961e30dda98,reciprocal
0xadf7504916cf6123694ea414b129a719f246dcd4,reciprocal
0xadf7c197e505331f25442eaad82b0d0e4649f7b1,reciprocal
0xadfb898329d08a2c651c0d5cad82a738af8b4c86,reciprocal
0xadfb91bc919caaa6ac1e0750e582e6e1137288ac,reciprocal
0xadfc0101fda5d0222ae4c4035ab717e1e99eb3fa,reciprocal
0xae0739d8f8e18a9ce8ce6a8c7626ce743f45a208,reciprocal
0xae0dfe00827c07b7db4514683bcc3ad0e85200b1,reciprocal
0xae172b29862889c173e1d82477927328dbfcebcf,reciprocal
0xae1876001aff12daf31441da57bf7646fc4a382e,reciprocal
0xae35fb4df224cc4c4e6a543db45fc4f4021ded72,reciprocal
0xae37b4bcef1f72dfc4325716731a078ff5e32ff7,reciprocal
0xae3d88c3059ad18a5ff65155b7f3195bf5613b48,reciprocal
0xae47636c3adfff235c8239fb655f056ba8f734b9,reciprocal
0xae4e9b30dcb8fc1eb0e8a6cb3fc6eb68fb68a17e,reciprocal
0xae4f02b6bdba3020791f398ce85a3df24d45a518,reciprocal
0xae530b5fd30c992b6dec5d0255dee52e18083bf3,funded|reciprocal
0xae5899cce4f78d22ef144dd677146c5e0729d007,reciprocal
0xae5ebdf455a90b5b464377e81f428082e1c163d3,reciprocal
0xae646a67fec84743c6626aaf98ff103e26dd2201,reciprocal
0xae673d1214f771d6f58673e32c45a463c0fba69f,reciprocal
0xae6c546e9afc45334c9d8436b4d1498b15b26402,reciprocal
0xae6d68e6bc41f333f1750ddf38dfb940125d4a94,reciprocal
0xae70afec47c8893b68afeac112b558676b31945c,reciprocal
0xae732f9843c2cbd304c53a8f569437d8dab6451c,reciprocal
0xae78587d6fc39852c3e0b43b6554d3cb5a3641a2,reciprocal
0xae79a7c91a324d8e62f8ceb360a7475f1c5c3a64,reciprocal
0xae79c09b19cbad4bb92214e68f0c68f819fe2467,reciprocal
0xae8df1117bbbc987076923310dba306b51f6704e,reciprocal
0xae97f08eadc8e38fb59ad5e5adc9c67852932e40,reciprocal
0xaeada5436bee361fad0e48e1a6fcde5f6aafe277,reciprocal
0xaeafd73e363972a232b43a95a715e77146efd988,reciprocal
0xaeb14853494d99f63fae7c34a49bd39d8fcaf302,reciprocal
0xaeb3092e5060387a6199b716cb2692e632a9d52f,reciprocal
0xaec248b7ae1e0e917e6f95e9eb96e0a59492a89a,reciprocal
0xaed0a436a0ef3cfb0ef4ec75fce801ae0e8e9046,reciprocal
0xaee51f5fb136bafec475d219681b134e80770a60,reciprocal
0xaee62e0fa70ab715afcb1b0452c93f025b728917,reciprocal
0xaef169bc5662119a922f95e0c97f7e5587821434,reciprocal
0xaef86bce04a7c768056ccb1871202a8af2b88056,reciprocal
0xaefa9dfbc13ccff58e49cbbd4cedccb5539dff41,reciprocal
0xaf074b4fab50f3e32972e7fa82f030c87fecd652,reciprocal
0xaf1098652515649590ff3091f8908d7f17cab09c,funded|reciprocal
0xaf13f408386d9b62ac6e9ac8552903bad85d7fd0,reciprocal
0xaf1716b16e7536c6e8b427003a424beecd56d580,reciprocal
0xaf246500374b4c2915657fbec308414d6d1a9ec7,reciprocal
0xaf2c0f43544729edafba9da8860e75af0b69537d,reciprocal
0xaf35559443cbe825cff49abc7d609873d176b5be,reciprocal
0xaf4fc16bbe8baa281d5316cbd99bd738b19288e9,reciprocal
0xaf5137754b0babea73f5d827f325c73451f79287,reciprocal
0xaf68db508c4446e66199094a2cd1c42e4ceec175,reciprocal
0xaf7267e213f67c4988201bd829f0ffeb6bdf0c7b,reciprocal
0xaf745feffc7bc69ed5008882fdffc5306a2fc532,reciprocal
0xaf7718f6c74ba96bd853ce09022f2a6ae6c82935,reciprocal
0xaf81493f2183425b9d4051682e873f836189c7d3,reciprocal
0xaf83629fe8d892d10d2c63f34a572d2138d3f424,reciprocal
0xaf83c3159e13691e6761d303c0c0a10c6768f568,reciprocal
0xaf88406af36b5308b05932ee6c22f4fac76b7ab0,reciprocal
0xafafbb33aaced5f0a843590b68986b4fb5548aa7,reciprocal
0xafb5812f171a95eb426e5851e22ce9917da5532f,reciprocal
0xafb820d7888b578a3dad29ca4dce14bf02e4248b,reciprocal
0xafb9e74c912190beec01877dae16618d6286a60d,reciprocal
0xafd646b728b0fa4b857993fbf2d0de90e143a67c,reciprocal
0xafd7207db3ec9d6f79ea54abf2aea43c6c3334e7,reciprocal
0xafddb1e1a5e10d72d28f179e76a90358d89b98d2,reciprocal
0xafe78b75039d99010cd8839381b4eebe39bc785c,reciprocal
0xafea12eb7dcbd5053f792ef68a856c051a71bb85,reciprocal
0xaff0094bec88b309ce545cf3cb334d28164baba2,reciprocal
0xaff30975c5ef5ffd2f24e3073a6c6faa483a0c13,reciprocal
0xaff7095b397a9ccc52da50f7c5f36f031f71771b,reciprocal
0xaff88e34c85119b1c382bf1c6cb266443b6bedff,reciprocal
0xaff9c9eda45f7ffa8283e9d20fc83be03043304b,reciprocal
0xafffcead2e99d04e5641a2873eb7347828e1aad3,funded
0xb00925516cdc4b0e78e923e6909083fef7fcaaad,reciprocal
0xb00b71a3eeca76b7eb1486f9e4d4adb62d423812,reciprocal
0xb013f39e74bb1b6f0639ab5e23fa758883027a03,reciprocal
0xb022a8b3603314610ea0d85612196e1c9111e2cf,reciprocal
0xb0261fdf13aa4c0cd8b0c1c78fb055238bb2cfa3,reciprocal
0xb02c055e5d4ab9694265eb1474d8dc982d6f1c9b,reciprocal
0xb034ce1e0e301de6db1af525953dd0fa78957c44,reciprocal
0xb038d26fec1e749f1d143c671a5b4a0985c8f040,reciprocal
0xb03ca105d2bfa317cdf6163c5763ded9c8dc997b,reciprocal
0xb04020c723ef87ac5a52a155ff4372b60ce14b90,reciprocal
0xb042adf95adef368f5bdf420eab2a0476a6ca331,reciprocal
0xb0455becd236af86ac0086307acc0289149c4769,reciprocal
0xb0470ea9fe5969c01d53c33678fff085bb3d0e97,reciprocal
0xb04816ef69ef8c3cd75acf90ea2394fd89c39cef,reciprocal
0xb048646eb27a0944ce96892e02858b9e59ec69bb,reciprocal
0xb05fa1ef5fb844720dc8c19f85204bd76a30526a,reciprocal
0xb06bbc0c8b56bd60cc88635a01f186e02e84ff8c,reciprocal
0xb072c099a5e4828cdd3e72867e6e8feb54d85fb3,reciprocal
0xb075f2cb7c10c585b6dc81138b5c305cf298c2c9,reciprocal
0xb0777175e2c10e55787bf061daae71380434310f,reciprocal
0xb07be108691735b8d5af1070883fc7c110c5903a,reciprocal
0xb07d2a576b35453685fcd54c15c553b8860a2bb7,reciprocal
0xb08018b5dadb223361a8d345369a2e2fa742a95f,reciprocal
0xb0893180f8c25c9d958669159b21a1335d741fd7,reciprocal
0xb09006c9b16ba279d1e94a363a43a3afdb16cbeb,reciprocal
0xb093aa90956b459d2027d238e2425d1f0a0ef006,reciprocal
0xb093eae8b7533c344fd6dc9fcc3e72fbfef292a9,reciprocal
0xb09f0b9a59b7f450ac707f544b5164a438eb2b73,reciprocal
0xb0ab51748c35ae7982381e846045e85a8e334385,reciprocal
0xb0aead78136e2af94d57dff0d5acb19815d9365a,reciprocal
0xb0b778808549c64949e6555a8148430fc951d44a,reciprocal
0xb0bb919077a6b8f75817138a63a79a811be05f28,reciprocal
0xb0be9f957e563a53fe9a2058eb89d52a5567ea3a,reciprocal
0xb0beea42e4f5ec51b200627a6c127b9b42d40d30,reciprocal
0xb0cdb93c617cb4f289ec3c77ef366e2ac5bd2889,reciprocal
0xb0e373060b27a7ef3c84816e6b095c9f871703ea,reciprocal
0xb0e66703ef752568f610a283cccaefc7fdbcaff4,reciprocal
0xb0f14c7d5d410803a1aad25f281bf694aea9a7cc,reciprocal
0xb110d6fdf5b57d3f8b3e917631415441d4350c29,reciprocal
0xb115166ee76af5249460285c3fa21ce8ca80fd84,reciprocal
0xb1183d3eeed55de5fc4661eff47eeee2f626975b,reciprocal
0xb1295350cb00fd50e7be935e38f4da875d159bbd,reciprocal
0xb1341bbb1e01ed620213d0c5059a7a6f5bfd8712,funded|reciprocal
0xb136c309b76a2560166d29d75441bd867d8f6c29,reciprocal
0xb1392639f4e3d6f80605ae85cffb25c0aa6f3a8d,reciprocal
0xb143591e85b13b3a1b00ba313de2eea0b62c8739,reciprocal
0xb145a36c58dd31164d00d05a54cc42a15f6f47ea,reciprocal
0xb1487241a5d1d9d5faa38a5d05fcdf05f6bffc27,reciprocal
0xb1538f4200cefdb559f65a5917a329d7db6f02f0,reciprocal
0xb16aa768174488fd618e7bec3cd93de311e5f871,funded|reciprocal
0xb17ccab857519c85f6211e11dd69e6e7610f1b67,reciprocal
0xb18825b2e43258a8e36897c8a3f0ffe7d797a2a3,reciprocal
0xb18b05ff41c156faf1721e7bbdb791c38ae7698c,reciprocal
0xb18f63079f6e87f281fa8c8f53b2b447e9700648,reciprocal
0xb19038e52488d4c7afdaeef6d515817494850baf,reciprocal
0xb199c04ff8458f909a4643accd3190244eca7f80,reciprocal
0xb19d568c7502f2c9068dbd224b317bff8850e1b8,reciprocal
0xb1a26f192b47a0d3be7e95fb624a879a3ac1d336,reciprocal
0xb1a478b44ec1ef73969e52c48343911ce2a0f9eb,reciprocal
0xb1a9758b73a91994ab19186d37acbf46ca759356,reciprocal
0xb1b321acff246094a51c4dc77f58db5f4e80ed48,reciprocal
0xb1b7166d220cb52486a147232c239598cf573ffc,reciprocal
0xb1ce72c1ad89cd308ab690d11028a2bf8833899f,reciprocal
0xb1d321629b47da8886cb2d1f30e377f01c8d2189,funded
0xb1d7822c7c0d23c6de922733c08e4a771295b604,reciprocal
0xb1da2a79e32c1c90abcd8c764fa4c3971e877138,reciprocal
0xb1dce1cfcad16117c4d838a982b258f8e54c5570,reciprocal
0xb1f8d95e09945265607cdb1a2c57f0d076ddbffa,reciprocal
0xb207d41d9a8619a18786e0ca1be85c976ba28829,reciprocal
0xb212520f9cd98cc2e3995ba5170977d0b5fb4bab,reciprocal
0xb212a22e91159c0d001b4bce5b85c934a0172ed6,reciprocal
0xb2284a303b3ad4019249a615809ca0f8310cced2,reciprocal
0xb229a32af2aa9b993b9221bd8def6466cbda41b6,reciprocal
0xb23677d4190219b83274ae345f8c0ebf537c5f36,reciprocal
0xb23931aa017d07e1c837186e5406af97637bbcbc,reciprocal
0xb239e3b3bbdcc533e82b8785f72bf126c7485258,reciprocal
0xb23d2616b18e7cf169dad16f6bfda4f25a29b888,reciprocal
0xb25653b4a9abd65b534b7cbfda92b110374e350c,reciprocal
0xb2611cf0192c8fb2405da30e1ab6a29a5bbd0eca,reciprocal
0xb278d35c2b8fb576cd5055609a96a7b7d3317693,reciprocal
0xb2820487a1dc8ad3cc72c45a793f3e1956d84927,reciprocal
0xb29f6ae52b8bbddd44c62d89f1d021449113e121,reciprocal
0xb2b0775dd85574384ac10ee206c808f365fb35d1,reciprocal
0xb2c7cfc16663a7c7933588fddde7b60a94edad8d,reciprocal
0xb2ca92fee6bf928e9bbfbf69b076edcb73ceb98e,reciprocal
0xb2cbb7c52fc13db7b1652738576b8d7b53f68571,reciprocal
0xb2d21d20fd6fb65dc248f4db1bc2829f2b1bfdf3,reciprocal
0xb2e03d4aaca935fe1fa512e483edbda012d0dbb0,funded
0xb2f156d7b18b4a3168f438df8e25259d605844ca,reciprocal
0xb2f1c3beb9c4c4bb7fe8e55a9751603c2a3c0e54,funded|reciprocal
0xb2f67215e48b038502a1a00aaa2b5ac1e72782a4,reciprocal
0xb2fd99d4c52470c769303924f47810b7c0d90373,reciprocal
0xb308ed39d67d0d4bae5bc2faef60c66bbb6ae429,reciprocal
0xb313d3d0f0eb6f68764caf0bb63dc2c0e10282ea,reciprocal
0xb31c8656a2c63bd1e800eddff5d9c1500160c35a,reciprocal
0xb322772f694a13589173a6764dfceec4f28d19aa,reciprocal
0xb329c5aee95ea44b246a0a2633a3aff2acc42104,reciprocal
0xb32a6f7215f44d3b888a06d4c6053a68d5218de8,reciprocal
0xb33a1ba496af20218037054fdfdda6fc0e9198ea,reciprocal
0xb34b5457efacdd5ece321e8ad194f466c36f2d75,reciprocal
0xb354bf7c386c4ab2866ed33f1b9667fc3d70de32,reciprocal
0xb3618efb75e962723fd3acbe537fad84f3879771,reciprocal
0xb366ce6771a7fb93185b46ac64eba6362856aacc,reciprocal
0xb36c91a4087d60c872a3f6b36b385f7a27978daf,reciprocal
0xb3729cf189de6e1c8a96fc5138a733e6d76c55a2,reciprocal
0xb37346a279da4d27d174bcd862a684df28d56678,reciprocal
0xb379cc5f81016f60554e955143a814d5e360df8c,reciprocal
0xb3887aa714f2bef811411a1e020db14f310854ea,reciprocal
0xb388e3516f5877f49ca5cb2161eaf19049a92fb9,reciprocal
0xb393036a71f53c257ba3dbe417138b42244ca7e7,reciprocal
0xb39d3773add09fd95cd30ba583f44ea1c4d2317f,reciprocal
0xb39f04d7530c284df2ba9da77160a8fca3e2df23,reciprocal
0xb3a0a64abd87885c361921d2d61382828fbce6b9,reciprocal
0xb3a5286ed3810bed0ec5e2a78ac905e2a0db2eb3,reciprocal
0xb3a6757daa658e3328e5f6269d2023fb9b0f0931,reciprocal
0xb3b306bcb337987dc6389482d7971a18b9e65089,reciprocal
0xb3bf4ff909d3a652e82186ae4700566b758021be,reciprocal
0xb3cb9554ff1fa643c3562bc9629f282dc6188582,reciprocal
0xb3cd519651d35b16ad8c193beecf5a81506f9de6,reciprocal
0xb3d90df8fa573d276e1891bb79e6d7080fba8ef8,reciprocal
0xb3e3ff11cb333477ab64b3630c02b37a05e9f8b4,reciprocal
0xb40f26a904d8e353e4d9b5ef98144918d4f90a50,reciprocal
0xb40fd6061b947546045710a127806e37eeec61f2,reciprocal
0xb41e3d489e0521e564266be45ee8b664daad9d26,reciprocal
0xb422dcb10036515b47e9a79b2c3a23165cd4155c,reciprocal
0xb427e2cc18e8c11f0e36c8d6a297885ac82b2d72,reciprocal
0xb428653052109f7b315f6bed4519a7cf7ff16b30,reciprocal
0xb42ef7046bf9309ba21b6438dd5b6ea4839e8844,reciprocal
0xb42f6e5ed99d2172733643c0ea0be218c005bc11,reciprocal
0xb43f7fd712ebed99e5e80b93b6a4776f66581fc6,reciprocal
0xb444ebba490e1c055e4296ec38cf10b6e24bebdc,reciprocal
0xb44876ccf5050886f843558fb1d52e059b54afba,reciprocal
0xb44f77e86d7ce7a534e7e27d95879edf78df236c,reciprocal
0xb455e2271bad9e1ac9f8f7dbf29045dac69147b1,reciprocal
0xb456c8f7dd006b9f02f42653018c5a93fbaddfa4,reciprocal
0xb464b8a38fdfc1f9eb914aabb26ff047d5f77146,reciprocal
0xb46558a190e29e632dee2b328e3f4198a8758bca,reciprocal
0xb47c145caa5ad342f2d10edff212a0a99fde9304,reciprocal
0xb47fba5236b860527fb29ce0e2b3bceb66072395,reciprocal
0xb495019a390df177b497333d463a01cf89e09fcf,reciprocal
0xb49ecd549b40fe64fa4b9985938f5b5f5f21ac64,reciprocal
0xb4ad6bb516725ff69594e46c3a7daedf7c473186,reciprocal
0xb4af7822d20cc9319ce5c60b15c36d96c0811359,reciprocal
0xb4b42cb8aa077104298b88f83fb52b6f9014b0a4,reciprocal
0xb4b7622e62726b72a49ac4df35bb660a84f1e9a5,reciprocal
0xb4c32017d2add3b33c4b46c64d672a7c086fcc90,reciprocal
0xb4ca556e656b19167fc4d856b1fea82138888888,reciprocal
0xb4ce6424e48cb2a5ec701508569e3c4b33fe1546,reciprocal
0xb4dacf8f1e746f803eedcba1048e0f9066e98ffb,reciprocal
0xb4dae47f91c457a4a468c2b8d4070a6b9a066990,reciprocal
0xb4dc1b76bd01e179d5ebce0f99853d8d6137fd68,reciprocal
0xb4e96bb8d0afa24abf0e97fefc53f4be751e9fce,reciprocal
0xb4f42fd2857849a9e695cad7477628999ec87f3d,reciprocal
0xb4f6ddaaa6cd4e412f9c8fe4c17640b35fb367cc,reciprocal
0xb4fefbd1f9fb7a5e6d46c6071923067cfbea229b,reciprocal
0xb5051843ea5de8815d16c40fdfdeecd8c7afa677,reciprocal
0xb50a56736b1b8842045b51b83a00bdfd56b87248,reciprocal
0xb50aa4dd6c770cb62e09aec3089d251c3c104fa2,reciprocal
0xb50d0651c1681a4f1017ac77f2fd6ad2995a4de3,reciprocal
0xb51264670f30fa51eaff1f43f6a15d7d372ed657,reciprocal
0xb512954c0fdfaa56a2c4a7756a3737299edf8d86,reciprocal
0xb51a3424916e1f1f40e93bc68fd419baa82ff908,reciprocal
0xb524608429630a65794a1667d8541af2bda049f1,reciprocal
0xb528d30120f44b86748c6a92727e8d22339dc8d5,reciprocal
0xb5350a9fdecdaa4393e8bad80950035b6056a9c2,reciprocal
0xb53649a4609bd3911bf6202197007ae4c1d3cbfa,reciprocal
0xb54f4fae940f800b398dee34e48b46db93d6c57a,reciprocal
0xb556aa59af8dc52eaac2ad93a81cafeff22049a3,reciprocal
0xb559528042c57681318983dd00ea73ae99d96eba,reciprocal
0xb57f2c819954f9e5e644b2d4f9c4914f7b33f88c,reciprocal
0xb5896e89e46f613ddd395133cc01c4d25dd4399c,reciprocal
0xb595cb8138dd2a7c427f89eedf949becb1671ba7,reciprocal
0xb5998e11e666fd1e7f3b8e8d9122a755eec1e9b7,funded
0xb59d77eb7ee35658116568445e03f37bb38240de,funded|reciprocal
0xb5b198059e73c1b7727155cab3b3a62509ce45aa,reciprocal
0xb5be1151f104c324e1be58898894b8a1102dc1d8,reciprocal
0xb5d21d38a5d33d7585c9a236a1eb27133c6d9e53,reciprocal
0xb5d6801bc3dd17648e66ae22b80757692b1c5a42,reciprocal
0xb5ddf0b607e17463875d91b09d7031379eaa2240,reciprocal
0xb5e517500686ad8dfe94f131743f243a66da6f67,reciprocal
0xb5ea8e38facbd5cefe5bd86de764391de72170a4,reciprocal
0xb5f583dd3b0c841976d1043a6a16f94652942fe5,reciprocal
0xb6038a0e28d2244bb5b1d180bd6ef3b875c8251d,reciprocal
0xb6095fd55224f9004f8dccb32ddc73b1910ac7e9,reciprocal
0xb609e9de99059198067d656f31a62f345bf889b3,reciprocal
0xb60e317b03894109e61e207ce3600596b351314a,reciprocal
0xb619b095a2231bc76a38ac2ca7b529c6a73377ce,reciprocal
0xb62130b1b88d489d23f9d03a940aecd73d7fdb34,reciprocal
0xb621a1679dab060f2e50776c38b69c6840f26555,reciprocal
0xb624ccce07fef3924bb2fee261abb55899d0e5a6,reciprocal
0xb6291501e00b919f3fce549b93fa854d5715685f,reciprocal
0xb62983a3ae42f6d7ce472bb0d09bba474c2c3e3c,reciprocal
0xb629a5dc138e7c64c4c68683d157b5dea9d8a6d8,reciprocal
0xb62e2957249017d5dbc784dcb5118ee1c3b5c020,reciprocal
0xb6308bf2ab9166529772c4a0239b99b418940631,reciprocal
0xb639e9ac96e2f7fa95c9bf4a4116838e1dd59f76,reciprocal
0xb644ac66bb520c2232c38c8e64eb687d3caaa9fc,reciprocal
0xb64e578a242a33956ce76a10f1e908deca228a34,reciprocal
0xb65312feaa8f4ebfa922dd545bd60fe9ac8787fd,reciprocal
0xb65393b47ef80ee9eaf0785e5c01ffb767af801d,reciprocal
0xb65b3a12166309c44868c6e00b947ba02d28aa6f,reciprocal
0xb6687e40151a643cac2ad12a8852531329198962,reciprocal
0xb66b544ad6f7e99cb6d66aac81b17289cffe0fc8,reciprocal
0xb672e465575d35876d3e5be84b2acfdc68587e5e,reciprocal
0xb677a148a4e804d8466b256c11db1c1a94d93815,reciprocal
0xb6789038ef35439d5689686f0953636790a2f8c6,reciprocal
0xb67bde836b700cd6a5d38adde6ddde8f523c437a,reciprocal
0xb688dcf31aa0c26806362da831f760f7d4d95364,reciprocal
0xb68a93b84d0f6153ddaf180c9c6ddfec670dc875,reciprocal
0xb690dd6ea8df41c2d68bb4e67df19389dddbcee3,reciprocal
0xb691d4200d5a38e3cd5bea5e8be9cc79bb3f91ce,reciprocal
0xb696c70f6ff9a8ff5c5e76205e0626bc243c5b3c,reciprocal
0xb69b862678c0a33d46e25b6254b8ac6ddeb5c5df,reciprocal
0xb6a28f31b4c1ba3012b6a7a218307036e7165ebc,reciprocal
0xb6a988aba6ca230e40dfca3f7d88af116a6929e8,reciprocal
0xb6b4f533f901b868cad2f59a78ec10efa9b88b40,reciprocal
0xb6c24f34b4f907c3c8a5ef08185599cdb692ffd0,reciprocal
0xb6c424447d94c7e031915c586fc176dc52799fc3,reciprocal
0xb6ce7e467fef60498cc4d4cd789c66f5b46c8625,reciprocal
0xb6d754a998529a61762a699daf4dfd2d4650cb2b,reciprocal
0xb6d89ae30c9fcc343285d1971e3bd2f9e2572d76,reciprocal
0xb6e0b0df3b3725a48ee87181f5a460d9cfe01c97,reciprocal
0xb6e79dcbb6e01e49651e942a3af58510680dbb4e,reciprocal
0xb6ef18ee784b71f9b8fdce5d5b3151def045f0e3,reciprocal
0xb6f148b2a7d8e79a2e739594fee9a041dafe37b1,reciprocal
0xb6f76eb7201f5ddd490e76700abbeb07b23d950c,reciprocal
0xb6f8c0323bbf624360efb1289d92528bed0f345a,reciprocal
0xb6fb48727786a3b74a58f098678eaaf891825d64,reciprocal
0xb703c64fe15222b9c776f5514a792e660ffa789d,reciprocal
0xb70ab570ae9e5e4a8e848cde9c59009597004f66,reciprocal
0xb70b365ca523b5cd22dec8c0e8406664f6a73fce,reciprocal
0xb739b823c38a6857284647b114f8a216120c73b1,reciprocal
0xb74086287d58488ecdbe68a3098dfb7cf624b542,reciprocal
0xb74a15b8e0ee251f416763c6bcc92d50c3bcb620,reciprocal
0xb74e560a888646d258509eeed68ccc3b54bd6a88,reciprocal
0xb7539af1f16a2c8d949801d136f1c087db18ece6,reciprocal
0xb75677c93f22ffbe2f25c2e79adcdae04370e3b5,reciprocal
0xb757324617c9acf3835cc71b67bd00f87d06aeca,reciprocal
0xb75bf0b0e0c7173e579e9d436814ddb9b31c5c0f,reciprocal
0xb766deebdcd85cf97b638a3a15b43a2793c4223a,reciprocal
0xb76922c10b34984990b4711b399ebc9406823320,reciprocal
0xb771f87c767d1799647aa60b3bb01e379197ee1b,reciprocal
0xb77dd310eb1ea486aacf2cecb500aa4a2bef6529,reciprocal
0xb7932d6bde5ed54b2e9980b4d37f9cf45571f818,reciprocal
0xb796dbbd0b1cf79e4a9c6f294f63bd4f62251186,reciprocal
0xb79f230006cb8f70e8e9ecc0d72b2e39210746d6,reciprocal
0xb7a957426c122b88d4e1587e4d1059f9c5d9f9a5,reciprocal
0xb7a9f1f07dbbc35af20f943d517d320a442b90da,reciprocal
0xb7be3309d24f126e0b20fe630c32e053ed1afd03,reciprocal
0xb7cc192f753a3c6534c6f7d4194cf2068ba97f31,reciprocal
0xb7e7e6aa1c82d7da3a25038e78bd91781664d4df,reciprocal
0xb7ee0e6ca6c7a46357224fcb149c21345dcb1607,reciprocal
0xb7f25c2a0838bb64c3140a758e5cc4661521b41d,reciprocal
0xb7f8ace2f0f51f089537c156e24ed436e1e7120f,reciprocal
0xb802d58eb6a67b37c1d819eb304897572b75858d,reciprocal
0xb80363eb313d56effcfa84f901772a3d48bae5b5,reciprocal
0xb80998cb251b770538fd58a069630b0649c476f6,reciprocal
0xb80d80c0945c7e3c43a2a391ce0ed6772bb1ba9e,reciprocal
0xb8150bc98a47969237dfb0264ccd7924000c6538,reciprocal
0xb81e022fddb7d04acd40739562296d4266f1d608,reciprocal
0xb8254b8e5432587747875633965dbeee946e5b49,reciprocal
0xb82693ec74371e6d3f137f552035fac4cb83c070,reciprocal
0xb82c96dd449c46722c7e60fc9035c9df7db8f65a,reciprocal
0xb8314cabef4dfd0944a93d2e46c64a8a1ed05fb2,reciprocal
0xb843e922214ca649ed83d0f9e42ba6d8e1388ed7,reciprocal
0xb846ef2d540e35be4d2daf9e8c8b95d163f2660e,reciprocal
0xb8573a88ef1b303f24e9c640e3bdd38036cf3baa,reciprocal
0xb8592b1cff49fbc9e2bef9440170983c91a9f2fc,reciprocal
0xb85a5914b40375accfb4eb03271760c2c8623515,reciprocal
0xb85e6a2befb484eceb901e2004b2de4f225dfdc1,reciprocal
0xb85f554a9cd2461e64535805785a94ec8a0f1c3f,reciprocal
0xb863174b12b960b1cf82fcc5071664e7bb319aad,reciprocal
0xb86603b1297d49dfdc41654f9dcf813af6b53ee5,reciprocal
0xb867f5e60f9dfadb973f3fc7b7077d209afc144b,reciprocal
0xb87c19abc107ff4696ccc52dee2632457d2035e8,reciprocal
0xb87deec40a92def00eec061b838f117f7bdf902c,reciprocal
0xb88525f605f59cccc5b7a8cafbda23f2a2f3f910,reciprocal
0xb89fed04f3eae6d17b1edb43b3e48183188db47c,reciprocal
0xb8a644c91f894a77edbd91dffafd8d23e1c20e9c,reciprocal
0xb8b2068a188eac7a2e4cb854c16e3bd18877688a,reciprocal
0xb8b843d9a14aa09e728a300ba8dbcbd48c4960ce,reciprocal
0xb8bb33c438814d7de58e47bc24eb6ffed5c2d28b,reciprocal
0xb8c50886fadda62c78765c86bfad2f0ba1c25201,reciprocal
0xb8df5bc63915fe4c0fff9409ea57061780ec48f6,reciprocal
0xb8ea93ae54a38e117724562668e771c6d07d400e,reciprocal
0xb8eb95b2e4b7484d322288ee837c71f534b2ed02,reciprocal
0xb8f26e5c2bc45572732e21139fedf1e4e14d8780,reciprocal
0xb902c6ff9b85cb0524fa8672fff17c6986e2f8f5,reciprocal
0xb904e9139cbba98823d8b09b263747a3680be67d,reciprocal
0xb90a408b5811d302c08c0aa2c6e6c757f87e9ae4,funded|reciprocal
0xb9226b50f706f6dff3282ee32840afeb1e6d93b7,reciprocal
0xb9309ad3ab85d63dadd0698bafa869953a1ac7b9,reciprocal
0xb96187b6ce258ba967c986ec90a2a00cf522b793,reciprocal
0xb964eae32843485d395fd0cd73fe62b2ac644156,reciprocal
0xb9725a180b26a4f5d4d066d0af0d854b02af098a,reciprocal
0xb97cda379ad75935cd6b02bc446626bfe981eafa,reciprocal
0xb9871796c1a2cabefcc462da46ed23016c2c8ae7,reciprocal
0xb989ea35831655d4f223fceee912a1d25e58dd34,funded
0xb98a9d6c6f5024bbbcfbde36229b233c1ad80511,reciprocal
0xb99cfc18fd692bb5881d9738a5ca85deaf12ee5d,reciprocal
0xb9b4849184affc3d9ad34a8212b1fa5aff29455a,reciprocal
0xb9c67af89ff6cd861c7f4c5002c8e94d3531eee2,reciprocal
0xb9d0f06fca15fbbb7cfdba712fda940696470121,reciprocal
0xb9d627cb1e8c3afe057498245d3a31b597499cb2,reciprocal
0xb9e515878b90371e6de899fc1c144403cb6afd46,reciprocal
0xb9ec7f0e28cc07d50a1147e03c7dba2188a2054a,reciprocal
0xb9efaf274e1b0eab630a4920682a546126668076,reciprocal
0xb9f7ad6b4dd610d73101a326fab394cee3a2abbf,reciprocal
0xba030edfc0443c999f741c0adc837ef2c0a4491e,reciprocal
0xba030fc8356a4474ef58b5b647b9adf090898319,reciprocal
0xba0a484e189db2c3c92bd3522ab235b22b89527a,reciprocal
0xba0e68539b396720caf47682a7e9a4cab68a2e60,reciprocal
0xba100c1773ba431e881fadaa75fbff34eab507a7,reciprocal
0xba15e3678de7ec0a807b0f918fb34304201e1a0a,reciprocal
0xba2c93d4dbffda031aa58e278161fbd69fc74a5f,reciprocal
0xba2f11b5ddced6d0848f0477121a9cdc20a4f038,reciprocal
0xba2fef7ec476ee1c1b015bc64d3a8d40bcfaef71,reciprocal
0xba327a7de051e0e77ca5533d4f98c8032bc5a762,reciprocal
0xba364b29dccf1816223e00cd1706edf72d873a29,reciprocal
0xba40e25d3c7abad5aea4ad71549fe49f3aa5dd36,reciprocal
0xba427884ede5dc9097a01037f745148ad94f5c5f,reciprocal
0xba4325b3cc70b99db1491624eea32d163cde8b8a,reciprocal
0xba4cb7678752fc66ce4ac1aa1f0fcc83cae9b8ea,reciprocal
0xba57615fe2736c3cb8d0eab52d6b274dfc5f95dc,reciprocal
0xba58586652481dcfb49278468a7afa272fe5e119,reciprocal
0xba5dfce46aefdc440d5a1871813a92b2ee257d38,reciprocal
0xba618960e676456c52ee2c58cbd9b77b0df47cd1,reciprocal
0xba6ca3896e68ddd188531f08731f8a086878a98a,reciprocal
0xba708f3388e70d5458f9a646693ab997d0955bd6,reciprocal
0xba98753515d1bbb8915d8705f8f5a4f922e8b7a4,reciprocal
0xba9faab0479150cc1af927c48a170d01b41db0da,reciprocal
0xbaa5e6ee1afed465302adaa55773739954f5a616,reciprocal
0xbab8d930ebc2d758ca5d85c1f69a6f56d2afd12e,reciprocal
0xbabe68a2e07dd3f14b104288005520323caa6741,reciprocal
0xbac5be158860760e3ba798b40ed6151f2b5a371f,reciprocal
0xbad516addacb0cd2ec8831a0e795293a338d8f99,reciprocal
0xbad90831202a39ebf97b1172a3db210f76095109,reciprocal
0xbae8c944601d00581aecaeb3ca199e3be987702c,reciprocal
0xbaebfe9f7df824f50cfedb266ab93fd9e71e02cd,reciprocal
0xbafc7089bb6e128ceeef46608bcb0cffffaaf51b,reciprocal
0xbb05cd8fd6011f51e79bf9954e95b0945d920aad,reciprocal
0xbb11083981e3e5323f9485a0308bb0a7c4c501d3,reciprocal
0xbb192a2bd4ee7257e0fd7dca9358d5257062cc49,reciprocal
0xbb1c11bfc2665bc59de03e72a0fa6e8120cb106b,reciprocal
0xbb1d4f5b00edeccf5962b06be37e7f35ea3da078,reciprocal
0xbb21a22203f67ded238ff53eeccbf8ed587f6cd4,reciprocal
0xbb2310c05acc8567dd34722e1ad2bdec7c4cc64b,reciprocal
0xbb2df3ad36b1a8a1285aa2858d889b0ab04a1165,reciprocal
0xbb3a4ad72f0b5b202a044f1c95a266e84fc110ae,reciprocal
0xbb44cd3ec07401b91a7acdd1a6939f2f4f637194,reciprocal
0xbb485fc77e4c99b23ad8d98b4445d7d06b3f5f6b,reciprocal
0xbb4a350fee6dcc284e8f349d2f9d1a44c38e55bd,reciprocal
0xbb4e2f008868f2944af7031a2997d7efb7debde7,reciprocal
0xbb53785d0b5e0661e476736266b4127969178e9f,reciprocal
0xbb65bdaeed8f6b8652930f487fbdd6a7c03f9bc4,reciprocal
0xbb6eaa81b88c1af46716e96051f7c871ad05bdb0,reciprocal
0xbb70839d17f4efcb970b7eac626b4eb56e9d6510,reciprocal
0xbb73b265133df836a4c4dd6aa3c19ffb432134db,reciprocal
0xbb74122642d15b5635e1188f05c9492911dde49b,reciprocal
0xbb88fbfd80862b261c108766901961fd0c7d335f,reciprocal
0xbb8deaf6ec82aac743358c22c671ee3ba39ff222,reciprocal
0xbb8f8d7f0d18a9e820eed53ca126d3dd970b4621,reciprocal
0xbb908b94f8fa41b579a0cb9d94c40c4a154f2693,reciprocal
0xbb93b9eeb606800222325c545017bd6fc48d40f7,reciprocal
0xbb9df18abf3be0430a0d32d83113b53c41345035,reciprocal
0xbba377e44b41508b3166d57e7a6d6c56e0b50153,reciprocal
0xbba50bb619c78d6784a2e8a547fee9718ef9b2eb,reciprocal
0xbbaa168371785a2380604f8b94085314aa702ae7,reciprocal
0xbbb4ae084bb12a7ff8fa73098ae58cfcc1b445b2,reciprocal
0xbbb628c6af68523f4d323fdb774909bb0d598f95,funded
0xbbc4c9c40883c7711df08cf86f5cee265fbc48a0,reciprocal
0xbbcb96760e9cd77cfabb57378fc8c5e760de469d,reciprocal
0xbbcc30983ea52f31107a47d3f6ddfba1d54577d8,reciprocal
0xbbcd7c006307171978ff6cad19c32301b6b9eda2,reciprocal
0xbbd2016ed413b7985d0a95591cba19f657c84e3d,reciprocal
0xbbd3cae1a0c630a951bc140f44fe9ff455f2c1ef,reciprocal
0xbbd596b0b5053ff9672d10e65b78ea105317263d,reciprocal
0xbbded68b3380e6a0dfc9b86679bc2988e01d2412,reciprocal
0xbbe555506e978a2a79e850557c0b4a170e4554f5,reciprocal
0xbbe816306bc44eeb01d8a00d178df13fa0e13543,reciprocal
0xbbe9deb713bbaecebadb60ac327abd820f4cf36c,reciprocal
0xbbf9d70999014200f7014de19eaa97a906abd200,reciprocal
0xbc03df2d9f44cc552ebbff39860f2cc4fc751d0e,reciprocal
0xbc216c051c8fc04155ce8c2a620ec815ae9102e3,reciprocal
0xbc501ffa959f1074a6753ef3df85b39bef21425c,reciprocal
0xbc517289c2b8347d5c1574e9426f530b4f02a958,reciprocal
0xbc545d99745378079bfb9cfd6b99a7ef469704e5,reciprocal
0xbc58c4246406b69cb04f2fcf7bbb952b07562089,funded|reciprocal
0xbc58dbef3a5a46cdb39a86f911eef8814d5cb783,reciprocal
0xbc5f64d15011ef611649a46d518802358e54606e,reciprocal
0xbc6326938b4d31da7b4c874da9709fb1322ef5c5,reciprocal
0xbc64d68c2bba48f85253fb4486984532ae7c5f5d,reciprocal
0xbc7a71d339cb607d74187c9b2d413399436fdaab,reciprocal
0xbc8c0b92fbeb7f78e88f23e99951fa60a1f980c7,reciprocal
0xbc9b68c7b1a740023ea4140bf361ef21d9829ff8,reciprocal
0xbc9cbc64f704b1d20da26d245e7494128173b686,reciprocal
0xbca1109576ebb62a5f6387f7e8145807855a6047,reciprocal
0xbcab6c2624a3d720afa1fbbc3de77a4b85104186,reciprocal
0xbcb7203036614643a31765d17c8d94a956cfc746,reciprocal
0xbcb7a1af00904b79e9cd85e4e59e8d977438d12e,reciprocal
0xbcc47e31f6890e6691ffd575020766efaaeb6066,reciprocal
0xbcca58227a226e6b9ce6a4166267d430f0b48738,reciprocal
0xbcd7ef0b06bdf2075959743cbdb0c9491a20e46c,reciprocal
0xbce996b7a075ac73da5089b5ae40ad8829c3c85e,reciprocal
0xbcec62dbdd712c41362e2b4b155f6b9f712703d5,reciprocal
0xbd0010f6130f58068b6a60b977d43702dc4bcd58,reciprocal
0xbd00e5914a4f9037f03c11e76cbe78826ebc0988,reciprocal
0xbd0be3e30ffacc105d62b684d8355c3c658fb1fc,reciprocal
0xbd0be865cc7a1b0a9d5ed781d18a5e957192f80f,reciprocal
0xbd20e55078d85f7bdef8fb0f4555692a87dd636a,reciprocal
0xbd293131c08589b445b54ea1c49ef1c54541ad84,reciprocal
0xbd2dc5fb8b6222d9f743b3eeec059790c07ca2a4,reciprocal
0xbd2ed011e0b91f625d6b051582f145b0429c72a1,reciprocal
0xbd3303566718327b016b3c27e9217fb344d4adb2,reciprocal
0xbd3345525b6a82f86c978542c6613a5870f1b7b0,reciprocal
0xbd35dd7079a6b5996693b05e0c3863d840c4d271,reciprocal
0xbd366a894f58ae223180e6c2505bd69345f8d23f,reciprocal
0xbd3980ff69872607d280effe36b775d0d8d985c8,reciprocal
0xbd42d82506f804b5aee429cb9fa10739a62256ec,reciprocal
0xbd44db5b6120c9fc9f87b7867d266a3be9f7caa0,reciprocal
0xbd451b4931b28f8f19ce5667c208a63c124a7ce3,reciprocal
0xbd4875cc0f75f957ac1d43351f2acbb18b6f7b68,reciprocal
0xbd4ad5741f84f204fd62c18acab8e3e93c815a70,reciprocal
0xbd50e3d7a349798a37c695e32386b760aa85141f,reciprocal
0xbd54b6a5f989872c0f9777f57d8f9e1380d8fb5c,reciprocal
0xbd5c3706706f2e54e2552220a5cf2f7987a61b5c,reciprocal
0xbd60ef4886473e4b84cf37dfb6fd549d7d1c0288,funded|reciprocal
0xbd748f374cab3383be2c9c1089db8e9abea54097,reciprocal
0xbd77f4bd5e6f1d76a5a21737f04eee902307daec,reciprocal
0xbd81965c4114f82062f33bc8b65277f4df8fc95f,reciprocal
0xbd874f63c468402931f6e8a7b946feedf1bc1c76,reciprocal
0xbd907617bd8670edea1cf2c7ceeff0f82dfee8c7,reciprocal
0xbd96b35ed9bc04ea01f87a064c82fbb5984ed888,funded
0xbda0eee8930d817576c140cc58efdeea8c2b4879,reciprocal
0xbdc9850781b8c5eee4def3116935b01ba4e85659,reciprocal
0xbdd485dc559e6db59ddf958f3d869ce45a3f14c2,reciprocal
0xbddfcf5d13d3ff8369853974794c3cad0b503ee0,reciprocal
0xbde1ac707cc331448869a84b735e47775afc5d8e,reciprocal
0xbde2896bc551a5b0cd70614f87ee7e85bdd4ba9e,reciprocal
0xbde69064ad4b334757ba53d713a11ea803ccbfbf,reciprocal
0xbde90e2c63d3cc91cee145dcf137925e02395f36,reciprocal
0xbe13c90d410c4a1c5ca15d14b463bf03f9d896a7,reciprocal
0xbe25fd3def4b26eade1bda7c6a4ea3f6c8e88565,reciprocal
0xbe281eb40b51df23801b2bf1ef97dd2283bf9fd1,reciprocal
0xbe2822271ef723ad1fe556bb3b8ce67e80d2442b,reciprocal
0xbe299806dd98fbc9382ddce593cff8ce24e2aadd,reciprocal
0xbe3dd00e9e9de421eb960565b996d6c090e6ebbd,reciprocal
0xbe42fa4120d1a7404e99f938230baade730a2a28,reciprocal
0xbe466076cfd870c8d99de4a730939f3d5c27d786,reciprocal
0xbe4d65d4a4922eb27eea96bfb284c196784d5244,reciprocal
0xbe510d7da0344b612b859a0c28f6eafdbbd7d227,reciprocal
0xbe57e589730e78d5dc58664c8aee8354d7ee939b,reciprocal
0xbe68bcfff781e45ddcf049feb4cf16ac1d18e7b4,reciprocal
0xbe6c5f6278b3b5dee0faa155f4e8cf6fd85aef6e,reciprocal
0xbe74053d83fc13eb33353ab3616cafc7fff07eea,reciprocal
0xbe76466f94fcb255eea03b95b9a1a6bdd8268ed9,reciprocal
0xbe7c30d64dc9369964bb21bc2a9242b792a0ff6f,reciprocal
0xbe85459b44a027c84b7ab698e4755ae3737fb480,reciprocal
0xbe8a3ebfa6239dcb705276e5400d4930b9381f8b,reciprocal
0xbe8effb62863cfab1206c54b34f1d1c8f40b7bd9,reciprocal
0xbe91c359709f28cdb4eca85d40eb105c84fc7269,reciprocal
0xbe992fd6820a4ff858d0b1955c9e48210764258b,reciprocal
0xbea7cfd659223451610d77cbdae3dd97fb6e9fe8,reciprocal
0xbeb988540cd0d4f5e0271fcdc7cc6ccbc98abfa4,reciprocal
0xbebed9c0555cd9086285d5b27e4d3ef3f6630bab,reciprocal
0xbec8462aea5275343b4ee6c8d50a0a0716c28ceb,funded|reciprocal
0xbec9938298e231e94ae682b79fd8f84aaf82d698,reciprocal
0xbed1e77553b07ef60123e1bad1c27ba5a258cec7,reciprocal
0xbed36fd3022a7f71a0d981ddfd1c6df67a7642cc,reciprocal
0xbed6ef9aa76f471a1c349096d012a565d6c31133,reciprocal
0xbeda72e7141f1253351ee3b63500bd8dccd34ef1,reciprocal
0xbedb662c7c822276ee662b4ef18422278e7fad96,reciprocal
0xbef89420e35a7ac845365c876bc5a3d72d8260d2,reciprocal
0xbefe3cc81708cc5038ab942a7ee7d0acb1dc9c9c,reciprocal
0xbf02f8ed3181808f6833e492cd25a6bf8fac4256,reciprocal
0xbf03261628faa904f682aafcbea270eceffc6eaa,reciprocal
0xbf060dc08d34b29ad2f57f4780393c66ad45dc69,reciprocal
0xbf078095c1d1681a620ab73b82b20e67cea25f1e,reciprocal
0xbf14752ba66df116cdfc1185e01a6487a3e0d514,reciprocal
0xbf19437a4831112809c9f3b0c7b98cb9a9846d2b,reciprocal
0xbf222db44a29f42b2076a24ce8de528b4162be7d,reciprocal
0xbf2399c1f98a1054f6336c93acf2adc2a47df34a,reciprocal
0xbf2cbf83afe8886bb9f81e1933fe2e5bfb4663e3,reciprocal
0xbf3214eb6cb0689901b69801e445af86cc268648,reciprocal
0xbf4a72b24a489a59aa2ac4175ad983e606a7e613,reciprocal
0xbf5865b901251740322b7425a66ff73bf9dff3b9,reciprocal
0xbf5a14d19ca22d6d16a4a6525c42ae860e490001,funded|reciprocal
0xbf6e63d95053ada2c4651bbe250ca85031607d78,reciprocal
0xbf70ad844403621ddbda614e3c232ebb9e99537b,reciprocal
0xbf7168d2b9229ce4fd6ce5335f8419a3f6080313,reciprocal
0xbf8a0f6abd588a2bd6ca5a946c9ba24e7c3ea74d,reciprocal
0xbf8bde5980480be2afb655491c41c0029ac282ab,reciprocal
0xbf8dddb85a055133bbf3b52c60efe5b65f4ea074,reciprocal
0xbfa0199f08091e6a049921345e2db44f0dbdc185,reciprocal
0xbfa70301de3f6fea62b88ab96441b3f5ee5c1aa8,reciprocal
0xbfaab9786c23b6ef6ac7c654f3ca4b9c39d28302,reciprocal
0xbfb1dabdeeab717b73242f0eb45aca4eaac32d65,reciprocal
0xbfb54f6f3bf518f242a887342518fd959ac94de0,reciprocal
0xbfb93dd6dfbeecff621aee43376a63229b5e75bd,reciprocal
0xbfbade8752c11a408937d030fbe2079f00a05411,reciprocal
0xbfc1aca3c44cf9fc34b40913debfe9b3496b0044,reciprocal
0xbfc468edd7d3b48fb8b140120ac33f404e4e2d73,reciprocal
0xbfc6a15d144b4028fe1cf923a243c343c28577aa,reciprocal
0xbfdad8ab87e9f885232a9d54d4b486d6d5f1ef66,reciprocal
0xbfec1c094791f4fe73627a52645b9fbd0cc7d48b,reciprocal
0xc0277c79b1e0737df9eb35850ca06fddd2228973,reciprocal
0xc029cd783564750a13c4d005fd8cc703056a39af,reciprocal
0xc02d7a31fa5566baf717eb11ea667345169957ca,reciprocal
0xc02f2c81df9cc74a523c6c63bcc75a38417d4eec,reciprocal
0xc039bc55175d45d6add875f9c64dbb184033100d,reciprocal
0xc047fb45dab126409302753d1268bb8c269fb99b,reciprocal
0xc048ab72082dab306a3077ae64b28804805e089e,funded|reciprocal
0xc04ce2226a6e2281f024a6ed957cf4029cca09ae,reciprocal
0xc0528c88c803cd4da69f7c224cfff54f998897c5,reciprocal
0xc0651f2d2e7fd99718eeba2e19a2dac9b32cd84d,reciprocal
0xc075d42f11f4997c4153965d4147828fdfd501a3,reciprocal
0xc075e6ae9551fb6727a516d100b74b33ef0757a1,reciprocal
0xc0781dde32f9d9142e0fed24b221d1f2b9cb1793,reciprocal
0xc07901a6d12c12efd95aa0c9ab0308cc61a54f20,reciprocal
0xc0857ef500110103757b1dd7aa560c8673940dd2,reciprocal
0xc09a9f48e1fc1573b359d1faafeaeea68cb4fa09,reciprocal
0xc0aa94adfebb40c18e195d84e3cf8b1d088bea5e,reciprocal
0xc0b008517fd5cb2282df003e23bb19f68d1f8136,reciprocal
0xc0b2b021105b0392a0ddc973083b01d832703966,reciprocal
0xc0ce1b640a8e01972668f78792028f67db030796,funded|reciprocal
0xc0e25405199a8512c9a5c043a973e3309fc75640,reciprocal
0xc0eaa75653af034f4ebcb09a2134ea9609a67ec5,reciprocal
0xc0f1ce5c0c1f32a2c1da8338aeb1074d43278954,reciprocal
0xc0f20489a43567c5123917e143b84e948155cf02,reciprocal
0xc0fd86ef8bd1b99da02804ce7a207d3460a33a92,reciprocal
0xc11f74bbc26d23f5241f520bdeb0411359819e02,reciprocal
0xc122a2f4ba78b9a890e59abef99ec992a2c5b06a,reciprocal
0xc12a0cd3f2cdf9964e5d5025900117fb94910d97,reciprocal
0xc13de7d14e2b9d7a1ece3c13adf2db58fdbabc8f,reciprocal
0xc13f2e30768935245803038b5929fdde650e5bd1,reciprocal
0xc143fb8bd1cceb3079f9e58c016ec9ec696eb2b1,reciprocal
0xc148c63c64204a0594899d2d111c8fc133723574,reciprocal
0xc14c163c77ead731d6248af0c9ac069d9d7b01a3,reciprocal
0xc14cb11e4226b009dbe35a4863b31889eaf02626,reciprocal
0xc15198ddca002f86624c302a87ffb0f95f90f2d0,reciprocal
0xc17953c69f1d29f9a339673811650acc768d0f21,reciprocal
0xc1823ca1f191a073a2ccd4cf3adb5b35178609be,reciprocal
0xc199368dcd50eef603351ee428e37f02f5aae1a7,reciprocal
0xc19aabf92432c2aa1ece7d98aaf69be538194e85,reciprocal
0xc19d0076564f50a845f28d73f1c5acfc127724af,reciprocal
0xc19d37c6ed77b7a542b67316417976c2eb09b65a,reciprocal
0xc1a40bede46fe62021139ba9ed2b02f05d58f683,reciprocal
0xc1b8a0e474555a218efefae0dacd898fa28dc2e4,reciprocal
0xc1c0b3c5d86593cda870771bf36ece2748375143,reciprocal
0xc1c468e11ea241ca34ba13503fc5408a88c5d40d,reciprocal
0xc1c5560661a93b3240f27a4ed3d09383a312751e,reciprocal
0xc1d3e1afcde8c48d1ce59c6a6b1da99460633d47,reciprocal
0xc1d76aa419f3aeb463119745894382e5e0495fee,reciprocal
0xc1e01624109c711be3060058430f27ded92b70f1,reciprocal
0xc1eb402c2f4133d4b47c134a334a0c2e113ef268,reciprocal
0xc204e5c51f816da36a13825df2b27d0a257462dc,reciprocal
0xc209465900ca07891d0510e3e21be76fb34b622a,reciprocal
0xc20d89c2bbedde8a6f8d9141eda97e3aaf2a4504,reciprocal
0xc2227873783146e4f72e59608de879d7e2b78f3c,reciprocal
0xc23006d675bf104e75b056a88da92b36c32558cf,reciprocal
0xc2455b89a1637dac1f227eef87a45fa2da6b2738,reciprocal
0xc249e83ae33cca0d7e8d5c91c907581c034a76ae,reciprocal
0xc24abb6ee9f9dbc0b2a9a76217fc59959c42f4d1,reciprocal
0xc250299e30126663e2cd5a35ff2ab8f3116db38a,reciprocal
0xc2570f8004752de0a7294d622bca499e98cf17b4,reciprocal
0xc25884d962d98b90b676c7bfbfb4195118dfe90d,reciprocal
0xc26da267ca3f3be6a31b83d24fb9c9edddce743e,reciprocal
0xc26ee2ecbb327f1895de9ede75650fc338be8e1f,reciprocal
0xc27a3f51a503f6a2599bfbe9221fdf493b182fc0,reciprocal
0xc2815911bdb3e66f46246ac3736d71376be845cb,reciprocal
0xc28f94472795a0fba87e4287ee095bc1c0bfc4bc,reciprocal
0xc29176357be7522e0806f063818ab2ec7465ba32,reciprocal
0xc2a59a76214496d0f10aebc189d292714276250e,reciprocal
0xc2a94c7247b5ec0c1c926ccb7b6de42451eacc59,reciprocal
0xc2b257b645b8d1f28430d131de441612af4336f7,reciprocal
0xc2bdcee609cdebed3b54fde7031b4a5a1cfee6fa,reciprocal
0xc2d50a4c015dd3d1bd7f7edaa994057c396bdc8a,reciprocal
0xc2e2c503a3207a2935e436531a87fd59af6d9258,reciprocal
0xc2e3f3ab5dcf978ba9e371272e0a7e338228ec59,reciprocal
0xc2f04240aecf3c6ae75f2378b13d9713de29f18a,funded|reciprocal
0xc2f3070739ccdfff12b786754221af93d6f5f5ee,reciprocal
0xc2fa8abe7ed36901072b20e4720b0664870192a5,reciprocal
0xc2fbe843db9d6717a1a89638ef66cdc32cb41eec,reciprocal
0xc2fd6e7a9b6973164b0ef419390ef11163fa5d2d,reciprocal
0xc30139722106883952725d02981c464224cd09d1,reciprocal
0xc31c9e0dad9b11f6d57cc3d540895a542cdffc37,reciprocal
0xc31cbc5a8aa16d3164ec5c75592976a1ee5c92aa,reciprocal
0xc322b5479f47b0142aaf51e3ac796ae33bdc30c0,reciprocal
0xc3280975316fa895f774842b25bf635661332bc0,reciprocal
0xc32f0248a58e78d488e0c10afcdf031a9078a94d,reciprocal
0xc3354a6346be6f56d28f7331db2ddefc9424efbc,reciprocal
0xc33784a2ad43d15b67b82334edd2c9b7621b5693,reciprocal
0xc349597b229802b80fa1c6457be16e7935f0568a,reciprocal
0xc35874e2b5c4d1bd249c42f9117da8175baa5e1e,reciprocal
0xc3635d355cd7dee8be2078e33d8a2b17eb731e0a,reciprocal
0xc36522197f7321262f105ce3a086227e40079a54,reciprocal
0xc36632c3c74596869a6a63f4e644b7c93b283a88,funded
0xc36a4ee8b2a56beebd48184405ca09da37845f0b,reciprocal
0xc3701c25230aaad7b64fa2fae6f6bebb32ed37dd,reciprocal
0xc38dbfb51541dc33bd543447e5bcbf35596326c2,reciprocal
0xc393d33284e334bc2526d12f049642353e6fe45f,reciprocal
0xc3a8008790dcc37e51943968005af92761b6feff,funded
0xc3ab0959c801fbcd3e5283175860d17caf2deaa2,reciprocal
0xc3b31f5b2a137a75cb86019a3cf77277086aeb8c,reciprocal
0xc3b88a460e74ebf3dbd611c6dbcfd79ab411b1e6,reciprocal
0xc3bcf169ac2220955054b97b422ba80b5a3628da,reciprocal
0xc3ce42f91d30362754f5c0e8a25174a31065958c,reciprocal
0xc3d1f3011b078d566c118ddda45546c8b7c76d1b,reciprocal
0xc3da4a4f9fe8a3561e799d0186adfe6476d1e8e6,reciprocal
0xc3da85da4592e7a11483a7df1835dfa3f4cfdf58,reciprocal
0xc3dbc54b7922bc674262e0322d330bee42b67723,reciprocal
0xc3e0f5cbf95e703f0975e59d8d646bb780214da7,reciprocal
0xc3e98f6584e013e958390cb2fe19589eb8b78422,reciprocal
0xc3ec9d1368c04bafd21dc74d5d68cc5c59461255,reciprocal
0xc3f6231c47bb43cff0bdfa4a4292708e3d99b8c8,reciprocal
0xc3f6da2160b3fa0c8d1500d1415583f35aca6d5f,reciprocal
0xc40580ae446239d50df8f08bf19d0faed5794882,reciprocal
0xc40d2b72acdbe0ce710ba65170c1a9e4dcc58daf,reciprocal
0xc41189efbc2253bf10010499f06c35b582462f3a,reciprocal
0xc41672e349c3f6dadf8e4031b6d2d3d09de276f9,funded|reciprocal
0xc41fa2ba8bc608878d73c146713c5b92ddfa9883,reciprocal
0xc423ba073e071e9741938e547e9c0d526ab77d51,reciprocal
0xc42b6bac21f53be9fe897420f1d61dbe8c0f8da2,reciprocal
0xc432f7597defd7518cd6df1b612d3d5e9f4c6c3f,reciprocal
0xc448beb3173e9ea81d19c8922da9a86f83758f87,reciprocal
0xc44997ec22fb2f00bc897e424e6faf958aec1380,reciprocal
0xc44bdee8cce34d9717855e1b635b19a530bfca51,reciprocal
0xc452f7d180fc69fabb9432458b3762d70bed2ff4,reciprocal
0xc453c97cc9fc2c02518e3bf0850f0fef55e6dd08,reciprocal
0xc454dedb3775991142d7e5ff64f431428c27b705,reciprocal
0xc458b15f6271d10b27277b1e19caa20f62266f53,reciprocal
0xc459ebcdb5ea318bba8a773305e674ba306234e4,reciprocal
0xc461c1c9b67787c81e6249f409d843d45a9fce1a,funded|reciprocal
0xc4652265005fea95ff59a90e46d3cf40ccf97a99,reciprocal
0xc46a74b51c31c94dd75fb53c0e596435a21bef5f,reciprocal
0xc47c2f143e4d75c57403cc98b339347875b7aa90,reciprocal
0xc48b7a3891576402858685dd79e0c1dc3a825d89,reciprocal
0xc48cb838537ecb9c6fba286fad111f0cb1062821,reciprocal
0xc48e83a03c7dc97423210a48f4581e9726056f4f,reciprocal
0xc490a349774c6159d24e51d4d9f72cd6e2941595,reciprocal
0xc49a44b3a610bb92e422a2db33de63da29399d2f,reciprocal
0xc4a58f01e2f57c2f8d710eb046f0849820d29ee6,reciprocal
0xc4b2ae10f0c343b0745ce1aed835a23bbdb76fe0,reciprocal
0xc4be3003e7c48d0080566cc67c576197a39dfe7b,reciprocal
0xc4c2a56f99657a03b328173fd76bd1e19520819a,reciprocal
0xc4d04357f834f8e77d72a9ef601cd7de028d7811,reciprocal
0xc4d5ad0d39027ab3a51fac83463fa47023e4f80b,reciprocal
0xc4d614c423961e72ff69efec85bfdece59d8cd1e,reciprocal
0xc4d7f6c0dc984db508661cd72bb583de6c2672c5,reciprocal
0xc4dd3056fead2ea6e7721141505f2636fc4fe2cc,reciprocal
0xc4e715c895a73074822c101b9012efd3c67006d1,reciprocal
0xc4fb727cd6fdaef26de720283b0eb385c026c0b3,reciprocal
0xc507091d6564f98d2738e36fe7dfad0dc594fae6,reciprocal
0xc517083210daf4e7d847ccab3b63401c052fcb42,reciprocal
0xc518a84bbd8ad47cee0711c0a504816cae32cbbb,reciprocal
0xc521a03cd0436a4d20271680eeb2ea44fb051ffe,reciprocal
0xc531d7cbc1e1f7bfb87ad5317db1cc9b6db091b2,reciprocal
0xc53a7cc9d6a5c9d1f201ee6af41273eeea6444be,reciprocal
0xc545d622c4ded75e6a9e36b4e902b3a72bfb5ebb,reciprocal
0xc557a9f6bce5f499285485aefda697db8162fc22,reciprocal
0xc55fc415be9b28b06a1f94080087d44696ad104f,reciprocal
0xc563a5e77824628b418ea57ddb0913705331d19b,reciprocal
0xc569d1d2ce8d2e461adb8617800867ae96aa5994,reciprocal
0xc576251a008715c221d2900c1b9eebe379643b91,reciprocal
0xc57bfe8448cf2b54665119e045c9930880fa4c97,reciprocal
0xc57de81d8d0d3f2705c2662bcb1daaf386558ede,reciprocal
0xc584461b5726c0e827594e01e2b46f342ca5a338,reciprocal
0xc58d003740101310aae88e84479548d16e2208b5,reciprocal
0xc59ca863ed7d5d68266a4b8252f17323a4378bfb,reciprocal
0xc5b396fb15d84da15edc0b327ee789058a3a9085,reciprocal
0xc5bb2c9e5268e42bd9bf168f4b398d3d3a8f7a22,reciprocal
0xc5bd802b13f84b5b107558e8023a3112dd8ee2e1,reciprocal
0xc5ec54e714f8ee6fa577b9b530cc61ae595f43ca,reciprocal
0xc63ab07a9eac0d9fb38dd59478c352ba19d11f1b,reciprocal
0xc643d68e3568bcd947b090ad565795bd50094462,reciprocal
0xc65583db8760ca7e5b78cb0a26f5a5e7ab4e73f0,reciprocal
0xc668547e18281621d94410ed0aea772d83e163ed,reciprocal
0xc6699d2aada6c36dfea5c248dd70f9cb0235cb63,funded
0xc66f3f886b49320056cf1c28158cc782947babd6,reciprocal
0xc676dd6ca5604c2aa5a6c9783d19f7ed0c88fb6e,reciprocal
0xc6886e865597748eeb6f804502729849dbd47d7f,reciprocal
0xc689db8d1817301e36c2d8005f219d93d8e2a253,reciprocal
0xc6a5261aec2689fb34d6c483fec03d10244ea314,reciprocal
0xc6ab74636a8a0de67e41be92f50d223e30236ce9,reciprocal
0xc6b06c54a70a2b0ddf711ae1438a2fade8fab9fa,reciprocal
0xc6b2775726513e48625d36ff4391545c750384ef,reciprocal
0xc6b8c0338be36afccafd3782d4bdb2ffeacc0430,reciprocal
0xc6c30d229236c75ffe412cac0dbf665666e03357,reciprocal
0xc6d77cad370faa9c0b8e6bfd0ed58d8a21da74b5,reciprocal
0xc6e2dc70a5d9ae5d957d9b59b0f84c93ba4c78fc,reciprocal
0xc6e630958d4fb726f559a1f4fe0107d5eb3f1acf,reciprocal
0xc70b5cb445ab7e1388e86dd267e6593eceddf6c0,reciprocal
0xc70f11e32c20b6bcde55da873d8da18270b8d1ae,reciprocal
0xc712f1180ff1cd641d5b8b0452cb9b152838c1e1,reciprocal
0xc71fb7d800bf40395ceb4dff5c23af754cb163a0,reciprocal
0xc72fa4aa67439cb49c2aa3e2e06b94ea7c45bff0,reciprocal
0xc738eedd9dd7340773409d261e27d2b92544fa40,reciprocal
0xc73ad116a9a7ce0dead786bb710fe617cdaf374f,reciprocal
0xc73ee86ad58cc90de6dbf2fb1c39e570a871a140,reciprocal
0xc74e976b435f2ca7c2925b132c477afbdd745fbd,reciprocal
0xc757d366c83fe35d7fdb5afaa14b6c7435038b2b,reciprocal
0xc7587ff7c15158d4899a64a4c9b6a1364160f994,reciprocal
0xc759e63a09ea362f7ee3c4a0d370a4c565607cde,reciprocal
0xc76170cab60f34dae110097ea702f6d1f17b2c35,reciprocal
0xc763a0f34bdaff95c9d83479b1dc0d74b041294d,reciprocal
0xc7719a1fd58f632b6dd86fc13c5a28fde6ce9fd9,reciprocal
0xc776213c8c4e06cf5efa80c6d6ae2784f1bc6169,reciprocal
0xc77bda502e3e56c25adb232890bcdacc28b751a3,reciprocal
0xc78801b1c55875a15b9586b4dd90f54f78012c33,reciprocal
0xc78a39fba5fae1a8f7f1ad816e442fea7e87114c,reciprocal
0xc796e8f113894cd84124d37d333ea5b2bd86bead,reciprocal
0xc79beaa62767009dc7d9000a4d2a94bac84d5f40,funded|reciprocal
0xc79cdef2de73e42eeb11223806d03c7ecf40bdf8,reciprocal
0xc79e7fbe8c2fc3f3610d95cf5d26863e58789be2,reciprocal
0xc7a36ce42ad6e744cdf3bfa882ef616974adb0f6,reciprocal
0xc7a6fde56f77c5a850ba0bb2e87052dffa102bc8,reciprocal
0xc7ac7d8cc2bf8978d5268795058cdb5b3aab3fd5,reciprocal
0xc7b9c6d1c0e9deaba9a04f860a1ad5c71d8b9ffc,reciprocal
0xc7c063e766569515bdeaab46960c7b83f030a63a,reciprocal
0xc7c5fbb619cb0d0c1cae840c0606deb77fa963ed,reciprocal
0xc7c92d728e3c241e923e131cfa624478119de8f6,reciprocal
0xc7ce2a7a4f278971cca342162c03c9c02905e876,reciprocal
0xc7de4b8991ecb1ea91f528b67c2e0bf9fe4ba5ec,reciprocal
0xc7e4d457be067b51b8100d9e79864ee8460d4f7c,reciprocal
0xc7ea810826aa73d2a864bfaa255949b4fcf0f527,reciprocal
0xc7ec940649bc2a98a06e9d6025758ffe9b6d20be,reciprocal
0xc7f347369e5e26c03c050c5ec9cc366b1819c044,funded|reciprocal
0xc7f652867e65a818a5c9ba1f51bdbeb4798c0e5f,reciprocal
0xc8028300c94b460bfa2613dac1bf036b2d0af53e,reciprocal
0xc80595cc664641704fffe75a0c14a4acfe9b5fed,reciprocal
0xc80d5c81aa597aae574537554c833c29663d7d01,reciprocal
0xc8105e0b23ee2d1d46f4fa261845ae721abe36bb,reciprocal
0xc8135708b59038914c571313605241692c22aa19,reciprocal
0xc8336fd02f6d4ea93a7184e258abd0a4ab1f60d9,reciprocal
0xc83e1f2f28e5d0f8d84fda3c4db8fe9540a94b58,reciprocal
0xc84130761d7b7846309b483697ab892f4fbfe449,reciprocal
0xc853a45d06c1fdda0b5624b87851f0212d97eec1,reciprocal
0xc8567c446bcd6bd3b68adf52887c29533145baf2,reciprocal
0xc88c015bd7900197b790ba24d77c2b0e88ea7246,reciprocal
0xc89293fb76732b82ddfcff70d0c983b97d9dd0e8,reciprocal
0xc8a1059d87c640a3f060357cefe061590eea9eac,reciprocal
0xc8a5ed14167162fd5016411ccced4a353010da77,reciprocal
0xc8abc95f3b66d330a37aeb898ede59e3a1cba0bd,reciprocal
0xc8b2abeed6a68504fdbef8c4a08335555561005f,reciprocal
0xc8b338076436e146355597737409295dcbee75e3,reciprocal
0xc8b458cde6f82af408c2ea4aab09f14bbe4f196c,reciprocal
0xc8bbafb9af204e8dffe479e272e51a2101f052c6,reciprocal
0xc8d3eecfefa37260639df0b779a5b08c45244773,reciprocal
0xc8d68c3ed00ef524c3cbf3a8ac74c155b4ad640a,reciprocal
0xc8d7e9b2790e6373db50a5cda40e8fb3ff2aec3e,reciprocal
0xc8e85a9917e94da95a487fe861171ceb40bc4ee4,funded
0xc8f0c5fb745076c40564a07cc92bdedb3c0b3f9a,reciprocal
0xc8f6dd2eb6b1ebaab293a0147c887cb525ddc06a,reciprocal
0xc8f83071ac63517bb2048b50e81563f13bcb3a35,reciprocal
0xc8f855ff966f6be05cd659a5c5c7495a66c5c015,reciprocal
0xc8fb907b5e5bca638af25782c26e9e9cc312e113,reciprocal
0xc90090abbe48e8d64cecb28a4b6218e19f659a60,reciprocal
0xc91125e390fb72b21609d8410d34e98c05505e6e,reciprocal
0xc91309335448370c7b3bc9563a890b7de5bde4d7,reciprocal
0xc91f090df807a698dd87642a058958a8b6e8702f,reciprocal
0xc92469cc789c308575947f8c78c3879cd0e9d1df,reciprocal
0xc9296efcb15763dab1a80307b7c28d67eedc8450,reciprocal
0xc940632af9fb6881cd5cf9d50fbbf25dad4ce4e0,reciprocal
0xc9423f7033cef8b1faddf1ff7ac849a56dcd8393,reciprocal
0xc94fb9816795943846c44d720526fd047ee6dc47,reciprocal
0xc950d228e7632a73e6d636f6cc4c1a6f1a550476,reciprocal
0xc95f8a196e8815e8571449227f7ff024adc6530a,reciprocal
0xc9603f6fdbb5a6d3ab2680cea6abee3680036a48,reciprocal
0xc9626ab15c99c458075852fcc3fb10c2c1ec1e50,reciprocal
0xc96e83a51515276dc03d9d89358f5b50baa88cbd,reciprocal
0xc9717b6a742b81dc771f5039f52001929e4fdd70,reciprocal
0xc97631af64b7fad371c089eda6b617a694033da2,reciprocal
0xc9775a465021888f25f7a49ab1555fdffed7f233,reciprocal
0xc97c0044c0b79e96ea038ce53c018d2750c936c2,reciprocal
0xc982c684e366eeb97666e94f04346bde835a45e6,reciprocal
0xc997090a4d757e439d2f2a97ce3f1ed06a1ce668,reciprocal
0xc99722226e79381615779bbaf44bbfcd9ff41396,reciprocal
0xc99a4d86a6e3a93f542dc34e558da7d9e63bff7c,reciprocal
0xc99fe62d1972ca01304b173d5caa602721363d10,funded|reciprocal
0xc9b70d8d342609437bc87ec3c877911a306d3e6a,funded
0xc9b8fc0c99f6bf8b33acae497a3c8bd72c808577,reciprocal
0xc9ba32a435a357ed395719bb131a110b933f1619,reciprocal
0xc9bd519ea391bdf0ceb01c80dfef0703788b513b,reciprocal
0xc9c7b8a15f7d1fcedbaf478ec5d63d907451da1b,reciprocal
0xc9dbbdf4fe2a9640d66e5cd4c80eba470e00f47b,reciprocal
0xc9dce722d509607b7197cb8ab685676a3f13f8df,reciprocal
0xc9de3b3546ffff12359508f644a0061c84cec43a,reciprocal
0xc9df02385bc3178e0833d35403fc19f70b7356ae,reciprocal
0xc9e505e2f71e5366ada1a1385d2823aff31a60a7,reciprocal
0xc9ea7cb957c635f53a1f7773b0414dca39e7abc9,reciprocal
0xc9eb177f9a6a128c4d66c135a37fbae46fb3bfb5,reciprocal
0xc9eb72c72134263204d00114251c12e409d5dd87,reciprocal
0xc9f529f4b840f8303325d210868b02ef61503241,reciprocal
0xc9f6c078a82bea72a2de9d5b5e3b8b0ac4937af0,reciprocal
0xca02829caf7c492e852c786521b7da6b126b0992,reciprocal
0xca09f43b6aed8d5cb800d2f3ac6fdec2c62d92c5,reciprocal
0xca0c56395d9cf73150723557cb16b841a80006ba,reciprocal
0xca1271e777c209e171826a681855351f4989cd0c,reciprocal
0xca130ccf703cfccd18f96e1c87f97fff17284902,reciprocal
0xca17c424640c584a4bdc2d3f3596788aa7a9b6cc,reciprocal
0xca1a89aa78ccb29ce5cf060fe7e9e809238fd3c0,reciprocal
0xca1f4aa1042a78826a4ccc21ca80fff6ca747de9,reciprocal
0xca22019715aaccfb1376afca7a22da5f2f65c1c8,reciprocal
0xca30a5401f63f76292d026e7c37c536a8f703370,reciprocal
0xca35e6cc5b2befd323de4f6d5a88066fd6754469,reciprocal
0xca4cbee4bd17eb8b6223bc881df210a2fe608397,reciprocal
0xca530a3bfb275cea1366030f37052811f9ecefba,reciprocal
0xca5a71e329aebf585da2b98b5ddf418ad03c3f57,reciprocal
0xca5ae5ffd7cc6713ce8175a68952c87015a781d3,reciprocal
0xca6078847c23353aafd4b66a4d48e5f610c23a5c,reciprocal
0xca65e709958c258f335e84b43f4b24a573fe6201,reciprocal
0xca6792bb174fe595b57083c8cf871271b65ecbe8,reciprocal
0xca6aa80cc006fe3fe6b8a854df871952ff6513f6,reciprocal
0xca6e65bc7dc7d20639409ea066218ff5124f5dae,reciprocal
0xca88d2dfc0c43d4e8bd6ee6e1123aa7fecaecff7,reciprocal
0xca8ab6e984e9b3a999265110402dcb89b3d6dadf,reciprocal
0xca9debeb9e035cd43a2b3c9a9bb4f6e2f1bcd2ec,reciprocal
0xca9e7707b853c379aaa7afd89458a72a5417cb35,reciprocal
0xcaa39888ba901c5841cacbf4d5e62e151ddbcf97,reciprocal
0xcab6ee19a4aa93647443032b3d38122b6e352d48,reciprocal
0xcabbee9348cdb23f04f7f2f41db98051546ba405,reciprocal
0xcabf1f16d842e05c27016829d90c5dada03b73c5,reciprocal
0xcac3514867a2c3a4a0276b0cd3350c5d8bc874e5,reciprocal
0xcac41e4ccf78dd68028f419db5af1dea599bae51,funded|reciprocal
0xcad23f156d12c1409d561bef7c07769622e9010a,reciprocal
0xcadc336bccd90c590b8d07faff448334aad516df,reciprocal
0xcadc6a279a1e767ae81aca63bb71709363df75e2,reciprocal
0xcadf85fee4db02457bf04b4fa719135028ba084a,reciprocal
0xcae8e847b8c227536e18007baafe171e4827fa66,reciprocal
0xcaff1087022b0106d2c5de21c87bb785595da905,reciprocal
0xcb02ad8c6daa908af826b5bbffbd6e42b552bc97,reciprocal
0xcb068cb821ac43cbaa7dc691168b36e5e6bf9705,reciprocal
0xcb22fe6e28e0968727a617d9bf89d1702118894d,reciprocal
0xcb2887ac72f9623686b91e49ffd9526867ca69f9,reciprocal
0xcb2cac163a1ba45d8777a38e9ebbfec061148cf7,funded
0xcb35252fc09ece4de37bc602e7b903e78f94aa77,reciprocal
0xcb3c4ae5ed52ce161b729f2fd788106bbbefbc89,reciprocal
0xcb40a7a9c1aea2684a5df7e343da0761cd321c7b,reciprocal
0xcb4442deb0ea0e3049466387bd317e261edbeb19,reciprocal
0xcb474fe0e87666914ac63a111c67913628fad526,reciprocal
0xcb5171dbd09551acc6b7c1aa0c27fe15706070d0,reciprocal
0xcb5238ecc9664e2fd0512e1984d5b111aeedb429,reciprocal
0xcb6c0344ede3542e13ed3e22525384a4a5da7ac0,reciprocal
0xcb75235460715e1f965f8f66ae6ede5926c269d2,reciprocal
0xcb801df1a4f3cf67e3b940cc1843a920d3991faa,reciprocal
0xcb984cd684c5268ae8f3c414842a4165133ec135,reciprocal
0xcb993ebcccdfb47ae205c90907c4fd7f98f9ef8f,reciprocal
0xcb9ab439ff4857472178ed40af09492254d6992e,reciprocal
0xcbb00128e9591c9fd121e8f70ec346ebd8c0693c,reciprocal
0xcbba25c3a57bd3c5f58ece3ac43c321e99b1f60a,reciprocal
0xcbbe92abb8110ecf3078f94d4b5e03667660142c,reciprocal
0xcbc260fcd15523763b52a2b4cc8d1651e9c201da,reciprocal
0xcbc746f66c551ab412a453cd6c6185fd3ba2d922,reciprocal
0xcbca1a78e70a216580639eae6180343eeedb69b8,reciprocal
0xcbcc26e2790e72fae616f89ba4e834202e72c6c5,reciprocal
0xcbcd9e337036c5ad199b2ccea647d929bbce1601,reciprocal
0xcbe2e2dcc4e7ffad99be0c74e4302457409af0d1,reciprocal
0xcbf65546218c90531186d9b5e668ce4bcd4298ef,reciprocal
0xcbff5c5de543e0edccdad44959be238cc79b0a9d,reciprocal
0xcc071cafc421d02e5ebaffa5687d83fbccfec249,reciprocal
0xcc0f56ab21558b830115f7d54484cfd5f8e3f53c,reciprocal
0xcc11b3fffd2c7d9134403ab931968b1b4125b85a,reciprocal
0xcc1512a710f1783bf8d997a346874a886ab33d02,reciprocal
0xcc19f573912019888dac4dc3cc5a550658608ed7,reciprocal
0xcc1fbaba91ae23b2c50fe6abd65589731c4e023d,reciprocal
0xcc29e0646af0057f978d89d6ef47154016f8843f,reciprocal
0xcc3dbf50102c98db3d08461661d1dc9e38b250c6,reciprocal
0xcc3f05ccccbe2c836708b473c8f035d48900a3e0,reciprocal
0xcc43cf5b889a064ba21dac31f69665ec74081f57,reciprocal
0xcc4450c806cc24b74dd96e58c6721f8526764256,reciprocal
0xcc4bdcb501c6bb72c04b0dbf539161a616187205,reciprocal
0xcc524b6ed9aa84a37ea60771297fb033080ee270,reciprocal
0xcc53f852cf4d1f7e225c47a17fa5eb68ffef2cc7,reciprocal
0xcc5941822aa4a3bbbab7408e1254f1d376776021,reciprocal
0xcc6432a10d29b46b9b3fdafc0aad65387691ac77,reciprocal
0xcc71045c89fbfc22992ea7612e7648c795a1e612,reciprocal
0xcc71d4e0e07611e1253780b30b6beea0194c5972,reciprocal
0xcc7335a3f68fa2ac9563ca180d7c7d71e56a035e,reciprocal
0xcc83c639ab2a14705413141617ed09f3716da327,reciprocal
0xcc875ff222f221e4f1f08529fe9062ddbebf3cf8,reciprocal
0xcc8cc22ce003a57b0d2b82ac7b5aafbccdb632dd,reciprocal
0xcc90a5624107347dc462219444650754bd0a1e1a,reciprocal
0xcc92a32637b4ae35f28cf1ce83731e8c36ee6801,reciprocal
0xcca703260da56d8d30e45889171c704e138e66da,reciprocal
0xccaa32ef32db94c2fa95434dd36c1e2015ed8caf,reciprocal
0xccabf0528d1dca9665138f9bd1362eb2373480ae,reciprocal
0xccb8aee5aea7a069c76f921fb2c2173edd7e91a8,reciprocal
0xccc61ba38ec83deb30de2a46b6ff065c3f7eaff1,reciprocal
0xccc956206b25197f42de0e9f894df9fddef17432,reciprocal
0xcccdfec70dd7cd54b915f706cd7e50e1950021fd,reciprocal
0xccd1bb5b08776e252ed4d4c890ce4bdc1419a272,reciprocal
0xccd9ee89115c27c3f6a49f0908f81544f044187c,reciprocal
0xcce0309a092a783339443fb0446c104ef8feaf8e,reciprocal
0xcce5947b7a3b35dd5a740a682820768194dc5034,reciprocal
0xcce9cf6730b5c47bf21711a12b39982c6de9af6b,reciprocal
0xccf14d6d271eb194fdaf2763dee9a53418836fc5,reciprocal
0xccf61663fe41a54ddfb29b3e2746a7f770c7a774,reciprocal
0xcd37c61fcfc953af7c8b3d03e5a74ca4e2b0efa0,reciprocal
0xcd3fe01b7cf03a2154611f3ab36800943a179390,reciprocal
0xcd41c611e80a472f2a2db4039de336fecea52c6f,reciprocal
0xcd513d2e063177caa937d70b4d87603a9a4946a9,reciprocal
0xcd68d39d669c3f6105ea761b1f259e0347b2f4e0,reciprocal
0xcd6938f509fa6780924bf652628b6209511c644e,reciprocal
0xcd6b6d99b7751ff30b68fa1365488eb73fa7cefa,reciprocal
0xcd6ceda33dc7e3cd857ea3c6a1e34a281deef1eb,reciprocal
0xcd965dfece5572a0bf44bef561c126d14d1e77ad,reciprocal
0xcda65e40257345ed4757ee3df4a8c95d898261ff,funded|reciprocal
0xcdad5877d8da84b3aafc395fcc1361d753a3f83c,reciprocal
0xcdaf4286e9b314fef0e463aba699ae3d343292ce,reciprocal
0xcdb658da976e443c348ea8a5d944021ae396c1d9,reciprocal
0xcdb9938b233e4553bf94c513ad6453587568e087,reciprocal
0xcdc23f555b127eb171bc69a8b820b0c229595c33,funded|reciprocal
0xcdc9eccad125e063c949815e5110e7050af41dea,reciprocal
0xcdcf03e145687a83b99af5cc4ee174d2a9ff9263,reciprocal
0xcdd932a5b96e9b3efe85d86c2252d6b205dd17c7,reciprocal
0xcdda23523cc1f455e3000edeb13282cc6dfa6fe7,funded|reciprocal
0xcddcdef5e74702fc7430f877bc07349e728b4e4e,reciprocal
0xcde5dd66c3a145f2c8cb560547d887f3c6445ce4,reciprocal
0xcdee83da101a198b34b9140e9d0a78441ba48812,reciprocal
0xcdf30ea218e5433b2ae4986c08e269e6fe07ae3c,reciprocal
0xcdf80d103094a2988ca464e8fd1d7b38a9080b14,reciprocal
0xcdfdfd736ef359726f96d3395b56bee21a79e395,reciprocal
0xce03ff172c0ee72117459cbf84820fb502980604,reciprocal
0xce068f7af6ddcd2d65cfc000004b293019cc74fa,funded|reciprocal
0xce099ac00a98e39fd868244d00cf2e196174181f,reciprocal
0xce0df7bd06cf8127091c43eeb8c64672a45833ee,reciprocal
0xce12ec71585b144ec330e020ab8a63c011baeb0f,reciprocal
0xce1b41582cea2af97507c0fa32e1ed18dfb24bb9,reciprocal
0xce2b586fbe391c966f03f63b9684d1e4193940f6,reciprocal
0xce3618512713bda159178c96fab701d53155e0d2,reciprocal
0xce3f772c869800054b808b35b335679487ade4e2,reciprocal
0xce46254c2b98ce40682d90c6ad74cd7c9b56fefc,reciprocal
0xce5361ce0af83ee81abbcd920a261329e62fecca,reciprocal
0xce575c939c89f383cac1eff5f41fe1f78e9cced4,reciprocal
0xce693c6234123ef8e0aac36c8645f50d8850efbc,reciprocal
0xce6c6beaf1c98ee3c3c9077d3f658e5558ec4a14,reciprocal
0xce7351f4a142663ac600375a5aaeaded5dace0fa,reciprocal
0xce8599e3d24ff690f1b6f3bc671fac8b18d0b6cc,reciprocal
0xce90c903799792e32fbb57a7f843796660522cd3,reciprocal
0xce9badfff9bbcea910ffef073a951bfe3e3a2fbe,reciprocal
0xcea10eab1d75ae49eb4debc6c502f0599399bf90,reciprocal
0xcea708ab905bef89b7a08571a91005ae6edd8abf,reciprocal
0xceaca1371b63528c7917028d39436a4e5a04d153,reciprocal
0xceb13106e1c5f2d4e2175d467184a5a47f034acf,reciprocal
0xceb3bd8cb9c54324ebf3f9d236cdb3a39cb3796b,reciprocal
0xceb9cb3cf29a0d4e5e24ca5668c84f75274e493b,reciprocal
0xcebbb82a183faa69b929ed1f417aafc63fa3b5b6,reciprocal
0xcebdcab7db6b4554a72b0c9cb8436acb8d973445,reciprocal
0xcebfb91778d6da23cace926f396fd2118f47200d,reciprocal
0xcec2d39cf5e023d123a5bc26051798af3f87a20c,reciprocal
0xcec84c34c0b8da9385739b980d95e9b9e6db2ec8,reciprocal
0xceda114685ffa7e5a48a3c887804b74be1f21afc,reciprocal
0xcee9614d377c84e7f9c1b33719c166b0a69e808a,reciprocal
0xcef02b6dc558ce671e99b518aa5cbd7854aa2f49,reciprocal
0xcf05564eb984b20b4bb4654700bb678dbc1dc47b,reciprocal
0xcf16eddd50e1d0673edc904d08242aab96478c19,reciprocal
0xcf191ce350ab9e242a08dc8307329cfdeeacde3f,reciprocal
0xcf21bef6ad321a2333f52b7f0d04452624292765,reciprocal
0xcf2301b92b2ac507acdd8ca7e02b1f1e972e0faa,reciprocal
0xcf2975836d84b28d5391b39f5d3754374b2d01cc,reciprocal
0xcf31a7ec78fabe604064db9edfd614370db98abe,reciprocal
0xcf48236bbf8ffd7a42b92f3d9739037ecda4a40f,reciprocal
0xcf4987c7da7ba1be5beb8a74749282bf182d6c5e,reciprocal
0xcf4aa491c004a942462c2640932573e1436eca3c,reciprocal
0xcf512022454fbfecdbe62b881600e94f9d0bf385,reciprocal
0xcf531218b60366a7d20951110bf5f0a3672eb3ea,reciprocal
0xcf540aa4453141d27dc07ad8e7a1c78368852e1b,reciprocal
0xcf6c20fbcb5d7c7db0e8ba043c918583eca38916,reciprocal
0xcf6fc20ff277dffac19b01714c280d35536b081c,reciprocal
0xcf71f6459bfad488712a5c661e3f1cac19bf4c76,reciprocal
0xcf73638265219384fb356de251da77d1a41a3f23,reciprocal
0xcf7576099cb2d190d754c4dcabc17b9f2f0e182d,reciprocal
0xcf775ab6e261e9a3315d4b9f210ff24a016fab67,reciprocal
0xcf876fecd762eaf868b997e0362f2aa40f249998,reciprocal
0xcf974591e1e70b05b402f067cea4b6c3ebb25bbe,reciprocal
0xcf9926c65235c37fdda91925b6ff7a81aeb18b2d,reciprocal
0xcfad4b9e3d157d5c5faf948e9d974e542fcaf44a,reciprocal
0xcfbefd2b7bb60799b968c756312d17c189da3386,reciprocal
0xcfbf3f13d4e69f8b5124eafa34924a20ca20e753,reciprocal
0xcfd00511235af340f40c0930de19ae702921defb,reciprocal
0xcfdcd2c020a47c06f76af2b0ace5b797c74a518e,reciprocal
0xcfed3aeae2bb17c3be783f8adb2454be66c14571,reciprocal
0xcffcf8929235f3a2234eb8eb5ab2e45b7fd49e6e,reciprocal
0xcffd7e28ab960be391fa9ba091d8aea8c9da557f,reciprocal
0xcffe70ce125adba5daf7043d589f992519c2a596,reciprocal
0xd0010d706a8e4f47efa8c8e24642180f0b7a5161,reciprocal
0xd001712ebe7cc55511284e6ed501d3c0c9200704,reciprocal
0xd0032645d4a0c6132c5defe59087c54d2bddf06b,reciprocal
0xd004284108f3b0d2e8a8f63780e7614c19882dd8,reciprocal
0xd0060d1bb0fbc9483e107a1ad11b700a13820ee1,reciprocal
0xd00e39aa105958ebdbdbffbb0cd877ebc862b1c1,reciprocal
0xd018d6450b19078997cfb456a5e67a54dd5265f3,reciprocal
0xd029ef1b25a111b4798860fe57f3614cf073d242,reciprocal
0xd0363327d8085c75e447ddabb0fb98470c43b81f,reciprocal
0xd039de59f815798fd0305738754cc345f0a26c65,reciprocal
0xd03a39e07b2b48ce56050764a3b8a438f657f05e,reciprocal
0xd03fc1d6c24a870e653883f970abebb770222b53,reciprocal
0xd0442b8e4582b999756d586605c6cf30218ae665,reciprocal
0xd04504ad62cecff508c7840d4c4d1ad38dccd4bc,reciprocal
0xd047a39434b6e098a5d1427b98fccd036b4e133d,reciprocal
0xd04b4d11bddba9d75931178fe4029a32e7684fca,reciprocal
0xd04b919db38ce32744bf62b69b1f58fdb079b187,reciprocal
0xd0519d1595553b6ace7d0a2f44ca559a01636bd5,reciprocal
0xd0676ba142636bf125f62d761b56eb61547974ef,reciprocal
0xd07329ed003ba757f9a23be64cd2c68984460556,reciprocal
0xd078c65a6df10955095c106d9ddca0a2a2163236,reciprocal
0xd07b9e66f98898e3505a42b2b4e2fc16f94c2b08,reciprocal
0xd088d4810dc3c5e56d4abdf5f5d17e622d075911,reciprocal
0xd08c9d0b03eafb48c25cd38054ebd483f2be7bda,reciprocal
0xd09338bafef9ab5cdf0dc9f9a2db51162053427d,reciprocal
0xd093856153a4b85c5ad397195e7a935a919d7def,reciprocal
0xd096959dba269ec4b5e951ed5e64d47ee2630348,reciprocal
0xd0995b450e82f572091aa9fe2cbcd5475638df24,reciprocal
0xd09d7482f2793ccba998daa2bcdde5e0b8e2a5b4,reciprocal
0xd0ac107c86ae54b787cab3cfbed8822628b623ff,reciprocal
0xd0ad91890c5b92a5a1c507b0b9c746c2068db318,reciprocal
0xd0b182dea186a90e9b3b39b0ab51a4db27fd1434,reciprocal
0xd0b3992eada40af4c1dea677dfe5704868a87cfd,reciprocal
0xd0ba33b5c1ebc24fd8cbd0aac11dfec4327548fc,reciprocal
0xd0bbfdf092c3b223a75f1d3b7cb19a86220538bc,reciprocal
0xd0bfc66421326eb521a37bd0e808bc495fc18a59,reciprocal
0xd0c4ad745419572ec945e12766b0c58d72859949,reciprocal
0xd0cc44423685a7b06c5c9619b62bc63b89dd8fd7,reciprocal
0xd0ee967389b2bdcaf16111af2fb378f5a5f0cdfe,reciprocal
0xd10bfc92d3486a32ec8827d5d8b44cb30c0b39c6,reciprocal
0xd113aa16cbafe9829388c29615969a8f22b4a4e9,reciprocal
0xd11a10624928d0662b5356b957c0831677813975,reciprocal
0xd1288476fa3542b2129866067b8226c0c2463e6e,reciprocal
0xd12d26de05d5ee5965569c513c4b6a0f39d95f8a,reciprocal
0xd140c33f6c15708d95ee6065a45f501ac4c8b28d,reciprocal
0xd1447bd509784348b8e42f25f0d00e34ac869fb2,reciprocal
0xd146f660b793c00ade1b7db351992035b36e5d2c,reciprocal
0xd15495c9652a0d52dae33b2af654b9cb98a59b28,reciprocal
0xd1654657148337dd31b4cc19ad8568deb78b32af,reciprocal
0xd168aa69d60f37485014708b4d2e6782e1278ad4,reciprocal
0xd179c4f3f844995486de77ba5e00e257f21b4bb7,reciprocal
0xd17a3c0e75e9c9b5013b65069a8149192ce73b88,reciprocal
0xd17b6b634ca2c619c6cd342c34acc66f621fddd2,reciprocal
0xd17ca1afbbaf26812567820064de5e79a821a726,reciprocal
0xd17d90e18e5c5912af8dc2a3fab7e7683e858708,reciprocal
0xd18509dfb2951770f031c36dcaaf1a27db362c0c,reciprocal
0xd189fad4be04592e7223c382934f380fe78d0b36,reciprocal
0xd1948c7e3cd1ab321af2b1e00e5c9a3aafaa2c45,reciprocal
0xd198b7da9ae4cf5395e642aa82bd557a018d296f,reciprocal
0xd1a10ed511b8407c4b3b7ab377795789c71df1ab,reciprocal
0xd1a5c8518c63d84297594bed42d2068135bc7b5d,reciprocal
0xd1ae21d41fc840ba11ab45d79be9c0c4f6498133,reciprocal
0xd1b6ca700b0c51d7373c8576f9dba1ba60d9858d,reciprocal
0xd1b899a690be1ff1944bbff8833ec3b6f6f6449f,reciprocal
0xd1bd1316136fcc736d1d8aec556285fbc7830a48,reciprocal
0xd1c2e7a505a4916b314a7e55cac28771387f0e9b,reciprocal
0xd1c38380880ab37561c32d19cf876d6e655aa9cb,reciprocal
0xd1da91bd0f925d2681423c37d8d015d8b5b0d9d7,reciprocal
0xd1dda1009f709aae84325d1ea7679e8425685020,reciprocal
0xd1e4f939b5b798fd19d2d9550c1f53c4484e7594,reciprocal
0xd1eb65773ad80834f20756e3d6b92334800b7b34,reciprocal
0xd1f570d850823acf0c458957a6a85741639bb658,reciprocal
0xd1f66eb1f7b11777ef64c4f03cb78f6b467c114f,reciprocal
0xd1f76647e2e9e5ab80e042aeda5e7f3487943d3c,reciprocal
0xd1f77d607d8d39074125dad406f1c697b69f6dfd,reciprocal
0xd1f9e8151b962c76db9748f542367445193f6a1d,reciprocal
0xd1fb4b8b526574faf3ebd6c554cee53ac0d4b62e,reciprocal
0xd204cc60cc1aef1c029ac144773d4e8e0cf46332,reciprocal
0xd209e091ce24cac926d671cd3a03511ee9aac6ee,reciprocal
0xd218ad67245d1b6b072e7fa722cf720d1a9cc1d1,reciprocal
0xd21a38d78064f1c8dff1df4289c6b941db2878a8,reciprocal
0xd221ca0f2a9d6c932ebc66c1052856140d29a484,reciprocal
0xd23f246f3458a31da3d24791b80237ce06807e6b,reciprocal
0xd244cb6a204d4d7ebed53f16d4d2ef42a2c40beb,reciprocal
0xd245098d3acadecb0c5b99d755247f1ad399f77d,reciprocal
0xd24571c897a792c28fb79d4b9fd8860dc556329e,reciprocal
0xd24bd02c402abebdd5fcbd47e5333107f4127ff7,reciprocal
0xd259862cf1537d62b4e1339de63ddae10800e6b0,reciprocal
0xd2679918528641ba53930eaa14ebddc94a6dceda,reciprocal
0xd268d1027aec382ff883ab72739a67a78934074d,reciprocal
0xd26f6b41a2e64d73df87b9308418670d75a0cf19,reciprocal
0xd27a51e2c59936ba4135e4133cdd80c0a254b4c2,reciprocal
0xd27cde576270730fe827f4d309d0a4489797fc63,reciprocal
0xd28e14512d9b2934fce5ba92f894a2c199b03128,funded|reciprocal
0xd2a09e7c0c99ebae454101bef119a8b1af4a7488,reciprocal
0xd2a43d3d7b47f13885fcc294c8418d11f578a6da,reciprocal
0xd2a558acfa312e0990154491132d499320fea8f2,reciprocal
0xd2b392f21fe0b80a8a184a6d821bbd815d86c9f1,reciprocal
0xd2cc0b4bfac33aa2f4f2852ed77f0ca2500b9731,reciprocal
0xd2ccd905d9e7da26d87b281a59edb81796adb8b8,reciprocal
0xd2ce075f25982e354d7cc0cd0204c8c87c53cf1b,reciprocal
0xd2d47d605eb729d76ea3176df521d05b33567be3,reciprocal
0xd2d5934ae840851f156fff5f006f549a2daeb8c5,reciprocal
0xd2e31f97d264394281b1c4438f12a77d8efc992d,reciprocal
0xd2f74a14522d40e4a1d7fbb62aa97ce99fa1a7e5,funded|reciprocal
0xd30404e4cf74929414e1de18d17f0926064dcaf8,reciprocal
0xd3074aa1276f745a1add0e95062facfee36ad10a,reciprocal
0xd32608740aca04a0a0fed6886ef5169900aa8c7d,reciprocal
0xd329cc8403339b82e389d95533221ca2b8786740,reciprocal
0xd3329836e4695816291c577d23399b54ecafc70b,reciprocal
0xd3335c89e5e37dd8a0a8d7a796abe74fba66aae4,reciprocal
0xd33cb4ce7785d64e90a35e386f49a61364847c80,reciprocal
0xd343fa9fb310201dbfc6efd711272eaf3ba225fa,reciprocal
0xd346ef6e1929c6cc16bed750f59a54dd4ebd0d5f,funded
0xd366256a8e1be4356c8166d3857af0dfb1472dc2,reciprocal
0xd366b0528b6044f07ec1e904f4ed44a9998e93de,reciprocal
0xd373213264da3519b9050d0b655869779519329e,reciprocal
0xd3793482e70f57cd852f97ea3275fb31e9f8edae,reciprocal
0xd3817f97ed09eb76155944b4a0163bd2c0dfcae1,reciprocal
0xd388dbcadd05519242c64ab1e190d4e2f41e3f81,reciprocal
0xd38eecb7fb1a4ad3abcdcd2a698f29ece3b9dc86,reciprocal
0xd3959511b0fa3cd4b9d87eea04c319b48f5b9a43,reciprocal
0xd39a3306a78109b64515e124c45fb24495df8441,reciprocal
0xd3a0c0ad59afbd52dec4f8495301898fefbfe843,reciprocal
0xd3a1102a3bee2d15bea9fe135d83379ae2ca09f6,reciprocal
0xd3a3c7941d5c84dc7918827686f5f6a61ca0a23f,reciprocal
0xd3dc67c11a6e087de40aec923d08dd619b024102,reciprocal
0xd3e03237253a98846d71c789456e3378ac7cf92e,reciprocal
0xd3e0563ed521a3473d7d1df881d9df3340769e55,reciprocal
0xd3f4b8088b69aea483e8ee522b98fc66214a477a,reciprocal
0xd40200e140f77c3e2f9a66b6881d1687f0217596,reciprocal
0xd404f96a1dbe376e8a1f59e7eee08ab2f016dc44,reciprocal
0xd408c0856521d3a72f4ccd1707d8fd074becf96d,reciprocal
0xd4120e8f7593166dfd3e6c93a2b1af782e43dea3,reciprocal
0xd41fb1d74afe73fa76234196b4cbd5a7117f298c,reciprocal
0xd42a67eb43b68bcde0f67db28f8db1a8722c4944,reciprocal
0xd434dd0f08d95b3cd318ab9fe92270fa0a28c26d,reciprocal
0xd4424e013a283c01d30e7874844b51a2d4bf22af,reciprocal
0xd44963fbe20d129084cf732e55b5af4eb5dc1444,reciprocal
0xd44a2a0c3111beb818b12d62e83b3a88ebaeb5dd,reciprocal
0xd44e817082dee4bef673578685153ec000784bc0,reciprocal
0xd45217730ce0bf2ad1f0e83b24e598baabc093fa,reciprocal
0xd45f7c992fa630490a3eb0ae7fdd06111c7684e4,reciprocal
0xd4656e582e5b7e59ef2296d2ebcda481223c4d43,funded|reciprocal
0xd470c2ac9b340d1875ec27d0bf404b145f498df4,reciprocal
0xd47465d96db62f2ab480e92f54a63248b4bb92ff,reciprocal
0xd48a06c6ed926df3ee7968ea10a9d3efd94a55f2,reciprocal
0xd48c60e39fca54e98900e09a3162f6581ef77fb7,reciprocal
0xd49eae8092489cad3440931b5bfa9bc057c912c3,reciprocal
0xd4b7f28c5b14c77a881e5b0723bd5f20503e90f0,reciprocal
0xd4b8a11d14b22daa1f988491c4cf1c152fd9c5c8,reciprocal
0xd4c2413915e8599efe05e3d7eae63daf750e2aa3,reciprocal
0xd4c940ba609b7e3b0e05caffd042c3e9424bcd29,reciprocal
0xd4c98efec1e380e1e6ff702f70b41b656b9c2a2f,funded|reciprocal
0xd4c9de9e33d4d7a8d882c0e0336a2240003d8bea,reciprocal
0xd4cb8858a4cd6eb8f035c4d6d92b730757f68203,reciprocal
0xd4d92e00b42bb9970ec2ba253b560c3c419489a9,reciprocal
0xd4d975aa1e206aa50c9e5f006eb58618d4139b73,reciprocal
0xd4f64bf2bdb45a8418abf821a2617c12908e1e58,funded|reciprocal
0xd4f9278e259888150fc027a1f843a53ad9c47bb9,reciprocal
0xd4fd436787777f2afe7777cedfd25e3f0f272f19,reciprocal
0xd4fe467085e6d9146f385b272df71737b2428be3,reciprocal
0xd5192cf2c3eafda7ec3310e77a93dc070343fd56,reciprocal
0xd531b3e6e319e36aa2eb12693d1c582ff7e52952,reciprocal
0xd532bc7cfa955e0ca87d082c9ea7ebbe689b77c3,reciprocal
0xd53ed859a15098da343a6646adb724889443e291,reciprocal
0xd540f90e29ce90ebcf96738da182043253d617aa,reciprocal
0xd541aaf0c3d4bc9b2edd8890ed932d7152317c78,reciprocal
0xd545076c5e0391260754579b5bb61855e00299d9,reciprocal
0xd5450f4eb4677d2c1b31a77112a90fee0f419ad8,reciprocal
0xd5528fd6b510ed0b889b01dbf2deb2c577d9aeca,reciprocal
0xd56513e1c25d23b44e2363c4d83d370597197a1c,reciprocal
0xd56c3e63612a0214b68de54e41c02e897f616965,reciprocal
0xd56e918117c83822ca3e329a66f6d1881d4d0ce1,reciprocal
0xd57bf65427eb69372d5576c4da259d7b76e800e4,reciprocal
0xd59230eefa175529f9d769cd582c9feb165cd108,reciprocal
0xd596e147adf4c5a4439146a566e0209adfab65a7,reciprocal
0xd5a95bed2363d001242a342c6bed38e284c14fea,reciprocal
0xd5ac2413fc5f956453dd88b16fdc9ad4448567cb,reciprocal
0xd5b0046d166266c51143e1221811672958c89ea3,reciprocal
0xd5b31101016b978af847e96a6f89b21eb6746cc3,reciprocal
0xd5b33f13434e6f4880186b177d56d7f182c57356,reciprocal
0xd5c1d85c596934d94d3247c990c759d06d78d858,reciprocal
0xd5c4ae5c31831bff06341c1e1c54d0f1754326da,reciprocal
0xd5c5e438d0725fa1d6482487913ccb0fae882096,reciprocal
0xd5c6489d0c40bd7711dc9fcd831f328151164c75,reciprocal
0xd5cd78e31fdb20af5273831f6af09dc936ce7690,reciprocal
0xd5d2c3a0acb74fa987450edde897c2376475a8e1,reciprocal
0xd5d4dcd88f53a9f4dfcb6f73a4e058ccbcdc94b7,reciprocal
0xd5e5dc3842b5d3a6bdc8b8c739bf9a798ce6f6c1,reciprocal
0xd5e9c68c4781164ae5abf5e07d46c09ec64fd13d,reciprocal
0xd5ecdff4146fa165009c532c219ab0cad6328945,reciprocal
0xd608e39fe8c14cf0509debc4a0dcfd7b666daecd,reciprocal
0xd60d89790ac1685d0d19a6b6a583b00d58b0f661,reciprocal
0xd6145e2e1e52f29240b0923e1139ea78c0f18e89,reciprocal
0xd6192f84cb39f74b8854a32fc69f192ab11bfc40,reciprocal
0xd61e02047d5f5c1c23c8d3340f42275ab61f2d70,reciprocal
0xd627ef955c3f309e4666f2abad4c12bef4b6edad,reciprocal
0xd632dbe23f6bc67063501b5088da69489dfdaeca,reciprocal
0xd633aded9fb70df608ac53be09eb86b95b656eaa,reciprocal
0xd634a813e38c9b4ce8cb00566d1ec528576d106e,reciprocal
0xd63ba531317df55ad3bf4af3627245b548cb062c,reciprocal
0xd648e0c3c7b0dac76777590b688ca5aa1956d007,reciprocal
0xd654983b712c50d280d6b9e6078e048ddb2a86c0,reciprocal
0xd6630d768c2a6ba5226c068adc9d0f411a3fdf00,reciprocal
0xd6663ed31e78a659d31da0d312c9151b9a8e5d02,reciprocal
0xd678c2ec880bd86adeb7bd0144c3f9eff90317ca,reciprocal
0xd695302062aa828b1f9be29a2479da78c307caa5,reciprocal
0xd69ae2cad76bf4f89fab967beac1940b341220fa,reciprocal
0xd6a3928f85c2a06723615677e42b68c3a8bc6bbd,reciprocal
0xd6a4dd41cba3371c7d33e2b762978cf970114e22,reciprocal
0xd6ad48cc97b530a5cceca4d0b0b4bf374136cc09,reciprocal
0xd6ae6afd1faa0d3cad7e94e737594d81999103a0,reciprocal
0xd6b40c37684d457f95c4a9cdb7f21858e2385281,reciprocal
0xd6c8f5ea884eee03d7b1efa0a0cd6e7126c68e97,reciprocal
0xd6d01f4766c6c19880c6d58197b031f074c5e7f8,reciprocal
0xd6d2aa5cde180528553c56056d36858a16500bd2,reciprocal
0xd6d5c96b3cacd833a524c0a93938c6878afc4441,reciprocal
0xd6d6c859ac0cf89d082b2e5aa2e21ee2169f932c,reciprocal
0xd6dd0987fae1871357baeb5add91916015be2164,reciprocal
0xd6e39ebcf79b14cc5242c84865659cab05c5a65b,reciprocal
0xd6e3ce4672a471fb28af120b9c04703c8511233c,reciprocal
0xd6e4129532c11b4f9320197d911c488e30884588,reciprocal
0xd6e86ee864942d715042cec15a4146ee8f0f1f30,reciprocal
0xd6e9f18cd33bf02c7de90c6c4141776ab92ba7bc,reciprocal
0xd700327331dcdf611a9205bccdd82b2f4e525b34,reciprocal
0xd70190bfae681304c6597341ea3c0776904d2c8e,reciprocal
0xd7033dd13907c1ae156edf133f9e3c6da8f84024,reciprocal
0xd7081e2ea0a28f13dbdbd212d2f99a36326d6069,reciprocal
0xd709e583d0a78f9fc5e402074c57e1bfc959df62,reciprocal
0xd71710ee1a7184c8e4b00a1e6d85acaa5b90312f,reciprocal
0xd720beb6e78d8c47761b080a1c530591ebe3cc3b,reciprocal
0xd7290b9dd326712c4afbe1b5b1f4af430707810e,reciprocal
0xd730812968347fd86cd2f5501344b0e06003b709,reciprocal
0xd73ac5636670efa1af0cab53bd6f295df274a66d,reciprocal
0xd7462bdde206cca3cea85f625e97c46540f0cbf1,reciprocal
0xd74ab854dab312f550c8c3d6d8c9f53c6767e4f1,reciprocal
0xd75f25c80775d2f25aa78339aeaf4f5630720e42,reciprocal
0xd761367704956c203ee4f704125e187ca48cfd88,reciprocal
0xd765bbc19bdb972e7c239848e395430ad8ff8d73,reciprocal
0xd76627d39cd0a24512900156fd538992cb3ae17a,reciprocal
0xd766397b1b2da890d9711bdc76d86d01c83bac51,reciprocal
0xd77036f275d6e56ed4d08bbb70340e5c8f44e075,reciprocal
0xd774c3ef5afd8a717a6feabdfc5f31d10c6b7cbd,reciprocal
0xd777462d19a087c3724f97ee3d28989b13c0d97c,reciprocal
0xd77782e7a8df9fdc5e307dbd8e97210bee011a69,reciprocal
0xd779abf6d3e57944383fe2ca5fb6abcfac6a4092,reciprocal
0xd79fb26a9eadb20d7f7ec5c591b649a0014c15ed,reciprocal
0xd7b2cb81167f55420097701dcca0a9b295e4b931,reciprocal
0xd7b5a3fd8104476c2e0e0af3f48a5b1ca8ac5feb,reciprocal
0xd7b97e716956805647d204f3e481d697a6989e1b,reciprocal
0xd7be9786373798bf38b2d83df1e09d522bcbbcce,reciprocal
0xd7c48a84813622e0a1400fb548e4e47c866f40c9,reciprocal
0xd7d03bc17f3fba088453dc1443926c7c8855665a,reciprocal
0xd7d21791d283b2bee09eebbe2000bb196931e9cd,reciprocal
0xd7e639a06e9d783c772d12d92f2e6edb43569d07,reciprocal
0xd7f17e00266238b0dffad5165689ce3d9b953341,reciprocal
0xd805f96eaf43b5ed518c3b8401ac07572016d809,reciprocal
0xd80db035f64c834fed01323db6d11511f8f9acb2,reciprocal
0xd80fc65de40ba2c9fffbfc49d4a2b723a0421b67,reciprocal
0xd817da4e307e01a0ba5f0e4d0cc098710a78ef60,reciprocal
0xd81db27fa2394870a0a8ee2e517654fc8cdc155f,reciprocal
0xd82044f241ff0a18b03a7424567a953ef055a1fb,reciprocal
0xd83efe26104a178adbe257a134ef6c5c66caa548,reciprocal
0xd83f6c4a4c9fc1415b5f2f365edb13cdb44aaf8c,reciprocal
0xd845f9c8d88a979946420697e3be299cd3e52119,reciprocal
0xd84b7ff7a9125fd744dc511551a9b934e9556d15,reciprocal
0xd850e82a81528b05b5df6a638772701225a9b45e,reciprocal
0xd85cd5fdb521317e6d2b0cfedf076a3628013938,reciprocal
0xd86e94073123d3a976272af84046ca26a36c173c,reciprocal
0xd872f1b883da848a54440613be1894781dad487c,reciprocal
0xd87588957f7e6cda8462b61dd9afe12e795461ca,reciprocal
0xd87d32d41f29be10646c58776dd4c10779b16874,reciprocal
0xd87fc96c0ee5fef6349fa9b18b7890f97f6dce89,reciprocal
0xd88d9858a87087b388bd8ad3df2e3b557b57bf6a,reciprocal
0xd8902fa22fa02ab5317d1d04ecdba6754a7e8fca,reciprocal
0xd89c88ec7869e20d7dfd0d923dbc913e00efac3e,reciprocal
0xd8a3fba88a0221302fec4aed6a4c818479589e9b,reciprocal
0xd8b1216f6491281b868fb21cb2753dcffb552d2d,reciprocal
0xd8b41926138aff16d0bef040b6e940abb6fa6000,reciprocal
0xd8b77f840746a223dc43cfd38468e3f5128f353e,reciprocal
0xd8bd9f5812e3ebc99d0469ed356126af8784437b,reciprocal
0xd8c6463a2eba50a50b3fb7afae59bc4b0f615cf0,reciprocal
0xd8d04ed6891ae2b96761ac055a3fb6be9ad71919,reciprocal
0xd8d37133cf9976d73192778f359d2ed899e168a0,reciprocal
0xd8d7f661754028a6f2666177a4bd1ef823a43ca1,reciprocal
0xd8e91de23113f5d3de159df45532960067080a51,reciprocal
0xd8ed281b40732546d62ab2298c8b64c9fd3978c5,reciprocal
0xd903f1669b6657f78506efc9c31904911cd10858,reciprocal
0xd9053138f23d13390f9652565442be16e4833481,reciprocal
0xd916e2296c233c09c2a2dd06e572e8f5be7d8714,reciprocal
0xd91de7a8df01e5e5ec6c0a13468c20b1916df4ca,reciprocal
0xd9291661c55841f945ecfe0beed1ec3eebfcd61b,reciprocal
0xd94568f25e16d935d7608e7ec17409f0d2831836,reciprocal
0xd94628e1dbb918551dcdf74dd6cafa16d1c03036,reciprocal
0xd947125f3ac421eb38b21be47bc997057b819574,reciprocal
0xd9497b11fc639d9b1151cd9f7883ed7bd61eb1ad,reciprocal
0xd9588cc0fafb2b92d3cdba53fc47d79fc7e7fc76,reciprocal
0xd95a530d05429ff0a2578dd0c81646dd42f597cf,reciprocal
0xd9686d829f2c72c817f06d16dd1795f973885c3c,reciprocal
0xd96afbb2872de80bb0db494c71dadd56d834af08,reciprocal
0xd97e30a1dbc3bda9cb64341785bbdb0259f5e0f2,reciprocal
0xd985a782cb087bcb6fa012989b87a6ff561f7196,reciprocal
0xd98c112dc5203ea58c3ecba54de17b3e81db53aa,reciprocal
0xd997f7e75ec1b12911b4fae90a0dbb1cfbca66cb,funded|reciprocal
0xd9a05651ded69851b6196ca37ca53c6639109358,reciprocal
0xd9ae53846327e30836e7a9d4d686bc4bcece2e91,reciprocal
0xd9c0b25bc092b251ad48e0831a8c9ef2d28f31fb,reciprocal
0xd9c54ec14053114a77522c4ef9da253420947028,reciprocal
0xd9c702ce184a675d5dfdb30082133b29639cf393,reciprocal
0xd9d0e7a3b8a9aa0d92045b7bf94a64dcb99b658f,reciprocal
0xd9e0ad90324e809e4e5ef292e3ec3cd77ff12a33,reciprocal
0xd9ee7808af0a36034882659efc501cdd90b71419,reciprocal
0xd9f7c830b2f20c52c32b91a5c6f0feb29cf6f003,reciprocal
0xd9fa4af3770bd5eb0fac6f63120e277c29befadf,reciprocal
0xd9fd8dc69af87a799fbb1e984550d5440e984726,reciprocal
0xda02682fabe7f7d0d66d35eb943aacc7d00f54e3,reciprocal
0xda0dfec88d0e5797255f5b39573831f3ee19221d,reciprocal
0xda0e3d743ccdf12f8cc20e2aedb2468922059cb9,reciprocal
0xda148253c057dfe3468434f115ce326abb8ac61f,reciprocal
0xda219ced0fe0329921f085610d9cf67c07a25403,reciprocal
0xda26bf5aabfccf5cc33c563c7496fc1867c19d5d,reciprocal
0xda28ce86dc723a98a6629c245099d9398df72934,reciprocal
0xda2cdfae74eee0dcd3e0a1c6fb3eb9196dc6772d,reciprocal
0xda2ea9d0cf97dbbf3cf2d2261fd3d1757c8b06ce,reciprocal
0xda41f24741716c0e4d77664b8de3b88693f2202e,reciprocal
0xda47d3cb3125c5f80758ccac02629cc37aae8a43,reciprocal
0xda4dc7aeac0ce26ce29c23569b521886a3a86a73,reciprocal
0xda6e1d3f23bf1abfd7dde100a337386486d9f5bf,reciprocal
0xda720ff13c069e96bd5922f9f152a3f1f884a95b,reciprocal
0xda7ef704ef9d8c93a43da880e040c748b9fc2b93,reciprocal
0xda845b43271069bee9377d520fae8bec2e9b0745,reciprocal
0xda8a5dea6cec314a2ef1f57bdf8d324450c7ea9d,reciprocal
0xda8e101dc12caf095c919e21fd9f63bfdbd8ccca,reciprocal
0xda96424e0f7c4882a32abb917e40da099965e378,reciprocal
0xda96d9782234cc6e9132ec42d9e1c597f52676fb,funded|reciprocal
0xda9ca49494e9aac11234cd4a5e64aa1bf36b9299,reciprocal
0xdaa1a1c1acd1d8f0efb575e8e88f11ad5c3e1f90,reciprocal
0xdaa28aa1f07a4c82cd31776a8c2f008db5063eba,reciprocal
0xdaabe9d7bf03a445f6ccf1c7280453b1f3d717ff,reciprocal
0xdaad9e91e03274f4eb07ee6a4e17bdedd23c6002,reciprocal
0xdac1785d120835f1ccbc9e7019f59a6864293b67,reciprocal
0xdac8f1260006cf653f6a6dd8aac620bf0e67d032,reciprocal
0xdae90b1c48b5cf6337d517d7214c9ba6269fc4fa,reciprocal
0xdb0b25e8684f087e0a4c3abd7b037d29feba3011,reciprocal
0xdb145e24923e0b7e035b0fd3268ccd7fdddb648c,reciprocal
0xdb16ac6a50993c3b0220dd9110aa63e17f9528d8,reciprocal
0xdb1c55374761211f19ce12871b3693e0f675852b,reciprocal
0xdb1ca64522764bb3a33d6e33c8a495fe0be0e0d4,reciprocal
0xdb1d5b7356c2464077b18604567203545da3ef8d,reciprocal
0xdb20920495ac81b0c87d40723c7942d66c342b4b,reciprocal
0xdb50478626ad025cdb62d8cb764796d7cab23443,reciprocal
0xdb5181df1dab86fbc16efe259eafcbd3a174e1ed,reciprocal
0xdb5210cd3b397c784659af5db8f6c538a443fede,reciprocal
0xdb55d811e4393a55e3eb7e7260794688f8a3f05a,reciprocal
0xdb5aa553feeb2c3e3d03e8360b36fb0f7e480671,reciprocal
0xdb5e65e647ada53e8943cfb2a712a7187986ec94,reciprocal
0xdb6c0ff3e3d1a3d77dbd3457d5c316401be10e8f,reciprocal
0xdb77f60db0733762d373571adb06ad75c21afeee,reciprocal
0xdb93df6ee6c6b98e366e5d8e8b1752637fc1badd,reciprocal
0xdb9f9651b56535d507426a463bfdd8834c7a71ea,reciprocal
0xdba52ae54351cea994f5bedce053bb58ea1ccbba,reciprocal
0xdba8b95427ea591fefb8da3d32d00c60831e032d,reciprocal
0xdbabcfdb0220b1719cbe58fd3cc8bb0e7e21e92a,reciprocal
0xdbae3bd0560113df4ee88a3df897869b9c130690,reciprocal
0xdbb1feda37dbac5c656ff22148e42231504c5ca3,reciprocal
0xdbc1c7894f0d8b9880c3e0ca8c41eb296210d312,reciprocal
0xdbc4940aa59bbb3e2f258738517187d3242e2029,reciprocal
0xdbd8c3ab90c934cbd617c3c2b671e96e7d619780,reciprocal
0xdbdbfcb49f5b12b8bfbd508fc79f7e8eedac4c07,reciprocal
0xdbe719b9f681c8934e73c932d0e5641386c0c0ae,reciprocal
0xdbea2ace6c2e783e2cb5830d896bb977d1294e5b,reciprocal
0xdbf4cbe1b396520a07c787ee41eec45ae155e645,reciprocal
0xdbfb2328c78eebb4d0e707ea17a3b14cdb77e5d8,reciprocal
0xdc025c2f5ac451f89214f5f13c8c93a225fcc631,reciprocal
0xdc1219c966740c989d1e8642f4b89a9ec2800758,reciprocal
0xdc1bf6da8a1cf924032dfb65572a29d71a7dd637,reciprocal
0xdc2d08ce51ae4d558b65a769e15f2eb8698a580c,reciprocal
0xdc2e641e351d940e970d0c30de6405184acee747,reciprocal
0xdc377e3471e3788c2c174fa6b278859c1f67b7a2,reciprocal
0xdc40a8af494c773d4cc6a7760b8d52145bf01a31,reciprocal
0xdc40cbf86727093c52582405703e5b97d5c64b66,reciprocal
0xdc41cbc129edb3dbf85439741ebcb7b776a75aac,reciprocal
0xdc41f6bd5569867aa0211e9467fb0a9a65cd6d80,reciprocal
0xdc44a2be0603474a9b466a96855581698d4f340d,reciprocal
0xdc44a482d9e26d1379185905fce852478ebf24e9,reciprocal
0xdc49c4441672cf2cd2df5a35af154bcb0bed17d5,reciprocal
0xdc4c7b26a553b44ce0e51429ff0fd590c9d97b47,reciprocal
0xdc53bb28bba7c1f63292f803f9e9e61404314a1f,reciprocal
0xdc56e5fde094792fdb66f0ccf067dae387d3c187,reciprocal
0xdc5720d8cc840892d914f4c9d956d0d30cc923a4,reciprocal
0xdc64a7c5de74b000ac4532712177e509f4459043,reciprocal
0xdc69dbcdf306bb428e0e0bb49457a8e037dd27f0,reciprocal
0xdc785ddde3c6551414f3a7902f2545c395d1b96e,reciprocal
0xdc86a61574606d7c8dbd96cb4d2d515d1a9ebdb8,reciprocal
0xdc87cbb2545e769131512de47f3befc6ce390d1c,reciprocal
0xdc88a1fd32c15df3cf0c6636a107b95801ce9f96,reciprocal
0xdc8bfa8c21c21b0ef71c79112466a76b37991675,reciprocal
0xdc90278bcb2c73aaf4ba26902e9e02805a3d196a,reciprocal
0xdc9037d6b7034f00639157b422f16a00c626325b,reciprocal
0xdc94420322a38bfef5d4a0447ac4641e7e761cee,reciprocal
0xdc96fa7a7e4b73d068b71170543f036edc9bcb01,reciprocal
0xdca9963222db9ddd12008af07c6fa2167ab91f74,reciprocal
0xdccb5fda75f1a572971b166d043b5ca6430613fd,reciprocal
0xdcea907017fc3275f4428f058b7f7d848f8a7ad6,reciprocal
0xdcec97e13d0c689b5fad593f71cc5afdac9af5a1,reciprocal
0xdcf3a5bb9c6d8d26ec98574f296242e0fdf6f041,reciprocal
0xdcfa327e68c5fcbfaa2c16025033c7d04e1fab38,reciprocal
0xdd141688f5d79669df9c64e027fd878dbbadc8f1,reciprocal
0xdd1c2124460233db3f8b7d7b97c73f17d27be325,reciprocal
0xdd22e686658e4a3255eb0230e26f5f5533327610,reciprocal
0xdd31ae048d2bfdaa9504f887edf992d3f5a770e5,reciprocal
0xdd33279f72622677870e6005cc31a98744af5907,reciprocal
0xdd34bf9d6aa5602d46c7fcdc82f9e84c1c44b879,reciprocal
0xdd362c31ba8d72100c4e7ebb1dbcb48d43d87248,reciprocal
0xdd373f4232cc48e8913a6629c721edf691004110,reciprocal
0xdd3f10428124f702496a37a4dda6de2a149f3752,reciprocal
0xdd41610b7e52eb8b4431c3421af04a8b935e347c,reciprocal
0xdd4fdc3159d6a786f0f3ccae5d4fe9890cac7432,reciprocal
0xdd50c31e29cf8b2b463fdc4e7d489a2317b62e64,reciprocal
0xdd5e1ed6b0727ef01c336b973b2194a9afa57128,reciprocal
0xdd61f7a283e833ad3412eb36305512f93ee7fa79,reciprocal
0xdd655fbcee89569593c1a7afd2b3b8f1ab51b33b,reciprocal
0xdd69ce103ac439827b839defe75673d8222f6bb1,reciprocal
0xdd75fb80c72a0e37845273e27be141e9164beda7,reciprocal
0xdd764bfc544db563eeb07d9db4d7f05e7c46351c,reciprocal
0xdd80dce5ebe1052a28a22ac14cde331b9bc080e4,reciprocal
0xdd90d00acd7ec643678bebc182ee6f688befadc4,reciprocal
0xddad1e8f96c31fca5e917b5b04d5f0fb48b90a78,reciprocal
0xddb1af463f75447d68da9541181014f8e1250d4d,reciprocal
0xddb56f1a0fa63ceee786538023d725f4653aa9d8,reciprocal
0xddb6ea02f43cd33fe6e0b85126672e4c2109e75b,reciprocal
0xddbc3a6702a7d5c4c0e528a807ecbddac02e6e27,reciprocal
0xddbcb78320f69d06d30cf8b4d6a0a455ebf83ec1,reciprocal
0xddc99e6ad9e093ea02c43f084512630c1adb208f,reciprocal
0xdddf4c9fe601c9f48450d4047b47a9664d15d41a,reciprocal
0xdde38b1f78e8206ac843f5ebba6e97a272686953,reciprocal
0xddea783218fceb9b9a492ca54d33c3e0c9c0bae4,reciprocal
0xddeaeb4639a7fc213264b57c8dc81a36229687db,reciprocal
0xddef1eba7ca870423bf34516c81674524162bddc,reciprocal
0xddffd8451de24f73c39fe3f239bde5682cacd48a,reciprocal
0xde288fd49478e7bec4de015f13a231963481a849,reciprocal
0xde2abcc9f5799de916258633adf0c9fe2c52f630,reciprocal
0xde389a10479ee63b0cc481da94fdfa00c51f9efe,reciprocal
0xde38aa71a304492bfbd5af0862fa97922359f1aa,funded|reciprocal
0xde3b7f30d1df574db39611b37563fc7ee16837ce,reciprocal
0xde3fe07abcd3f322bc74330f4aef618c394d40a2,reciprocal
0xde44dbe49b57515bc5abfac0dce3ac527db69b18,reciprocal
0xde4ed6ae12867e3d5cab2343efa1b4ef59ccdbc9,reciprocal
0xde568d5e87b2c575fa4adb0f99ec37ca597bab5b,reciprocal
0xde622bddb52ccdf6e0070b0ef99fae8a590d49af,reciprocal
0xde65479f9fd47041201ef1e5278f09e5874e38b9,reciprocal
0xde68533f5aa73c86e1c4d021a3c8fcb41b295ae6,reciprocal
0xde6d76836b40ac93ff432445f62e3c5edc3a3b01,reciprocal
0xde7a183601fa3e0c7e7f022f1d27af71cf89e04d,reciprocal
0xde7c15eeed9d49127e731b1cbe1dd9142b34ff59,reciprocal
0xde86f074efdb2a3f7665bc201cd468c61ae7c93c,reciprocal
0xde910d88514bdb2d7dc33947b8a45aee8580ad6a,reciprocal
0xde91e95b30f5eeec0070bff03544b0026ba54783,reciprocal
0xde93e108e4105738881bda7c99c08728a5dcdc3c,reciprocal
0xde9a31d6c72583370b4bace9301e86f2fb92938b,reciprocal
0xdeadbb5ecdc5bb17fe520f289e72887978fdac1b,reciprocal
0xdeb47d5bb2e18d53bc7e2e4195565213fa41647b,reciprocal
0xdeb493beabfaa3c1205b2e9f38c5587a6ea5d104,reciprocal
0xdeb86f1b00aad9a2f2167fefc96038f126d64b3f,reciprocal
0xdeb909f4ba811027ccca92d4c8f8a5aae73554e4,reciprocal
0xdec47817e4d629ef11e86b39e5fa28274a51624a,reciprocal
0xdee3892c101d99f5f48fb38995ee155df7a5038c,reciprocal
0xdeed6202fc69a4905d61cccdefa5aa4418f2d018,reciprocal
0xdefd2c52c453c0657a14096bbb6a58628fc8c2d8,funded|reciprocal
0xdf0feba92faa743cd62d4034b6af39e57aaab724,reciprocal
0xdf1823b8ab434d5659d5cafe23861deecf89f980,reciprocal
0xdf1dc197b192629d2c474559b9b0db95d27ada79,reciprocal
0xdf2055cc81319946870814e409843505f580bb87,reciprocal
0xdf2c074287a333dd0cdc1997090f79450bf3f9ee,reciprocal
0xdf2d0cf19186d6c0c1376720c9d393636b456dd6,reciprocal
0xdf41f6bbcbfcdef4a727701b5c2a84b39a0e350c,reciprocal
0xdf488cde939991c8e6fa311da19ea3dd40d4efff,reciprocal
0xdf519514e60cef14d03f050232936a464c0293de,reciprocal
0xdf53471dbdc0761c79fd0c9061d0fe7c2acf8f3c,reciprocal
0xdf590abaf0a5935e07a64d923ec05b0732fa6e28,reciprocal
0xdf62bcc0ab11164bedabfe934386acaa244956bc,reciprocal
0xdf6435659e3ddb3fd896ad907e95996c856a784e,reciprocal
0xdf65a0041c2e50f38c871f6aefdf1af982e1c4e0,reciprocal
0xdf6fc7fe9fd987755b585305f512f3fa4cefcb62,reciprocal
0xdf717d75bd01b50c1f76bb34bcaab799af30477f,reciprocal
0xdf8a07aff6abf3a88e81b38b7f5f7fc8e2f7b268,reciprocal
0xdfa48d8962cab9d8ee27675ab708713ce72f9a4e,reciprocal
0xdfa736d4c7422194c8c1bc5a118fe10115f94858,reciprocal
0xdfa835a71e1c32db8401db75305f1b98a04347c8,reciprocal
0xdfb3d331d07aba108f7a579c02e78276e6e040c1,reciprocal
0xdfb4b1d2b8014946929c3db351e90c1bd6d0f190,reciprocal
0xdfd1987f9052bf300e7b0755f36f739e9bca25da,reciprocal
0xdfd9f97a9bc63cfa52e60fef797496f12e84506a,reciprocal
0xdfdd5037b9e986068c58a9dd1a85cdd59455769c,reciprocal
0xdfdd92012733a4307b99934a962a90c3311cb5a9,reciprocal
0xdff718d2d778a2bbfeff01a5ef3a06dd83804800,reciprocal
0xdffb4973d83bcd32ddae17491bb3df9bc8e88117,reciprocal
0xdffdbba213310933b1f69cda293b93edf6d3914f,reciprocal
0xe00c7ee6e2085d7c0e22e2fac6bd0e4ce42d51b1,reciprocal
0xe0139c8fd524d408b5c40f070edfa0fb1cbb6129,reciprocal
0xe042f79a71c92b5e018d99e77ec4bc0aa5692d1a,reciprocal
0xe04972e2d87c7fed8176fc706c983ff0a4f23254,reciprocal
0xe055cb2a1e495c4c05fe1e728e7e7849b47beacc,reciprocal
0xe069ed39350330106f8e95b4403c02479252891e,reciprocal
0xe071489c77f22eb2fbe0e36cc0822b17e5f98b7a,reciprocal
0xe072706324d296f85ae77593290a7c0551414e66,reciprocal
0xe0939d42908732d624c4984717a82f6b36adbff2,reciprocal
0xe09a90c4fe643bedc48f73ea5407b6bea928a12a,reciprocal
0xe09d862836ec1fb48d5f96a0a2e3d40d12f77ecf,reciprocal
0xe09e015a662dd133613a8195f664dfdb62e2eb75,reciprocal
0xe0a14ffff479e6ccfc415db890189971901ce5e3,reciprocal
0xe0ae6dfccae9ab71c1f140ecaf9c75a7c094f6d2,reciprocal
0xe0b933a05cd964412c7bee462d448248dae8e26d,reciprocal
0xe0bfecec9fa190392ea5ed137a06a53c5af17d7e,reciprocal
0xe0c3324f7026e9673d4de787d476a1cfaa95c5ca,reciprocal
0xe0c43ce97b871d2d527099a14f21df9ccb394f54,reciprocal
0xe0c53bd6caf60afd4ebe9af58f52daf72ea1e3cb,reciprocal
0xe0c70708b5f7faa9834d0ea4838fd734d33fb847,reciprocal
0xe0d3a5a1babc4d73eadbd4f75d186e935b9c4e9c,reciprocal
0xe0d45b0b801a269fb38748303e2633d21a42789a,reciprocal
0xe0d958a7a96440eb84f69ad62b0536197b6a10a0,reciprocal
0xe0dda596a02c031882837bef9d616de243679fc6,reciprocal
0xe0df49b36e44cda5679b3f65916467639c434d0d,reciprocal
0xe0e27503e245a4a1d655e7f3e23554b0d4eb76ad,reciprocal
0xe0f0e684b51565321784c83614996a3e527f4650,reciprocal
0xe0fe67479deb8a454c0d9762891bae3003624a64,reciprocal
0xe1006611b20a1ab2efc9abed07d46b912c9ff66c,reciprocal
0xe102f6b3646eda3ffccce4a1fd982db8d0ae046e,reciprocal
0xe10c900416146848e550acb4f3e95f35cc96ba4e,reciprocal
0xe10d225fda7a757e2c6596ccad1e7dda1170921e,reciprocal
0xe114da6b16258bb22d842a3899d76ab45f5b9527,reciprocal
0xe11b798356465c8f592d16cd07fb759469ee968a,reciprocal
0xe11dcc0f4fdd2be6f915484539a68f8e8c228e6c,reciprocal
0xe1216f6e87353fab08665e115e354944e5951327,reciprocal
0xe125824190afd723651ea07cf260700ece526323,reciprocal
0xe128974c24e7b9e72e2fa942b1b60dd2807aff88,reciprocal
0xe12a392f4fd6f668ea131b3349d2c4b3a8c58895,reciprocal
0xe13362504df41dfb7398d22274de42ffa0183550,reciprocal
0xe1395b1c4431bd4d084834295c452a8a2d17dd30,reciprocal
0xe13d45a9b9c8cdd9e00a0b83b9b3fa64a626f47d,reciprocal
0xe13f9c4988ee914bf7beba3377ee60514229f72b,reciprocal
0xe14a3e3318c8ceb8f6e462084d2c48cd594943b6,funded
0xe15f19aa9ce99c4d3a67b5da56a1d0b3e92c42ea,reciprocal
0xe16000ec2b86c6c3bf4b5afc8b2c561a183e3817,reciprocal
0xe164c006f553f04a67f394cbc48e7dc1a4874112,reciprocal
0xe17ba6f4820075d8ce731795dde5bbcd905f8b52,reciprocal
0xe1ad7d309774e0c33e93a1b592066f78045b9c99,reciprocal
0xe1b3c4affc2f97ae1c9eecc2ec19c2838d7f5127,reciprocal
0xe1bb3730349b26daeed0c99ee6d7f236f5b67391,reciprocal
0xe1bb44f757fca620b0ffb159920b27772a9b216d,reciprocal
0xe1be23796f0458b0667054af06df19620cdd726c,reciprocal
0xe1cec400a8b24fefb29aec90a1e82b13e1510315,reciprocal
0xe1d6f5f9fa30941a2f8b010bfea8d222066e40ab,reciprocal
0xe1df6968935328ccc7259c2063411a8035ef87c7,funded
0xe1e126b1e0b5892bbd3a6da7a5460448f12bc09c,reciprocal
0xe1e6bc8e3382d00acf19dd10ba02c1207a506841,reciprocal
0xe1e92c0e71052f04ebd2d7a2d30b43304e63f7d1,reciprocal
0xe1ec023f5c95d4244803aa2acd661fca06b67a75,funded|reciprocal
0xe1f3f05971ad572567707aa648f96121662a325e,reciprocal
0xe2054289577cc37630320831216f9dff16b88408,reciprocal
0xe20c56f011d4e1c8bb34cbd0c6fe8aaee5297348,reciprocal
0xe217950420a1e433f89e5a1f494c05977e897a26,reciprocal
0xe2305dfa5dc5e25a5e9d059c7b8d36d1c081dffa,reciprocal
0xe23b294a4cc38654ccf2cf0aadd677cea003661d,reciprocal
0xe23bee8965010dcd8a2b996ae815599ec9ec56dd,reciprocal
0xe23c8ea246a8f55f4119357cfa63caa7a53f2e20,reciprocal
0xe23d77b16579c47eaf2a1ba91fac83fbd0788e0a,reciprocal
0xe24afd008b559eefa35ed0cd5073ccdb32690140,funded|reciprocal
0xe24c274ad70621baa7e0cfeec739c799a84d4fc4,reciprocal
0xe24cbb46708883c0681dfbb737ac07f9292f71a5,reciprocal
0xe2502b298a1a56fecfb04133084ae66b32460a82,reciprocal
0xe258ca88eba1e672a2454abba684f2cec67dadb4,reciprocal
0xe263a32803c9e7b4a036d05bdc759c578f51ed20,reciprocal
0xe267018cf9dc161f424f1a3fe2b81ee66098d470,reciprocal
0xe2708428b686beefe7878a8cd28957294351e8d4,reciprocal
0xe279c12f8126a9bf741b2ca427a51ef605296f01,reciprocal
0xe27c2427db39f42c889fa3a9deb9f91e7115e451,reciprocal
0xe28190278e5bb58b6593310c49ad24a890045737,reciprocal
0xe286db18f84e5291963590c33cbf78945712cbf0,reciprocal
0xe29228d261ed19468d11cff78ff8b156cee1c7d4,reciprocal
0xe2a169c95b09f1a2dfa3b6d6e7eee88a115ec0a2,reciprocal
0xe2a97baff48a01c5acfa9e60a83925b720e37193,reciprocal
0xe2ac9fcd6b8c4a665df18e3a8443f78876980c97,reciprocal
0xe2b32d1c5d72463578c1b239f89569fb5cf60430,reciprocal
0xe2ba6d80d945fd007a64832bd7d2cde2d4298835,reciprocal
0xe2bb5b192358369441a916eaad2dfbf35fe04652,reciprocal
0xe2cce9d5cf7186cd1000e3ee4b259316b410dff3,reciprocal
0xe2cd2e778c678ff9f0d9b9ab2d41b034bee0525d,reciprocal
0xe2db55e25f30348af1e00a6d3340fdc67f941810,reciprocal
0xe2e081ffaee58b2f4341e3b621b9cc014106616d,reciprocal
0xe2e6f32303234abb1d4e64f43f25dae74fa57bf2,reciprocal
0xe2f02a6c200b4abb8138d7225cf02a722d4805be,reciprocal
0xe312ebbb4df0832c87a4a4633be176f6389fb8fa,reciprocal
0xe317dcf141c68ee6b50d91a88574ffb5406329a0,reciprocal
0xe32ae18dfe1df93e61827e44599bf4470ee9d762,reciprocal
0xe34f7b8d8ecc2c369f9ef62b59b46ecd75320811,reciprocal
0xe36b6a7dfcad73581dcfef11ba29f11adfa47780,reciprocal
0xe37d81a55303df2ef521f5ca0d843515b1ed33f2,reciprocal
0xe38119fdbc1446b8f4248f510db362d75e1a9ae6,reciprocal
0xe381d99227f89d5b39ea0a7412f1e81b1193aa90,reciprocal
0xe383604b258c23c9aa7bac3ce4206234d05a0e7f,reciprocal
0xe384fc059c73465e54ec03f6a63f75b93a367bc1,reciprocal
0xe3898c62e75d770d1f36b3355a9117e7dfd887cc,reciprocal
0xe39190beda3ade1d352593e51a34a843b8f5138e,reciprocal
0xe39e2385505398b24e194d01371618f4981be170,reciprocal
0xe3b571ef011ef9eaa4f5b6372e7d805e20e6941e,reciprocal
0xe3b8e244ff1b902b78b8542dd2fffd0a04555d01,reciprocal
0xe3bb626ca13b20d3302eb9cb367b53bd64245c04,reciprocal
0xe3bdb36daebe075034a711a91d70dac7f6072318,reciprocal
0xe3c42bff550ee102f8d08b015b914eaff258c17d,reciprocal
0xe3caef100f4b7bb06f778ac44bb2e79e3c9a2ea6,reciprocal
0xe3da43a26586eda77d9e54a0a220bedc0619aacc,reciprocal
0xe3df7566e6395de8b1883fa4783b7650a4a3c1ac,reciprocal
0xe3df7aaac49bd89d49da30c91b17f01291184bb4,reciprocal
0xe3f6189e66ce56c0729391dff21b504da2748108,reciprocal
0xe3fb10d3e5f436548a51000bc22fd0e331be1be5,reciprocal
0xe3fc7be376863e6e4ef2f21441656b3ab370683e,reciprocal
0xe3fcdbc40acf93dcd403ce6f3dba0f2a27d0fd0b,reciprocal
0xe3ff8a7eeecb5e70125aa61485ef886871f9ca8f,reciprocal
0xe4129e770a0f63dadc1d52c8a8a788c4b27e1bf3,reciprocal
0xe41f518d034670cfef872142b385f380dd1a8606,funded|reciprocal
0xe4329784f13e358775f2523a5c080896339feae0,reciprocal
0xe43751dff7af9ab45cabb711ea92bb43c97afd74,reciprocal
0xe4410434c31bf6e136c00056bfa32d53ef462429,reciprocal
0xe4444c33537fb5cc9c12d452f0e90217ddde2ee3,reciprocal
0xe445c5cabf0cd6035b38abfa0ced9507ec270619,reciprocal
0xe4491e81ae9859afaa7e138a57580063a3d37fa3,reciprocal
0xe451edf395ec81d8205895fe4817017ca0f56a53,reciprocal
0xe454049c7313686d3d4de4f3e23725d391ae307f,reciprocal
0xe458bbd04ccba3efcd2b0c3129aebdcc9117b511,reciprocal
0xe4658b4dbbd1bd3bb64b9a256a71eecb4cb9768e,reciprocal
0xe46c582aa2d39354be4391cfa194f39ed606b9ec,reciprocal
0xe4722b921895cada734884e8f1a506540a51bb7e,reciprocal
0xe47dbebe22e77fc2e2bfd4715f26778f60605c77,reciprocal
0xe483dd04a920c886241a1d54ac311ffcfd25ff13,reciprocal
0xe484f92f9640ca74b021e960e1b700b7becfc787,reciprocal
0xe48835e85f8896788c8913381d52842a49b99a69,reciprocal
0xe48b0bb985533adcfe6899b1c1e816a02b037cc5,reciprocal
0xe491d219551167be895a5a237f9929aa226bcbde,reciprocal
0xe4a6a07c35b4572450e14194afdbf58572d59a35,reciprocal
0xe4ab5f544103237ad9cc77df68b8cae058352ea0,reciprocal
0xe4affedc7f5a04ec76d32fd43e417c8a55502527,reciprocal
0xe4b20dac50c14b2af51b54f2b4ba24be0e35e0fa,reciprocal
0xe4b34933a11fc344bdad0381a37b91db938e77c3,reciprocal
0xe4be15829a63dbedc161797d2c3e3ff282c13abe,reciprocal
0xe4cf94cdd96cc61afeb2d704fa476226326e6d7e,reciprocal
0xe4d915e6c33cb4bd07be794cb1b1ffe76c45393f,reciprocal
0xe4e073735b03e2cbfcf7d7afdb2501d6c44b0ce0,reciprocal
0xe4e21759ab65a1006e13ff1a167f93d3eb73d21f,reciprocal
0xe4ec47d79314b70a308d770dae71c7d2d6c2c4fc,reciprocal
0xe4ec9995841cdf05e3d3af1c1abe26767bffe8a3,reciprocal
0xe4f5de50009e2a89df3fb80bd9fcdbad6fda7744,reciprocal
0xe4ffb8ad74297cc3ba1134e23115b90853361130,reciprocal
0xe509c0b1110b21fa6569df51044817683c12f9da,reciprocal
0xe50a56629bd7e5f1b22fc3757647ace043c00254,reciprocal
0xe512882576662ca76972b76c33d0f6a84f20a46c,reciprocal
0xe512bcbe8856026cc258d1a95abafc72a1f88e55,reciprocal
0xe516a4be7837fc4d34cdadf08878cd2160039b6a,reciprocal
0xe516bb7ec1399d14f7104aa7771250ff269c983f,reciprocal
0xe51c5c09ae70b95dc2e7989fe714b8fce9fd99d4,reciprocal
0xe51d84d3996040330e7c714d635781ef33931336,reciprocal
0xe52fc66c8c9d5838ba7052dc84a80b34e4c48d54,reciprocal
0xe531498576d8756f5215d4970814e4f6a2180009,reciprocal
0xe53a4f41b231bc9514fa44e0b04aa12487944fcb,reciprocal
0xe557ff8ef1e90cdf05f19e86d0f0ae160a228249,reciprocal
0xe56128fe849304b0199a9146b69a0d3ae16da75f,reciprocal
0xe56bca1b766ed3b5bd52a365988ae95e5aa072fa,reciprocal
0xe579178a783345058cc330bdfc0dc372753c9e8f,reciprocal
0xe57ba68a3192da90f7905116f232282347e50e34,reciprocal
0xe57ff3c8db014a84ab929c0c455c7fbdb0e93dbe,reciprocal
0xe591d69acfd002cf29342663a2096996d1d98c3f,reciprocal
0xe599723a506192397551ef1fa5d1142e5c3c9672,reciprocal
0xe5b1c541e9e397a27c76e41a81fe67dac9d27d09,reciprocal
0xe5b211eb1465892de54e5cc89c333c9ba1f5209a,reciprocal
0xe5b9b6ced4d5a271ad1e404441b8ade82f5f76e2,reciprocal
0xe5bf39cb87ca94e86e99922a531366b5e9bc08bf,reciprocal
0xe5c1a7ef0df766b202201926d0061f2b92d0fc54,reciprocal
0xe5cd99a5be741a7e34ab1a4653fe6819afd7a417,reciprocal
0xe5cdf2463a3085dc1e51cd313d6a9e73007f134c,reciprocal
0xe5d8541eb20c5ba74d371a280eec1b3bf8a26bf8,reciprocal
0xe5dda27697dbdcf5b450fbf91f831b2e122075af,reciprocal
0xe5df8e3945bac7bad77173324e3e86d2cbf6ac97,reciprocal
0xe5e614f89f6e6a61b49e32d85aebd2ad5a6b6ede,reciprocal
0xe5efe538ff5920767cf5c82eb52a484c631c3eca,reciprocal
0xe5f06f8815b532d20cc38d8b6260476b66f20d46,reciprocal
0xe604dad3d488ab64351ab7829e10edab00deb8b2,reciprocal
0xe606c61a76fbd286fb5520d251396ac8cc575942,reciprocal
0xe609e0af475db3a05a7a7c936c9869e64ebfd81d,reciprocal
0xe60b524c6276bba65b25cff61c0762b4d0e7e0e4,reciprocal
0xe628bad0b2f29878fb819c28085a137b423ad70e,reciprocal
0xe6301a2fc9db9e4ba7a46e5e5d90cf0c35c7487a,reciprocal
0xe63361976b7f0c57f1d44ba19df674611af427ed,reciprocal
0xe633eac32a176093672d131e092dd14876915504,reciprocal
0xe63e151504da0a1b07a31a72dbabda6240359893,funded|reciprocal
0xe63e9786b5b2b9184de202eac3a01ff27478718f,funded|reciprocal
0xe65dfd0010d374de23ef338c7e5cd1047208a881,reciprocal
0xe66e85f4d849cc113ee7ac1aef1d5dbb41752a46,reciprocal
0xe68ab31b41238c4d97ca7db2a46eabcaee7052a8,reciprocal
0xe6991f7176ed5ad683c0ae08b5b52900f9a97830,reciprocal
0xe69942248f9de6fed61b10a6d65f499cc075a43e,reciprocal
0xe69ddc373da9c3d049debd863393cbf01347232a,reciprocal
0xe6ae09cf4172cdce81b87c425b26f07d36645479,reciprocal
0xe6c8062286855b64f4f1e149fdc0a789e1c51260,reciprocal
0xe6cd9221f7d66958289a617db5fa46c1e836244c,reciprocal
0xe6e09a2951d154fbac40335d3dbdb1a7fbcb0d33,reciprocal
0xe6e9c6c12d9abeb33c9f4bac946faa92a1f454b4,reciprocal
0xe6ea28d5613df2f1bc3ae3254fe88afe59ecb4f3,reciprocal
0xe6ed6553134d2c111772cef2f6b5f1dab13d0c62,reciprocal
0xe6fc311b49b9de36baed2c09bf4be9a078edadd5,reciprocal
0xe70658535b6d20b26e57996abfcff4af484cb46e,reciprocal
0xe70f75aaaa1c6a8e5c2d96d4dd72e8c83b4706b7,reciprocal
0xe710f738b1b198ecd2016cbebcea7a5e326c917d,reciprocal
0xe7138df3ccb480718dc2c37faf7aee70b08157e7,reciprocal
0xe713c244a89c0622b942ba34cdeccabd145dcbfc,reciprocal
0xe716d97c97efed1cd13a3baf3109c477b8019685,reciprocal
0xe736f14c97bf91d150b677cbc5d5c11feff034fe,reciprocal
0xe73c2f8a501dfb4f905b741758ce3ad2a2c69e6b,reciprocal
0xe7574bf6c23080d60349df4a12e224a1399a1e73,reciprocal
0xe7649aab539247e4d6879ac1dffc02b5abf4339a,reciprocal
0xe767ac423d5617a64a4d4b8f08d985627a7e685e,reciprocal
0xe783c82a8be4ed39e4bb4c3d9c01d7972d1dc4c2,reciprocal
0xe7872cc4efe4725c9d008a5112320afe8fbc470e,reciprocal
0xe79bf4925f54c738462a490a99c71afefd4726eb,reciprocal
0xe7c0d2f603ef872c4ee3aa2cb55fd54b6023e107,reciprocal
0xe7d05e5580dec64957fe6aef2ccccb298203c35c,reciprocal
0xe7dd03f19fb8224ca91a95fd71361cef69a67fbb,reciprocal
0xe7e090a133832b99b22e9fcc06b436327d09e180,reciprocal
0xe7e6c5708f2291ffc2d6fc3c654da4cc64a72e8c,reciprocal
0xe7e7571c873c54f9cded66572a59f0c3d3856382,reciprocal
0xe7ea6c0a936050a29f77d13166fbb6129f75a4dc,reciprocal
0xe7f0d929b60fbf33ecab60abedc40ff7d997cd58,reciprocal
0xe7f99207a5644e6ff5d6eaec8ca5676cadb9684b,reciprocal
0xe81fdd426fd13ae37831e1b924d100e0ade1ce8e,reciprocal
0xe82283a63fc4f43d9072e594eb3384abb7403a76,reciprocal
0xe822c6db14807abf10b62359a3054148214de24a,reciprocal
0xe825a3de61e3d9c8397061f751ca402e5a153d35,reciprocal
0xe826ea044fdea9c12529bd773be8cb49ecbcef8d,reciprocal
0xe82ab24e6bbe590562f4520c8cf28200b29976de,reciprocal
0xe82c62f7baa7f7789a8ed2c663dfabce8aca32b9,reciprocal
0xe82cda514e3574f652d4a44c8e6fccbf791e6027,reciprocal
0xe849a20e920aeab0f09b1ea0ee218c08990543ea,reciprocal
0xe84c7c17f1bcb04e70b9f4ba490e9fb9e25676eb,reciprocal
0xe84d8658c390309955ef885423af333f29c9f021,reciprocal
0xe84db50c77ac054cdb5fc38f0898b96b5badae62,reciprocal
0xe867362285a2bc00e3c4d7a5ec460cff09b9017f,reciprocal
0xe8696edfe02f54005abc868199b0dd76e4e7a679,reciprocal
0xe8697c63c084af20f14f6dc684d402d12bd8a0f0,reciprocal
0xe88521f42bdcbf08ca3d91111ee4b4fcdf6cb872,reciprocal
0xe890e0bd7aa86d5fa39201c5a7a5abd5350b6ada,reciprocal
0xe8962c7705b6b3346f2d36804afc907263181c5f,funded
0xe89ad3a8addcbbc8ecbf10186781bbee94f542b2,reciprocal
0xe8a20cd2e790b8d4aa77448a1477ccfd710b410c,reciprocal
0xe8a611ee76067d2b5eee2d1a83e4b5861804abde,reciprocal
0xe8a6d537dc194cb0ab9f8056adc7815ee29b3a45,reciprocal
0xe8b5a44b1fecb38f2d481ae40dd8091ab9b6ce8a,reciprocal
0xe8b75e1278360358fb489b863e396ffdea9296af,reciprocal
0xe8bc49e0896c8477aa0cc92053ac5ac0551d0ed6,reciprocal
0xe8bd034aef0c58e4139b60df4d6b9b27e0218acc,reciprocal
0xe8c3c4db4a6fcafc81a98f4c6224ea845b11916d,reciprocal
0xe8c3f842b41fee11df647ea2e54c555d3d0fbce5,reciprocal
0xe8ce0ff860e8b678a2795ad75dc914e272716754,reciprocal
0xe8d57c3ead34bb716a717c3e4548670d1fdf1ae6,reciprocal
0xe8e4162385f27d144af031f895e3c6ef65e57e25,reciprocal
0xe8f290589f15bdee3f220e5e76ed9d0b2b18d369,reciprocal
0xe8fb62154382af0812539cfe61b48321d8f846a8,reciprocal
0xe914fff4d6e77774d42c7b41d01bcbc5469d6946,reciprocal
0xe918911487d0b71d927c02cffe61d78b6153fc46,reciprocal
0xe91a0ca1295e906be4444d7bb54c5d061b7dc8e3,reciprocal
0xe925ff48fb6f093aab282f54e7769a3de801c03c,reciprocal
0xe9275bf6032bbfbdcab680d75ea06bbf6561ae98,reciprocal
0xe927f31cc40eda94bc3646976cb47a1fa01eda88,reciprocal
0xe935f231c99c04ee0b4532a3d0bda81b152a0384,reciprocal
0xe938749d3a83f3ab0b3d45189ed9254a3b6ff381,reciprocal
0xe93e173d4ab006946f97f02774491d8fe69fda2e,reciprocal
0xe955c1ce121ad589f570c36a5d458454df400854,funded|reciprocal
0xe9635b753a807ec750bfe11b5ef7affab6aafb5c,reciprocal
0xe9650daf75b6918bd88c84ca02b4756d297aecb7,reciprocal
0xe96c3039af8a439f1f2b9d4e9c81376fbb9b8249,reciprocal
0xe9759c2a57cbe75e794574f767eb7e579bf1cbdf,reciprocal
0xe975c2767c7923f20c43d23cf8e6961e7b737c5f,reciprocal
0xe975f6067699eccbcf84f29bfec8d7681bc5f7b5,reciprocal
0xe97f375d59181070632b695ee7f443bfa14e7c55,reciprocal
0xe9835c69d07789c765ee03aafdbefe6ad47f36a3,reciprocal
0xe98b809349b7a313fc40898b6433d52860734bb5,reciprocal
0xe98dcd6de6fd22eebccbc75b126a1a5975dce8c3,reciprocal
0xe99ff386696ca273595f60a2373c6545f0ee0685,reciprocal
0xe9a1558d6c8177f97e8fd533ac7da2f04f1b48b5,self|funded|reciprocal
0xe9a676f9be0cd19714ef89ace0a7162ce6cba356,reciprocal
0xe9a8d9c24f454e5ec1f9a1acfe8ce42d6977e299,reciprocal
0xe9aa391c2143f9726409aad82308ca451194670c,reciprocal
0xe9ac8addc54404ef214109ce5a4214c35711e8ba,reciprocal
0xe9aebf0c8a8ea1f29286fdec55fc9e9355274121,reciprocal
0xe9c71bcbb08bceea51ccd573f3532dbc3df3dde8,reciprocal
0xe9ce38fadd59fda995f93ad367b4e709e24ec667,reciprocal
0xe9fd005718158ad2a2c92eb7f398115f7250edcb,reciprocal
0xea041347de2956c46590f2c4fbdd016d3952d57f,reciprocal
0xea0765b413afa360ddc2a3faefd8ae7f0fd92a53,reciprocal
0xea0937def283f0f28bd6a673ecda140ace8c1ea9,reciprocal
0xea0cfa3a2b6a09219e6f9a362f5c97b3466b35e3,reciprocal
0xea1838f270ae7f323c7c66f60c439c7f87eb8279,reciprocal
0xea18915e427fb08f7a91a382c158f0901f9b92f3,reciprocal
0xea2ef02046240798189453386a9c3e2667fc36b3,reciprocal
0xea34a450cde27a8a3ef7af2bce3bf130b9c2f0e6,reciprocal
0xea36992794bfd862f9f72177568755dc44f0ffd0,reciprocal
0xea40876283590b33e9fee4980c25870e7afce37d,reciprocal
0xea4277f1608fa8b2688b554fe17d4906c38e45e8,reciprocal
0xea44f3a51893a326c4cdbc172d0fe661f194e660,reciprocal
0xea471a66799e6bacb96d6678bb49551e117a43a4,reciprocal
0xea4a95065404185802cfa78d743aee63867c388c,reciprocal
0xea4f62964c8a2d9338f45aa693a95ccdcc3daa48,reciprocal
0xea4faf64a4204c7d2e9c7406e8fac7ad61458913,reciprocal
0xea5afc18fbde163ef18dfc0f9093cd391df7d0fd,reciprocal
0xea5dc7007396ea18bd1197e6c207b4726b072e4e,reciprocal
0xea668cf986abe189b96c978b2269c511db4a3ee9,reciprocal
0xea69d6f5d01a5dc67772fc0a3fce02df17cb3440,reciprocal
0xea7e8e7a5830398ede779fa478e6be0562a3692c,reciprocal
0xea981e5478e86e6cafcf13bc91aa784adc181674,reciprocal
0xea9a27170200dacfcf8d7b76738bf29f161bc7cf,reciprocal
0xea9b43dc829f0a802a2a2d127911fe80ad191690,reciprocal
0xeaa96a13eccdf425ca2f29392e89e3796ed17afe,reciprocal
0xeab35f6de005a6fd88566165595bd911fea8eb16,reciprocal
0xeab81b3ec91164ff05e52fe68adc49dfe07cada8,reciprocal
0xeabf0a98ac208647247eaa25fdd4eb0e67793d61,reciprocal
0xeabf547a1d69dc8eb7e29122e322d29788b24b6d,reciprocal
0xeac160515cc56419ab45791dffd8fd4f79b73e59,reciprocal
0xeacaf8cba91f2a44ecd4a0c9da9529241e6334b3,reciprocal
0xead433fec93c3a792cc0ce373ab247b38598fa23,reciprocal
0xead712346ecfbcb26c4b9eaa74085d643f0fe1fc,reciprocal
0xeadad700494744bc276b910c1d03bbb217a4b74b,reciprocal
0xeae1a0af59181895b0e5c2486839de5d148e6745,reciprocal
0xeae563f0258e6459fdd2462e22076bb3d65449fa,reciprocal
0xeaee11c48850c79e172ad570f80853470b016f09,reciprocal
0xeafa1246e708777822dbdf67d7ac8367be6500e1,reciprocal
0xeb0593f62a5c0e5fadf00961fd2173b1ccd0f237,reciprocal
0xeb0753681af5b38d2f86d7acb2f3f2586bcd4c97,reciprocal
0xeb104e2e2bb9cb36fb955bb71d389a29c8cb7e2c,reciprocal
0xeb1a4bc92c81433e8f5d11daf9f7ca82663a956e,reciprocal
0xeb1b8aefde9c3bcee0d5fa5bf1dc3e5ea5c2328a,reciprocal
0xeb1cde44fdaebab8eda23014a08005b444771560,reciprocal
0xeb1d7c1b6ccc8b48bc764a9c0c5d68e081f0abef,reciprocal
0xeb2d86af4b891035a530534d91de9caa15ce6931,reciprocal
0xeb39c14456dd9329d9f7a2ec38e71a639452f897,reciprocal
0xeb5c00baf9d871596db7e9ea971419fef83d6b78,reciprocal
0xeb6239c750692e6572c469d14cc79a868eb9df9c,reciprocal
0xeb69b2fb9b902234425db0dd0cfed6520936b9b4,reciprocal
0xeb6acee10397ae4e170d1694741eb44a17e02e9d,reciprocal
0xeb6b42b42cf591b96f39242582642dbc4eafbae0,reciprocal
0xeb6d930a6f4b6ba0843e7a7eab7b11272ceae3b2,reciprocal
0xeb71a20edfce463d04c84c88589b0d85a871d1a3,reciprocal
0xeb72854f4c0dbfbcddee740c723f77af7c2db531,reciprocal
0xeb8285fa7b9f8e4993da1b5cafa90aaad05739f1,reciprocal
0xeb86620a08ef30306910c9b0db3d5c01bd7ccb32,reciprocal
0xeba146cfd2c2a929e134546d2b2c48441b5272e3,reciprocal
0xebb9f2d7be32ab4ed223479cac072329ef282012,reciprocal
0xebc76476425616ff94dd46d86c5973f453f54a20,reciprocal
0xebc91f1a077eabb25fa64cf3460a45b341cbb75e,reciprocal
0xebca7453ecac54c5578ef917734bdd2c82f76a2a,reciprocal
0xebcaca095f4e07060b80fe6e70e4cfe32638bc50,reciprocal
0xebeac3739d895143e875680cfac9045d72617b5b,reciprocal
0xebef26eb2819fe7c32e100a1c8181648b7e775e6,reciprocal
0xebf5206b6425de2b4116d4a09addb1d424cbed58,reciprocal
0xebf571b55150745a22c20d7e79174defd42d5002,reciprocal
0xebf6f265d07f7b9833f0985a8ba1b34382692037,reciprocal
0xebfaff02d3a689725961b47245355cc3454f9d69,reciprocal
0xebfc194387a78f39000a199be7fe04861ad2d49f,reciprocal
0xec0a17755eb4830adf51ce0abf3049b548dcc209,reciprocal
0xec0b1d9c2665e576a3f9b5b32232e3d470647ab6,reciprocal
0xec0b52e967085c0eb33f1c29c23c3d8734442c97,reciprocal
0xec0bf5502ecf7d65538346423ccd1da7106aa2c0,reciprocal
0xec115640b09416a59fe77e4e7b852fe700fa6bf1,reciprocal
0xec1a596b973bb0c379ede75e7d5dd7a14e430636,reciprocal
0xec1aacc59400da4504dc529a3366e65d9b3bfcdd,reciprocal
0xec1ac3e42d056309d1d90f50db3f7e9155b6eef5,reciprocal
0xec2fbd20cf2504761c83f4fbf78e8ecfbaca191e,reciprocal
0xec30aa95b3c29787536ca6d5a7fde2e38ac378e0,reciprocal
0xec344a2821f607e4fcc324b4d7fd620e6eba6afc,reciprocal
0xec4012d765ee79cfd8a58c8a7ed3f89d591eeff0,reciprocal
0xec47ee9aeb579180931c1f8590ba04cf366dccef,reciprocal
0xec4a39dcff39330d27dae0151c5e42d6a7fa857d,reciprocal
0xec4c02e7e8ea6bc69ced0c29ba050bd722478947,reciprocal
0xec4d40a437375d90fe1c44eaa6acbb52bb52f6df,reciprocal
0xec4f1607cb8d4486cae9df1c5b3f3d0bd6943cf0,reciprocal
0xec54654365d15428b2bf33d53ba3efce9b3cce9a,reciprocal
0xec696e5dd4fb4be898eee22319927bdd21a36fdf,reciprocal
0xec76a41c340b8c8015580d726660d351815c388c,reciprocal
0xec89829ebfc8f7dc9b830b6fef338048572313c8,reciprocal
0xec8a4023d38b177c1feee17f93913e52eac81da5,reciprocal
0xec922583b4fd381bd940a9dbc2876911619d6291,reciprocal
0xec92909844c90230f7cba49a54a2cdc01c31c1d0,reciprocal
0xeca4e7cafc1c6297daadd59e98666e1d2af7a83e,reciprocal
0xecaa07a173e5319e20947b1f91876e47dbdfd8cc,reciprocal
0xecac74db710deca23a6f3de63662c9aa4a6b602c,reciprocal
0xecc14c284182669a2261715d7399a43366d3506f,reciprocal
0xeccbd0d3b18d5db837f1bfe45de61b9d4595a2ae,reciprocal
0xeccce21aed1e896ae70c0d3b12301c6d7d1b89b6,reciprocal
0xecd7371bd6c94866d8bff9d00db2cfe7d59ab0fd,reciprocal
0xecdf78fbe25f158ee240f6b2be943390489af8f4,reciprocal
0xece0b0235df26126d8d6af10452108e6a7f4da1e,reciprocal
0xece18c78195f819fc3cc670d0aaa130efbd25222,reciprocal
0xecfb34867cc542e4b56e4ed9161eb704976710ce,funded
0xed031f3765b6e184ec6be18c8826d4027e2b532f,reciprocal
0xed03c4ee0f0672c01e988c154140e49f38df5e02,reciprocal
0xed0ad07b929663ae26975e535fc323f14fb5d998,reciprocal
0xed0af88221c144d563f6a5059cf2c1b1e61a288e,reciprocal
0xed26270600e83c64c064c3188c8d2f48e203f61c,reciprocal
0xed2c481666cfc08859998d0cfd9e9fde4c1e8377,reciprocal
0xed3141aa6890243dc97f1e29f8ece2f6fe1e42a6,reciprocal
0xed3195030febacde51af871b61bf25b0291b5889,reciprocal
0xed32f86185d34fce447472890dbf299ff79f0f83,reciprocal
0xed351c3e1ebb44510bd2a014a73f917ef832b3ca,reciprocal
0xed3521a5074caa5d11d8bb8987edd36f88a28a50,reciprocal
0xed526074fbecb7c48edb5f59c462a6451ee45c78,reciprocal
0xed576c122bbcbbfcbea7b388726238258ceb2d64,reciprocal
0xed5c8d4413b756d51ca751bc85b12afaee08291e,reciprocal
0xed6098be58ee582a69e40b6221bad738dbcf067f,reciprocal
0xed67f1061b2a3bf658304e0ab976d3ef63ae7e2e,reciprocal
0xed7119e941f4e20a21c6cd91e73d74d80ca9d9aa,reciprocal
0xed74cde4b1ec01eb7468614d15f485628c9a4a7c,reciprocal
0xed784cbf1c4cf2573042f91e78fd42f7ff15c46b,reciprocal
0xed799a7961065c37dbd9be5c1665c18a8e73a9d7,reciprocal
0xed7edf29cc9111f06ee4f771d503457ecf87da37,reciprocal
0xed83856801a2f3ab39eef0b7c2be51ac628445ec,reciprocal
0xed847d3c082abbde3ad18e1d9a8086440a18e2f1,reciprocal
0xed863b664494cffb80d4931f6f98e0d1e363e185,reciprocal
0xed92b013c9c57d2f7eca871ec37440bc344cb218,reciprocal
0xedac2600acb532ee723c188003e4ed9cfd2ce978,reciprocal
0xedad4611f23d4e63d315f110e6b0108bc763ef52,reciprocal
0xedaf89003628eec52608ab8df55de73a0134b71e,reciprocal
0xedb229008e8876e0e4adb08075d8f8b31630241c,reciprocal
0xedc1d40e7d7f8494b70b6f0d29398b2b163bf735,reciprocal
0xedc554e05a7569571e15cb4bec3f145da2154631,reciprocal
0xedc66d0bdcd2a08271de18b8139802cdd67e53e6,reciprocal
0xedd9b73a121ecd4e6f9d909637ccd0b1077d22df,reciprocal
0xedeb0b06835391f7f06ab38634d4add7892d6782,reciprocal
0xedebf1ef188e12f18f65a14ed6ad68fcc39bebe5,reciprocal
0xedec50ad6394c636c715d0a4f657cf6f51574fb6,reciprocal
0xedee7ee27e99953ee3e99ace79a6fbc037e31c0d,reciprocal
0xedf3f6770d2b0027adf31e4559717b069c62a3b7,reciprocal
0xee05635d92634b50a7660441aad5e4be1121051d,reciprocal
0xee0e619df8e827f7eef387aadc5b7ddbc4639b9d,reciprocal
0xee1c4133bf696fccab3e1e87b4f120853c73b048,reciprocal
0xee219ff2c200f78ae0984cb7ebc85f64a246d436,reciprocal
0xee2e114355685eeff2800602fd8354c23ce761fc,reciprocal
0xee30ec8999ffbb2b0345a755499ca52d8060114a,reciprocal
0xee3158d72fcf8523058a2dbe35e11e3e16b4dac4,reciprocal
0xee31e9c772d308b3aac5817f008a68904e3a34c0,reciprocal
0xee340103933f8e1ef044c33204ae8e7639993ab7,reciprocal
0xee5319f289e25d21f56d5833fb97392f5870cf22,reciprocal
0xee70d21c1507865428146a019ab9a30091c7b3d7,reciprocal
0xee72b902af7466023595512e3359bb5bf312977c,reciprocal
0xee7f502d770df16dbddcd9d40c19c2a207051cfb,reciprocal
0xee84df88bb9a02a10c0dbd95674df6cc580c83aa,reciprocal
0xee85b671cfb14a9d61397c3e50bf0418c98555d3,funded|reciprocal
0xee8989294f09c1f9a045ee080e6ec4c590fdfc23,reciprocal
0xee8c1bbfc953862b5f6d8f97f23b0fd921fe94ce,reciprocal
0xee9ccfa0b287dbc4380690928468598a8ee9223f,reciprocal
0xeea610b8825f563195b9345f755aa58e19244328,reciprocal
0xeea6642a8eb253d8a014282d2c4d56e7d35cd8da,reciprocal
0xeeacd275d919c7085bd2f92b183c48cc2131e1e2,reciprocal
0xeeb5a4e672a11424b10218b79dfa5c7f883b26e5,reciprocal
0xeebbbc9dd155b7fd4c0a94b3737e46b6f1b243f3,reciprocal
0xeebff0dacf3a9a8ba6ce69c6c791a569bd8d9158,reciprocal
0xeec4075b7974fd33390ac17a9dc2cc64ab1d29b2,reciprocal
0xeeca061087a1f811a05654070de543b77d87f53e,reciprocal
0xeed836c9348b35fb8f8b096eb0cb59469b8227d7,reciprocal
0xeeeef9bc2b25853130ef5b6c6f4c17adceacd476,reciprocal
0xeef3c8981ca961b032d800673e1f09c9bc67a151,reciprocal
0xeef7ed572f7c5e5542ce430a36555f3e306cace4,reciprocal
0xef02438b9faff2aa7821d913161c8badb0eadf0c,reciprocal
0xef0ea054eb32ea87d13060672205cbfe063f8a89,reciprocal
0xef14f18a8fef8a14ab984df32dda213b7116706b,reciprocal
0xef1c8b9ac5379c4fd0226782629e6b7a49b4ce98,reciprocal
0xef4364fe4487353df46eb7c811d4fac78b856c7f,funded
0xef4a90ec55854a9e59eeaaee88a8a3735ea039ff,reciprocal
0xef4b26c3fe71e0bb111cd2815553d32d4a86b3b5,reciprocal
0xef4ea270379db134b2dd7228bd0f93a9bcd3ba43,reciprocal
0xef5057bb1bc4ca3d503c8a80c9843e1100ef56b9,reciprocal
0xef59ff3c465ccf3f4532f38e365f239381a618af,reciprocal
0xef5c08f68cab347d9b406c18877b46377f6a57ea,reciprocal
0xef693b25b4c1be0bc0f63352ee6b34c3c0e7f967,reciprocal
0xef6c4e06565d96cec3568db78b9f10dca09f4391,reciprocal
0xef907777d40013094e194cb5adb50f4267465be7,reciprocal
0xef9d35f60bbbc1284c6c2e306549ff025b7380ef,reciprocal
0xef9f9ec422656dc037925ab8aeb05a006dfdde6b,reciprocal
0xefa3f1a20aab7dda772d94aae4bd70f7f6c7a0e9,reciprocal
0xefac56dee78a61f567a3939c87e33fc384f16ce8,reciprocal
0xefae266a1d0611236c4220ad86f4ff953d84080f,reciprocal
0xefb383c963e70a47964f400881d4abe761c48187,reciprocal
0xefba433d4c8baeaf34834a08ecf5b53d78ebfd68,reciprocal
0xefc66775faf851a9f1597f28cc4c148830853aa8,reciprocal
0xefca7c0ae26e5c7b3061bba6f31de934fa145541,reciprocal
0xefe405087ebe8f72d579044211d86ff0bc60579e,reciprocal
0xefe960b9ae5db911ef0aabb47d489a41818af9b1,reciprocal
0xeff88c0041f758dabd846ecdeaba249696c05627,reciprocal
0xf00229208826c2e7cd32de8cea74ff26e52ab993,reciprocal
0xf01137b9b60596d98346e70605e1ac871a80a84a,reciprocal
0xf017875c0c68b9da9e59bac90ddc75420843a483,reciprocal
0xf018faa5525d83a40b718e7b47027e7ed4672244,reciprocal
0xf0213bc5953bdc5fc29af8e8d3c12e63a42c4599,reciprocal
0xf027818f9121b1eedd8b89612e403ca8dbe2e4b6,reciprocal
0xf0278be5d57696e2a56991cdb886493422b7a8f4,reciprocal
0xf02cada2efd1a5f47357acf40fa73e7b8f503dba,reciprocal
0xf03b3f9ee31f8f6d46bca74f093c3804f81050be,reciprocal
0xf0466c92a557715d30a55ea06b65b2054a7f95ac,reciprocal
0xf05bb9cb8bfdfaf17b03879434b3573c1da0bc0b,reciprocal
0xf0600639b0eb71830b9a2c070e7e0e22138d3302,reciprocal
0xf06484c3726c7afcd2df4325720f1a246cdb2274,reciprocal
0xf067e6374a95e3602136e0b2f6e6b40e679fffb2,reciprocal
0xf0711e9c10f9d0a0d60784979a90f371bfb959cf,reciprocal
0xf07cc949bdc1465b0ff9ac28a4be8d02fd026872,reciprocal
0xf07e42b895f8596a6aeb33351fe6961eb15886bf,reciprocal
0xf09eb08f06065053b6836ddbc6cde9f3de8cba90,reciprocal
0xf0a1bb4d3aaec79bb0055f0d5be97f21587c80df,reciprocal
0xf0a5c1edcebeb788fd70c6f76656100168f67365,reciprocal
0xf0ba44fe72b2a211cc6bc59f61f496be5b12ff23,reciprocal
0xf0bae210f6194594a2183c346634c064701734b1,reciprocal
0xf0bf6958065d170e308c45c6d4ebb129fef212e1,reciprocal
0xf0c4e2b7fca10afcd0efc0284e49bcbb667f8e87,reciprocal
0xf0c93801b9fdfba21ddb25cca187646927d7fc31,reciprocal
0xf0e8901d6be36a1ddd99b7bba087c754efc7c168,reciprocal
0xf0ee8679bfe999ad0c83a83d25c9ffba89f00455,reciprocal
0xf0eecba910c3246fad390c24949bf0acf0bf989a,reciprocal
0xf0efafed3bed84b12dc89ba80e62131faace0ecd,reciprocal
0xf1092f158d433bbaab653eee82b5ac7ce8fd483c,reciprocal
0xf10a04d8bd36c604c2d16804af795ef72d521c22,reciprocal
0xf1108a941a5bb371e2017cf25cad6e7b33cafa0d,reciprocal
0xf114a1224e1a44ea65d7472d40dd53e8c45d5928,funded
0xf11556b457b1fc76c61dd335ddfac1e8e65dbd5d,reciprocal
0xf1156545a5a9ab99907824e283cf2486f55de8a4,reciprocal
0xf121fbecec43e1b616d47285851c20d5fc64431b,reciprocal
0xf122adca3db0169fb9c9dc8a1ba940eb221d7ebe,reciprocal
0xf124f107a271e2cc5cb9e24f8c765e6025454759,reciprocal
0xf133924cd7b8e940b5df95f3a29385898716bc27,funded|reciprocal
0xf1445cb354f1207010e106df40f5964d6085d7b3,reciprocal
0xf14462c137ab040846f9c4c32c73c96fab71861b,reciprocal
0xf1449995eb498c47555359e17e908163b83faa9a,reciprocal
0xf150e26ad15580ba21a2e1a346b3ca3450127142,reciprocal
0xf17618db2e2df83642456451778372d6d1520e51,reciprocal
0xf17682756914ccaac00843803f4ced8d49c6c7ca,reciprocal
0xf19818394071e311c3e5082cb753e830c31bf978,reciprocal
0xf19cb5e9795069e91cf942645cb6a2af09688720,reciprocal
0xf19cf747dc5568d13f6947464fd5a847dcb64e27,reciprocal
0xf1a53799c239f9c4abe4532185b29eb160bbdf32,reciprocal
0xf1a560f5a28e4d08bc9aafd2019fd7c774da07c0,reciprocal
0xf1b4a168f0f006419d98b0fce7a96592b8c02eb7,reciprocal
0xf1bc31fb7edab41b91fdd14b45726e6aa814bf1f,reciprocal
0xf1c8dd10ddb27f65fd5bda7b12b61542a0cf53b7,reciprocal
0xf1d01ab1ccfff1e35b8139f847df4b9df25182b5,reciprocal
0xf1d9545182c9a287960cdb70586463fbeb1e752f,reciprocal
0xf1dc8acd52bd2a2b1377ab45eefe32607933021b,reciprocal
0xf1e8dfa4f6befca2aa09c22618e75d0af3616e1c,reciprocal
0xf1f185be183af1356fc8b6196563a27ed4800b17,reciprocal
0xf201de74e43ef65153c27fba6c400f3efa45a894,reciprocal
0xf2111308023d2c3728050ae5740dc116d4c52d79,reciprocal
0xf214edf6a7df8b78acc4ebc7136b0600bb38151b,reciprocal
0xf21ee6a13f283c0b626b94230e7049554208f4ea,reciprocal
0xf2251bdc46077ec51aa5826301fefce8bbbbd2e3,reciprocal
0xf22aa939c16ce60743bf817be42284f2b23f5a71,reciprocal
0xf234bf615a39307eb88f74d02c7fe98b7859f5e0,funded|reciprocal
0xf239a637f93bd4b2dcea6a852dc934a334c8f1c4,reciprocal
0xf23cd4353a03b168bdcc139348f2f3f41b16165e,reciprocal
0xf2499f52fafd5f1412aa44544210a83ccf2d6e98,reciprocal
0xf251d79e063ee66df07c859dde3a3836ad61ea05,reciprocal
0xf256158f71ca9b5a55250acf5295f264b5fd3317,reciprocal
0xf25c88764440bcbf61a9f49570f40e79b52a5351,reciprocal
0xf25e18387c92451dd0b72703f2fe2539380dc702,reciprocal
0xf25fd2d8cc9968756628602b725b777f00ac7082,reciprocal
0xf2660f5c810bf377ac189a62357cf94cda1abd08,reciprocal
0xf26a32cd72ade5666b30ef3bcf46190c9097cf83,reciprocal
0xf26e1dc73d6019a00ffc9f3fa4aff70b9089c3da,reciprocal
0xf27d684a62814669db6c8441147d95064a5f31e1,reciprocal
0xf287181851cc274b89cb185edea3de4bd147cca2,reciprocal
0xf28dfdca7ba19939378e2c751e08c70056334029,reciprocal
0xf28f446746426ad4bf2e8529d9db9899b823e67b,reciprocal
0xf290bd0e947d02765ce6f98eb58a9d5503642873,reciprocal
0xf295d6ee759281ac62d6262512fbc62d0ae46893,funded|reciprocal
0xf2983ca9fc5f25030294066d26a25b044fe74581,reciprocal
0xf29d179f7c52b203e40ffe3aaad7b994ab157110,reciprocal
0xf29e447fc634dba498b8329c6a5785071a3b5e35,reciprocal
0xf2a8666cc5eac439f9185ff83628460c38929b2d,reciprocal
0xf2af39ac3beb71923d91c8a3d9413ae2ef1c7838,reciprocal
0xf2b2a8e362244b39c1acd6ec3df5073e81cbb2fd,reciprocal
0xf2b494864b63bbccc8328a27ffd5e40c8e7a6d8f,reciprocal
0xf2be50b7d74b4b8706690a6f8f21e839a69b6586,reciprocal
0xf2c5503aa0a9feb64be2008a154ac28172f2fb2c,reciprocal
0xf2d4580adfe8e012f5550322706d62df11fdbe21,reciprocal
0xf2df28c5d03b93ebaf5c22d65b6182a5cbe99655,reciprocal
0xf2e6438c4820acb4c3041d52b9abbfd102c01b21,reciprocal
0xf2e763f57c0bb04a7d1137bd21dad62171c692f2,reciprocal
0xf2ea0f5b20954ab5c3e65dcdca5890c7b3e62917,reciprocal
0xf2f863eb61901451eb711a5b39d25c03000b8748,reciprocal
0xf300f1f69f5bc1c744d69d29580bb955702198ea,reciprocal
0xf30ebd9c478eea6ea9ccdd5a8189e904f6c1b9cf,reciprocal
0xf31a7d12e617cbf8455a1a9a81a99406b6e6a543,reciprocal
0xf32802fdabfac4547535f0ba35a01247a8d9b66e,reciprocal
0xf33010325e5ce7684ef18c3e7642ce0e3b95d24e,reciprocal
0xf338030154bc666b59e21853a19febfce8c4aa3a,reciprocal
0xf338bdd9ec443335b1c33ad3bb21a421a36f97ea,funded
0xf348c3212896edd95a7906f1a145afa954e94909,funded
0xf34cc1b241b912248c2147ac5e808cc97aec7619,reciprocal
0xf352c7be474433602a4be6ede937aec3756036c9,reciprocal
0xf35905e3e7943c0dfc2cbacaec17df9c8dc9bc2e,reciprocal
0xf35bc56f802b829e2eb86473fda80cf24d01b32d,reciprocal
0xf36b4a1442e453393466c0c557bc4314b5ca024c,reciprocal
0xf36fa39b2174966f6827fd281a7890c2022ba339,reciprocal
0xf381d235811219973df2b0f9c0f774c4b64fd73d,reciprocal
0xf3901392b05b14ea06453d43d22b74a6617f6328,reciprocal
0xf39052d1aadfbfd7fd36ab9c0e761b8c65409249,reciprocal
0xf3a2fe9152bf13726f0cdd0d2cd6c8e2c3ef13a4,reciprocal
0xf3b4466d3acf16ed4b033a10a2836982fbd5e296,reciprocal
0xf3c7572462192d7e4344c6b83b465b2c3ab967d5,reciprocal
0xf3d88c8025b03e6086abf512f975b6e1125b7a77,reciprocal
0xf3dadf942e0ff8a60cfb4c89a4197273ac1c21cf,reciprocal
0xf3e9cce24d2063b91c278654dbe819a02ff28b87,reciprocal
0xf3f7145c1cb1ef35a81250d47baa142899bba4f1,reciprocal
0xf3f90a27f3d0b4a8e690bf15b02c3e3e52e345ee,reciprocal
0xf3f9403be1d78a1802edd7247cc104f6c990a771,reciprocal
0xf422969bb8c2ab18d2e071fe8dd2fbd62d52202a,reciprocal
0xf423de689502308b591b3d0088634fbb9c9daa64,reciprocal
0xf4258980c470592806a2488ecc64c0ecdea2f1e9,reciprocal
0xf4259d9e3911741b6db27036aca1773b4397eb73,reciprocal
0xf434a04a5f3f0630079abddeaa3d06a6b792a129,reciprocal
0xf43cab594a86fce0a7027ed41db0cc6b82f51bcd,reciprocal
0xf43f7154c346b09173de817f0364c10789004727,reciprocal
0xf45af3e090dc8baacc6053a5bf80935ac0b44ef3,reciprocal
0xf4611c24f90af48aa3a1c6b11915ed014e5b50cc,reciprocal
0xf46ab61252595b256855c648b4f1c40713aa9b15,reciprocal
0xf4722a5a16cbb6f8a052580093205addf2334aa0,reciprocal
0xf4762affd1e0c46d51224842cd85aa6593cce81b,reciprocal
0xf4949eb0e588059f4f079fd7a19ac3844399db0b,reciprocal
0xf4972163ac415b7c90376bf08f74f5df63492fb0,reciprocal
0xf4a2dd7090fe9727404a6d2011360105d5bf3968,reciprocal
0xf4a64d3354783385eda3cecdba8b77eaae7db9fa,reciprocal
0xf4b6ae8b60de2ab0b47db701379a01c4375fad9e,reciprocal
0xf4cc9a04cde2ad47330f9473ead1d1b8bfac7518,reciprocal
0xf4cfc0a3c4428469d761522d0f33172e80038724,reciprocal
0xf4dcd4e35c6f3f906004b12661e019d0d17bc70e,reciprocal
0xf4de95c0ce7e2836ee77f48a495498c5dc347afc,reciprocal
0xf4e45ca1dbfc84a428749ee156d9e9667fe3b124,reciprocal
0xf4ea0b92a4cc241646c045b2b98f3d385a74af4f,reciprocal
0xf4ea6f4a40406ca045bca81f448af982f49b6629,reciprocal
0xf4f052d22333eb6d4b2ccbafc2be81c27dd955be,reciprocal
0xf50380b80b88f3be9ba07e4815c8492ad5be399c,reciprocal
0xf50951228e49882fbcd9bfb5a963881710378d2c,reciprocal
0xf50bf48c9277fcd8bb8d98a1b5949299c8eae548,reciprocal
0xf50d6a18b70cd6e982e990e16553159c570ea1e2,reciprocal
0xf50fc5bdd92d8108cc3fc09b71f7a962094fa09f,reciprocal
0xf5184539711878df798273d230a4d3975b65c99a,reciprocal
0xf518bae785f3593d01dcd094e70408a6b3dbc926,reciprocal
0xf528536e28c44397f9ed2aafa66b3213a50e2e49,reciprocal
0xf5287b07335839145c4b9070882a169d91a1b52f,reciprocal
0xf538116b4e4baa33278b993514d564be387c00a9,reciprocal
0xf53f39c16fc9d8451a33e66a98fab18e7e7236e1,reciprocal
0xf54316c3805e408f7d7673fb92297e0a58661010,reciprocal
0xf543631b2e4948add2af436811da7e3cf103f698,reciprocal
0xf54ae6b3fe750ac56d1e6333f8379b7cf7434490,reciprocal
0xf552c28c8adc01cedcad7083998b427f65d9f5d1,reciprocal
0xf55a6ce0bdda175ce478668dea60e9d9ce22b63e,reciprocal
0xf55ae67b6400342a5207a535d9ff2f3ffa7f4282,reciprocal
0xf5672e789a3bd5b908d4393ece02083848faacff,reciprocal
0xf5730af9de0357737ec010b918ad69beb9045cf2,reciprocal
0xf57738cd59fc7007e368de4da1224e91aec64b13,reciprocal
0xf578142e4d1d77db2f05d29dbbbfd75f014d4d11,reciprocal
0xf57c0cf6b40efdf48ebb308896853c7e227a2a87,reciprocal
0xf588064b0c0d19ff225400748890220611d927f3,reciprocal
0xf58e0c494e29180015bf870987b3c38b239c1d72,reciprocal
0xf5903fcc888bfadc300fe26d27a046c3eb77adcf,reciprocal
0xf59b4412ca3263c9475e94420a3cdbf56bb00f1e,reciprocal
0xf59f5781dcb9b3981248c59caaa43801c7cff45e,reciprocal
0xf5a33b8a92ab5cbd35800d6c660d3d1d1a4ca024,reciprocal
0xf5a6a49ff2b2431c93f83216a01e6c28f542347b,reciprocal
0xf5a782ff148da4139fc679577d8e53170ce9d247,reciprocal
0xf5c5497c70ac322ab811c8b9666df0d1cf58125d,reciprocal
0xf5d0448663e0305d18ea0e7b16900700d16aeed7,reciprocal
0xf5d994183747bddf159f3c144a1ca65b94217ee9,reciprocal
0xf5ddb8cc86bd4551be3d2268aa6e18b2d0c659b7,funded|reciprocal
0xf5f97d2883075b03c7a658757421cd1bde860d4b,reciprocal
0xf5fbfed22dfa964318abe90848cf27bf186f6806,reciprocal
0xf5fe4166d1d09bb06faac9026a954a849ac29624,reciprocal
0xf601fe17f52af933f61da3a19ef074666c69b225,reciprocal
0xf6060652957e15d31d884c27e1c8caf801348b39,reciprocal
0xf61957e8829526aae25f799ba626b4e424bf4593,reciprocal
0xf61c495e67d1931710afc745c4e4d235cfcf8520,reciprocal
0xf61edbb113055ad656b87a473febe93cd82ff9df,reciprocal
0xf62f424abd04ad5ef6c25e8cee152b35f0f5ae49,reciprocal
0xf62feb6ed0f1b34a0caea793ffbe42b90f080344,reciprocal
0xf6337addf697117d9b9aef25c45e9fd907f392b8,reciprocal
0xf64116a8bded04e2ce27cf8f82eeccb528bb3e5c,reciprocal
0xf6466fdbaffc8ab4b179e1de6caeaa62dfc9a52d,reciprocal
0xf6479ec6a13ae1b2182bc229857bba2901d55cd2,reciprocal
0xf6525a732270c668101a44b5185f91320dc5708c,reciprocal
0xf661270485df2ab7a1f1ab42e1a0784c18574746,reciprocal
0xf66767987702181d7186f0f7d7a7ae27ee19fe00,reciprocal
0xf672aa59b00e18e7a4322e7a82bc233574609f2d,reciprocal
0xf6822b133992029bea098dde2975e847a895c7e9,reciprocal
0xf686e874db29014f7aca0b4bab1d0d9c9c640e28,reciprocal
0xf6930544066cfb944e9bb0800edf12fb5b7e8974,reciprocal
0xf69a4ee178144047e494d5ed2d87e44a8001685d,reciprocal
0xf6a120138bbe69298990fb142eedd3820daa7ef5,reciprocal
0xf6abf8fbdc740786658275acf7dc333cfcae5f9b,reciprocal
0xf6b46415281ec49a77896a3d64723880bd9ca677,reciprocal
0xf6c5c9ee6408c60fa234c8594a9627ab5aed7bf4,reciprocal
0xf6c7aaa5818e5315c08c7e3318135462ce6f4dcc,reciprocal
0xf6cd7db66a618b40009e1202bc2016ecf248774e,reciprocal
0xf6cf5c9a17ab3016b02ea0530e6312e71347571a,reciprocal
0xf6e08a58fcf62a12ea1da5ec7b4340715efdf90c,reciprocal
0xf6f401cec6418538b3096e7d24dca997a3033178,reciprocal
0xf71c4257c4ea20b9bf6956015bcaad5dbff98c35,reciprocal
0xf72682978ea7c0112ac544d82325eac0408ee40c,reciprocal
0xf73fefb159d00e129304f0f0dfef35b7cfb72954,reciprocal
0xf75bfedf8468e365f2acec6847fef3b5ccb1d327,reciprocal
0xf7622d375b6707e191d7797c55aaed589af29ac0,reciprocal
0xf7645a049759d89fcefcc7a2c0ffc4dd13626fa9,reciprocal
0xf766c00efe281b861af1c087a93a44718dd8d0cb,reciprocal
0xf76a63410a96b7e2cd699616bd4561a0bbe1140d,reciprocal
0xf7759d942da7579ffdacd71d51e70d15743a027e,reciprocal
0xf77a5f4badb6eccfec8e2ebced0cf80bddff6b41,reciprocal
0xf78e577cfc9e71922cef2834d6a9bfe389e317a2,reciprocal
0xf793990b1579eab4aeee9fc8a866a86fd8fad75f,reciprocal
0xf793e605adb140e90209b4f0aacbeaf38cb415ae,reciprocal
0xf7956f039c411f67de454e12dc6bacc9c6006f23,reciprocal
0xf7959836be1500d30a94ba9fab17dcfe6fd011b6,reciprocal
0xf79badc62b09955995d41cb132a91dbfba9a9a3e,reciprocal
0xf7a7f6e5ad5ec64184a24525a2c19eb89092953d,reciprocal
0xf7afcbf6c48ead53e6cd986485a60bf7657dd299,reciprocal
0xf7b1356cfed0eebe01d76da7ba9e9f8bf12d9d57,self|funded|reciprocal
0xf7b1c3c86a7e18ed5da3d2c2c379dddc9b84534a,reciprocal
0xf7b1cc5a6f09f776da98723f1a6e8af1811ae416,reciprocal
0xf7b51314f7a6b5b6374fd3052eff7ac3c6f78cb6,reciprocal
0xf7c8a89e9ff83acc127fa109343ccadc051c1a6b,reciprocal
0xf7daf71d4df99c0bdb47aeb908db15186f86c3b7,reciprocal
0xf7dc8c712df04fef0d30943012b06ec973701bad,reciprocal
0xf7e4ae404349057ca2fb6db50f330018a35e7e31,reciprocal
0xf7e6a081861658bbf37f7da73f9ac221e82d776a,reciprocal
0xf7e8940bd7b6db4025806f1f60921cb865723dd3,reciprocal
0xf7eb0816edeea5901552803e3c620d9eac89bbfe,reciprocal
0xf7ebe2ecc8e61d09004873e0b31035fa0844d576,reciprocal
0xf7ee7a4bf437ccd711c7de8bc255043961cafa50,reciprocal
0xf7f1f1bcd37fc8b760736452a4899f6a14a0bf76,reciprocal
0xf7fcd29cf8efbcfd29e74b4e6781d675f25d436b,reciprocal
0xf7fdb0745dbc55e7b9df0084a3eb518404d146ea,reciprocal
0xf7fdb517071b936b003c94f58e775e3dc2f23f6d,reciprocal
0xf80b6804ec1d54075fcaa79cb16dda70d10d2b7d,reciprocal
0xf819dcb2349c3c5a3602028babc9f7200006b740,reciprocal
0xf81c0c5766a2fe45f47c29133a86cfc5d2b709eb,reciprocal
0xf82269715812d7e2739b7a4ce16610cba733a27b,reciprocal
0xf822fab78fa38dd0d174dccea169e5a953ac05fd,reciprocal
0xf823683593f9eb34200d44bf4b62a2e17f856af4,reciprocal
0xf82632d57f2ee1db47368e7480087af7936a843b,reciprocal
0xf82a601788353258c45d17c0497a760fe0247b5f,reciprocal
0xf835a5ee52ae3447e0599401439dfa20368ab9e1,reciprocal
0xf8397b3dd381d8b171e559f100921515c95140ec,reciprocal
0xf841969f36204a722e2ef7307a563661453f544e,reciprocal
0xf855e247bb5eed250e96135abf4acea4022007a6,reciprocal
0xf8560f750c73ce1c4edb90cbc5cf613b0d975e73,reciprocal
0xf859b4a9a8ef9fcdff31773cda5e0ae7f0d73172,funded|reciprocal
0xf85cb0abb323ba3fa6d00483f5784dc45c33d11d,reciprocal
0xf861afe6e7a72a8384a45f84c6d25cb74a3e4c71,reciprocal
0xf86540407e683fc2361109b1b37ece9b6672e0a3,reciprocal
0xf86b590c35112005c210601d462389bf6b7b461b,reciprocal
0xf86d5b16fc19c363c55ce465706d26a012860d3c,reciprocal
0xf877d82d95fc338cfb3ea27b28069be4f9f5a537,reciprocal
0xf87ab49e3478c22e27d19690be3853c5236da337,reciprocal
0xf880113e656ab1197122a5a1dd10b74d6b2842aa,reciprocal
0xf8962c99f7f8920005fe2f23c842ec2da9003923,funded|reciprocal
0xf899d0eb23439bcbdda5f49d8986c74953da05c6,reciprocal
0xf89dbfaf3e6840f198397d94865ede5ca38b0458,reciprocal
0xf8bb309d4c8cea02f79d7faa6b17b81e3d23c282,reciprocal
0xf8bed75b5ddc3c109772be7e42de59880c7ce0c4,reciprocal
0xf8c09c00502e14053824f056972fc36b33c17a31,reciprocal
0xf8c268a86b7841cf9c0e87f08f8183ff1b6edb27,reciprocal
0xf8ce884e9632c0702579311775d11d28373b4cd5,reciprocal
0xf8d0e548605871151883fd09dfccd6c2414717e4,reciprocal
0xf8e4138e7841db9a31fb6d9e537ae98eeefd1dc1,reciprocal
0xf8ea44be938f98e67ef4e6a07de422c85fa48f9d,funded
0xf8ede22ba9eca1804bcd7a65c8c2b60f98f3589a,reciprocal
0xf8ef55710a276f0abbfa86cf59185d23872690d5,reciprocal
0xf8f04ad9ac4a19c5a24d00949e03f844f36ab0cd,reciprocal
0xf90418d94afa90d4f9137ef23a6afa038cf05b9e,reciprocal
0xf90d387da27b5708113f2fe01f3786b05bddc0b3,reciprocal
0xf910c01f27c4be8f9d8990de8e964ba9d27e441e,reciprocal
0xf9242f9004ef3c8b5501ae47c708b189c91f331f,reciprocal
0xf92492303d2a23eb33951050354bec7937b6ea12,reciprocal
0xf92ba83e886a18eca9899a2a7a2dc883b3752244,reciprocal
0xf936161f27a64cfc9bd63cafb678449eb511f3a6,reciprocal
0xf93879eeb54c45aac8db7f909f8d57b86262ff74,reciprocal
0xf94564411d397a9ac21e239569b5db950d39ae8e,reciprocal
0xf9531c76a08ce72ae6eb57a53a4235de189aae56,reciprocal
0xf95909ce6fbd77bcac14ac42c57ee4371c7db3b3,reciprocal
0xf96251fc786c12472d119a12de365b41a6186fc8,reciprocal
0xf96d2a2bdedafa702104e2386af78fbece04ceb3,reciprocal
0xf97c237b5793688e8f6815f53a1f6910ddf44703,reciprocal
0xf98c3d7410a0c230340c5d9f2a073a677dfa0b1f,reciprocal
0xf98fa7967a1e5e90a865ffc392b3b8df84167e02,reciprocal
0xf9a0627e96ac163154955cba07781d64c793015d,reciprocal
0xf9a1d391a49e7c6884656306d760565b59834c4b,reciprocal
0xf9ab6de69a7e4fcca174592b8082ab592a9d4b8c,reciprocal
0xf9b0296ea9b6ccc4201b1bb5f23311789b61020b,reciprocal
0xf9b4828d51d8a4ff9f8640b3c172ac471a384e89,reciprocal
0xf9bab37237db6ad03c3fb41d050731f1f2289e83,reciprocal
0xf9c23224b1427cb1bb0150fd125aba5833bbce5b,reciprocal
0xf9d1152f028d20fd5bcb9b44ea8578b2aa23d315,reciprocal
0xf9e36fbc0820cf76408e3df2f9da960620ab15e2,reciprocal
0xf9f9876c4c16a8aff6fb2450cb1d34e97cff3e25,reciprocal
0xf9fcfdd10143d73c579c69383fffafeb0d148740,reciprocal
0xf9fe04224102d91ca7d6d41ce5cd77df5f84902f,reciprocal
0xfa0d1a2cdec2fd31136f51f67dbfb0ad7187e973,reciprocal
0xfa18c9a721bd1e2692d990007b40b3634a410b85,reciprocal
0xfa2db11b9ddd017879e2634a453182f9697099b0,reciprocal
0xfa347039893d48c8785b0fcd8ab55c6d7a662fe8,reciprocal
0xfa3e6a42f2a537eb8a85fbb788ca6b7a71daff09,reciprocal
0xfa3f54ae9c4287ca09a486dfaface7d1d4095d93,self|funded
0xfa41bf7fd08d335cbb4400da388a30c7cd60de6a,funded|reciprocal
0xfa4324b203d3ccd35dfb70f1f1f1af7fa189dfdc,reciprocal
0xfa5746764583c76487daf6c203b3e87b4b352518,reciprocal
0xfa5e83c351bc618e509d99cea3d04d10f600687c,reciprocal
0xfa75576c198edf5e8c0cbb9a4e43bc5499b98056,reciprocal
0xfa7700f256a6a6a2bf2e0c1dfa05c8f4cfc2671f,reciprocal
0xfa78184f4d28cc326e4eede32aee9a5d6767f5f7,reciprocal
0xfa79846284df35c1e0690569914d7b73ffd50e24,reciprocal
0xfa7dad7b682cf2e877b1c48027cdb1f4bd112d6a,reciprocal
0xfa9481342d0adc6cdcbf474f45efac323b9b0e6b,reciprocal
0xfab7d4798809edc8cef413708a862e171cc994a4,reciprocal
0xfab9f1ef1bc6ee1fbffcee84b7c8eee450914b17,reciprocal
0xfacd4ab5f1083d6d7f6b2f838239d03793a65a0b,reciprocal
0xfad67ce5a834e68d5533ba7ac08619ff82a42084,reciprocal
0xfadb7ea6380cb0d5fef15848bed393e29600cd7e,reciprocal
0xfae177737df711fb594d4ebaf54852441a397731,reciprocal
0xfae8234195b40318c47324492347bb3321e86d75,reciprocal
0xfae9b754c75e6aaaf4b2c4420074438c0101fdc4,reciprocal
0xfb01216b3224d1db246396f163955cdd53e4c32e,reciprocal
0xfb04602696f213108d0329ce86221caf5344a862,reciprocal
0xfb48e811f1a75a8743b9ba796120d132cf72603f,reciprocal
0xfb4a176617e67146b18bb2631a98dafad010c541,reciprocal
0xfb4fc44deac49c332a98e3eb285e993a63d8bbc3,reciprocal
0xfb61b8ace9295d7880c9900f04314d08538143dc,reciprocal
0xfb63d738a7de0285bd8d0bca6f136463b6f3a4b1,reciprocal
0xfb6b76aa10a400fa77384b71c822853da4586e95,reciprocal
0xfb7a5f6f84434d910a84d77bb2ebf8d3c97f22df,reciprocal
0xfb8410a10e2ec72629bd2311b27f512324143daf,reciprocal
0xfb8cae02345e991fd4ae9729a95486314c44fc1e,reciprocal
0xfbaa65be2fe0cc3b1c63281f7e1663c3eb0544fa,reciprocal
0xfbaaed8feb15c5949279b3d86e72642279d07b6f,reciprocal
0xfbb0cd566e0f13e24eee175c436af1927e87beee,reciprocal
0xfbb763525fc46e6d811141093e77a7ad4a1ce0c2,reciprocal
0xfbbf8061b3cee5ff3c15da5900caba5cdb0bc0cb,reciprocal
0xfbd46201267609ad3c66bd1b99b7f1cc80b1852f,reciprocal
0xfbe03f47bbd8e99ab32bfced91d09ae3a45c4d12,reciprocal
0xfbee32b9695ce10c7d9f44ea91934cc021075a03,reciprocal
0xfbf41eba77332f66715039751cc56329a8d0e140,reciprocal
0xfbfd39cbd4abeeb5e124413905b32346bcfcb1ee,reciprocal
0xfc00da27420e29feb5c0ef3b0dc322f513cf97d2,reciprocal
0xfc08fa6f730ef0de083c687520a27858a3dd9759,reciprocal
0xfc0f27038302e3e12bb960a085a26c296d5d2849,reciprocal
0xfc10e8caa42b76bd9d4abc684f18c68bff364d1e,reciprocal
0xfc13f6b42f0fcc63acbc02d9e1dfdfd7678a9e0d,reciprocal
0xfc14ba54d926dbc6efbc7d5d33a63ea0049da1ce,reciprocal
0xfc1526f13ce237e0f0abce8f5e7e93e2dd62290d,reciprocal
0xfc17b9443282a07d8b93f799deb3a34a8f323be3,reciprocal
0xfc17d1cb628f60ad199690091103b0c7e585d985,reciprocal
0xfc1c874123d3adc7aa7b811e5878afceb6aabf48,reciprocal
0xfc1ebfd0c3a490a25b68d3fd6f2e14c7fd6a484d,reciprocal
0xfc22cbd20b11b0cc4529b298defc87a4ea39d3bd,reciprocal
0xfc44314b20cde1b7c0373dff22734f96394a298d,reciprocal
0xfc47d15b3f8a689c8785a76bcf51cde1f7733efe,reciprocal
0xfc4986dcca51e4071c3285cf26b073a75353f1d0,reciprocal
0xfc4af7b26c04aac394fb6444b49acb266cbffe23,reciprocal
0xfc5d3633eb00b7822aadece9f7ab41721aadccb7,reciprocal
0xfc76ef278eaa797e12a74ae7fd301030f96513cc,reciprocal
0xfc7a85c708a346abde33162f77246a80eab5886e,reciprocal
0xfc87e6b1f859721ff5b9e6bd70e7a892783b7085,reciprocal
0xfc99b5f28c7a0a6825a11532f0f56378df33450e,reciprocal
0xfcaa1a4674e4bd01e8ce03990de740fe5b90f9e1,reciprocal
0xfcab794e1e8af9c370aaf883c21b3015158f5358,reciprocal
0xfcb4fc87b91742ccd85bd0c68585ac8061b3ff1e,reciprocal
0xfcb73038bea79cbe1ca270e78d09c502c632cf9e,reciprocal
0xfcc4ae61b482ccc72288070825e4ce85df85cd8e,reciprocal
0xfccace70450fe1f2d987b2d159772917fad838f6,reciprocal
0xfccb7fcc945d796b9b8cd3b4caff45e4a9c2b42f,reciprocal
0xfcd69de7502ca0e052c9d5159db5cdb68dc0fd02,reciprocal
0xfcd7a44da548d1196b21b3d9b9f3f72223c97110,reciprocal
0xfcd8c019ba384a4eef6856a5197325ece9153db8,reciprocal
0xfce149fce6cc03d77187128a192fee65a69777c4,reciprocal
0xfceb613b2c407c0c474a524eccb737defe61f170,reciprocal
0xfcf6fa3dcc094035426856ddd4a088b11080b150,reciprocal
0xfcf75ce020a49eec91dc47c43c6dc8ee5054b981,reciprocal
0xfd04f712843b67437375c3070e762b657b79beb9,reciprocal
0xfd0a5fc376fdf80a8ca4191c28d7bf0b99485bc0,reciprocal
0xfd0c2ce662ea5086f659119c0bba1a4ad44e6254,reciprocal
0xfd10693498d263a11c1a5314211f9294c207d687,reciprocal
0xfd16eaf19d6870f0a0089646430ad548adddc182,reciprocal
0xfd17db10e298f68ce31e0cb8b550ff169505973f,reciprocal
0xfd1b8370cafba9eac46b3db96fa84a9600f4d00f,reciprocal
0xfd1e0f5be7e4f39e48f6e05b51ea3b34b0755a44,reciprocal
0xfd2d81b7f890e2e7a4ec74d920418370e2151b9e,reciprocal
0xfd4021d679e8c4cdad6cf82164dbaaa1ca90efba,reciprocal
0xfd426a6399ca8efcfba6c315fda16415d817f1b9,reciprocal
0xfd54b361bc8c75fd8c7e4ec7b20d464d3f27f5da,reciprocal
0xfd575c1dfbb9f013980366d43b8e63bd3d3c4a8f,reciprocal
0xfd6f368d63a50fb833ff687fef0b5555843dddb1,reciprocal
0xfd751a82757926938ffdef581cea955b5a853136,reciprocal
0xfd7f5273eac5ff2d6731e90f9e694961842c6ed8,reciprocal
0xfd85b90eef2bb593f8f51cdfbab73d87d69841fa,reciprocal
0xfd85f14e73b0cf6221d3d816dffaf7c2a8b8afd3,reciprocal
0xfd8e3c8e4591466c95732eb0d4915b99c5976a7c,reciprocal
0xfd8e6b86fa915607cf3406577d9d135935b75511,reciprocal
0xfd93bd5f141249743e0f086a1b108c0f238f4f73,reciprocal
0xfda0536c7e0751849279828896d26af5b2e5e658,reciprocal
0xfda1566a78c94df82fdcb9bc4082fbf116b3cc8a,reciprocal
0xfda80c33bf16afcfdada00a5b8de8cd5a64a3597,reciprocal
0xfda996093a448947af917d4c2c0a10488e9072ab,self
0xfdb7890317862be93110472edbcfb8f608d7a3a4,reciprocal
0xfdb975f971544075e6f0830ee2020bd834f587fa,reciprocal
0xfdc5d23d51fa85aefebcc098567fe3b38ff3003e,reciprocal
0xfdc9763acc2ce1098367c5428e7ff089bb85bac5,reciprocal
0xfdd259adf28870d7a00e02984759175b93607fca,reciprocal
0xfdd9ac63d360d6ea4d4bbcd45ed88de086e44f3d,reciprocal
0xfdda30b968f96f36f3e18c7a63a8f55ad95d0778,reciprocal
0xfddb30aa0790a32274d9aafc8a9636e90b0af27e,reciprocal
0xfddddb747121061b21aaf14747d2adab914fbb7e,reciprocal
0xfddf95005256bb0a2e9ea3fe1bb122e2ff63f5aa,reciprocal
0xfde022b0cfc0157b8110e953bb1e385df1b5a380,reciprocal
0xfde3afe1947fc243f7a84cc20e177e3ede2756de,reciprocal
0xfdfb89be78907f41cfd450b8b518419b30610786,funded|reciprocal
0xfe0008ca5095207ce05ed7bba1209b0e5b7d29a7,reciprocal
0xfe02769b6e8d492490abfb8499538b14c0bfc373,reciprocal
0xfe03ecd9151a62ded7922b66f49172e515eb7b3c,reciprocal
0xfe05b746c8f79dd030b9e99241724f6f8d5f53c0,reciprocal
0xfe10550d359c23d4bdb33faeb38f3e3bbed03cf5,reciprocal
0xfe1a5abdfe67e45d979d0ec2c206441aeaa2e425,reciprocal
0xfe36e9c6c00bd7279473088e940bffab5f1f96af,reciprocal
0xfe41e4a51cdbd5d57664ae744c93e5d79c70c011,reciprocal
0xfe46fa84ad2c05ab446604d3d1a854afaf266fe1,reciprocal
0xfe769c692886e8b1bed34b2bfa42ab5718879469,reciprocal
0xfe770d3ea8b532c3a3850b0c0cb330f80bfca724,reciprocal
0xfe777447e03ee6fd899de5b9106deff63ec74ff9,reciprocal
0xfe8332a5ff9263a78c101f7c618a59f45ec92ab4,reciprocal
0xfe8cccc589223d4c1f142f0b7927d20431fb4b78,reciprocal
0xfe93a5f22a9f506f21d5c2ae9bab2d340f0a6520,reciprocal
0xfe966fc90154cbd10824db0c9d6aa68df1e00b2d,reciprocal
0xfe99e0abdb350f815020e9366a12454d9bdfcf53,reciprocal
0xfea53b9c178f9cf828aa0f4a8a8676387b6fc9a0,reciprocal
0xfeaba41c708d7229b78271aea0ed8db02fb9ae58,reciprocal
0xfeb1f8f7f9ff37b94d14c88de9282da56b3b1cb1,reciprocal
0xfeb27852dac5a9449b0fecf4a1d98ecf76f0c24b,reciprocal
0xfeb380f691501c8f7096b9e7286eafdeda43a3e1,reciprocal
0xfeb66c61b5fcd5549d94f24d6cf8666d8ad07e91,funded|reciprocal
0xfeb68062fb30c11e116f5d9825b28c8a1de71250,reciprocal
0xfebb7e0765147bf3f053b8b936119464baab4139,reciprocal
0xfebd3c13ae10cfff858ea99f7bd73aa66a464b9f,reciprocal
0xfed3332008c14e3cf15ed092db221e7c688bf668,reciprocal
0xfedf1dd6f1db9cb8def6d0c8106fb7bebb6e3905,reciprocal
0xfedf3fe622b218c7ac1b4deda875f15c6b47f1c3,reciprocal
0xfee1371f90982f6e9af8d1f85c6d2d108f9deb32,reciprocal
0xfee729b672d66e79af445348de17edf188a8fe7c,reciprocal
0xfeec1489e86920ccf3776530f4c8f6dbbf057020,reciprocal
0xfef1f2261143d2ec2746bd3951d9987d79376570,reciprocal
0xfef37a487b764f1c6c7f29ba7557ebf6e4d5dac0,reciprocal
0xfef3ede4e9027376d09a2227ca2177f1cd8129c0,reciprocal
0xff060321ffa1b6ec82f4450a43f6c5a173abc07f,reciprocal
0xff075d00c5e24a70742fde6a40721b2dc8b4fa0a,reciprocal
0xff0e5fc714409b639baf3a0d14daea20af286525,reciprocal
0xff16ef9a2a696a1ec43486a7dc29a463b9c136ac,reciprocal
0xff1786e61464f7a3820260599a9d8a87bfed03d7,reciprocal
0xff1a2c2ae1c8aaf8cf011ccdd4570e391cdb5fef,reciprocal
0xff28c54bbed44637a186d7af65827b947c6acf5c,reciprocal
0xff297294f89066718af0602fb74b510ff0122269,reciprocal
0xff299645efea2af4a38b652764b090e1768a8822,reciprocal
0xff2e4bb326abe9ff4dee5d242c205fb0da6c119f,reciprocal
0xff319473ba1a09272b37c34717f6993b3f385cd3,reciprocal
0xff36e8695066a3ef13bd9d43bdc6ba31b749ec1a,reciprocal
0xff3d3fd84838cd32fdd2d9268a941bbaefcd99a6,reciprocal
0xff437b0540caf2124b9d0cd6bbcf455033378aa7,reciprocal
0xff44dc5567da627f8a1979a45db8e7ca0deeb0ad,reciprocal
0xff60883ffbe94684974aa340e8d2a88e6ea597a7,reciprocal
0xff6c38b5053fd0f04184de068b48215382dfef47,reciprocal
0xff6f14210701396cc44cdfff1e0571f11ab6559f,reciprocal
0xff6f9c9632e0dc3044b943ed171261fe991a41f3,reciprocal
0xff71db9b91e6c7489fd4b9fabf5fbc9513668736,reciprocal
0xff785f6e0c9771592b55d247994e4bced12561c1,reciprocal
0xff825b23fa4485a113ada368ec8e968683f59f10,reciprocal
0xff8a3ef0f6e400045bbdf6740cea90de623226a3,reciprocal
0xff8aa20b6cff0a1c5aeb5cba018ff81de8cd1962,reciprocal
0xff9236ab98d7ddbfba2423d71642669ec0eecd4f,reciprocal
0xffab5579a7f1b262a54a4b21cea5818d714255f1,reciprocal
0xffb3cb2c6a95d88c58c61a274e0c127437b451c0,reciprocal
0xffb88c98437f70c5a246b6a8596a82b3e3a745d2,reciprocal
0xffbb89bf2dca7d24c2940ecb7105377425c38052,reciprocal
0xffcbf99f5d388624570403fa7d921588f37393d3,reciprocal
0xffd0446f3f8b72c8ef449547e8dba26655638642,reciprocal
0xffd721b5feb05fc24f83648fca7f091462815ad9,reciprocal
0xffdcd428845f2bfb2f07e6b4af5a04f9a8e6d9a0,reciprocal
0xffe14813319b4572560458a646580f6deaffa053,reciprocal
0xffe276dce8c1ac6106c40d56c50168f7db900b2f,reciprocal
0xfff01227ed3932d312cfefe1992ed6e7ab17b758,reciprocal
0xfff2b38aa2e8f311baf3faee6bcdf2742257ebeb,reciprocal
