recipient,reasons,bucket_census,tx_count
0x000c9b32e9c724f742948f85eb48410978f99403,top_volume,DORMANT,12946
0x00157dca819a29b1e62aa2f46e523b3630ed49f2,control,GHOST,1
0x002d0d2f9b54c9f5ba4cbd11e422bfcee2aede4d,top_volume,TEST_RIG,129
0x003a6c7f055c693af096810ae55dfa81e0771c95,top_volume,TEST_RIG,8
0x004b692016a05ff9795067a622cef92dffc946aa,top_volume,DORMANT,1635
0x00572b71ff076e3ca723488fa29ec5f85ec6c34a,top_volume,DORMANT,128
0x00605a0032dca4b15c47906b46c39677f35d4c5d,control,GHOST,1
0x0072418cb3afc29c63b4b55961868f9c4cf308b9,control,GHOST,4
0x00a05e36d2590e2b83d10a38df6d95ef575c7329,control,TEST_RIG,5
0x00c0ad8313c7b2606a2d21b3001b925ba6b74409,top_volume,DORMANT,193
0x00c8d088222e3c4de129b88342437a7d7e4e9b65,control,GHOST,1
0x00eee1985e61142b420335ef9addb3ee6ce3279d,top_volume,TEST_RIG,641
0x01081f53acdaaf9a8803a4a51d4d7a6bcc41bbda,control,GHOST,1
0x0111852bd4ad54bad14a5b71a21dc22aaa91ac7e,active_legit_candidate,ACTIVE_LEGITIMATE,29
0x012d5813195776551160b394906f2ee9d682768d,top_volume,DORMANT,9152
0x012ee2d0c7e86e1077238f6a0d236a618dc3d68b,top_volume,TEST_RIG,127
0x013130ad0b11e6b15e5a8e484b982431523e6355,control,GHOST,1
0x014e9203f4dff7ece40d7b5b07f8fda75d5364ef,control,TEST_RIG,8
0x01626695e11a93d5c1849f8c952ae28278b582cf,top_volume,DORMANT,130
0x0163dd6c2c9627d5b6b8726d86905d919d6a122b,control,GHOST,1
0x016739a7ec55943a54db456f5dcfdf6f9f4e29ef,control,GHOST,1
0x01733c18f882e2c4be28bdcb722e8eb710d53ccb,top_volume,LOW_ACTIVITY,1228
0x0176b6cebecc083675f0955a7caf27735ad0c1b8,top_volume,TEST_RIG,812
0x01774839fc9e2115a54b2bfa747d1c153232e7c8,control,GHOST,1
0x0185eb19629fa15dbbab0dcdd59dc1ab772d70ff,control,GHOST,1
0x01b3eb64dcc31aaa5cf4f9f3f59cb81186dc6b25,control,GHOST,1
0x0200675f51b33bfe35489e301e41be5a74a9dce9,top_volume,DORMANT,4008
0x021028695eafdde60e139d87000a8bd6cb65645e,active_legit_candidate,ACTIVE_LEGITIMATE,830
0x0210c68433d152aedbba39dd60431d66a9ecfbb7,control,GHOST,1
0x023986ca19e1f534d344f31973b70c3e366dce55,control,GHOST,1
0x023ec103188a3a32312d9121ec91f97b63ba937b,control,TEST_RIG,6
0x0280c49d9d7f3e7244fdc6915c99a0c7d55a4c25,top_volume,DORMANT,3736
0x02a56feececdf3ef5a580e5bc99c92b02df7480f,top_volume,DORMANT,59
0x02dc6b4de82fff2ecebae0de5f7b30fd559b35ae,control,GHOST,1
0x02deac8eff04a68160885d715849850d3d1baf4a,control,GHOST,1
0x03282f1961ca781ee377d53d8108945beee75d39,control,GHOST,1
0x033a7e2fef13f2c365185c804ba2a93f62b31ae7,control,GHOST,3
0x033c6df44b24138ab891d64b204bb414a7ec6fbf,top_volume,DORMANT,65
0x034128338730855a835a4ab9c16a0fbd27441b0f,top_volume|active_legit_candidate,ACTIVE_LEGITIMATE,293304
0x0359181ed69907239163c92db0361cc8ae836896,control,GHOST,1
0x036462cd7a6b1bad9455c33ecf2d1654eb4be80f,active_legit_candidate,ACTIVE_LEGITIMATE,40
0x036b862dd6dbefdca0400568199e441df6bbba77,top_volume,LOW_ACTIVITY,54608
0x036d85935fb8cb5b922da6f59b44c1a0f8abb028,control,GHOST,1
0x037b3abf07cf228d42c7fc114cad0935093a5b17,control,GHOST,3
0x0386eb9323b9298ad8621cd78f6c949b6ad73cdf,control,GHOST,1
0x038c72d81fed7329d8459ce8980da8c027004397,control,GHOST,1
0x0391eb91458c1037333366bc1e91ba6fad7dd836,top_volume,DORMANT,195
0x0395df57f73ae2029fc27a152cd87070bcfbd4a4,control,GHOST,1
0x03c3f6a02455884ce810ea7cdff4c17b53ed6cdd,control,GHOST,1
0x03d773c52b67993e60ecb3134b17436fe03b584c,active_legit_candidate,ACTIVE_LEGITIMATE,1722
0x03ed11fb637b021078a164d6b80f17065d89edf7,top_volume,DORMANT,6420
0x040ae7a16c1f4277214709fc281948b2c07c4e8c,control,TEST_RIG,6
0x042b979121a56839a18a26738a23fd050353485e,top_volume,DORMANT,948
0x04369187dd09ae34167b968a5dc427332ac165ca,control,TEST_RIG,9
0x044827ef09aab1f5e9119db4c814d016bb6fce3b,control,GHOST,3
0x0451cf4084b8e2fd8e3e14e2667f045127898cb4,active_legit_candidate,ACTIVE_LEGITIMATE,121
0x045e8a8ac4031ed614891aad21ac55f781edbd24,control,TEST_RIG,6
0x0472981aac607be63dbb138643ce4b5443be49b1,control,TEST_RIG,36
0x0477db30b1defcf12d05c19904b47b144a9c10bf,control,TEST_RIG,6
0x0495d60c927b97d67d5018c6aa65c9b2bebaeed9,top_volume|active_legit_candidate,ACTIVE_LEGITIMATE,207476003
0x04b563909fdafeace9cba26f1848141bd140d741,active_legit_candidate,ACTIVE_LEGITIMATE,408
0x04bce76f4f5d127f48552adda58b868de972ff2d,top_volume,GHOST,1
0x04d500b2956fb59a314f709967ae46135f716e2f,control,GHOST,3
0x04dca2b22d94bf2dc75274cea30979be01af6e77,top_volume,TEST_RIG,127
0x04e18cdc142e0ca0c6e3a3ac69a53fd2dd334628,top_volume,DORMANT,919
0x053371741386031cb9c4fd02b0adb3e75716d378,control,GHOST,3
0x053558cecf7cc945bbd9c769df1289b999cd9a85,control,GHOST,1
0x054ade63d8046e189fbad70fae1e6203f92190ee,active_legit_candidate,ACTIVE_LEGITIMATE,74
0x0550779cfbc832657a8bb46bac9f359a5ad038b8,active_legit_candidate,ACTIVE_LEGITIMATE,132
0x056ab226010fc0947947bd180fff05232402118a,control,GHOST,1
0x056e0169c493a0b32b832d2653feab8d3af8df7d,control,TEST_RIG,7
0x0573c4da7fc31e944e5ff959fef3b42199c308b2,active_legit_candidate,ACTIVE_LEGITIMATE,10667
0x057c24770233a73bbed4d4e694357bda9edcff66,control,TEST_RIG,11
0x057da1f987085de1070979810843c5a2754ce456,active_legit_candidate,ACTIVE_LEGITIMATE,298
0x05970ebca65093f5eb53d980caadf2978f27f8da,control,GHOST,4
0x059ce4b241c4b8844f4515f415313ecc8e40e478,control,GHOST,2
0x059d091d51a0f011c9872eaa63df538f5ce15945,active_legit_candidate,ACTIVE_LEGITIMATE,44
0x05a11b89c4ea514099596f31a80f9107b717709a,top_volume,GHOST,1
0x05ce71c2cab86af566ae5b7842b7f14c58865a2b,control,GHOST,2
0x05f05ecbd76789434c08c52aa7c2bf2d651c5783,top_volume,GHOST,1
0x0613e78ea32bd193d0ba7bad4f4e5323a8f977d8,control,TEST_RIG,20
0x062cd2e066db07dc31683855d6a26a4a4c41e75b,top_volume,DORMANT,4268
0x064d3e48508730fca8e5c3bc6fef041e5da46556,top_volume|active_legit_candidate,ACTIVE_LEGITIMATE,2456
0x065a9396b827e5f444665ce35435f8b8ecd19bb3,control,GHOST,1
0x06826ef993290b9b48b9b7b487eadf7b49442451,top_volume,GHOST,1
0x069c6012e053dfbf50390b19fae275ad96d22ed7,active_legit_candidate,ACTIVE_LEGITIMATE,80
0x06a3bcfd793986e6222e62751002761470728ca7,control,GHOST,1
0x06b59623be542118a6ab741690365f2a00b9d074,control,GHOST,3
0x06df1cdeefff8a777468c6caee0d269f00fabba1,active_legit_candidate,ACTIVE_LEGITIMATE,162
0x06dff3c8380b5d1799874ada903fc3422882fd6f,active_legit_candidate,ACTIVE_LEGITIMATE,6694
0x070968239488137d49a79a107cdfad54664fb79e,control,GHOST,1
0x07317e7713aa8ee93913214a4a74f334ff7db048,active_legit_candidate,ACTIVE_LEGITIMATE,167
0x073449e7f3a34b9ad150f0522a47424a9def6850,active_legit_candidate,ACTIVE_LEGITIMATE,75
0x0750a9e669c37fe1a1847e4b8f9e16f07c16162f,active_legit_candidate,ACTIVE_LEGITIMATE,2522
0x07735d3636a0673e614a52962df0f14885de6be3,active_legit_candidate,ACTIVE_LEGITIMATE,137
0x07737a1fb3863202bcd3c7408b801eed68604d39,top_volume|active_legit_candidate,ACTIVE_LEGITIMATE,1772100
0x0799872e07ea7a63c79357694504fe66edfe4a0a,active_legit_candidate,ACTIVE_LEGITIMATE,3403
0x079d8cab4da9b5817612e98b8f6fc72cb1cb25a6,top_volume,DORMANT,3145
0x07a964a2b21a9eb6ce680dadd92d327252a808ad,control,GHOST,3
0x07af36c3623ba4421a0c95402ac82e8e8b1aeddc,control,TEST_RIG,7
0x07c4a004f8762ebfb619c5c678e1767e6bebfc24,control,TEST_RIG,8
0x07d05521abfc0b561e3f888702de9cb743626547,top_volume,DORMANT,66
0x07f067959297767c887dbfa3c72379c66e82a045,top_volume|active_legit_candidate,ACTIVE_LEGITIMATE,14676
0x0814d35f25f2ef3dffa4aef4d137558d5e51ed7b,active_legit_candidate,ACTIVE_LEGITIMATE,502
0x084030e9b463f213033b431a3f0a2f5a5bc5b05a,control,GHOST,1
0x0847aa51a1e9317d981ac61224e76c6c9d62618e,control,TEST_RIG,5
0x089127f34ff7c55cec0a92ce4c386b9962ef204b,top_volume,DORMANT,229092
0x089883de0b1af1810ecdf4c1768d98479362b162,top_volume,DORMANT,22230
0x08a844ec367d768286f0fb3fa8dea1b7fab91c8f,top_volume,TEST_RIG,641
0x08c1fa5eb43622ff13becd92600b353b16faad3b,top_volume,LOW_ACTIVITY,12
0x08cf163af044b96788757eecc7a6f0c146bfbda5,control,GHOST,1
0x08e30cb0d74828061509c72c96a1983ffa97518f,control,GHOST,1
0x090103a82c440b275c1f8b34a0c04acd8c93c4dc,control,GHOST,1
0x090364f1fdacc6a193bed8cff3bc51389bd2d818,control,GHOST,1
0x093ba05832403818b17d62fc9d1b4bafbac38469,control,GHOST,1
0x094a6eaaefff4afadaf45e191f702956b406c744,control,GHOST,1
0x0965adfcfbd8886be0bc0aa558a2c0daf1ba54dc,control,GHOST,1
0x09713aa8b09a0023d95b1df2cbdb5a2f70475aa2,top_volume|active_legit_candidate,ACTIVE_LEGITIMATE,1400
0x0975564eb362f6b499b2370ab3afe404da5d27cb,top_volume,TEST_RIG,1013
0x09803a5d8ffde28d9bf78109b931a557f3266365,top_volume,LOW_ACTIVITY,81
0x09aea4b2242abc8bb4bb78d537a67a245a7bec64,top_volume,TEST_RIG,91
0x09cbbb451ca48ed511c7fc07ed921d539cde1227,active_legit_candidate,ACTIVE_LEGITIMATE,46
0x09cecd50b421d704f499302e32d3a2142774bad1,top_volume,DORMANT,852
0x09d1e7c85d627102ce07d13bfa9ae1ea2edaa800,control,GHOST,1
0x09e6bb8448c30ddd6b5e8d1f295adca756144a47,control,GHOST,3
0x09f2830636f2edf71f7ca929dcc20cc1f161c897,active_legit_candidate,ACTIVE_LEGITIMATE,196
0x09ff4e7dcbae544511d75821fa575ab26ba17c7f,control,GHOST,1
0x0a0d33a23bcc004880c6956036b2a1838951e707,control,DORMANT,39
0x0a0f19a1d9b5585e7cf6070beb934bb88a24fe21,control,GHOST,1
0x0a209ee7ed4b18660fd2e14849d82d233eb05e70,control,TEST_RIG,7
0x0a2854fbbd9b3ef66f17d47284e7f899b9509330,top_volume,LOW_ACTIVITY,56
0x0a374a7d3d057c6f2910beaa177f808984c18124,active_legit_candidate,ACTIVE_LEGITIMATE,1660
0x0a3f25437d6bd0a3a6db1191b909976158d48d56,control,GHOST,1
0x0a51219d1a80213769ec6d79927604492a86b129,top_volume,DORMANT,45868
0x0a5693f42adb42b8c1434f9e54691b2e36abc63a,top_volume|active_legit_candidate,ACTIVE_LEGITIMATE,1670
0x0a5bcdd0d83ca50bb26a1c1b997e6b8b05c1bbab,active_legit_candidate,ACTIVE_LEGITIMATE,57
0x0a7849fc05b5c7a79f297aed70c5a1a7c241cbe9,top_volume|active_legit_candidate,ACTIVE_LEGITIMATE,1496
0x0a9af8b00d4d86040e8cf75d48f27aee9fbb80f4,control,TEST_RIG,5
0x0aa9d92361d58b870a6e3ce4bed4b05a9dd658a9,control,GHOST,1
0x0ab4eed2b60b448897ab37cec786affe7eff3dea,control,GHOST,1
0x0ae5c04bb585cc2fed8f2126d788a3c67558df37,top_volume,TEST_RIG,1422
0x0b08ae95c0eb67cbee30c4575f69319e2be2f4f5,control,GHOST,1
0x0b282f1f49a4674769577cd21ed22be29166eb6f,top_volume,DORMANT,176816
0x0b55712de2ce8f93be30d53c03d48ea275cd14d0,top_volume,DORMANT,84222
0x0b6e3594df4faa6d66196d5a3271796ad8bb505d,active_legit_candidate,ACTIVE_LEGITIMATE,228
0x0b797ccb54574ed07d84597761500e1d1d8db32e,top_volume,DORMANT,130
0x0b90d72dbbd4e197accce3cc79e9ba00e5bdc990,control,GHOST,1
0x0ba7b77b96a861ba791eff6bd6fcdf80dce10d9c,top_volume,DORMANT,3816
0x0bb172622db9f247a53c8e2d577aeabf0b81c8ec,active_legit_candidate,ACTIVE_LEGITIMATE,64
0x0bbeff1ee4114976f84d1e1c44150515719fd176,active_legit_candidate,ACTIVE_LEGITIMATE,104
0x0bd943a82673ea7d500c899c7bc548f396c85fdd,control,GHOST,3
0x0bf63f37b0f512839c001548dc66a6a99bfc019b,active_legit_candidate,ACTIVE_LEGITIMATE,2100
0x0bfe360bde5b23e9e6043903da2c6a0eb322356b,top_volume,GHOST,1
0x0c074c36b81291ba17d0c40fb8720a8fd9d99d2c,control,GHOST,1
0x0c0cc0631ead53a6ad4ff93ee0107907b3173361,control,GHOST,1
0x0c10959af44fc2bbcdf2c276db9e26cf9b44b4cb,control,DORMANT,14
0x0c3f266605eb8a4998e26392ecd1120430b50a80,control,GHOST,3
0x0c5e82a2de510e4d34478eb93762acbdf2d0d96d,top_volume,DORMANT,8
0x0cc2cdc0eb992860d6c2a216b1dc0895fd2df82f,active_legit_candidate,ACTIVE_LEGITIMATE,458
0x0cd2c9724f185a029101b4aeacf3f114415c394f,active_legit_candidate,ACTIVE_LEGITIMATE,696
0x0d14514afe504120b34585a92c40c1e0595fd7f0,control,GHOST,1
0x0d26cb6d6216ff4c1076fa4003227af28f736451,top_volume,DORMANT,3716
0x0d480a6628aa948d2cc418e7b3d9adabd8f14c9c,control,TEST_RIG,7
0x0d49dfd2d43f60806c3a0c0a4196d0df60f843f1,top_volume,DORMANT,7116
0x0d4cf2a298c05719e17654c2a7af16ac1f687bb2,top_volume,TEST_RIG,128
0x0d5572e073d986d2ad403e539189511e7663a6b7,active_legit_candidate,ACTIVE_LEGITIMATE,152
0x0d6041f6f8fee3b66efb633716af12c2da331d77,top_volume|active_legit_candidate,ACTIVE_LEGITIMATE,535228
0x0d644cfe30f0777ccca6563618d9519d6b8979ac,top_volume,DORMANT,9020
0x0d976803fd5a8347037c7ddbaa282e2050efc231,active_legit_candidate,ACTIVE_LEGITIMATE,133
0x0dbd3801bcc630f45cc6c25085064778f592e7a0,control,GHOST,4
0x0dc65cc48282d926c60178db5d540fdf71d86a95,control,GHOST,1
0x0de74c9ecc4f6ca2ea2347aeb654f2ea03153589,control,TEST_RIG,39
0x0e1fb1ec02da3ceecff96fd179966294dfa2068e,top_volume,TEST_RIG,638
0x0e3b28537dfcb8b15b258dac66464f2b9250438d,control,GHOST,3
0x0e525428d66c111672ce58b1bf649a6d167f36b1,active_legit_candidate,ACTIVE_LEGITIMATE,62
0x0e7724f8a78e61a91de123c86eb39c8dd359b485,control,GHOST,1
0x0e84ddedaae6a779c462c22a59f301ec31b6b808,active_legit_candidate,ACTIVE_LEGITIMATE,13264
0x0e9793a0a058373e46acda362aeaedc837e09aaf,top_volume,DORMANT,78
0x0e9feff079cc97755cdf746e07dd67233228789a,control,GHOST,1
0x0eb55f09611e33c6b3f974c1951706ee11061690,active_legit_candidate,ACTIVE_LEGITIMATE,126
0x0eba5d314f4f5dcb7a094953fa9311a45172dd1b,active_legit_candidate,ACTIVE_LEGITIMATE,124
0x0ec8192627ea2560d966f75227777dabbf8811dc,control,GHOST,2
0x0ecb933a1ec2916769e564efb4773db0bf1ead50,top_volume,DORMANT,3884
0x0ee3662a2f3262c6545d72d5e281d4d26a025393,control,GHOST,1
0x0f0805ddf407458085e90efca59f3ddddcf57bcd,control,TEST_RIG,9
0x0f082b9f8258247f3ac79e78862d1cc95bbc1be6,active_legit_candidate,ACTIVE_LEGITIMATE,36
0x0f12e5192c0ad92106eda0c7ee6fa07ac3a4b439,active_legit_candidate,ACTIVE_LEGITIMATE,22
0x0f158cb810b43699a8a80510eadd57059f14104b,top_volume|active_legit_candidate,ACTIVE_LEGITIMATE,1186
0x0f2184e1a8301f86b290fc62225746820b0b36df,top_volume,TEST_RIG,1364
0x0f2aac2d0fa97b70338d08af44be77815ecf3463,control,GHOST,2
0x0f44bc538a42c1a799c4b70eea1739d854e92301,control,GHOST,3
0x0f62731adb85ec9854e6f174e416ac921d608654,control,GHOST,1
0x0f7546edc9dee9959d136194e11df3e3c28101f8,active_legit_candidate,ACTIVE_LEGITIMATE,2334
0x0f7708230c218c99aff8bb60b5585737b93ac1d3,control,TEST_RIG,6
0x0fa1ea90cacde0e0af3e83085b6d6600866de492,control,TEST_RIG,6
0x0fa6cacebc26c792000e72b28dfea4ad82d8ac81,active_legit_candidate,ACTIVE_LEGITIMATE,60
0x0fdb1d8e9fbae0f44dee71ce8f612bb9b260b26d,control,TEST_RIG,11
0x0fe812a6ba666284e0c414646e694a53f1409393,top_volume,DORMANT,727444
0x0ff5a6ecef783bba35463ec2f8403b9b5e9e7c86,active_legit_candidate,ACTIVE_LEGITIMATE,202
0x101cd32b9beee93845ead7bc604a5f1873330acf,top_volume,DORMANT,11612
0x1035e11e861aab9fa443491bfeeb0b3152c7a9f3,active_legit_candidate,ACTIVE_LEGITIMATE,326
0x10365c6946953e590a4e949b9111279123b25b2b,control,GHOST,1
0x103dcc3807045f7f3e1d92f574fdd23a9e8e2c20,control,TEST_RIG,25
0x106703f20f40cb35cec6e01fab0e87649dd030b7,top_volume|active_legit_candidate,ACTIVE_LEGITIMATE,2370
0x10875c46c5e7a45b062f8fed17694799144d5008,active_legit_candidate,ACTIVE_LEGITIMATE,32
0x1088cfcc078a93bad0cef48bc767fc639f5badf1,active_legit_candidate,ACTIVE_LEGITIMATE,20
0x108bcd8a07c3fdfca3aa500784a8573123a1029f,active_legit_candidate,ACTIVE_LEGITIMATE,5560
0x10a3fc1842ab9bc5968a730a2c6acda1d2ea2fe1,active_legit_candidate,ACTIVE_LEGITIMATE,20
0x10b6c0f8ab684816c16b10200f0fcbc83080f33c,control,GHOST,1
0x10c140022927429afb5f7779f4bc5495da8c1e24,top_volume,DUPLICATE,314153
0x10c5e2895d3d554a41495f38f4b2b6316fde528f,control,GHOST,3
0x10d1ef50c48531b827945770b53dd70d3185ad4a,control,GHOST,1
0x10d8908d2bc083d5d3efb1cdb9bddcd78a615370,control,GHOST,2
0x10e3562d4eba25362f439cebf27112301b998067,control,GHOST,1
0x10f20a565829426da368acc407a7213d6341413b,control,GHOST,2
0x110cdbba7fe6434ec4ce3464cc523942ad6fb784,active_legit_candidate,ACTIVE_LEGITIMATE,6014
0x112e000f25d0def0360cf0cad50970d39bc32b2e,top_volume,DORMANT,11818
0x1145201a77ef31665fb53c4ea43a44d7cbae3e5b,active_legit_candidate,ACTIVE_LEGITIMATE,20
0x114f26b15f984262e608b0ecf338d027dbf29691,control,GHOST,1
0x118fae85e5e44a92a1a2b3ed1f16df3ecab4ce58,active_legit_candidate,ACTIVE_LEGITIMATE,52
0x11b8d9a6004b2a0bc49b724b310914859130b95a,control,GHOST,1
0x11be2c599c6fbc7e597cd998a5ae830b211549e3,control,GHOST,1
0x11f0f7ded99dc92c4d02c680790209868ab7876d,control,TEST_RIG,66
0x11f591c3496c0632e7b173184f5bc71dc941125d,active_legit_candidate,ACTIVE_LEGITIMATE,122
0x11f94fd0e3b20faf5dedc764d2b3f40dd66f35f2,active_legit_candidate,ACTIVE_LEGITIMATE,33
0x1223d566f05ea54e5854434c4552c9f5c2259e0f,top_volume,DORMANT,1962
0x123048cd2d23c9a7444020c0e2f63825efc5441f,top_volume,DORMANT,12645
0x1234567890123456789012345678901234567890,active_legit_candidate,ACTIVE_LEGITIMATE,189
0x127462e296fac1a7f5cf33ba57bb2f0fff5cd0b6,active_legit_candidate,ACTIVE_LEGITIMATE,1707
0x12d72ad2d0a35e75d76f8bc2c509918ac04d170b,active_legit_candidate,ACTIVE_LEGITIMATE,1146
0x1304ec1a8945365e43a5c18a734065f107b417ca,active_legit_candidate,ACTIVE_LEGITIMATE,927
0x130623c5128902c67f04f332a9695e352688c777,control,GHOST,3
0x1343c91c3f13d1b813cb44cd20e4b56a449b4abb,active_legit_candidate,ACTIVE_LEGITIMATE,2005
0x1349d9f15f7fedf0db8f029271a4377573637ca2,top_volume,DORMANT,58
0x134fefd8142f85bd3e83f5260b9d8965d1007cd7,top_volume,DORMANT,6780
0x1357bef96ec515d250137d7eb712f0395eb5142d,active_legit_candidate,ACTIVE_LEGITIMATE,1738
0x13580b9c6a9afbfe4c739e74136c1da174db9891,active_legit_candidate,ACTIVE_LEGITIMATE,100
0x135baaef9c05fcb4a68a8667d3c048a6b60ac1c4,control,GHOST,1
0x1363c7ff51ccce10258a7f7bddd63baab6aaf678,top_volume|active_legit_candidate,ACTIVE_LEGITIMATE,4272
0x136431c4f313d43f4ca6542a91bf43bb11c44533,top_volume,TEST_RIG,125
0x13684bd2b18b06fb8930b4d7b708bfe764a15877,control,GHOST,1
0x1375899da0b1cfeaffab7b49ff185fe98902df01,control,GHOST,1
0x13a79919f9878ebd3d172304573255556dcb7fcf,top_volume,TEST_RIG,124
0x13a9e3ee4a25c3c72d67f42044438aabc54f2b96,top_volume,DORMANT,411
0x13bfc43fbcd63c4644bbb672a8d13a3b550eb9a7,top_volume|active_legit_candidate,ACTIVE_LEGITIMATE,56161
0x13c155ec47fb0a8e3e745b830c97692859fbc5e0,active_legit_candidate,ACTIVE_LEGITIMATE,37213
0x13c4b0d91f60ace3c31736de1618a5a22d6d2466,active_legit_candidate,ACTIVE_LEGITIMATE,252
0x13d576e33f3f071a77380e4f682391e404a94662,top_volume,TEST_RIG,1351
0x13db4caf175f23f1429c2df6b333350c24705192,top_volume,TEST_RIG,3241
0x13e060adcc6f4b731da8382b333027b8b2bff707,active_legit_candidate|control,ACTIVE_LEGITIMATE,251
0x14075b1378e377ae624fcba1d3af7030315c7851,control,GHOST,1
0x140f59f9f007e3ccf300f413490c84e989baa285,active_legit_candidate,ACTIVE_LEGITIMATE,26
0x141c1c8df39837f7b838f07345c9714f7ce41e56,top_volume,TEST_RIG,137
0x1452af43065628a82464bafb8ceba13481db1fce,top_volume,DORMANT,69
0x145e95367d1524505bf44e9589a34b1ea62983c5,top_volume,DORMANT,34996
0x14849afa040edeee524a40c52b877fe1b6e6c2c5,active_legit_candidate,ACTIVE_LEGITIMATE,113
0x14a91ec86ec31c951dcf7f8d3af366a1e3496463,control,GHOST,2
0x14ba1c95af3d79d4d2b1fd43d53dd1b1923db8ec,control,GHOST,1
0x14c17463537e0d9c847005c49001b37bb87510eb,top_volume,LOW_ACTIVITY,5
0x14ca2791f2a6c0725de56103966a0bbb593e8ca7,top_volume,TEST_RIG,13642
0x14ea414c061b3bde04419eeeb73a24418ff2d1c4,control,GHOST,1
0x15061e5cd0bc3c4ea2b2e453a81dd1b41965eac1,top_volume,DORMANT,2931
0x150947b4105275c794b90051cc16f51960ad0852,control,TEST_RIG,12
0x15179876c595922999c2d5dc7c23cc7711fe799a,active_legit_candidate,ACTIVE_LEGITIMATE,553
0x1538726707212f4db3eb67cec0910422a310475c,active_legit_candidate,ACTIVE_LEGITIMATE,749
0x154b1006435e5cfe2206e7777c1003f9438119b1,active_legit_candidate,ACTIVE_LEGITIMATE,7700
0x15648bc25be96fbef9479424a7db3592cdec5b2c,control,GHOST,1
0x1568d5414a1c93e2f76b73d90f68242cd8b36aa9,top_volume,DORMANT,6580
0x158d20e7c3bca1d20ac37e7e2399f7f4aeafadf4,top_volume,DORMANT,12720
0x158e90dd58fbe897ed8c244f472febee37283d00,top_volume|active_legit_candidate,ACTIVE_LEGITIMATE,82856
0x158ffffd5a1f3b9aff346799285bd27a975fc1cb,active_legit_candidate,ACTIVE_LEGITIMATE,24
0x159be9e316bc5fac8ce05aec4eaae46e8f8a4908,active_legit_candidate,ACTIVE_LEGITIMATE,46
0x15b64d8a75ef50618f5ff514a71a534e4eeee796,top_volume|control,TEST_RIG,655
0x15f9aa89b44fc1344bd35a6fa00c2c33d594e894,control,GHOST,3
0x1610311958988e0f8ef1119cde66c97e1e613ed9,control,GHOST,2
0x161dbdd73d025e9aedd4918a67c28e5bf9a87fb9,active_legit_candidate,ACTIVE_LEGITIMATE,825
0x164329ab7baa05b366e75b75b830e65330d3312c,active_legit_candidate,ACTIVE_LEGITIMATE,1120
0x1664530dc2a1ca350b1dbad1fc1f1a70c90fe4de,active_legit_candidate,ACTIVE_LEGITIMATE,730
0x166c733710dd3fbdc56b09a955b2f4c74f84bf37,control,TEST_RIG,5
0x1677383a7bec2cf618fc98aef68b757bcfc37f27,active_legit_candidate,ACTIVE_LEGITIMATE,793
0x169bf49c6ee5a179190121ab8d180b50e31683d1,active_legit_candidate,ACTIVE_LEGITIMATE,190
0x16a6216b77257a0e2a39a5a26b0dd7bf09105b32,control,GHOST,1
0x16b5fe729f2ca544b309844f75e8429ab45151ae,active_legit_candidate,ACTIVE_LEGITIMATE,101
0x16f452f90aced51f6ebd0b790eca12d196e42085,active_legit_candidate,ACTIVE_LEGITIMATE,41
0x1700ab33c5aa161897593e3a1dbf2cf1e1dbda50,active_legit_candidate,ACTIVE_LEGITIMATE,356
0x173b668cb8d84352d3f67b39f8b4e9a9cd5ab833,control,GHOST,4
0x1752fc6d0244099ec75caf1276e22208542dde70,control,GHOST,2
0x177eeabf2e5dc7b832138acdfd0f90f2a98637c7,top_volume,GHOST,1
0x179a862703a4adfb29896552df9e307980d19285,control,GHOST,1
0x17a138db33c31c4cf001d2e135d02e5c1c534f27,control,GHOST,1
0x17cf15d61026b4cdd26cff6042f8e7d2e0ca5e8d,active_legit_candidate,ACTIVE_LEGITIMATE,120
0x17e7e9b6839914a29a17a88170d7054c6e44848f,control,GHOST,2
0x182a09f73aeac9ee2f28742ec73d72afc811e24f,control,TEST_RIG,5
0x184105dd4cf0dd72402e68bf12c144ab3cc1799d,top_volume,DORMANT,5855
0x1885a439e7b1db07664fac6bcc24840bd7d527a8,active_legit_candidate,ACTIVE_LEGITIMATE,124
0x1888192fac6a69e4cd7d078ec4bcf6f24f7c767b,active_legit_candidate,ACTIVE_LEGITIMATE,91
0x1892f72fdb3a966b2ad8595aa5f7741ef72d6085,top_volume|active_legit_candidate,ACTIVE_LEGITIMATE,144112
0x19090254e3f12024312589c1505befc854dd0ba3,top_volume,LOW_ACTIVITY,6466
0x191751c5fbd3784db6a7c0cb134967c4d049c685,top_volume,DORMANT,5431
0x191aee992898a3ab526ad2707fdc2cc2b46da820,top_volume|active_legit_candidate,ACTIVE_LEGITIMATE,1714
0x191eaf1d2134aacc2d7209ef5df077e4f134af34,top_volume|active_legit_candidate,ACTIVE_LEGITIMATE,404
0x1959d220bc95ad94722eb34bee99839228ccc648,control,GHOST,1
0x19a78b27a28ed93c3c914878bde7f2f843afaea8,active_legit_candidate,ACTIVE_LEGITIMATE,400
0x19b1614ee8272178d09cddc892faa2c8ccb91268,active_legit_candidate,ACTIVE_LEGITIMATE,41
0x19c4de9fcd5ec6fb1c25b9ee1d70e60648ced8f4,control,TEST_RIG,13
0x19d19435eee8c12cff867870fccf7cc96bb3e0b8,control,TEST_RIG,6
0x1a0c324ef0be93061d14156a6fb38e27bec7178c,control,TEST_RIG,10
0x1a0c5213f7a29e2189c9405bcbf0a6ab1dba1466,control,GHOST,1
0x1a42db8d61d7d42897d49be0bed42bb9d1ff5a57,control,TEST_RIG,5
0x1a5d1990397f6c1395517b83414628854bbd7dcd,top_volume,DORMANT,12885
0x1a844d3d724f3ef0c04e39918ceab8cc4fa368d1,control,GHOST,2
0x1aa17f1402cc7b717756ba65ca7ce99eaabd3071,top_volume,GHOST,1
0x1aa476f4b62b9dffd4d217c6ec6f3ef1cb0b462d,top_volume,DORMANT,19128
0x1ad38cb2fd055b9fcd65664c62fcd322de1a6d43,control,TEST_RIG,10
0x1af9bac167ffba9e083e481bc576cd28d988e141,top_volume,DORMANT,6630
0x1b43981f3ab6f259483b8a3eba664e1db727b2b4,top_volume,DORMANT,6435
0x1b45490fe9ddfe39da7a2803e96a37cd3e4fc021,control,GHOST,1
0x1b4b309a7e658629e2144c65508cb712f8085055,active_legit_candidate,ACTIVE_LEGITIMATE,43
0x1b64a52f7a1cccfe257821222458fba0f091cbce,control,GHOST,1
0x1b90c4dd88203ee648dd6868a7ddf530595536ce,control,TEST_RIG,12
0x1bb5dabe390cf04bf743175a1b57a55ce288ae7f,active_legit_candidate,ACTIVE_LEGITIMATE,149
0x1be773bfb9dd3b1506971552372a92576c9ce382,top_volume,DORMANT,99
0x1bf63c7cd03127193c70cae983277e6a5f96309a,top_volume,TEST_RIG,8
0x1bf6b8313383685b277ccb88003e42f9c098889d,top_volume,DORMANT,3680
0x1c15f67f9e2cfa714c6e6a9243cf14b0f18b8ac7,control,TEST_RIG,5
0x1c164c49102be1798ec7e86b332853100f31ba5e,control,GHOST,1
0x1c233157caf59768b0503268dbbd647e51ee644a,control,GHOST,3
0x1c327dbe53fc13ed6ceb6899d974e1c93d15fb58,active_legit_candidate,ACTIVE_LEGITIMATE,55
0x1c5ccb6929718aad299495f64d71320207fdbb3d,top_volume,DORMANT,4276
0x1c680703d6cf7dfc9feabb5aa28e64b869ddb3bc,active_legit_candidate,ACTIVE_LEGITIMATE,126
0x1c71d8edd98dc1c07631bc133a9274ec83ad982e,top_volume,DORMANT,1498
0x1c80e87b2757d5cdef2d274ed063303248d5341a,control,GHOST,4
0x1c8c5413e2c98d5d2e3c3296e19e8b1aa2f99458,top_volume,TEST_RIG,253
0x1c9a7bd6922ff703510b35358960614decbc4a86,top_volume,TEST_RIG,6
0x1ce4fc1ce7919641b7ee67c7f44613b6f123cd53,control,TEST_RIG,6
0x1cec447da1915f018bd74006ff6d695468b68dd4,top_volume,TEST_RIG,2266
0x1d1b81247c407521e2a01f3e21514870dcf1620f,active_legit_candidate,ACTIVE_LEGITIMATE,154
0x1d227115e38b99354b6852013d555e4107fe3c95,control,GHOST,1
0x1d857539966b02120cb11a2c82a9a46115fdc79c,control,GHOST,3
0x1d957e0b7f32d5fba96005293f4c1a5e03e54e6a,control,GHOST,1
0x1dbcabdb1c4fb21c9642642143133dcfbd4c4e3d,active_legit_candidate,ACTIVE_LEGITIMATE,340
0x1e1557ef4dee4cdb23592399f28bed9030fbef02,control,DORMANT,9
0x1e15e64e815473385b571deec7bce4f0cc262817,active_legit_candidate,ACTIVE_LEGITIMATE,68
0x1e2a451bc0a86cf95d8e482c6d136150a13e5a5a,control,TEST_RIG,14
0x1e3fdb6092538627d7db5ef9b789c27f985f3d4f,control,GHOST,1
0x1e4b5cd7a158be252abddd647d0cbc8fce790654,top_volume,TEST_RIG,129
0x1e54dd08e5fd673d3f96080b35d973f0eb840353,top_volume|active_legit_candidate,ACTIVE_LEGITIMATE,47409
0x1e64e04a0db3219b6057ffd49762b9febd5c5944,control,GHOST,1
0x1e8e93cb91778e5b1a3639706789195a838960f8,top_volume|active_legit_candidate,ACTIVE_LEGITIMATE,514159
0x1eadd166b6d8918b0b24268d61069f4cb5d50808,control,TEST_RIG,6
0x1ed98b87f835624cb68bb6d7b63d54d3e76e0ca7,control,GHOST,1
0x1ef8eaef5e908ab6d5d801f737933b33b535e251,control,GHOST,1
0x1f0130669ca6fd02e025a984cc038f139df19a2f,active_legit_candidate,ACTIVE_LEGITIMATE,8572
0x1f93d79a6884efee10bb49a06277a3a95e802f00,top_volume,DORMANT,184
0x1fe34f70d45b2ca06a237c06ecf46fd3510d9eb2,active_legit_candidate,ACTIVE_LEGITIMATE,376
0x201556005086a166daf5ae153fcbaa3228882b79,control,GHOST,1
0x2016dc45cf7cb004554f6a9105679b8ed742cbc2,control,GHOST,1
0x20243036fed1e865597cd8c85de9696c8440db18,top_volume,DORMANT,13180
0x2038b375c38375a297625e3e0a3e3b954d9431d8,active_legit_candidate,ACTIVE_LEGITIMATE,814
0x20402de54ccad09cd4030a97a6b4efc082afcc2d,control,GHOST,1
0x208c9e5fe1d925e88db5ff23153f0ec2fb091e0e,active_legit_candidate,ACTIVE_LEGITIMATE,21
0x20992371f85e235d4bfba2fca1148d09c87a1368,active_legit_candidate,ACTIVE_LEGITIMATE,34
0x20bce0a39b6a07300706635885fab6bdea47422f,control,GHOST,1
0x20beffad24499e9b3d45dd0971b1d6afb0ae925d,active_legit_candidate,ACTIVE_LEGITIMATE,300
0x20c84933f3ffacff1c0b4d713b059377a9ef5fd1,active_legit_candidate,ACTIVE_LEGITIMATE,42
0x20d2b29e5464808bb08c4c40cd0a06d5ffeabeef,control,GHOST,1
0x211ade81461b6d6191e6f33c237db851f4305fa5,control,TEST_RIG,5
0x21482443b3b5228410e5cc85b7abfac2d2197930,control,GHOST,1
0x2160e8cc180d65a369e7e70a93f46c1176685135,control,GHOST,3
0x217e5fe265eb78b29067bf8324ef03a7d8e167c4,active_legit_candidate,ACTIVE_LEGITIMATE,448
0x2181bd38ad88815bf1450d6833cecac91c96ac18,top_volume,GHOST,2
0x21af1185734d213d45c6236146fb81e2b0e8b821,control,TEST_RIG,87
0x21b32b7d95887d4590b5c359f2e404f66f870410,top_volume,GHOST,3
0x21ba2c2f9cb292cf72360776389099dd0e9a3ae0,active_legit_candidate,ACTIVE_LEGITIMATE,85
0x21bce104282d6a089539c34addde152d42a02d0e,active_legit_candidate,ACTIVE_LEGITIMATE,1669
0x21bded8d7b0cfc3cc71ed6a8ee1daae64bfc3f18,top_volume,TEST_RIG,127
0x21c12b9c0c2da649e72f19f250b70903784bd0b4,active_legit_candidate,ACTIVE_LEGITIMATE,40
0x21c69e61d1125dc5d3c0b6e6b0c56f7702824738,control,GHOST,2
0x21dd37e3e4ea6ccc0a5c98a4944702ede6e7be10,top_volume|active_legit_candidate,ACTIVE_LEGITIMATE,8409
0x21dfc81726538fcfd7dfb5e4d14aab4475ef8694,active_legit_candidate,ACTIVE_LEGITIMATE,706
0x21ed5b91b28418202642a321d4050b7018ed938f,active_legit_candidate,ACTIVE_LEGITIMATE,189
0x21f49e39e58c58c0d4d393503c520a3bbb72020a,control,GHOST,1
0x2215fcc35675b50bf805bc60170176044f625164,control,TEST_RIG,8
0x224ac70a0476f207a0b75818408a6836b3060804,control,DORMANT,10
0x22911730c7081a23e1f631fee088845495111087,active_legit_candidate,ACTIVE_LEGITIMATE,31
0x229ceee6dddb0851e42222969eff4e0e91aa0dbe,top_volume,DORMANT,54
0x22a2e19bdbe9f3ffef652fcbc3cdd0f67147ef38,active_legit_candidate,ACTIVE_LEGITIMATE,218
0x22a724185c6940239ac3260ebe591c41f986181b,control,TEST_RIG,5
0x22dbc92b3d871e460d0c3ee767c1a086c9caf68f,control,GHOST,1
0x22de39071d40fbfdc0962c34c593fb863da75df6,active_legit_candidate,ACTIVE_LEGITIMATE,109
0x22ede64b1c395d20a06f7df72a523bc7331dda43,top_volume,TEST_RIG,71
0x22fa37aca3206d3032fec3f7c97edbbefb729b4c,control,TEST_RIG,8
0x2305b8375b5591f0ef893265c626cf57fa88b65e,control,GHOST,3
0x23235431e67bd0ed66233e3195f12df79e0239c1,top_volume|active_legit_candidate,ACTIVE_LEGITIMATE,34
0x2326a34d0d5508952b71470ca33a08e1ecec9d43,control,TEST_RIG,5
0x232727519e838b25e17cb0177322e634a82ac6f9,top_volume,TEST_RIG,808
0x234864febc3ad18fc99620c576729bdebfb62bcb,active_legit_candidate,ACTIVE_LEGITIMATE,252
0x2367a3919969e8bc13c46e62932d1630d5ada5bd,control,GHOST,1
0x237371f8b372a02b58fb430eb564b7c5cb936f75,active_legit_candidate,ACTIVE_LEGITIMATE,652
0x2383fd140375d542d6d3ae98dc2911bf02b9fbf1,top_volume,DORMANT,116550
0x23a66138a8e86673a1d77697fcc7681b64a93b04,control,GHOST,1
0x23d931f95831cee50b5f5edf4d0e88270f6c8411,active_legit_candidate,ACTIVE_LEGITIMATE,316
0x23dd212673be4f7713189881ab53dd58ea6ca0bb,control,GHOST,1
0x23f1bb9b7227fd4da8a720225cfa094ba2a2606a,top_volume,TEST_RIG,7
0x23f670caa73fd66cf5c5927faf7a6f8fa61fcaab,control,TEST_RIG,19
0x244ffbc6494a5e5c38496a2b6646c60c086bcab9,active_legit_candidate,ACTIVE_LEGITIMATE,2451
0x2461392b378301c118988896b1edae15072fc439,top_volume,DORMANT,7558
0x247aedb5987a98cd9b5b345e6cac9cfcc66df955,control,TEST_RIG,12
0x2488c553fb6514099dc825e4360f507c44d88f31,control,TEST_RIG,13
0x2489e2d8c275326e52d72db91c686ce4c6e37a0f,active_legit_candidate,ACTIVE_LEGITIMATE,136
0x24b477ba3d5d0674c03d057e2e3ce91fec66e5c9,top_volume,DORMANT,79
0x24ce1e39d514e235bf1245694686ed3aea711005,control,GHOST,1
0x24d231d18e12b657002ac544de31952760ec4979,active_legit_candidate,ACTIVE_LEGITIMATE,23
0x24d86b64a47b3d18ffd69435d8a5838bfa81a624,control,GHOST,1
0x24facafeb49b4e3facf0b3e69604a2f4640c9bf2,active_legit_candidate,ACTIVE_LEGITIMATE,1216
0x24fe6d494ae5eb70b9dc61a08d2dcb100837cc70,top_volume,DORMANT,8904
0x252db923376a28a8160a14e8580b7cfcf7f55976,control,GHOST,1
0x2533e086f63c62cdb9354f1addada80e31aff233,active_legit_candidate,ACTIVE_LEGITIMATE,71
0x254a0e18f16c40ed2df3096cf7364d788bed083d,control,GHOST,1
0x25668fc2a098057ad6621a9dc6f126a23a554938,control,TEST_RIG,5
0x2580556bebc20bf4ef1054704d1f3b3d57078e87,active_legit_candidate,ACTIVE_LEGITIMATE,111
0x25a996d578829a671c747508c5b0521295b596c8,control,TEST_RIG,5
0x25dedc3166b22eaab05aa65fe18af9aff35f9ca7,control,GHOST,2
0x25ed717c72ee305ecbb3eb398371bec967c7f2ac,control,TEST_RIG,10
0x25f3f8518fcca98a99ea08c02e15b5309144be5a,control,GHOST,1
0x25fc36613c2f353d7388ff21c1114fa7008a2899,control,GHOST,2
0x260e18591371a6e7a3da0ac5f9d47ff06508b61f,active_legit_candidate,ACTIVE_LEGITIMATE,46
0x260fbe1ec46968ee02e5b972507d7bb7f09f82b0,active_legit_candidate,ACTIVE_LEGITIMATE,1169
0x262700f2ee1458df9bb71ae6e7807924dace4451,control,GHOST,1
0x26338ad8ef7da7dbaeece6e16abd916baf132223,active_legit_candidate,ACTIVE_LEGITIMATE,4493
0x263571041e091f3db7aa10eccee21432446d72a7,control,GHOST,1
0x2646c377ea6d171e230fa64d0377466746969dfb,active_legit_candidate,ACTIVE_LEGITIMATE,404
0x264f79fdb67714db31e383e733aa1db5f6f37a91,active_legit_candidate,ACTIVE_LEGITIMATE,31
0x2667cb8d201c88d81548ae649bfaa8d86b4859b8,top_volume,DORMANT,82
0x2670b922ef37c7df47158725c0cc407b5382293f,top_volume|active_legit_candidate,ACTIVE_LEGITIMATE,1573
0x26b354827942a0802552e433d357c78d78d2e987,active_legit_candidate,ACTIVE_LEGITIMATE,176
0x26b38245ad5fb54f4618c92cfd850b2e8754a9b0,active_legit_candidate,ACTIVE_LEGITIMATE,612
0x26bbf0f6bc7a6492e4029327f2ef7c1363f9b4f6,active_legit_candidate,ACTIVE_LEGITIMATE,123
0x26e4f8d6629d24564564c262815ef2d0039202b0,control,TEST_RIG,45
0x27359b3d5081b5cd150dce32b4580c9cb79100be,control,TEST_RIG,7
0x274a1e66972780f61176f2e25c49d8c1b8d925b0,active_legit_candidate,ACTIVE_LEGITIMATE,44
0x274b2611b6e637638f96cc32109922b0d92ed78a,control,GHOST,1
0x275771a0aeb2b058728dbcd39170cb294e5ce316,control,GHOST,2
0x27599d824bbb4f506f985af865d840f61ba848c8,top_volume,DORMANT,26539084
0x276c5dca140291c9083513355b39f0dd8776eb01,active_legit_candidate,ACTIVE_LEGITIMATE,266
0x27753037882b16ce9cf17b77c2b3621f702f8882,control,GHOST,4
0x2793a916ddc38ea5e26c4d1576d31aaec229d696,top_volume,DORMANT,2442
0x27e7fdcc23b6c1b91337eeedeb8f1439b766d8bc,control,GHOST,1
0x27e8869c765c4acb8e3c791b0eb632526d21fe90,control,GHOST,1
0x27efee9a9870e3c957f9b54e5a842e049cbff004,control,GHOST,1
0x27f1ca0cf425f3a64dd6d7a95f75f8f5907bf72f,top_volume,TEST_RIG,127
0x27f2ffd93d8ac4cf13141390b104db8abb1e841a,control,GHOST,1
0x28420b549be2a36f7c7c059240fc1fd1d70d5702,top_volume|active_legit_candidate,ACTIVE_LEGITIMATE,326
0x284af3601e54fabc57c5fbd634c21820e299c90c,control,GHOST,1
0x284c49f3a65e691221f7ff4dbd1fffcce134e104,top_volume,DORMANT,71
0x287b7bf6124d42f7ca0a5e7f74bc4243f5cbc732,top_volume,GHOST,1
0x28d455d70a3d2d2adf50f8a966483341f365a5a7,top_volume,TEST_RIG,120
0x28dc25bf88bf06fc0a3af1747d1aa4a21f313ed0,active_legit_candidate,ACTIVE_LEGITIMATE,145
0x28f369806b6d1dd48f53efd85d71aa313c7cbcbc,control,TEST_RIG,10
0x28ff8d6664b9a612acd26e9bb04b737c8b887cd6,control,TEST_RIG,6
0x29273a33aaf39670ff8271aba9251f099cbe771a,control,GHOST,1
0x29322ea7ecb34aa6164cb2ddeb9ce650902e4f60,top_volume|active_legit_candidate,ACTIVE_LEGITIMATE,163780
0x2940abe6cee08195d3e8ba8104894581358e8a09,top_volume,TEST_RIG,124
0x295bd155ea274b4955395724012cf7e8d4d478d2,control,TEST_RIG,7
0x297766959cf016afedba42a43d86a5d902d21296,control,GHOST,1
0x29ce2755fc98952528c2eb7f2fb9e496dec0f88c,control,GHOST,1
0x29d7122eb8b37206f71b318200469a9189ca274c,control,TEST_RIG,7
0x29ef82b3cf12c6e71fcfc4cc40678e1b02f95a91,active_legit_candidate,ACTIVE_LEGITIMATE,111
0x29f1ec7447eb9f1d385588932917ebd483084fa7,top_volume,DORMANT,32
0x2a0021ee12ef45601fea0b16ecc00e759e846ae3,control,GHOST,1
0x2a02ec1256daed3cc2422f87df5c00f68846acd4,top_volume,DORMANT,9270
0x2a1f0724765f5266f447cf8ba3a61a7fa7b25c35,active_legit_candidate,ACTIVE_LEGITIMATE,102
0x2a47e248ee3b5f3e680b5f6b5832e5ef1206b7e3,active_legit_candidate,ACTIVE_LEGITIMATE,140
0x2a4c2e75610c210d9fc5800d588702a3193efe3c,control,GHOST,3
0x2a5075a5b7d8e652f2d6e103e1dd4130aae0f089,top_volume,DORMANT,31500
0x2a835a505d4ea32372cc420d2663b885ce089453,top_volume|active_legit_candidate,ACTIVE_LEGITIMATE,414
0x2a8fd2c21fcf42d5705010d266266c6c3cbc4cbb,control,TEST_RIG,9
0x2a9d83aaa5d4985ef4b958629468fef4f6e86231,top_volume,DORMANT,6735
0x2aa59f30f4eea0e7406721d29de7f6012570df25,top_volume,DORMANT,9180
0x2ae7542f91ae6ba1761422c817d35d8ddaf77e9d,top_volume,DORMANT,271
0x2b000a173227d53cfa2407ac48cd13137251b4a8,top_volume,DORMANT,9336
0x2b0d2dc5241be689a70355dcba8439ded3e20953,control,GHOST,1
0x2b60e27be6bf979de4ed769838a8ddbb8afe7392,active_legit_candidate,ACTIVE_LEGITIMATE,416
0x2b6d4988db4723e6908db86ab2b8dfbc51fc32c5,active_legit_candidate,ACTIVE_LEGITIMATE,4668
0x2ba62f69b18fa2fc4a01fd0b8c14219f7913c51c,top_volume,DUPLICATE,244
0x2bb72231eed303cc91a462a1fa738b42b6a9ac6d,top_volume|active_legit_candidate,ACTIVE_LEGITIMATE,877880
0x2bc07be9c73492e283ebec0c6706102e55befc93,top_volume,DORMANT,4160
0x2bd0aec63aa0fb17219fe7c7ea0f0b7d64b87625,active_legit_candidate,ACTIVE_LEGITIMATE,12897
0x2bd0d37ad5aeb2645708d9fbfb1e24579caec141,control,GHOST,1
0x2be7d5bfbe7bdbb63e5c83f3a663aa05b29f77cb,top_volume,DORMANT,68
0x2c241195dd94ebc926e08649dbf27e8ea6e50b09,control,GHOST,1
0x2c42e7ea941756b0953be52a34fb696305d90412,control,GHOST,1
0x2c4b1329e955d4eaa1437d7f265e0422bb8d3313,control,TEST_RIG,8
0x2c6be964d6effce6a4adc69ba5916ef764a8f203,top_volume,DORMANT,406
0x2c802dc0699378a22b1d303055305bf291de3d87,active_legit_candidate,ACTIVE_LEGITIMATE,32
0x2cc97f5fbc5f5a22b014d08999cafb63a6c407bd,top_volume|active_legit_candidate,ACTIVE_LEGITIMATE,1610
0x2ccf912fa3598e8cf0393ff782316212c65c8ec4,top_volume,DORMANT,268
0x2cef1a7dfbbd0a702548e71c8f875988a068daf5,control,GHOST,2
0x2d0e8557bd066a76125ac506af4b8ef6d520bd0e,control,GHOST,3
0x2d0fa73a83699029b1608ab17e12792f1b31c734,top_volume,TEST_RIG,646
0x2d14771682abdbd16cc9b9625634f11218de89a0,control,GHOST,1
0x2d1a8aa47340e76e872cbc43cf6b429c80dc4174,control,GHOST,4
0x2d3af92df6129878509f152e531e1bec2b34c423,active_legit_candidate,ACTIVE_LEGITIMATE,153
0x2d3f2374b48c4010177a52c2e8208e4340282913,control,TEST_RIG,15
0x2d5349ec8ed433c063eba3deb77a387add88d8a3,control,GHOST,1
0x2d5de05b890db6c661c5c992d042606994a30042,top_volume,TEST_RIG,130
0x2d7e20590279a77de8ebb6ef28cc7b140f35390f,control,TEST_RIG,5
0x2d972790de1ba8ed516925e473ab112b83794a40,control,GHOST,3
0x2dd94d7cb82cb882e7599f020661a77adf9fdaf7,active_legit_candidate,ACTIVE_LEGITIMATE,124
0x2df1aec598a104fc15e80c0b60e50c497559a980,active_legit_candidate,ACTIVE_LEGITIMATE,93
0x2e177bfda216af3b522dc15dd10c02b238c68a22,control,GHOST,1
0x2e3917c507cd2f8d77cf0be57d9de4a00ebd7b65,control,GHOST,2
0x2e3ab1b1519fdd3270cffb23ea72dfb858cb7720,active_legit_candidate,ACTIVE_LEGITIMATE,155
0x2e457c7251d10bcf97639a8be3ccfe861afa7697,control,GHOST,4
0x2e72fa7c2f6ee084dde88eed79cc6a49d0a788ba,control,TEST_RIG,8
0x2e77bd054327568024ec8e0633406cbe2ce02ddd,top_volume,TEST_RIG,67
0x2e87ae5ab4d061c1213c70dd58b0cfb9c955753d,active_legit_candidate,ACTIVE_LEGITIMATE,430
0x2e9be76f7a90b796f3b33f6b2056e0b869a6e86c,top_volume,DORMANT,210570
0x2e9d5ae3b6e41892b7a642ff81b91b6c1efb2f99,control,GHOST,4
0x2ea515be7dfdb274cb5d65328518094dfe4a933a,top_volume,DORMANT,364
0x2ea72806a7ba339c5e99c670bf967354fd4852f3,control,GHOST,1
0x2ea82c7997b15c9f5a30fb702b79b87b3c94d15c,top_volume,GHOST,1
0x2eb80b9c0408ae0acdafb29a5f769c51402fe80f,control,TEST_RIG,10
0x2ebba00ed8a9f5795f5870801b1dabc5f4bd5169,control,TEST_RIG,33
0x2ebc005320ad70490eebbd752eaeef08e0a881c2,control,LOW_ACTIVITY,8
0x2ec4545f96a24876764bf2b04d54e66a1351be71,active_legit_candidate,ACTIVE_LEGITIMATE,2263
0x2ed5ee00568db0acaf29041b475c0633a92585ef,active_legit_candidate,ACTIVE_LEGITIMATE,369
0x2eeebaf2046fc213f037ece8bad699c855318863,top_volume,TEST_RIG,128
0x2eef36bd4ef5c6520b520e407eb8acd9e56881f5,top_volume,TEST_RIG,131
0x2efb2316ca9d0768eb3e0f71d41038b40b49df1d,control,TEST_RIG,10
0x2f1241c0b04ecb2e23e857e8a6b1bf60040102b2,control,GHOST,1
0x2f4577c117fd3b1d2cc4295946cf0abb6754018c,control,GHOST,1
0x2f6f88722f27a6c21de8c5739ca9bce11a3da3c7,control,TEST_RIG,6
0x2f8ef721929ebd4ff0bca2236cdcd99307a3420f,control,GHOST,3
0x2f9626624a566fec77719ae826d511d34932c3f4,top_volume,LOW_ACTIVITY,54598
0x2fa11d459c8e2855ab69236b165767513bdeda5d,control,GHOST,1
0x2fad0970b4a60aaa93bc2379d67e85f6f612e8e7,control,GHOST,1
0x2fc54c873470ad738307567c721782f76a32c166,active_legit_candidate,ACTIVE_LEGITIMATE,50
0x2fe28ddb76d6147d5888b1b725b0f2237676e7e6,active_legit_candidate,ACTIVE_LEGITIMATE,120
0x2fecabdfc849c76fdc28ca13aa0ab392753ef35c,active_legit_candidate,ACTIVE_LEGITIMATE,198
0x3000c7b212974e3479f608fb2d7d9788b3126dec,top_volume,TEST_RIG,129
0x30066b7729bdb21253500af2ed66c679fb456855,top_volume,GHOST,1
0x300f2e067af664dec20d474081577ae76367f026,top_volume,TEST_RIG,128
0x30170f8da079f124cd12f0c2124df027661ecaa7,top_volume,DORMANT,192
0x304dcefe091bbceed3e51cb6caf3fdee5bd81a63,top_volume,DORMANT,6708
0x3052a46086e3cb81308ed22a71e5c172b513a66d,top_volume,DORMANT,194
0x3070fbb3803819fb5bdfe9286fdc6325a877fa85,active_legit_candidate,ACTIVE_LEGITIMATE,3200
0x3073640574a365b4b038b0fe8b44ad4291b27898,control,TEST_RIG,5
0x309fd902b4b29905c8493c94a569673e1d6dc0d3,active_legit_candidate,ACTIVE_LEGITIMATE,52
0x30a83c52aa03312ec69d8d17f1c8c01a4628fa2d,top_volume,TEST_RIG,316
0x30c2282e7e238a977ec710cf67a5d1e1a1bfe85f,top_volume,LOW_ACTIVITY,6
0x30c918c1daa192ff63e92bfeb2800fcb7f72d94e,control,GHOST,1
0x30dd2a469688c1005797ea0b234dc5ee1c62df30,control,GHOST,1
0x3120fb79f48d220704e49ba2df570d233e8f122e,control,GHOST,4
0x31549664de8786ff4c7a7096d206b48525cba50a,control,TEST_RIG,8
0x31692fca6ea86c9ca04ffcdf939f5e4ad8f586f4,control,GHOST,1
0x3171c3224e8ca3c3d9701a762d7f6982fe3ab75f,top_volume,DORMANT,262
0x317e72b253de22433c6ec56e07bea60e90330ff9,control,GHOST,1
0x3186f32137889f551d89dd8940ec10af5ce023d1,control,TEST_RIG,7
0x318a4b4764eb37c3fcbce434713128143815fd57,active_legit_candidate,ACTIVE_LEGITIMATE,34
0x318a8bac69c4ec1f9e489ce223b7ce2d719bcd3b,active_legit_candidate,ACTIVE_LEGITIMATE,130
0x318ba8ecab694084d3cdc252cbec17c4df1fef47,control,GHOST,1
0x31c9f4655b7303bc2254abd0e181329a6f406ef4,control,TEST_RIG,5
0x31d9da5528999e222f73579380a476847a8ace71,top_volume|control,DORMANT,60663
0x31ed220fcb1e937c6d400a0305cce54884d51108,control,GHOST,3
0x31facdd5e9d8cb30aa82c3e6daa95e0465fb1d31,control,TEST_RIG,9
0x32164b42634501bb0ce3d927b360cd28a8697c5a,control,GHOST,3
0x324b7d339de8de5a0cd937128323076a1b5d75b5,control,GHOST,2
0x32503789e49e0dbd1b8d2950e21430b02a336056,control,GHOST,1
0x325bd88797f7d2033349184970f7dd1afbd48aa8,top_volume,GHOST,1
0x325bdf6f7efab24a2210c48c1b64cab2eae1d430,top_volume|active_legit_candidate,ACTIVE_LEGITIMATE,551522
0x32677a0970d16c085224e85a6b2bcfb1f1fe9cf3,top_volume,TEST_RIG,120
0x326bfa0e81e1cedddc9c89efecfb5bcabfc94f5d,control,GHOST,1
0x326d68317b10bb554899e5fc8a9d9ac19245f9a6,control,GHOST,2
0x32793f68dc2ea26bbc75eb900da120069e8b6d02,active_legit_candidate,ACTIVE_LEGITIMATE,70
0x328931d883694ac7ea3df5582f848fa3302de5d5,control,TEST_RIG,7
0x3291e96b3bff7ed56e3ca8364273c5b4654b2b37,top_volume|active_legit_candidate,ACTIVE_LEGITIMATE,913
0x32984663a11b9d7634bf35835ae32b5a031637d5,active_legit_candidate,ACTIVE_LEGITIMATE,5980
0x32adc252447b066af6cb8be4154cb6885d968af9,top_volume|active_legit_candidate,ACTIVE_LEGITIMATE,10093
0x32cbc1f8b5cb60f66d34c7facf95e826c2945a8f,control,GHOST,1
0x32d19f868559ac212555b41c0eb35fb2eecd7877,control,DORMANT,14
0x32d831cd322eb5df497a1a640175a874b5372bf8,top_volume,DORMANT,742
0x330b994869a5c64244f35bca9d7ad7d33c92c7ee,control,GHOST,1
0x338d8649efa45b940d6656030faa58d9d01e6983,active_legit_candidate,ACTIVE_LEGITIMATE,34
0x3396ace6eaacafc4ff6b85c766e4272a0f9734b0,top_volume,DORMANT,18651
0x33a7eaf21fa06ac36bd52542b1d08e93bf29b62f,control,GHOST,1
0x33d96b613241ad99b3b7561c3cdbdff02bb13160,control,GHOST,1
0x33e12ebd2a22674cc26e15da6399de25c9f7cb61,control,GHOST,1
0x3413eda8acab4f259c0e107aa06e564a04e61707,control,TEST_RIG,5
0x34226cb61f1dc0a7016bc91e27ec1f9dc319efc8,top_volume,DORMANT,32
0x3428a11e60ba8a8ab4b9d410d54c5a3ab78de72d,control,GHOST,1
0x3471dd1f00857cc514f56f24f284c6fc87b2af7e,control,GHOST,2
0x3475712490e45476d716a4ac4030f8dd0c9c66aa,control,GHOST,1
0x347e8c28908528d835e975507d943033ae3b578a,control,GHOST,3
0x348b55330134f49f1e20a625f86c625ad10e6c19,control,GHOST,1
0x348df429bd49a7506128c74ce1124a81b4b7dc9d,top_volume|active_legit_candidate,ACTIVE_LEGITIMATE,19012
0x3491b5b39f9446a3428022416412cb7a77252cff,control,GHOST,2
0x34a0b5536fee2b0173673f5163c1151c7ca21071,control,GHOST,1
0x34a2c31888db8b2eae797eb4f5eb4f89f09ba801,active_legit_candidate,ACTIVE_LEGITIMATE,72
0x34adda5236c7a2979c1e500dd6665bdbb4db688b,top_volume,DORMANT,5900
0x34b88c0ed74b6fc6e9cafcb09205237e5e1ed66e,control,GHOST,4
0x34d3ed2c5fc6d6a0f25d1aad77193a8aa88a52b5,active_legit_candidate,ACTIVE_LEGITIMATE,309
0x34f1940c05963c9625d0b3679a4444a1474f4bae,top_volume,DORMANT,3668
0x34fc5cad6e2b8bb88d7af4a3a352297457f8aa47,control,TEST_RIG,36
0x35097cdf02b5e8e810673406f01f54f387d625e2,top_volume,TEST_RIG,1418
0x350b1d06235b19a84afa2a7feb0020217981375b,control,GHOST,2
0x3527b361d6107d66e1fbfebcb3a69480bd98b8d4,control,GHOST,1
0x3534f05eec4d38d4f2a7df64077b49588432b05b,control,GHOST,2
0x35458ee3bafb624c882a7133efa4d8eee89581b0,control,GHOST,1
0x358d6ba8ae1ac45357af19772f37cc2975589050,control,GHOST,2
0x35bdde2e5f25418c4a630751603c991138af5253,active_legit_candidate|control,ACTIVE_LEGITIMATE,11613
0x35cd5d08f6c418ac8c035d433fade12f857e7466,control,GHOST,3
0x35cfcd16de916c019341b0343106db5cc7b583d3,control,GHOST,2
0x361c3b8fd6fb854939aea2c27eb5d7ddb6ccc8eb,control,GHOST,2
0x361f34111aa4afc4e3bc659e4d0742d6910f54c0,control,GHOST,1
0x3651b1e603d703aa1d090160c3b5308110fa0fca,control,GHOST,2
0x3676745f2e82c9d5924c199e225e9e64867efa9d,control,TEST_RIG,5
0x36943434b45e7bfa53e600fe750010fd0d4d4871,control,GHOST,1
0x369bf9db1aa335d3d4cd18fa3a8ce4b8fd25111c,control,GHOST,4
0x36aceef0f1e299b9f39495063dc817951ed5e75e,active_legit_candidate,ACTIVE_LEGITIMATE,58
0x36c536d824930353202dbfabe431c2ae7473b627,top_volume,DORMANT,4012
0x36dc33e13f6a59a6561f1c91c34e3525422c534c,control,GHOST,1
0x3726e75efd9e87f2ab1f846e8f7bc024c3218e1d,control,GHOST,1
0x37643e0af6f070067af62ed7f7eec1ff1aa40ecf,control,GHOST,1
0x37792eb0cde1a78aeff5464f0ee8e5f57891cee7,top_volume,TEST_RIG,124
0x377d5357eb29cac8f53065788ac03b51f9103ddc,control,GHOST,1
0x3799ec1f7fce7902a59e9c5bacc6b17133cd5196,control,GHOST,4
0x37c967e26388e87e6c436a816a829ed92e67acb2,control,GHOST,4
0x37cc590f6a424f1f39edf0f9ea74d2d480891019,control,GHOST,2
0x3801cd9bce3130ce1dcce0502bcdf65cabd18d35,top_volume,DUPLICATE,193140
0x3803a19280deefe533d177c4a169412bd341101b,active_legit_candidate,ACTIVE_LEGITIMATE,2014
0x381c4826414becd554664958f0462ccb5c132447,top_volume,DORMANT,3676
0x382195f033bbff2f6b00ba31a0051c17c44e7d9f,top_volume,DORMANT,3660
0x382770680fc798f33b8ab1fe3e164fc754bced25,control,GHOST,1
0x38329f3eb15ba1d11190305633f8c7a9fb156b43,top_volume,TEST_RIG,128
0x3854dbd81b423a98ae803e5fe7ac611eedea0a0c,control,DORMANT,442
0x3863f3611ff0cf23af3983266a8f950610436c2b,top_volume,TEST_RIG,128
0x388350088ab992f8de293a6b2575645873d2e47d,control,GHOST,1
0x38945252650b3ce65883bd853e585e4ab496aecb,control,GHOST,1
0x3896b65fcd07430444cd5f7db218515bd2256b27,top_volume|active_legit_candidate,ACTIVE_LEGITIMATE,11723
0x3899807f59f4749c56b88b5710ec348c81d3b258,top_volume,TEST_RIG,253
0x38c063312719220c676e988f0dee14b4ec0e44c8,active_legit_candidate,ACTIVE_LEGITIMATE,1417
0x38c9f689274e2fc3ae360744ef88ce212077a584,active_legit_candidate,ACTIVE_LEGITIMATE,131
0x38d9cccc4793d02f2d88ef520f8a68b85c7b5e4b,control,GHOST,1
0x38ea7c4753aff17cfdbc54f9e572904c8ca50c4c,control,GHOST,3
0x38eb82bec9f95b1ffe2c7a6b915b8514a125fd72,top_volume,DORMANT,784
0x39200897d196993aa58ac9b4feed67b3fb7901d1,control,GHOST,1
0x39225d40c7a7157a838eccdb05d09208d47fd523,active_legit_candidate,ACTIVE_LEGITIMATE,222
0x392a8040b1e204410936d3019b7ddb773172d2e6,control,GHOST,1
0x39341bceaf1f1d2f532dae1bb66b503b7289fece,control,GHOST,1
0x393a5239cf25071873eb3c2ff4dae7aab253288c,top_volume,DORMANT,9564
0x39404677918ba6b9e4f7cfcc4ea7d78ac4367647,control,GHOST,1
0x395ae8aac8ac662a2b3406acf7ee1b7c69d81bf7,control,TEST_RIG,31
0x397b06c977e6e0c2c0b19776e00cb56984ba8abf,top_volume,GHOST,1
0x397d69b991eff75b87bc836a3472a9bf97e5f52c,control,GHOST,1
0x39ced1cb242c1f3b35df8f1c10b0192187771682,top_volume,GHOST,2
0x39d1fbbd388518253228d54d17adc269af1595fb,control,TEST_RIG,5
0x39e10e5f431b26cae3d7d0a39aef86055d015d8c,active_legit_candidate,ACTIVE_LEGITIMATE,116
0x39ef12d2fd0ca5b9d1dcb51cdfb36e5853e57706,control,TEST_RIG,5
0x3a07ba7357c5c7a626d2fc0255fed93617933a60,active_legit_candidate,ACTIVE_LEGITIMATE,316
0x3a2d30f58a14aa77dff096fa6d6da999185470a2,control,GHOST,2
0x3a3f924fc047af1f6c3db241566d8df620c386f4,control,GHOST,3
0x3a6d17230edc79eefd53d0ccacb374f63866682e,control,GHOST,1
0x3a6ff13c858dc344139edb0549ec7dbd3dc32530,control,GHOST,1
0x3a7292b88471691946d8d8856925e22246bed743,active_legit_candidate,ACTIVE_LEGITIMATE,28
0x3a9a7236236e56d03c2bdfde6d23765eaf191aea,control,GHOST,1
0x3a9e4ff93077d07b4c27df1f61a0933ff2ac990f,control,GHOST,4
0x3aa7700c7a68e3e63645ccfaf4d98aff29ed115d,active_legit_candidate,ACTIVE_LEGITIMATE,254
0x3ac46390d57d36a9a0bd2221635d41901dfd0e35,top_volume,TEST_RIG,195517
0x3aecc52ed57ff4432f47cbd166cb05b96241f91a,top_volume,TEST_RIG,123
0x3b04e52412497fccb94a6530ffa98a45e956f780,control,TEST_RIG,5
0x3b603bff11d244b3d47400398a3235f89fa1344c,control,GHOST,3
0x3b8852cd9846d29d5b7f1927f02c41b3526dcf0f,control,GHOST,3
0x3b9ce6236f3973ae3f5be1b630c76e5ea1153ae9,active_legit_candidate,ACTIVE_LEGITIMATE,92
0x3bab87e04d68c09326e8689131f6bbb842340cb2,control,GHOST,2
0x3bb4a7046bd79339326c12c6ec496490256152c3,control,DORMANT,17
0x3bee95763e9ea0acaf59b282653ca29cf6d26340,control,GHOST,1
0x3c0820e2dabd5feae1fd03b78079dee15c7f83d8,top_volume|active_legit_candidate,ACTIVE_LEGITIMATE,1123
0x3c4425e822b51c9fc817d9b0e868242d8892cd4a,control,GHOST,1
0x3c5f3a6ce224bb89d72f5eb4232ecc27f67b3eea,active_legit_candidate,ACTIVE_LEGITIMATE,4479
0x3c72a79f1f8821fa231ba18a77a9446d9eea212f,top_volume,DORMANT,1826
0x3c74ce3f8566ff04b312320e7c264a691c409992,active_legit_candidate,ACTIVE_LEGITIMATE,786
0x3c81a9f02e1cac665972ca51bb22e5c9d6cbaf79,control,GHOST,1
0x3c94f5bcb68bcd118f0749bd92bb71a3ac21812d,top_volume,DORMANT,268
0x3caafb0ad4230f519820b531d80a40feeed290db,control,GHOST,1
0x3ccbf51a75dfb347ba746d7cb81b47898a6cc125,control,GHOST,1
0x3cd831eacb67c73bb54002668c008b761063bdc3,active_legit_candidate,ACTIVE_LEGITIMATE,68
0x3ce4697a59c116eed246902f45feff9d4c464b1d,control,GHOST,1
0x3d2bc0c92d7e47893b100d888db44f2fc12efaaf,active_legit_candidate,ACTIVE_LEGITIMATE,25
0x3d44e1dee133aaed014254bd1ecb95c64ecc964f,control,GHOST,1
0x3da40a9ad36640a2c0f533bac368490095574664,active_legit_candidate,ACTIVE_LEGITIMATE,264
0x3dcbef58b30fac60a897cd4ed1daed5de33b32e1,active_legit_candidate,ACTIVE_LEGITIMATE,5630
0x3ddf5ba0e1897874c01bdae3016bfc972907a5d1,top_volume,TEST_RIG,10
0x3deaa70f75df6fd600c6c7ae8636b3992d80790b,top_volume,DORMANT,67
0x3e1272b420ae23acf04757a73fd8f6d51e4e10f8,control,GHOST,4
0x3e326536f6cd3c89a7c8fe05e6392ec3d085efa8,top_volume,TEST_RIG,128
0x3e3f3d8b3442e81662e1464f29e1f06d8d846611,active_legit_candidate,ACTIVE_LEGITIMATE,53
0x3e443b38bf685bf83c8331d27c8857f6be0bdbc0,control,TEST_RIG,12
0x3e4707f8fcf8887d76683e74cbfed1ef9fde0920,control,TEST_RIG,16
0x3e471476509ae234a5546a0805fa5c4b9007c76d,control,TEST_RIG,11
0x3e8ee2f0294388bde8bd10b5a2e8e8ce79f04a53,top_volume,DORMANT,411
0x3e9fdaa7c04dcaabd2a509344c68d170c048fdb8,control,TEST_RIG,7
0x3ea7633bc1fc34d44971208af80964d372f89728,control,GHOST,1
0x3eb25deb43c0392bf9683bb5fd9871715a37e81c,control,GHOST,1
0x3ec1461619e1456e353019bd7bec901c7e91f43b,control,GHOST,1
0x3ec5dea9805700ca29e8ed4866ed226eccdf1745,control,GHOST,1
0x3ede4dd8048bbcbe5a9126a7b405a615cdadd839,top_volume,DORMANT,1590976
0x3f0a7f839619d578b8eeed741c26f418b8e98e97,control,TEST_RIG,13
0x3f1423bb36453abd778987109eca94c15a08146d,top_volume|active_legit_candidate,ACTIVE_LEGITIMATE,3833
0x3f17ae7d36d77ca0b8194144f5763283d17e7955,active_legit_candidate,ACTIVE_LEGITIMATE,562
0x3f4cee4c6bad04fcca3138dffdee579ddf17049b,active_legit_candidate,ACTIVE_LEGITIMATE,100
0x3fc3bfe0e28824cdc964b8ba3ba97ac3c8d8ffb0,active_legit_candidate,ACTIVE_LEGITIMATE,347
0x3fee1376dfca4ee59967f0480b976b8df755a0e2,control,TEST_RIG,9
0x3ff172a6c66b75dcbb74e91e736c5d595f62ea64,control,GHOST,3
0x3ff35e6086c115506beb35c5adf56e4c4995530f,top_volume|active_legit_candidate,ACTIVE_LEGITIMATE,768
0x400d65bb174c546ed92f5d61ce21fbde96b8bacc,active_legit_candidate,ACTIVE_LEGITIMATE,59
0x4015655949971877b468534853bf8f9994a3cf91,control,GHOST,2
0x4020806089470a89826cb9fb1f4059150b550004,active_legit_candidate,ACTIVE_LEGITIMATE,258
0x40272e2eac848ea70db07fd657d799bd309329c4,control,TEST_RIG,7
0x402b79ecb8c09348739e17efc14768066de645fe,top_volume,DORMANT,212
0x4053338c7cb38624c0bc23c900f78cf8470b4e38,active_legit_candidate,ACTIVE_LEGITIMATE,394
0x40a8cdd6a10ec1a8cb3dfb2834675e7a2cf4ad8b,active_legit_candidate,ACTIVE_LEGITIMATE,35391
0x40ae492ecce20244f450131d9e82d8305dc06a43,control,GHOST,2
0x40b62aa49f4a929760fb2dd0fcb0642f0aa872eb,active_legit_candidate,ACTIVE_LEGITIMATE,47
0x40b70851ee5853363a89e635ad788a56fd409666,top_volume|active_legit_candidate,ACTIVE_LEGITIMATE,1492
0x40bf580551f40f33d05ca96a750dbe6fd589bcb0,control,GHOST,1
0x4111538eae056e6f521a81ea409bed50d23293b9,active_legit_candidate,ACTIVE_LEGITIMATE,63
0x412e0cc06449b9dbbe45fd0bcf7d10370134c866,top_volume,DORMANT,7660
0x416c027c9b537c49d6e3fd4ddf8714050ccaff23,active_legit_candidate,ACTIVE_LEGITIMATE,20
0x418f691013aaa14000d8451fd2ed1980a57426f7,active_legit_candidate,ACTIVE_LEGITIMATE,35
0x419229c67761efe3b3b9072cbd6c6161bbe3a356,control,GHOST,1
0x41adee1eba2c276be5e8cabe0ce523e4dd792170,active_legit_candidate,ACTIVE_LEGITIMATE,1572
0x41e11dcc4dc91a5af0064e66dfa17e2e7257a888,control,GHOST,2
0x41f7a833d2c7edcc0dc69d9e4745a1db24f78b4b,control,GHOST,1
0x4200ab5af9e541b6a89eb39eef3140f83d9de8b0,active_legit_candidate,ACTIVE_LEGITIMATE,1504
0x42100721ba7a01dfc4a79f295f02c798ab3f15e1,control,GHOST,4
0x42455e0fce06f84a2a76de71793aa228ec7572e1,control,GHOST,1
0x42583eb015ef7b9183a8cb71438fbf4519b9212e,top_volume,DORMANT,1321
0x4261701a4ddf4625ebfa80ceefb5b3b2b5453b2e,active_legit_candidate,ACTIVE_LEGITIMATE,248
0x4283ab2035c5f52112fe48f39f18085791190a16,control,GHOST,2
0x428b2bc1c24fe86acfbc636c11b125618754ab7e,control,GHOST,1
0x429aa94dd68f6b3509b3d164f4a19d96d22eefc8,control,GHOST,3
0x42c7401ddaf2db018335e9089961a2cbe8521e84,control,GHOST,1
0x42f125bf7d6ca0b2e8dd9edd851b58a87bce7e1c,control,GHOST,1
0x430f3cae6146342f45053342b0653cb7adbbf488,control,GHOST,1
0x431e58fa976e50b0c4a9c8023c8700092d6a0bdd,top_volume|control,DORMANT,186
0x431f4cfcb932f4c44f82a674589b3fb836300cc2,control,TEST_RIG,25
0x43564da57cb7cbfcf30e01f9e6c01ad2e5891c9f,control,GHOST,4
0x43698f9ac149d327ed0e56082a460b90549e1ce7,top_volume|control,TEST_RIG,1360
0x439860417871ee23212527b24fb538553ff5af3c,top_volume,DORMANT,59516
0x439c1693ae294cd05ed0d9157e7cf65d4f50b09b,control,GHOST,1
0x43a2a720cd0911690c248075f4a29a5e7716f758,top_volume|active_legit_candidate,ACTIVE_LEGITIMATE,270936
0x43c805cbdaed097dbbcde780d69a5afe80677cb4,top_volume,DORMANT,61635
0x43e4da31d3a47b79d6b6c25beaf7b3d70bb3facd,control,GHOST,1
0x43fbed103c70120907e6446a6b1ba15a53ccaaac,control,GHOST,1
0x4414483452702b268d2b8e7de6791e3e75e9113f,top_volume|active_legit_candidate,ACTIVE_LEGITIMATE,882
0x4417f43ca70e31888e16f505e4693583f67b88c2,control,TEST_RIG,10
0x4451fb788a14d02bbf28d017deccce192c7442db,top_volume,TEST_RIG,124
0x4458d7ff8869dbcba56b710fc09f17acb170b68c,control,GHOST,1
0x4465825b0ac713aa2fa07ea29023020804a128ee,active_legit_candidate,ACTIVE_LEGITIMATE,307
0x4466d4a84b7c49a6a094ec6eef4a0712d6dd125e,active_legit_candidate,ACTIVE_LEGITIMATE,6249
0x446e51deab3ae656c99e65369e8ef1148d23d7f7,active_legit_candidate,ACTIVE_LEGITIMATE,60
0x44a8bf233c2e36131d1e113d8c5153863de893e9,top_volume,LOW_ACTIVITY,808
0x44bc7421931357b0247759d1043fa3c51500c865,control,GHOST,1
0x44dc2dceaa22c7ef6b2e2cf2362fd3fb476b7c2c,top_volume|active_legit_candidate,ACTIVE_LEGITIMATE,22431
0x44e126a731e6ee698d41f3191b4b656ac37b6047,control,GHOST,1
0x44e861ee4ecd277706f3fa1b282628ab71b5a91a,control,TEST_RIG,9
0x44fba367eef60a271dff93d6c543f31fec1787f5,control,GHOST,1
0x4518ff1e1855be7c27c7ba0fe3f23c24696f2c03,top_volume,DORMANT,9185
0x4519bd75e22bf80924edab66f02842474d58e574,control,GHOST,1
0x4533ee090e4ef2f4f278534bc5f67983ab97086b,control,GHOST,2
0x45731d5cf3a39cb734b9f910cfef07e9004c3d9d,control,GHOST,2
0x45a33ac6db4455460b364a1fc1ae8c489bc644a7,top_volume,DORMANT,54607880
0x45a7967b411d5f96be7fe520bd6a748ae062d9e3,top_volume,DORMANT,68
0x45ac00db8bdd4b837abbbf75888cbdfe6b6d8943,active_legit_candidate,ACTIVE_LEGITIMATE,378
0x45e3931cd308983c8cf0cf53d09e476292876faa,top_volume,DORMANT,43192
0x45f82f6b060804174046c9b420f718ee33a9a098,top_volume,TEST_RIG,128
0x4628c99bbd18620b68b0927af714aeda7fab967f,top_volume,DORMANT,23
0x46817765879f4b61faeb3cae93de0565e45c8292,control,GHOST,1
0x4681cf07e32b5df48fb084357d59de45da3fb42a,control,GHOST,1
0x46830a57ca3806ec71b981e063dc39ca2a3c6fb0,active_legit_candidate,ACTIVE_LEGITIMATE,528
0x4689cfc75f4c399c5b1caf942e2f134a71cac2b1,control,GHOST,1
0x469ef7993aac24df60e24c77751eafe62de905bf,control,GHOST,1
0x46b8cabb96f2f4afe660f0338dbb9513cca1f5f6,control,GHOST,1
0x46ba634261566cf242c853d1f49511f9268ba674,active_legit_candidate,ACTIVE_LEGITIMATE,135
0x46c5c7b9bb4e8034ba951c70b93efda8c7709a28,top_volume,GHOST,1
0x46cf0e57b5548199e5fc5adbb8b01826c656f277,control,GHOST,1
0x46d0315966e9ab4a82211e391cd0970be06995ac,control,GHOST,1
0x46e3c750afb2ca611399f27018ec064a51a23135,control,GHOST,1
0x472e7f3127ded30abb31e0af57b6ba08cc57660e,top_volume,DORMANT,55
0x4734b7aedd10c8df61c11f0dcba04cced8135413,control,GHOST,1
0x474bedc39654bb55e84ec6701011a2f618e7849f,top_volume,TEST_RIG,127
0x475436ef0a97286081d0fc2a762ad6296949327b,top_volume,TEST_RIG,525
0x4770d3ca32082c24133834d5894413bbc24496f5,control,TEST_RIG,20
0x478278864f4e31d0ac5cf2bc1c26c96c5609d57f,top_volume,DORMANT,6710
0x478946178f4e962283b4d82580e58b0cb515593c,top_volume,GHOST,3
0x478d04a018f04b90267060747501d4fa175d418d,control,GHOST,1
0x4795294d38e66913422d32dc3c4acf199762d221,control,GHOST,2
0x47bd1b5dd86fdec100fa8f899a43f5e04fbfa824,active_legit_candidate,ACTIVE_LEGITIMATE,216
0x47bf3dc6daea8bda5568fd7e9843c42ca49783b4,top_volume,GHOST,1
0x47c1a1378e9251d6e291bbad34b17dc50ccf277e,control,TEST_RIG,5
0x47d3394c7234714e4b9e9b74827c12be847f9dda,top_volume|active_legit_candidate,ACTIVE_LEGITIMATE,3015
0x47e41abe279f6ac4e3e9bfb371cb0734a7353a1a,control,GHOST,1
0x47ed3359fc21b754dd2573bc508d7e17698fe2c5,top_volume,TEST_RIG,1364
0x47f7a44252836ef693393870a0d3c9bcd4b07544,active_legit_candidate,ACTIVE_LEGITIMATE,150
0x47fe1c4272e7bb0c538dc9f0eea41404eef39e6f,top_volume,TEST_RIG,128
0x480b5a88239fc88a8369e9a5448bd5e095bef121,top_volume,TEST_RIG,129
0x480cd46e6fade651a0437deadda53d5c8e7d846a,top_volume|active_legit_candidate,ACTIVE_LEGITIMATE,188
0x486e78dccdaacfb4d58329db926e4f4f00da787c,control,GHOST,1
0x4892aeaaf4386720286b46b2a04de5d62eeb9e69,control,GHOST,1
0x489d69939b4aca357f630055e351a81f1fbb7fb6,control,GHOST,1
0x48adf6e37f9b31dc2aad0462c5862b5422c736b8,active_legit_candidate,ACTIVE_LEGITIMATE,488
0x48d8622004b735fe543faddfeccc9bb2ca6c42ad,control,TEST_RIG,17
0x48e218ea47aa464eaf9f8a7763c6945b8259cc18,control,TEST_RIG,5
0x48ebf769b80ffa1c83a00459adbdf5556ef49a3a,top_volume,DORMANT,608460
0x4908913a4206514372d6555355d7ff94369e5724,control,GHOST,1
0x491ff90cd400d3a907ce870cc356d0299e18f4a1,control,GHOST,1
0x4944c8ec15e70bb6ccc452b819053a440bcc4bf3,top_volume|active_legit_candidate,ACTIVE_LEGITIMATE,402588
0x49678ae1d9c2128ca01050c87f19de9501348f49,control,TEST_RIG,5
0x496bb04dc719228ac648d298e9559256cedd8f95,top_volume,GHOST,1
0x49820901d3685af2b61dea9e65ddefb724319af7,control,GHOST,4
0x4998826282f1a3027b74a977b1c270bd336e3c4d,top_volume,GHOST,1
0x499e321a64fdb9b1577cafe89ef5d262aeba9af9,control,GHOST,1
0x49b1f1c4fdf3baed551f3726a1c4540a5e443c37,control,DORMANT,15
0x49b41b6dfb13c002cab4c606cecfb4aa806ca3ab,control,GHOST,1
0x49b63376d851e1e0b6b90d009234792a2913bdb4,top_volume,GHOST,1
0x49b7945ebe2e10fb7a012f97095c3120e9753a35,active_legit_candidate,ACTIVE_LEGITIMATE,46
0x49c96c14bbfcfe072b785d774236f1775475bb90,top_volume,TEST_RIG,8
0x49d3b71a646d3029e2adab5494436b63184eb196,top_volume,TEST_RIG,645
0x49d7e04750eb21604ed1bdd8355977a35408f5a9,active_legit_candidate,ACTIVE_LEGITIMATE,146
0x49e2b74f424393117431cad4a4b3a93ecbb13415,control,TEST_RIG,9
0x49e60fedb6490c095be7c521849bed4f0c04f2d8,control,TEST_RIG,15
0x49ef46bda2288e1ebc9dfe3a21d8a9154ab14cd5,top_volume|active_legit_candidate,ACTIVE_LEGITIMATE,277482
0x49fa078e71010f13a7a9dafc6890d06dc8db1fe7,control,GHOST,1
0x4a0e4940f13dc0a6e22bb43e180ecbb9b177dd66,top_volume,TEST_RIG,124
0x4a146191ac0a0e10e5939b6c47d52bbd32d2cdb7,top_volume,DORMANT,265
0x4a47b25c90ea79e32b043d9ee282826587187ca5,active_legit_candidate,ACTIVE_LEGITIMATE,132
0x4a4e71f56360092ad40bb2c37b72af5eb9fed4e7,top_volume,TEST_RIG,121
0x4a5a906161c26b411e5e0553a73ba80f8836cb7d,top_volume,TEST_RIG,639
0x4a5de9fdc3772a28703f320026ac0e07443c3857,control,GHOST,1
0x4a631c7590bc301e3ef8ac92fa1e110ce9cea7fc,top_volume,GHOST,1
0x4a82f147c8a4339409c9097adc1eedfd56e85bfe,active_legit_candidate,ACTIVE_LEGITIMATE,112
0x4a93e231f0998adf9970a6f232a14b378da7ca72,control,GHOST,1
0x4aa71443a5f62a1f5bddaf05f3bdec2b08cad3ce,control,GHOST,1
0x4aabe17c239ef71c3a26ba7c2b3e0aebbfc1df26,top_volume|active_legit_candidate,ACTIVE_LEGITIMATE,851
0x4ab21d49320cd8c17c9ad07a6947d4896faac74c,control,LOW_ACTIVITY,16
0x4abaddb462d9d82cfa3eb3bb45adf4b8af889630,top_volume,LOW_ACTIVITY,24
0x4b1683872786d72516fbebfc061bfac550e271d2,active_legit_candidate,ACTIVE_LEGITIMATE,418
0x4b2a045803c07a475f1ed8d4653be0d5063989a3,control,GHOST,1
0x4b2ba3e210295569399426dee99d2862ef56ed23,control,TEST_RIG,7
0x4b74cda2aa9604fd1fca2aca06d8e70ead607fa4,control,TEST_RIG,11
0x4b85b19e2811e320c4c34c58a88145d5d4d6fc0d,active_legit_candidate,ACTIVE_LEGITIMATE,38
0x4bba6c8fd1586707db5e366b05047f7869c0f1e0,top_volume,DORMANT,191
0x4c02babdaaa5e739cf763c87eed9be7588c760f3,control,GHOST,1
0x4c15cf7ccd50964ce823d204b34fff1c265e2633,top_volume|active_legit_candidate,ACTIVE_LEGITIMATE,10214
0x4c1a4fce51fea51f128a01cce8becb106d391155,active_legit_candidate,ACTIVE_LEGITIMATE,48
0x4c34489c1f0901695320c6429dd9c69dd51102d9,active_legit_candidate,ACTIVE_LEGITIMATE,59
0x4c3b0b1cab290300bd5a36ad5f33a607acbd7ac3,active_legit_candidate,ACTIVE_LEGITIMATE,440
0x4c950a088843185ddd3e691e9a4fcbfb94a02689,control,GHOST,1
0x4cace3f74bdea349a1024c5d03bd6bcd9a6ba08c,control,GHOST,1
0x4cb0b83a1b9324667f766983d6fff602fb8808fa,control,GHOST,1
0x4cd3ebc3b05137a40165e59345d2e620cbbc3498,control,GHOST,1
0x4cde5510521b74f2212577034f07729aceec25b2,control,TEST_RIG,8
0x4ce88238f669d04351937420c931988e464a975a,active_legit_candidate,ACTIVE_LEGITIMATE,38
0x4cec5b72f8415ed875d56b2a2cde3df7d87d31dc,control,GHOST,3
0x4d2d3682b2d00b51850465b3b73a32d2de0f2823,active_legit_candidate,ACTIVE_LEGITIMATE,26
0x4d2f581db80621dbbabcbac2a34bb80676573dba,control,GHOST,1
0x4d4c0edb16acf9f5e9be757baaf5ae64d571c670,control,GHOST,1
0x4d7d842536de9eb491ae2300126b3cdde7b0ade3,active_legit_candidate,ACTIVE_LEGITIMATE,25
0x4d9cb62e2d445570277bbde66d33ce998dc9b915,control,GHOST,1
0x4da5e221b0bc15a5ce42d600fcda41c89286363b,control,DORMANT,15
0x4df66b6c140778fe0717880a7c6dde5ea53acdea,active_legit_candidate,ACTIVE_LEGITIMATE,326
0x4dff19ebae58a1a736d0ec020835ead62c94b2a4,top_volume,DORMANT,67
0x4e000c420c84e232db22b625b4e28576ac5e4c92,control,GHOST,3
0x4e2ef8df36a74b168333e92686018c3b3fb2e3e7,top_volume|active_legit_candidate,ACTIVE_LEGITIMATE,2064
0x4e312f5ebecefc1b59baabd5a13cb4d3c0352d5d,top_volume,DORMANT,5825
0x4e3c5f741ffd8186d493a97352833ce3b36d8e72,control,GHOST,1
0x4e58d53457c5e6df9ce39a0718071b9df55bd246,top_volume,GHOST,1
0x4e9bce2547a9491b09ed092c433b19888e665edb,top_volume,DORMANT,38802966
0x4ea76a7d7ad1dc8fd8e1a8bcf9f6800b562a9d4e,active_legit_candidate,ACTIVE_LEGITIMATE,26
0x4eb7b4ddd14c21115890aa71efb4608373f212e5,control,TEST_RIG,6
0x4ed0e65b400d115a21d21a5e2d9a63e3b2718034,active_legit_candidate,ACTIVE_LEGITIMATE,1474
0x4f055e7893fbffdff249f14cb141c9a7a3e13f66,control,GHOST,3
0x4f11c8c9a3aa2b6c643de7e7eda71511c1c8b79d,control,GHOST,1
0x4f180b7752993b785be84ebbb15ce99c97a926a1,active_legit_candidate,ACTIVE_LEGITIMATE,75
0x4f238458128b024e4027199b11f5c234fe9366a5,top_volume,TEST_RIG,124
0x4f4beb658084d7bd7ea0b6f74dbf6e99f93d422d,top_volume|active_legit_candidate,ACTIVE_LEGITIMATE,58964
0x4f5695d12c30eae448c5f38023b12572e483453c,top_volume,DORMANT,144
0x4fb61d4ff677ee7b4f8d49f3fa78b9323556ba59,control,GHOST,1
0x5021185435642f82f12ebbf34c65e5b06236665e,control,GHOST,2
0x5036b25f4a371896a01387f1cb55e717fa36a135,top_volume,GHOST,4
0x5043622abaf2fd42ddee15fc3234903ae4969359,control,TEST_RIG,20
0x504882319f9009578dc83cad1fe9f452ed423a40,top_volume|active_legit_candidate,ACTIVE_LEGITIMATE,85
0x5054acbbdd6aed95231cbe833f7bf1db7c248bff,top_volume,DORMANT,704
0x505eed850a17c41cb0aa10a7e51c360d4b0c1662,top_volume,DORMANT,1164
0x5062c72ef2c8720c634aacc8760c69901d527030,control,GHOST,3
0x50ab2018c06c6e4eaa9ba52057eb55ed284912fc,top_volume|active_legit_candidate,ACTIVE_LEGITIMATE,4687
0x50d584def5f0c3ffb43c7860da52c2ff6eb44367,top_volume,TEST_RIG,128
0x50dc1e8cba11d1d30011271cff992d44e4c67008,top_volume,DORMANT,9196
0x50f24a07c3345057dbf335becd74b91044c2d8bc,top_volume,DORMANT,269
0x513087820af94a7f4d21bc5b68090f3080022e0e,top_volume,DORMANT,17
0x5138ffeb7065fedb465b3c1daace737ab29ecb45,top_volume,TEST_RIG,1367
0x514e32453eead219911d3c8852e068ce43a9d505,control,GHOST,4
0x515e7bce44baa5f6e42d16d4b5f27768e7f2f8cc,top_volume|active_legit_candidate,ACTIVE_LEGITIMATE,2394
0x51888ca7fc5d60357a95a1c86260af18e331322d,top_volume,DORMANT,13140
0x519393a43a365563264bbde346aac4e67ad2c7f6,top_volume,TEST_RIG,125
0x51a0e9db9d1e11b2f5487508f8f2427e69da260e,control,GHOST,1
0x51a5d238d80c42b2a83421f85a27e85d2e248787,control,TEST_RIG,5
0x5217f656a80f639c8f3022a0fe0ad72e6ef9897b,control,TEST_RIG,6
0x522dd89213d56006c55411ae8b2633ecd4d12698,control,TEST_RIG,5
0x523eff3db03938eaa31a5a6fbd41e3b9d23edde5,active_legit_candidate,ACTIVE_LEGITIMATE,126
0x524e9896171bc1f846bbdcfb3488b3b064202d97,top_volume,TEST_RIG,175
0x525e3578bb0cf06e0911009056fc4f8125fa7cdd,control,GHOST,3
0x52848ecb5f52c28080b74c545a92a7cc228a2086,top_volume,DORMANT,4026
0x52ab53912d37759b2ad364f22dd06b16714b6c06,active_legit_candidate,ACTIVE_LEGITIMATE,1193
0x52e29e0d2aa49bfbfc548c0a9f2196f4aa51f3ea,active_legit_candidate,ACTIVE_LEGITIMATE,15446
0x52e64c77bd7eb6c249791a6e4815de319f68e859,top_volume,DORMANT,37388
0x52e6d9b8fd9f3cd60f6e92f0750ee1dd43a62260,top_volume,TEST_RIG,127
0x52f4f36214c80270453bcece09eeff8298a737b7,control,TEST_RIG,10
0x53257df5f44eaf0b2b2ad79b7d9173da2276c81f,control,TEST_RIG,5
0x535cb97ea531d75a6d2251ee10b5909aa2b6ca12,top_volume,TEST_RIG,128
0x535cd628e0259efede608d82df09b5a255bbf646,control,GHOST,4
0x53be7770c8d4c733740c9139cbbe50b5146a2f8f,control,TEST_RIG,75
0x53e41dfb3ca6754cb5d2bd79bbc23eef8d91fb9c,control,TEST_RIG,5
0x5420a8c35d0a2b184b68655abe07f3da9983a98b,control,TEST_RIG,5
0x54270a849afc8d503568410ef56c445d720f0f09,control,GHOST,1
0x542793a5f0e26fc6b7ec17653c14d010fcdcf089,top_volume,DORMANT,135
0x542e22758e0d24d8990d013c3f473745cb14e44c,control,GHOST,1
0x548fc289526ab2f0391d562a723cda64bbf1abc4,active_legit_candidate,ACTIVE_LEGITIMATE,158
0x549c82e6bfc54bdae9a2073744cbc2af5d1fc6d1,active_legit_candidate,ACTIVE_LEGITIMATE,182
0x54c4018d9db8880476fd222cc9a64d24d145ebfc,top_volume|active_legit_candidate,ACTIVE_LEGITIMATE,990
0x54d6c2c08e10f1a1d3da88df513bbe9bcf1a4afa,active_legit_candidate,ACTIVE_LEGITIMATE,439
0x54dbbbbbc00227409065574a0f0a1756d14fb9dc,control,GHOST,1
0x550064810b937cac35c5dbed8bbe746dcbb777dc,control,GHOST,4
0x550075d9104868c895d8688e77795d2016ae5bf0,control,GHOST,1
0x551d1ae84d8bdd8755ee8bbbb880894da9881916,control,TEST_RIG,5
0x5551aecaf350390a6c0c5c02731fe6e8d6fb2967,top_volume,TEST_RIG,1496
0x555fdc47eabbbc0f5855c26a16ba38b21438e4ac,top_volume|control,DORMANT,9252
0x55754d4d5e84e41c71b10ee543de660e9fca2caa,control,GHOST,1
0x5581441dcbf68c794f38039e05a2c2bd37d3cbb2,control,GHOST,3
0x558fffc567ac45a18be15c687b2383c7fb0ce1ce,top_volume,DORMANT,270
0x55d2b9b12ac964a5444f8293ecb3b148a3f4f1dd,top_volume,DORMANT,1826
0x56150318a27cbdf65a490687f5adca5deba8a574,control,TEST_RIG,197
0x561c4da95339bf6606e4528f8069424657b5893c,control,GHOST,1
0x5622912cc90de831c5fcec5eb65e10fb3892c75d,active_legit_candidate,ACTIVE_LEGITIMATE,232
0x56348373a69d06b2ee81cae55ec42dcdcbfd74bb,top_volume,DORMANT,6645
0x5645adddbc508716e7e9545aa715db4a501cdea2,control,GHOST,1
0x5665dd319d92ebf1ce6ac2e86f05158d2bee51d9,control,TEST_RIG,8
0x567f5e217e44046e4399986c3ecbbc6e1aed172d,control,GHOST,1
0x56838d619fdb6df7f42a88908915542cd4171e89,control,TEST_RIG,22
0x568eb29964eeed6242154d848e6bd3c7ffece7ad,top_volume,DUPLICATE,762
0x56b306ef0cb4a5806a1a8c60467b98401cc739fa,top_volume,DORMANT,203
0x56e7d49acc6b65a0f1f4c248220dceda88c38cfe,control,TEST_RIG,12
0x57210b95ecbfd6f2ee74d77830228b48d1878867,active_legit_candidate,ACTIVE_LEGITIMATE,390
0x5729441ecc2905e4daedbc8c1a904f9aa42d531b,top_volume,TEST_RIG,128
0x5740826f5d25de923b4695e011a27ba0f7c24866,control,GHOST,1
0x576643c338272d3ff1410d463041297d4800e03e,control,TEST_RIG,8
0x5770e66181984aa8510777790016b64aeda4f8b2,active_legit_candidate,ACTIVE_LEGITIMATE,181
0x5771ea77bc1ca79560a3542363d957f9a9fc8684,top_volume,TEST_RIG,121
0x577a0dd94d3df2d22ac32ffd535513e8e3757d58,control,GHOST,1
0x578b0dda9b4c1d3153e36b25498501d272c0815b,control,TEST_RIG,61
0x5795d7b6df3f13e51a3f9c856c77639408ef5330,control,TEST_RIG,7
0x57a6b0547557ed5817d5988ce30fc4729aef0ed7,top_volume,DORMANT,8
0x57f7e0c9716c68e19e13a817ab53e49979ef2595,control,TEST_RIG,10
0x580a22a5c3a9c599f345859557daa02836e8ae2f,top_volume,DORMANT,267
0x58157cfaa167b0d15d41d692930fc6a6e338046a,control,GHOST,1
0x5851e16e33c42ca7fd023b80be4b19f1f7767cf2,control,GHOST,1
0x5872ab1961400cfd20867e15a3461032aa3978bd,top_volume,DORMANT,128
0x5875de39c373d040ac167da2cf5f3a788ce24ace,top_volume,DORMANT,6964
0x5887ada4058db7293727bf05b81d4fe76da44638,control,GHOST,1
0x5887f01868a85f3b251b447f4d71e50f21dff5a7,control,TEST_RIG,10
0x5889149e38e7655915b9e999dba154c22ca19cd3,control,GHOST,2
0x588931e8a5d4aa8b072b297f555214e8c4f0be98,active_legit_candidate,ACTIVE_LEGITIMATE,68
0x58bdad5e654691ac5ed4631758f3d8da00666b6c,active_legit_candidate,ACTIVE_LEGITIMATE,72
0x58be3eb5c86dacfc6ac71fad3aad8a7d07eeb391,active_legit_candidate,ACTIVE_LEGITIMATE,178
0x58e632fa698383820ffc22156352c9836790e2c0,active_legit_candidate,ACTIVE_LEGITIMATE,131
0x58f42c60dfe9b662b9e573c13358e5d773790699,active_legit_candidate,ACTIVE_LEGITIMATE,357
0x590ac39e6e3963de445beb48c5d3b82dae0bcfc4,control,GHOST,1
0x59285a11fe0c4e3e4eeea361bd0b524894284ddd,active_legit_candidate,ACTIVE_LEGITIMATE,252
0x59292d3c052f4e8888416ea1068a7dcaea71ff7d,control,GHOST,2
0x5931a791520a11a6b5660be22de675723db509d1,control,GHOST,1
0x59477bca9fee01232096e27b4f349b5118a0f655,active_legit_candidate,ACTIVE_LEGITIMATE,255
0x5973a8d185766ec58fc7c27a8b5759e3a7b5a3bc,top_volume,DORMANT,126
0x59a031c4e545e9c7314e18237fcb1fa39ad29ccc,control,GHOST,1
0x59a35233502dfd65f02c8b09f988ffdfc2bc64c4,top_volume,DORMANT,134
0x59dc4e72ff68bd2fdcf904f7dea50ba34369c9dd,active_legit_candidate,ACTIVE_LEGITIMATE,303
0x5a2352461a10f06de43a35709624a87b73ef5b47,control,GHOST,1
0x5a4bde518ccc3871d3eea421ff8c3dc12493828c,control,GHOST,1
0x5a78ace5dd133316c8aaf7e156fbfc57e1209cf9,active_legit_candidate,ACTIVE_LEGITIMATE,42
0x5a86eb6dcf948a10bad1498d853257899077a838,control,GHOST,1
0x5a8b662ed4e0d8d399c2159913d2962a9f5c4bd1,control,GHOST,1
0x5a9a85acfb7d258133052cfc04495dba5c330ed7,top_volume,DORMANT,194
0x5abad121dabb983e663fb8d08fea3dcf745af005,active_legit_candidate,ACTIVE_LEGITIMATE,90
0x5ac3154e71510d243de8e2993e22666cfd3cf3c5,control,GHOST,1
0x5ac477023b6b4d4c0db100579132f2da0ae41f0b,control,GHOST,1
0x5ace32b004ee1a9f5e6a74e0d41969aeb49f1ac3,control,GHOST,1
0x5adb99dcabbecc69b88a210b20c5ecad696e1d73,top_volume|active_legit_candidate,ACTIVE_LEGITIMATE,3779
0x5aecaf716497549784b5933ac3eb611202c546f3,control,TEST_RIG,5
0x5b2af92d0a38f71814d7a638f691279eeda30090,top_volume,DORMANT,656
0x5b30e6d93f5c50f92159394547b586b4e0047628,top_volume,DORMANT,569304
0x5b413f212cf40a226d7594fed315cf339e2545a8,top_volume,DORMANT,9264
0x5b567a667ab7bd09de417b9f7a55a767c40496f0,active_legit_candidate,ACTIVE_LEGITIMATE,9588
0x5b64abae37676253aa4b0d62d91df2c4f533c55d,control,GHOST,2
0x5b82a593008a71fadad2d69bf44505e03318d58a,control,GHOST,1
0x5b861725ef744a7b1f615f2c75d552ddc5b16d2a,control,GHOST,1
0x5b86e24a6de8c0d2321143a3fd810ef5391f9067,active_legit_candidate,ACTIVE_LEGITIMATE,22
0x5b9acf47eda712cdc7ec4b499646f6c236d880c7,top_volume|active_legit_candidate,ACTIVE_LEGITIMATE,128
0x5ba9355a10611ed4339526472a59befed3549bad,active_legit_candidate,ACTIVE_LEGITIMATE,200
0x5bc37677a9f1e91131cf180198be24a5b03617ed,control,GHOST,1
0x5bf8b3107f111565229dabdbf8d6ed2e1c8e5986,top_volume,DUPLICATE,5578
0x5c4c55925f413f803c41f50af18efc3e601334f0,top_volume,DORMANT,4000
0x5c4cbda254769fc234c61dd5ce1bac2fcfe105a7,control,TEST_RIG,8
0x5c6b3a3dae296d3cef50fef96afc73410959a6db,active_legit_candidate,ACTIVE_LEGITIMATE,42
0x5c73af8b418c4bed948579cd56742dcb4ca0dd1e,top_volume,DORMANT,3556
0x5c94ffd985b177933434660eb04cbc868c1ce80b,top_volume,DORMANT,52
0x5c98ba4ec76846bba70f0d60e01b985e2b1684cf,control,GHOST,1
0x5c98e2448d11dbb8a64914daa0c6804cea495b85,active_legit_candidate,ACTIVE_LEGITIMATE,73
0x5cf2570a5b2ab46d0d9396737ec601c7da506d5a,top_volume,DUPLICATE,194364
0x5d0138a9326f7b75940874ac0a36625c127a062c,control,GHOST,1
0x5d025c8d10a98e4d37dbaa62f2179b8c73ea570e,top_volume,DORMANT,9680
0x5d4315ea0f515569d532dd1d8ffbad656c08ac84,top_volume,DORMANT,321
0x5d516257b0ddf2e0d4e315bf0bc96611b399d648,top_volume,DORMANT,4140
0x5d51ecc50813e0937a5c43be298e9146796ad60d,active_legit_candidate,ACTIVE_LEGITIMATE,1363
0x5d5e0cf1cd611ff6f08e9c5a11cd068ab9b63085,active_legit_candidate,ACTIVE_LEGITIMATE,84
0x5d6471f229d09a2b3af33ae82af68d1ac157c0aa,active_legit_candidate,ACTIVE_LEGITIMATE,130
0x5d6df6b10c54617dac4bf9993ad9fa384b7b36d3,top_volume|active_legit_candidate,ACTIVE_LEGITIMATE,76748
0x5d9e1518890e7d4b3d816f094a31d6488d6929f3,top_volume,TEST_RIG,124
0x5d9e2fb561f328efe416bee327393a5aae9399c2,control,GHOST,1
0x5da66d663d8388d2bc085b165d22d4798e51aecb,top_volume,DORMANT,56308
0x5daa8588fb20408cac58ec45fd13b660f00dce3e,control,GHOST,1
0x5dbaacff0bf40fa40778d6e99a91811168d2f3cb,active_legit_candidate,ACTIVE_LEGITIMATE,144
0x5dbe7f1d70b39918df996a9316983c4601c61fe3,control,GHOST,1
0x5dc07c4d3ffb01d0dd511efa7ea47490b089a933,control,TEST_RIG,6
0x5dcb1e6f82dd9609505d6f634cd7fd489f3d2814,top_volume,GHOST,3
0x5deb094e8c0100615454c677c5607a438d40e4d7,top_volume,TEST_RIG,116
0x5dfe7e88f2efcb5ed39708150fbf9fe21de40dfe,control,GHOST,1
0x5dfea6a8a59a72bdaa0f9513cb112cf76375f71e,control,GHOST,1
0x5e01f4a8ee37a9ebc97a2da95114866fb2a9f7d0,control,GHOST,1
0x5e04d4bc0a077c2727d4e542629606923aa55fff,top_volume,DORMANT,72
0x5e06debcebf46bb3482223440fef29948e325ee6,control,GHOST,3
0x5e3fdb2bcd47815d636e95b59f92891c68b7a8d3,control,TEST_RIG,10
0x5e50d23ec14ea4436582029a25313e5048e01d10,top_volume|active_legit_candidate,ACTIVE_LEGITIMATE,44521300
0x5e5b7e3f85f1f60dcd1098f849979d34eabc264c,control,GHOST,1
0x5e709929a4ab69ec3a8811d03417869059bc4eb9,active_legit_candidate,ACTIVE_LEGITIMATE,48
0x5e8e57be8d6ac22f823d2f0d314f32925ff63539,top_volume,DORMANT,30
0x5e99d070447e7fb61754168af7156e94b0ba192b,control,TEST_RIG,12
0x5ece036c047ebcc5299e0e82e2ea615ffcddeb05,top_volume,DORMANT,405
0x5f114bb1b71f78fcc601ecc479978d685f2d468a,top_volume,TEST_RIG,6343
0x5f48c3ee2a23c5279a565731124f0a55bebce903,top_volume,TEST_RIG,8
0x5f4d04a2543857693d00324672e3991093840444,control,GHOST,1
0x5f5d6fcb315871c26f720dc6fef17052dd984359,active_legit_candidate,ACTIVE_LEGITIMATE,5010
0x5f6549124eacbb88dea6ec9fb3df4d483f7060db,top_volume,TEST_RIG,127
0x5f7254f252ef9b9f92b6b4f2cf91205ed7a96c7a,active_legit_candidate,ACTIVE_LEGITIMATE,287
0x5f7ad2c9b4e8a1f6d3b5e9c7a2f4b8d1ae6cf3eb,control,DORMANT,5
0x5fc1e7c05ac87f490e5f7cf42cc29a78e2d83ba6,top_volume,TEST_RIG,40
0x5fd3e2915b3a726db50b6ff60f281f59a591ab3c,active_legit_candidate,ACTIVE_LEGITIMATE,323
0x5feb3281d7e81ea5e55aaea96639daaca5d601c1,active_legit_candidate,ACTIVE_LEGITIMATE,24
0x60135017ceff518ef95de8d1a5f67a81da8a0a83,control,GHOST,1
0x6013d764502369012df405a21c7dcbb6efd1507b,active_legit_candidate,ACTIVE_LEGITIMATE,100
0x60390b93088568680ece9add9ca4ea2088d6536c,control,TEST_RIG,7
0x60423e4743f7750c6001bbd1dd0f9ee4dfb7eebf,top_volume,DORMANT,152130
0x6067bd33795680303a2fb7d313255be9851efe8b,control,TEST_RIG,8
0x609015bbe5adcb0e4e636221dbc6ac19f1c9b95a,control,GHOST,1
0x60a3d80e3bfacdc12c251029103611f9d6e82914,control,TEST_RIG,6
0x60a85c9b610e74d7398bad56344e1e1353a635f8,top_volume,TEST_RIG,175
0x60c402878efcecae5733a88075328aa2320c39be,active_legit_candidate,ACTIVE_LEGITIMATE,48
0x60c7bea797345b2fe8fd5db1ca15695faec5f0ac,active_legit_candidate,ACTIVE_LEGITIMATE,126
0x60cebd83b02171548d4541bf0e81fbb63706d04a,control,GHOST,3
0x60de0b93a0476f326ef92c7ba82e699110b26488,control,TEST_RIG,5
0x6117c4bcd0eb329f52dcfb4d85d4c332bab6c194,control,GHOST,1
0x612236ba5700d52b81ea551dfd8fe9e46328c53a,control,GHOST,2
0x6125f97c8e6bacd27b4191e98deb0f32459ea38e,active_legit_candidate,ACTIVE_LEGITIMATE,101
0x6127b277f2f1c872f41a31a8b7e013690fd53a01,control,GHOST,3
0x6146918655a1836c9dfb5023d519bf57e23d8c52,control,GHOST,3
0x61710d4ebb9bdeb1585461a76aa275700d90428e,top_volume,DORMANT,9826
0x617122b245c776a6b83a1f2821617819e2d38f6b,active_legit_candidate,ACTIVE_LEGITIMATE,44
0x617c91c4435a0a6f856a00d7d25d29682688d24e,control,TEST_RIG,7
0x6191a890dbb25dd0e623621867d77e520cd276ca,top_volume,DORMANT,185
0x6195fbe39f01af7a4785b6c888649b62acf4c92b,control,TEST_RIG,5
0x61b7eaefcac5e896d922d132c15894900a0e0f82,top_volume,DORMANT,1016
0x61bacf6493953d24a7a5255e1c34281d85d60f4b,control,GHOST,4
0x61d8e97f68feae22ca735e681c0dbd0ed17fa2e8,top_volume,TEST_RIG,499
0x61fe3cd50c8f9c2288b6b74db9dc0d548092f462,control,GHOST,3
0x621429d75dae56e58cb7c500ab8c953c0aa89756,top_volume,GHOST,2
0x628985396c9331068d1fd1f13fae7d70ca4b8699,control,GHOST,2
0x62be57e5e3c9d919df5983dc3d52d7f7ee78d878,control,TEST_RIG,7
0x62d06df9495ed7811b3e22e059f7b18dba13093d,top_volume|active_legit_candidate,ACTIVE_LEGITIMATE,1350
0x62e978931be7e67084c8998106fc30afcde0ff35,control,GHOST,1
0x6302d9e6dbb22fec3c350551568bb39b4b35ad57,active_legit_candidate,ACTIVE_LEGITIMATE,5996
0x6315ed05cf6d66fd1013bcc7ec82958185ca55fd,top_volume,DORMANT,4288
0x631e240fe781083a5571552ce82036d96b158696,active_legit_candidate,ACTIVE_LEGITIMATE,638
0x63242a4ea82847b20e506b63b0e2e2eff0cc6cb0,top_volume,GHOST,4
0x633c8aa9031eaa59a5b0c5180f9614443bb9f16d,top_volume,DORMANT,64
0x634be4c9ad7a9121115ed40584f1fefaa87120b6,top_volume,TEST_RIG,128
0x634d2c0b7be1a0f3ab499de194790d42f965373e,control,GHOST,2
0x638bffd6b420f8db17c2958086701888344fc41d,top_volume,DORMANT,6
0x6393f0ae5c5b2add76a5960ba29c5403f8c995e7,control,GHOST,1
0x63ae98f3363b346a94fcc1cbcb621f1c2b1fcddc,active_legit_candidate,ACTIVE_LEGITIMATE,305
0x64220095b0f987ee782962aec2fe0554d75c248b,control,TEST_RIG,5
0x642fa3116a46550ef8e4252280baa9d35ceaea8e,control,TEST_RIG,59
0x6438eecb0cfd68f94ffc4acfe036dbbaf7001361,control,DORMANT,6202
0x643c4398aae849d90a2194ffeadaff7788d02c96,control,GHOST,1
0x644ba104e6baaf45c6e683382b7875eb90e8be07,top_volume,GHOST,2
0x6462f8f301bd08c206ee611aa00015ba41acc1d0,active_legit_candidate,ACTIVE_LEGITIMATE,106
0x64842cd797198143a8ff191e4bdbde7e0fbf7f6d,active_legit_candidate,ACTIVE_LEGITIMATE,36
0x648aacf9b7b485e2c61d620b4a1a178cd022f48f,control,GHOST,1
0x64ad7562bd7b1e5b767c7389de3525a7261896c1,control,GHOST,3
0x64cab97f0fe3ab02f99d5f04734da6dd3aa19def,control,GHOST,1
0x65008fcb26ce56da9c53122458b06cf84b7368dd,active_legit_candidate,ACTIVE_LEGITIMATE,221
0x6503fb61705eb6b3c57ee1ab88a1a75a6ee01869,active_legit_candidate,ACTIVE_LEGITIMATE,29
0x654b5e8eace9122dda1cc867c25d5ed9b1a6b63c,control,GHOST,1
0x654d13b64c57c79c456fc8e7ee59dd9b72161e61,top_volume,TEST_RIG,1593
0x655f7d8a538896616b61f8aa37c741783ef8920b,control,TEST_RIG,5
0x657badc86c3169505435dc4db34803cdd91446e0,top_volume,DORMANT,114
0x65939eb4815f9d3458a8a4c0e2c4b60e6dd73405,control,GHOST,1
0x659f5d307922105a911e1d657f3d2f62b8daa436,control,TEST_RIG,8
0x65a71bbd297b0ef8e4bfe5852ea39a27366e53e4,control,DORMANT,43
0x65b262c8fe76dad477633490b6c1956d13ced7df,control,GHOST,1
0x65b63204cf8a968459afb4a92656274afd6ddfc7,control,TEST_RIG,7
0x65d0758bc7938af707d76a02a64b0e3adae5218a,control,GHOST,1
0x65ebff802ac5ee9ffeb90e92a95f9c745fec2400,top_volume,DORMANT,264
0x66268791b55e1f5fa585d990326519f101407257,active_legit_candidate,ACTIVE_LEGITIMATE,194
0x6634eaccbf5a4c2913718c84f7478c58f34dc0a5,top_volume,GHOST,1
0x666095380e4c243708ab9c21d63ec75c7eadc011,top_volume,GHOST,1
0x666491658dbb493b10888644ac9b3a173b72ef61,top_volume,DORMANT,129
0x6665325b1f4c6d92bafca1c9a42312ca804be94e,control,GHOST,1
0x668add9213985e7fd613aec87767c892f4b9df1c,active_legit_candidate,ACTIVE_LEGITIMATE,35
0x6697d5548c32fb99520c2398d43446fb7816aefd,control,GHOST,1
0x66ba89fc4a6acedcf8288f7f2d236158431e05e9,top_volume,GHOST,2
0x66c12fe6a224dfdc31ee4d95e7768c5ff08aab0b,top_volume,TEST_RIG,6
0x66c40946b0dffd04be467e18309857307ecd37cb,top_volume|active_legit_candidate,ACTIVE_LEGITIMATE,120855
0x66d36a576d9bedc037808f4a674cd59efd7f2b99,control,GHOST,1
0x66d4c2843f5f34843bd95f61460cb7265cbccb39,control,GHOST,1
0x66d6fae84b642b10953a73903b840a840471ca35,control,GHOST,1
0x66d7c2f952362bfb24fd7f02a9bec9c754ea83bc,active_legit_candidate,ACTIVE_LEGITIMATE,2947
0x66d7eb447d2642d02edf4b9f7131206cfccb057c,active_legit_candidate,ACTIVE_LEGITIMATE,26
0x66e40b41ec14105d89efa718c223a6175e6347f7,top_volume,DORMANT,9880
0x66fa4d79ca84016b42352be33c908dd812952ec8,top_volume|active_legit_candidate,ACTIVE_LEGITIMATE,31551142
0x66fe4806cd41bcd308c9d2f6815aef6b2e38f9a3,top_volume,DORMANT,62
0x67021a09d1cd520aa79ade388b53478b519bf737,control,GHOST,1
0x6708b690d93ffecb6ee09f00905e94d7386acfb4,top_volume,DORMANT,9072
0x67117b1ff315095f870df6523b3b8341b0063cde,top_volume,TEST_RIG,9
0x6714bc80c674e6e01300ea0d24fde3a7f05aa85e,active_legit_candidate,ACTIVE_LEGITIMATE,194
0x6715833330ff43c7b4ca6cf1d95ff2321996318a,control,GHOST,3
0x671e9400266f99c5cb63661392a07c205e1accea,active_legit_candidate,ACTIVE_LEGITIMATE,3290
0x6720d282676f8bcf74763bd92492eef4b5214a88,top_volume,DORMANT,406
0x672658492401f7043e658ae01a72c7eab9c63da6,control,GHOST,2
0x672f5ec05394e91975ca083941da9e5d73db1d1e,top_volume,DORMANT,9220
0x6739722f54586de9f448d1a7a306ed5da69d2e68,control,GHOST,1
0x674a6c77813fc690966b239e8c46fca63039aa95,top_volume|active_legit_candidate,ACTIVE_LEGITIMATE,1356
0x67786f840644b8680d6d88ecf2e5bbd1bf7c6a9b,top_volume,DORMANT,189
0x677bf1b1c02d27b71b01d31a909ccd39e6d03136,control,GHOST,1
0x6780d8769813e98723d060e3198ed60483739103,top_volume,TEST_RIG,128
0x67976cebb5266b50a08c0dcb676e03baf305e3a2,active_legit_candidate,ACTIVE_LEGITIMATE,183
0x6799567aa32f07c29fd98a251863aa441c68732b,top_volume,TEST_RIG,174
0x67cd43fcfce8ab2d6477a1f6bf8dff67aa5e86e1,active_legit_candidate,ACTIVE_LEGITIMATE,254
0x67de382f38d6d7936d9af01599a55e75244fea15,control,GHOST,4
0x67efe69763fb98f1b71ffba3d940333227d8a260,control,GHOST,1
0x68226a46f09a3a8c8fccb0308bf67ff4753a5415,control,GHOST,1
0x6822db535c45f1ce276220ecc947df930ddc3f23,control,GHOST,4
0x68396bd35874695ad86cd29410bd80a550991a2b,top_volume|active_legit_candidate,ACTIVE_LEGITIMATE,212052
0x687e3217668dde7c32478a3f2613750c8bd505e9,active_legit_candidate,ACTIVE_LEGITIMATE,145
0x689a6a3889f3148e7cd6dcfdd0717677a2ce23bd,control,TEST_RIG,12
0x6903137346e107db2ccd8e8827649cfc810b12f8,control,GHOST,1
0x691c2d25679110c8d3151a59dbffd74cfd5ec390,control,DORMANT,8
0x692dce6b2876854fa9d348bfbfd9c1c4de6c07dd,active_legit_candidate,ACTIVE_LEGITIMATE,144
0x69645ba6276e0005c3cdf3b5aa2c3f8a9cefe81c,control,GHOST,2
0x69e16642447717e0dd4a412c779bc8642a72e15f,top_volume,LOW_ACTIVITY,198
0x69ef61afc3aa356e1ac97347119d75cbdabef534,top_volume,DORMANT,980
0x6a0a10ffd285c971b841bee8892878c0d583bf67,active_legit_candidate,ACTIVE_LEGITIMATE,174
0x6a0ba16cc8ff59cb471f473afb745b2c6d1b1b67,control,GHOST,1
0x6a1fe26d54ab0d3e1e3168f2e0c0cda5cc0a0a4a,top_volume,DUPLICATE,18404
0x6a3bf3a90594287756765210a98969ec1bc0cded,control,GHOST,4
0x6a4515f7b2946aeb09f6a280087e4c925c735aa2,control,TEST_RIG,5
0x6a5e7d954f49712abf3f873f037ec845b7b8c666,top_volume|active_legit_candidate,ACTIVE_LEGITIMATE,992026
0x6a667a72d3d36d95421474019aa46f0308d643fc,active_legit_candidate,ACTIVE_LEGITIMATE,5696
0x6a748d6d63cb61c58f5e37616231bd124d89eaf9,top_volume,GHOST,1
0x6a80789240408afbc5d6a1ab26e3142db634b088,control,GHOST,1
0x6a82fe3f9471fdf7c8987b482737a44084dfe2cb,active_legit_candidate,ACTIVE_LEGITIMATE,300
0x6adb3bab5730852eb53987ea89d8e8f16393c200,control,GHOST,1
0x6b0c34bd70595ade3d771352632228f538c80c18,control,GHOST,1
0x6b3cb250a069ff3dbd2d0b8cb907616c650a0a6a,control,GHOST,4
0x6b3e6bc9f83d751d7373609433d83399294bc736,active_legit_candidate,ACTIVE_LEGITIMATE,61
0x6b635e9e22f9bc0c09f084c85e4f27fdd5101da8,control,GHOST,1
0x6b94463672607bee320d05c4aa46395f9bfef026,control,GHOST,1
0x6ba6e916f1ae2ed4c653583f5b0936b529e8aca9,top_volume,GHOST,3
0x6bafa2a0e498e38bd69be4a70597996156de9ab0,top_volume,TEST_RIG,1316
0x6bb4fa21c8f678293c28ab729610f8e371ff26ac,control,GHOST,1
0x6c0752c09e7f6fa6526fcdf40e456a159ebb5621,top_volume|active_legit_candidate,ACTIVE_LEGITIMATE,17318
0x6c32b527876e168be02a343437fc6d19beef69ba,control,GHOST,1
0x6c3a74b312c198a0bf91b5070a57cfe47b3ba1fa,control,GHOST,1
0x6c43bf43c3efb122c35a05843bd0d39e8cc66358,active_legit_candidate,ACTIVE_LEGITIMATE,277
0x6c68bfa4813a316c0e52d437864427884e35913c,control,GHOST,1
0x6ca3b21d18e2b60291413c99dd6969c43d26c3d2,active_legit_candidate,ACTIVE_LEGITIMATE,797
0x6cc05fc0c7a5024860ed9f32ae62c1482258cb54,active_legit_candidate,ACTIVE_LEGITIMATE,41
0x6d02e3f7c68e7492cc5474ef8ce17dedfd11df89,active_legit_candidate,ACTIVE_LEGITIMATE,149
0x6d14609a7f2be7877853e5deeca312ac83ef937e,control,GHOST,1
0x6d27486790ce5918f1bc68be3fccc25304d09d31,active_legit_candidate,ACTIVE_LEGITIMATE,229232
0x6d56ae86a68f20ca2fb79cfcc0dde2918c575a96,control,GHOST,1
0x6d6e695b09861467c7d462f5aaf31cf3540b9192,top_volume|active_legit_candidate,ACTIVE_LEGITIMATE,79871
0x6d7595fbef65b2910d7dd236c459f17fc4fa481b,active_legit_candidate,ACTIVE_LEGITIMATE,26
0x6d91adf2c545047cbbc5b37a5f457cce081b48d3,active_legit_candidate,ACTIVE_LEGITIMATE,334
0x6d922489a6adde4d483a24be49442fd8c4768fab,top_volume,LOW_ACTIVITY,15
0x6d980e4008b4e1d1452c809a67c837d8bd5c7db0,control,GHOST,1
0x6d9ee9e8fbe2a3591a017f009fcc27593be4358e,control,GHOST,3
0x6df50087728a903945d1f38c0dc1615d00a62d66,control,TEST_RIG,5
0x6e0865bd7e9839955c927d6bb5869a9feb558dbe,control,LOW_ACTIVITY,17
0x6e1cdbbbc6e6fb422af89b2e47fb553b725ad728,active_legit_candidate,ACTIVE_LEGITIMATE,33
0x6e3184c204e596ded89e8a5693b602097f4ab687,top_volume|active_legit_candidate,ACTIVE_LEGITIMATE,3762
0x6e3b115a536d3de1f052f0d915fc2bc38b554fe6,control,GHOST,1
0x6e424410c85a6bff2e1a6b215548f36b36e9752d,control,GHOST,2
0x6e4dfbe49858e9cb93162352d75dbd1e409a7737,active_legit_candidate,ACTIVE_LEGITIMATE,771
0x6e7b3ed4325a7e5c75f117baf67f61168b278e83,control,TEST_RIG,6
0x6e85e38986a38fb4067407bf8fa6aedc1dcac4be,control,TEST_RIG,7
0x6e8b64638b24c6d625b045dd353120d850064e2e,active_legit_candidate,ACTIVE_LEGITIMATE,5100
0x6ede3258bce2ef32f9bb614c781818b4efd0e765,active_legit_candidate,ACTIVE_LEGITIMATE,25
0x6ee49a7872844397fb52870cc07b308ffadc9427,active_legit_candidate,ACTIVE_LEGITIMATE,624
0x6f2473816ffea040ee69b52cf3f16865c50a759e,control,GHOST,1
0x6f4ee8b226bf7b3df45c55ec10505edc7cb68488,top_volume|active_legit_candidate,ACTIVE_LEGITIMATE,102
0x6f6224aafa69c70d6c371141f8ec6b0465915a76,control,GHOST,1
0x6f9cdbe9e61a758f329fa26b833974c289ed7a1a,control,TEST_RIG,5
0x6fb363e4f39d980ff44ee3fe4670715d97003a60,control,GHOST,1
0x702ba46435d1e55b18440100bc81eb055574875e,active_legit_candidate,ACTIVE_LEGITIMATE,37
0x70324f823bb202f1c38efdb90a78fabf3afce26d,control,GHOST,1
0x704fff4edba6585926af97ccb5573d465d30c043,control,TEST_RIG,7
0x7070bac27803f76ad580067d032c1cfd9e2739a3,control,GHOST,1
0x7076fd15046aaf4dcf8ff22d734a0ec081a28cc0,top_volume,DORMANT,4264
0x70b5b14a97a00b460229c58938738574946fc268,top_volume,DORMANT,8333
0x70b5be0797c1b24facf61c9b8bec9483f8d7d45d,top_volume,DORMANT,7260
0x70cd77d24fd0fc7d545bdfc622237baa80554f9b,active_legit_candidate,ACTIVE_LEGITIMATE,330
0x70da5f2a851fb936eff8207f2733b0914cc44b7d,top_volume|active_legit_candidate,ACTIVE_LEGITIMATE,2760
0x70df019c30dade42fcc46d5decdd62b4fdfe748b,top_volume,GHOST,1
0x70fb857d15b8867e5eff0c20e61ebf7d8b9d5d9c,control,TEST_RIG,5
0x71033ab6ed376a0b53d1826ea632ddfec96b3661,active_legit_candidate,ACTIVE_LEGITIMATE,258
0x7105bb039be0375e46b032912ae8e698c26ae396,control,GHOST,1
0x711c032f1fb7d72e77a010c50111fde730c34385,control,TEST_RIG,9
0x71290e6ad72f45fc2defab42db7f59daa7bd4883,control,GHOST,1
0x715136a0fc0cd7e2ee3bb79fcec222d349ae6c5c,control,TEST_RIG,5
0x7177ed1fcf2f8e69ade2da195985737177c3de48,top_volume|active_legit_candidate,ACTIVE_LEGITIMATE,1390
0x7192ebb0e1f918047affafae2fd2410be9dc9732,top_volume,TEST_RIG,7
0x7194ec1f397bb6c02c82a2d8eb57d32443fc5164,active_legit_candidate,ACTIVE_LEGITIMATE,75
0x71a2ced2074f418f4e68a0a196ff3c1e59beb32e,active_legit_candidate,ACTIVE_LEGITIMATE,89
0x71d6e4ac4891beb8df57d34d5d3f15ef0a75c24f,control,GHOST,1
0x71e3fe214a770274a561ca2da35465e4b5b5cb13,control,TEST_RIG,5
0x72109494fa9459c595c70f8658136700813847b7,control,TEST_RIG,5
0x7231f07d4ef62b9bdfce8f0ae4b9ff1c5c133230,top_volume|active_legit_candidate,ACTIVE_LEGITIMATE,1372
0x727be5064acd1b4183c7da9fa12254590182910a,control,GHOST,1
0x72cb06ef488f9b712d7e0320e1833a044c95c5cd,control,GHOST,1
0x72cb3ce78db20bd3caebd62188ee75b6d0bce0d2,top_volume,DORMANT,12860
0x733d47e131f90a23376f9c79e3f4ad276e9f929b,control,GHOST,1
0x73441f20d2f370518916800347861b17188d9414,control,GHOST,1
0x7353a2227e82170ec8b6036cd97b6f93e3235cfd,top_volume,LOW_ACTIVITY,15
0x7362b94b23ce9f6cf9ec8e08d0f00582b048b696,top_volume,LOW_ACTIVITY,31317
0x736de25f19140f2cc7fc30e00061cdf656321bf0,control,GHOST,1
0x7375ccf83284dc51e2ad6d208668277cef367ad9,control,TEST_RIG,5
0x739539ff269eceb780c047435deeb0575354d43c,top_volume,DORMANT,7240
0x73b914054c2acda79174414ccd6eeadf61ebafa0,control,GHOST,1
0x73cb416e2866ede00c2754a60596e6ee11c53add,control,GHOST,1
0x73cfbf9a5463c474dc7203ff97e4faf0715d3509,control,GHOST,1
0x7425c6698349f07391a76c21fe519f340ed39aad,control,GHOST,4
0x742acb97ae40dfccd041282639988238b866a1bd,control,GHOST,1
0x7454fa5a4b3ef96e3e12bdec1705ae36f13d9c97,control,GHOST,3
0x74733f414eb3f6a325ef7f7c3e6346e156ea67b3,control,GHOST,2
0x74def10569e283168c905601b752c2cea1a08b92,control,GHOST,1
0x74ea051ff53fdb15b6c97820c9f243cced7f874e,top_volume,DORMANT,38
0x74f130ef93437a69effa2f50aed23f7ef55c409d,control,GHOST,3
0x75113dcf8ce34f0338440d40270e420f8c1762b8,active_legit_candidate,ACTIVE_LEGITIMATE,47
0x75290136a94ccb0f8241287e6d25704c06618ef6,top_volume,DORMANT,6435
0x752b7c359358258e46ae51c0fe3beb2b72dc6a28,control,TEST_RIG,24
0x754bd2a6799e766b1e2b9f1ae7fbdc0ced96ef13,active_legit_candidate,ACTIVE_LEGITIMATE,118
0x755b73115791902d46a75f4722b09cca395ba35d,control,GHOST,1
0x756ce0a5a7eec76df65dc00489cab5874f2968b9,control,GHOST,1
0x758d2532ff6a304d1a0c2fdf46264590e4ef0637,top_volume|active_legit_candidate,ACTIVE_LEGITIMATE,12776
0x75a6f372011fa73d8dea36c4d86b7dad4493e79e,active_legit_candidate,ACTIVE_LEGITIMATE,537
0x75ab322c53be1ad013cc5fabc0c9539841a6c154,control,GHOST,1
0x75bb1cdd38c2ed174a26efa1a12a4bafa26a01ba,top_volume|active_legit_candidate,ACTIVE_LEGITIMATE,379
0x75db9a0da707cec776639622d4a157f8f6ddc30f,active_legit_candidate,ACTIVE_LEGITIMATE,100
0x75ddd3c42eace13c59ea0cd1141b886a1c70d2a5,top_volume|active_legit_candidate,ACTIVE_LEGITIMATE,1575
0x75dfd1e9b5c5a963d2e2109c52705b7f2255944f,top_volume,TEST_RIG,208
0x75f7da61b70fa365d90ec50bfa97233ea1ece4ef,control,GHOST,1
0x7606616882d093e88ed6352a7cba4f591bfef522,control,GHOST,1
0x76145061b6804913627fd300d3c74fe461f1d150,control,TEST_RIG,11
0x7642cced89398bd638d9ee2f82da8cd3fc01ada1,active_legit_candidate,ACTIVE_LEGITIMATE,117
0x7662e00f8ab4c362166e1ff649ff6c2a638c80ad,active_legit_candidate,ACTIVE_LEGITIMATE,194
0x7670dcbd00c2b2a2bcbea06d49202736e95e2a1c,top_volume,DORMANT,52
0x7673d1b75f0f94e4d8d22f9b2d64d0550cb385df,top_volume,TEST_RIG,20
0x7677a0ec93c75b540dada06e9f1952c950ee2dbb,active_legit_candidate,ACTIVE_LEGITIMATE,18271
0x76af2b4fcec7d78e393e4c969a0d5c74bcfc230e,control,TEST_RIG,7
0x76d5d847b2df928a842b47794a7943c3dfc434a1,top_volume,TEST_RIG,127
0x76e1b023aaa5379ec45a3d046d7a83a89c173581,active_legit_candidate,ACTIVE_LEGITIMATE,33
0x76f15a092c7ddac99b2276e9289f061fa1244c45,top_volume|active_legit_candidate,ACTIVE_LEGITIMATE,1029
0x77227f59a0473cc6dfe5468cb8a11c9a9b5488d7,top_volume,TEST_RIG,1454
0x7741cc46ca5cfdee3ace477b3945f35ce422fe0a,control,GHOST,2
0x7784486915fe4679d285cf253e08313532ddc0b0,active_legit_candidate,ACTIVE_LEGITIMATE,80
0x77917c49071c9affcae9d25c1a48e5f201c410b0,control,GHOST,3
0x77a1f96694cf205c559eeb8b9c6adf87c8ce501a,control,GHOST,1
0x77b3c5b842e75979d4b5cbd1909814d147d53373,control,GHOST,2
0x77d207c2df988f82d99681522709533c070d67dd,control,GHOST,1
0x77f1bf5d1452ffe534b4c087c350002bf5742ecf,control,GHOST,1
0x77f3c9bcb898ad1d30e9a336e2cc3108d88d6c09,active_legit_candidate,ACTIVE_LEGITIMATE,77
0x77fb7f4fa41ea6dcdaa9ff41156a8f1aadf4f1d2,control,GHOST,1
0x78143cc8921f98084a16801a6c3fb6bbd938a14a,active_legit_candidate,ACTIVE_LEGITIMATE,141
0x7827db6188826f33da7c234ff75916eadca00a0f,active_legit_candidate,ACTIVE_LEGITIMATE,53
0x786a0db0c2110951baf55e419b57412ed29ba1b0,active_legit_candidate,ACTIVE_LEGITIMATE,167
0x7872c948f7c8b5a3d47ba4370486462af9ccb54c,top_volume,DORMANT,273
0x787371f535904d347233bcb147a439bd06f77b99,top_volume,DORMANT,78
0x787eb7eebb1acceb0bef25de72fc3d842b46d4de,control,GHOST,1
0x78be17a8eda8f82b59f6e4d7d7d1c80e386112f1,control,TEST_RIG,9
0x78beebc8136321a1e037d0c7cd508ebc9591f620,top_volume,DUPLICATE,3315
0x78efe6f85ea581613ee6be8ac3e8cf5439a6125a,control,GHOST,1
0x78f993378ff7890daac1689f79e7db2291e73928,top_volume|active_legit_candidate,ACTIVE_LEGITIMATE,127522
0x78fcc256cf8585241e9f165c274bef9472d23c5c,control,GHOST,1
0x793a60ee30556e4129ed8515447745f2b8739fa2,top_volume,TEST_RIG,11
0x79627f5ed4d168e45396adb55bcd66101daadf9a,control,GHOST,1
0x797d17c4df742772287322cf0ba40be7d9873737,top_volume,DORMANT,1107
0x798249d6d64dcc7e210fa4fb70a6e3918e0a333a,top_volume,TEST_RIG,127
0x7995f522536878c0ae0b70d8260db4bc6b07ed71,top_volume|control,DORMANT,407
0x79dc34c3951876e3fe91b32b26c55aa0ef0bfd66,control,TEST_RIG,20
0x79dc34e41b2b591078d3de222c43ecaabd52fccb,active_legit_candidate,ACTIVE_LEGITIMATE,218
0x79e16ca5c26a174cbf6a849cdd45984f1c93251d,control,GHOST,1
0x79e58aced23e758c46774fe46411ed4f560ca22d,control,GHOST,4
0x79e999e2f9d5417f2803f1d88602ab1ea4323881,active_legit_candidate,ACTIVE_LEGITIMATE,217
0x7a3725154a2e6468f9549334394802e9e2822c2a,active_legit_candidate,ACTIVE_LEGITIMATE,148
0x7a61bea3bd54292e91230f8ace204beb39b536c4,top_volume,DORMANT,6828
0x7a641d17b063ffb6f4c15ab8b97661c534cb60ed,top_volume,TEST_RIG,128
0x7a8170d28a4f63937dc683837e2c63d845ea0770,control,GHOST,1
0x7a8ea69d3bf52a8a1f84159cf84b3a0319cd782c,control,TEST_RIG,7
0x7aae280febfea2196b003c3b811395a11bb8248c,control,GHOST,1
0x7ab2c8e0d937f2139a4cd1834f6c40b6c1881471,control,GHOST,1
0x7ab481f3741aedf5ef326627dc4f61e947bfe76e,top_volume,DORMANT,29
0x7b03e2d2da6cf824d3e0ea9b57b90155d3a466e1,control,TEST_RIG,9
0x7b0925467860ae07cc7a3ed7ce9044304e897331,control,GHOST,1
0x7b291c0a610f0f7ce47345d56b6eaecbfe8f13b7,top_volume,DORMANT,13270
0x7b390424b3e211c0739585778de97ae719ccd137,active_legit_candidate,ACTIVE_LEGITIMATE,2182
0x7b3fe9333e0186b3998805d1408665284b0bb11e,top_volume,TEST_RIG,129
0x7b5ab33dff31b69bcf0ddba0b11f22ffc3eb4576,control,GHOST,1
0x7b616018a1895e9c6a53d526a996c90f4a609792,control,GHOST,2
0x7b8034d60426ce987fcdfd7446be527021f3f855,top_volume,TEST_RIG,32
0x7b81d5b94bb0ba9f3d8d109c757392b9873ad9fb,top_volume,DORMANT,270
0x7bb8009a8ab0c46a616afa5769cbab52dce77a73,top_volume|active_legit_candidate,ACTIVE_LEGITIMATE,3630
0x7bcd1f84a601f941e883892992a73ce87d7ca2d9,active_legit_candidate,ACTIVE_LEGITIMATE,128
0x7bf5180cbb1707149ac0f26fa936f1aa2608c585,control,GHOST,1
0x7bfc0af640eb6738277fa3f557b8eb9abcfe0adb,control,GHOST,2
0x7bfe7671ec7c36a7ba0f5273d4623b743ccab8d7,control,GHOST,1
0x7c032f410d3c5f3d53a0f16dd7d5019a49a7fa93,control,GHOST,1
0x7c6a0381df170e40deb4a62bfb3ad4bc0d152540,control,TEST_RIG,6
0x7c74a9d43ea339f76dacc7bdce9e6edf0f033bcb,active_legit_candidate,ACTIVE_LEGITIMATE,517
0x7c99d328833a2f1918859f5b10548c6067fc0739,control,GHOST,1
0x7ca55e665bbc5da7159e3490b13e5897093b5503,control,TEST_RIG,5
0x7cf3853ab9b299e5394a23978daec4a9e0913981,active_legit_candidate,ACTIVE_LEGITIMATE,47
0x7cf45cd775bdf31a5a96fa0a5805df0b610d87ff,active_legit_candidate,ACTIVE_LEGITIMATE,120
0x7d042f78593b22309bcbc0ba10a27ff50133277c,control,GHOST,1
0x7d0d2ec76abe7e4a0356205e926000fd09f28ee6,top_volume,TEST_RIG,124
0x7d14657fb8e51b2984c9115279665395a406b243,control,TEST_RIG,5
0x7d20c5e7bd892aabee66bf8fbbc50534bccb64c8,top_volume,DORMANT,397
0x7d2ceb7a0e0c39a3d0f7b5b491659fde4bb7bcfe,top_volume|active_legit_candidate,ACTIVE_LEGITIMATE,32694
0x7d5a228c351cc4728880a198763ad8356a9a5edb,top_volume,DORMANT,20073
0x7d6fede4acf258c154be47940d01f445968a311d,control,GHOST,1
0x7d9a95c46d50231016f12a79c5bdea2936570b05,active_legit_candidate,ACTIVE_LEGITIMATE,279
0x7d9d1821d15b9e0b8ab98a058361233e255e405d,top_volume,LOW_ACTIVITY,339065
0x7dad3c4b635392fcb2d43b740ff1cc01934300a1,top_volume,TEST_RIG,1492
0x7db948c8911b8abf46bec30fdce3b2a3160bbac8,control,GHOST,4
0x7dc1f6301f94c4dc30f18a8ae192c9d9dac9832a,control,GHOST,1
0x7dc6990ea2dc2629ac33e510442daa7bc59e0404,control,GHOST,1
0x7dcdf50e9c5be73a963180206c51f04dff884a2f,top_volume,DORMANT,194
0x7dd5be069f2d2ead75ec7c3423b116ff043c2629,active_legit_candidate,ACTIVE_LEGITIMATE,27434
0x7de2d94f9bd93ce8fa2eed8e1821e50a0e15cd90,top_volume,DORMANT,63
0x7e076b7b38b388f44176e494e7407952800c9765,control,TEST_RIG,9
0x7e0eac109ccaed7163a50a9895799acd32b39f98,control,TEST_RIG,6
0x7e3eca1f0fdfa31918722f0c6e531bdbd54311fd,top_volume,DORMANT,56
0x7e4047e1a0ae18d7476b7d9c0a5b59d053a1fda3,control,GHOST,1
0x7e5aef00050aa844995d0f879df6111a0e6876f8,control,GHOST,1
0x7e5af504234a9a992009b4de3f5ca9c4fe0db5be,active_legit_candidate,ACTIVE_LEGITIMATE,370
0x7e67204eea076e8803b5753e5441ba0e62be13a4,active_legit_candidate,ACTIVE_LEGITIMATE,3546
0x7e740ddce70408f000e50cfb8d0cb55245863f51,control,TEST_RIG,9
0x7ea1bb15c6d91827a37697c75b2eeee930c0c188,top_volume,DORMANT,423
0x7ea2dcb09b3ebcfb9ee1195c9587f944d8067bc9,control,DORMANT,22
0x7ea3744231b5cbd450975ea77f7f456b4ba3500c,top_volume,DORMANT,6555
0x7ec14b9f999bfd03abec37c870fe78f7dd4de7e3,control,TEST_RIG,12
0x7ed531c91a2ebffdd0a72569ce0f6628420318db,active_legit_candidate,ACTIVE_LEGITIMATE,332
0x7ee6afae12a02d35c5e8a37ae2f2ec2e1b2f3604,control,GHOST,3
0x7eedc5c1f38c3a7833dfe8a5458e3b44422f65a7,control,GHOST,2
0x7f1e8ada9f03b292865ddf4d9737319af6963a86,active_legit_candidate,ACTIVE_LEGITIMATE,50
0x7f219652fa3bde3d5c0cd30f0c0cfd87dfc4c605,top_volume,GHOST,4
0x7f33b3c113915a0f2981070553ba9538c0f90171,active_legit_candidate,ACTIVE_LEGITIMATE,263
0x7f6fa471726c35321b58704bd2a440d405767bfd,active_legit_candidate,ACTIVE_LEGITIMATE,1082
0x7f72a02c682e908d46a5677fe937cdb612d94a3b,top_volume,LOW_ACTIVITY,286
0x7f74ce6d34ee0180f0217a16ce05f3b91272570f,active_legit_candidate,ACTIVE_LEGITIMATE,3508
0x7f7c9bff1ddf2817641740962a9872e6421ebbfc,active_legit_candidate,ACTIVE_LEGITIMATE,72
0x7f9d1a879750168b8f4a59734b1262d1778fdb5a,top_volume,DORMANT,2958
0x7fa403339dd367f41eba84f3c1425b357c01a0b5,control,TEST_RIG,9
0x7fa8ac4b42fd0c97ca983bc73135edbea5bd6ab2,active_legit_candidate,ACTIVE_LEGITIMATE,948
0x7fc5b3212de51b9ad569aeb43c1027166897aaed,control,TEST_RIG,10
0x7fd1ef5339337481d7a1028367f598eb444f3652,control,GHOST,1
0x7fd421c6d200279a9935200a9c4b6249ff5ff260,top_volume,TEST_RIG,129
0x7fd666849405ab08b942d7a0936a2eda5bd34924,top_volume,DORMANT,1770
0x7fd8ec2db00cdc26d52fc1547d4fb9ebd9c4d446,control,GHOST,3
0x7fdab6c4a6a01f0170563c33340a569ff9fdd86b,control,GHOST,3
0x7fe437880171f5ee268c0553b9b0ac15b0e3bbc5,top_volume,TEST_RIG,5
0x7fe8569649758ce2b965fbc6acda2a1e23a1d2c0,active_legit_candidate,ACTIVE_LEGITIMATE,28
0x7ff34f8a910a8268fbec9feb941556513a3994d1,control,TEST_RIG,12
0x8008639993d305eaf408f185ab22eed814746f5f,top_volume,DORMANT,179
0x80238a1c73367591bf17e2f4dbac652e479b077a,active_legit_candidate,ACTIVE_LEGITIMATE,20
0x803a7c684b60520b1c5390ad8ac89fb4876fc282,top_volume,GHOST,1
0x80437842a9b6d7257d0bbf1fbc8571121ac225a8,active_legit_candidate,ACTIVE_LEGITIMATE,913
0x80740d6d970ec62e3db3ed06ac0e6e4ac4e0e89c,active_legit_candidate,ACTIVE_LEGITIMATE,58
0x809220c5079bcc14fee46b0c46cfd3033e2152b8,control,TEST_RIG,5
0x80a206e414e842936b5981068f4db1c54e8263c7,top_volume,GHOST,4
0x80add3b20f9ff37d877594c7aaa7cd3534ab2ede,active_legit_candidate,ACTIVE_LEGITIMATE,93
0x80b4c333c8a7998c8080677a670fb1792bc6e143,control,TEST_RIG,6
0x80cdd5832b89f771cc4377d47b59b0667279f788,control,GHOST,1
0x80d8e7aab55acd0666e656c62f3581e4811d8f5f,control,GHOST,3
0x81101b7138738cb92455de355bfd4aac7ce1dda4,control,GHOST,1
0x812a20116cbd407db6b537936a2632efd8340567,control,GHOST,1
0x814ea4250d7499502eead386634d345016b9434f,top_volume,DORMANT,2024
0x81832eede3a4ad96cb3d7ca09977636d912fd3d5,active_legit_candidate,ACTIVE_LEGITIMATE,839
0x81c4143ee57906239718de4a904bff00436fa1c1,active_legit_candidate,ACTIVE_LEGITIMATE,20
0x81d66d42620f4ab9c1edd48299e030d17aef490e,top_volume,DORMANT,24779
0x81eb7910120805c698900dc898002af87ec5fb6e,control,GHOST,1
0x81f628dd1f2546dffc5024e63bf9cb89c991a068,control,GHOST,1
0x82016c81b147409ee858552521eb1bc92d7ffdd2,control,TEST_RIG,7
0x821788f7cb911a6e97a0611d5f8f138ee3ea3af9,control,TEST_RIG,7
0x8255fd2ea1d0af0a36fe6b39692a9857af30c03f,control,GHOST,1
0x826333ccf16546177d1554c0cbb6d71e6d40dbd3,control,GHOST,4
0x827a5baac67ec4f194bc9edbaab65e925134005b,control,GHOST,3
0x82999d082f3a9435587db7ebaf23637d4a472fef,top_volume,DORMANT,3656
0x82af24818d23d92d79c978d96e93a414b8f32441,control,GHOST,1
0x82b17d0bb4de9ae6c3491257b60e8245e70acd7b,active_legit_candidate,ACTIVE_LEGITIMATE,407
0x830b6faca096f04f0c165d2e6c710462ead4a8b9,control,GHOST,2
0x83240485b70e5c820e5f180533fc6156470cfd0e,top_volume|active_legit_candidate,ACTIVE_LEGITIMATE,17638688
0x8349f818febb9ce4cbb30a9360808a3d04b7ff5f,control,TEST_RIG,81
0x834b189a1c087d0af169a905454979952f59e8ac,active_legit_candidate,ACTIVE_LEGITIMATE,45
0x8364bc963a144f2804be45e23210e2c81bc9acc9,active_legit_candidate,ACTIVE_LEGITIMATE,374
0x837e1951edbaf3945e9b35f0a3abb5c6cdce37d2,top_volume,DORMANT,5785
0x83821cd12274f7ca1fe9f31bbef81f2103a4777e,top_volume,GHOST,4
0x83abe8e4c5cd41e1e42142cbef241c31910a13fe,control,GHOST,3
0x83c5e4f620a47ac7b086bd06e2696f6ac9b9fcc3,control,GHOST,1
0x83c5eb305447caa8d351abee2294bbcfa13b0fdc,control,GHOST,2
0x83e76647cf1dae6b7e225eb5e2eaff9608bb3074,top_volume,TEST_RIG,18
0x83eb18c7b6db212d3dfad7938b055c68e6f9f2f5,control,GHOST,1
0x83f59373c4f506f20f452f161cf65faaf7309b48,control,GHOST,1
0x843a36356dca2a613bff680063233d15d7e58248,control,TEST_RIG,10
0x8472e3cc3118287ed6fc88cda90a2186ee2490a1,top_volume,DORMANT,6405
0x8498905e4f4bf19ba33552046fe4c496c33ac51c,active_legit_candidate,ACTIVE_LEGITIMATE,201
0x84b0452cc752630b2b2fe316499951d156880e8b,control,TEST_RIG,7
0x84e4bf33e7d1dfd896b1220e79233897158ce19d,control,TEST_RIG,9
0x84fdbcdee54ad44fb36b656f852b78f504a79be7,top_volume,DORMANT,195
0x8553670d4b9302a6c6499707e1ad742bd941f930,active_legit_candidate,ACTIVE_LEGITIMATE,298
0x85557c90027354eaeffe9ee4b4f4014818d8d3e1,active_legit_candidate,ACTIVE_LEGITIMATE,67
0x857940defcc75244290d7ec735061ea85859db0f,control,GHOST,1
0x8581784d3e598cca3482375cff2409ac9dd8c402,active_legit_candidate,ACTIVE_LEGITIMATE,1839
0x85987108d0d3541aa8154a381bddc341b07628a9,control,GHOST,2
0x85b3777e0c08067cc1cf5d1856fe33f803adaef3,top_volume,TEST_RIG,1510
0x85b47b40455ab2bd7921f76dce841b48c82d627c,top_volume|active_legit_candidate,ACTIVE_LEGITIMATE,16504
0x8634ec8de71f71dbea121132d719f33c01ecf8d7,top_volume,DORMANT,8
0x86410e8410d07ead059264e639e9351a04f2d851,control,GHOST,1
0x8655520b4b19187038ac9a4f560da0979cc1e95c,active_legit_candidate,ACTIVE_LEGITIMATE,41
0x86753f789ab86d3adbe006fa8251a0511206727b,control,GHOST,1
0x8689c7353ada96279a0454ead5a36f6d206d1b30,control,GHOST,2
0x868a4fefe553503e1b2e3749e626b9c7cf8d212d,control,TEST_RIG,7
0x86a2622937e791afd93163aed58a752c3c4c4920,top_volume,DORMANT,5044
0x86b32abe7d4dc47769b2834e79d1b29a1649e71d,control,GHOST,1
0x86bb2185dc90c1708cc94cbb2c7c790f2c9a5cbe,control,GHOST,3
0x86ec8572b511d492580a1014b5fe2859c0b56eb2,control,GHOST,4
0x86fa14c0edcaa2966e1c2c7a1eb20bea0af09537,top_volume,DORMANT,272708
0x87001feae6d10a68cf5b11f91c92a3e12c76b1b9,top_volume,GHOST,1
0x87012727063fc18f15de4becac6688c9411550ab,control,GHOST,1
0x871aece29fe5f4d3e208dbed596fe57f58a0b82c,control,GHOST,1
0x87238b76dbd8d1d4e789f31fd183f88492b8f5ee,top_volume,DORMANT,95700
0x872718ac8033bd6a3ec20f944e00ece9ec47c19a,top_volume,TEST_RIG,124
0x872d321c5a6123c40b01441c8c84f08bfe356423,control,GHOST,1
0x873f87d6a2b5126e950c03ec03e3d7b82d91bf1d,top_volume,DORMANT,312
0x87458a084bd9730532e49f948deda089254daeb6,control,GHOST,3
0x8755a2faf86c9e3758450d703f8bbcada343c62e,top_volume|active_legit_candidate,ACTIVE_LEGITIMATE,20228
0x876567f9b7a4bf1ccfce8c851cf6f172fafbc325,top_volume,TEST_RIG,86689
0x877227e8acf23fadf54f9b4d10312ec388ba181c,control,TEST_RIG,11
0x878533ac28c5ff837a7b17c82f867d39280667cc,top_volume,DORMANT,4625
0x8787431ad2ccceed79298450fc5e5479ee09ba12,control,TEST_RIG,30
0x87a6cd8c67649cb1c2221d87fedc3fcf2b22b359,top_volume,LOW_ACTIVITY,1411
0x87b0f7c83de15d5154dbb178cd88b05808d52c36,top_volume,TEST_RIG,646
0x87c8b4629cf67abe83185d034a910e86fe4deb86,control,GHOST,2
0x87f1d896e39f0629c7a391d255364ed9c4a47da0,top_volume|active_legit_candidate,ACTIVE_LEGITIMATE,67
0x880ae37b0d51b9c51c809bba8d2ef9fdffee7fd1,active_legit_candidate,ACTIVE_LEGITIMATE,445
0x880cf6de58b19364ab83cc7c3b44ebe0202a6903,control,GHOST,1
0x880eae2ba5c2ca395727ecf9d3e5c97087ed97d5,top_volume,DORMANT,12745
0x881103ea1cef8f8434c68eca099ce894f42ad64e,top_volume,DORMANT,270
0x882059ed94c15594bc5f4a4e74c8f97bebe260ff,top_volume,TEST_RIG,255
0x8824fa48593fecb761be9be6299965992ede8cfe,top_volume,GHOST,1
0x88824a16de29720efd3a9f39d894e31decde8320,control,GHOST,2
0x88e44527207595a68114acc76bb4e4b1cedb7522,control,GHOST,1
0x891279b74ead29c025db6e0baf107d17bcd2179c,top_volume,DORMANT,6832
0x891999ee5fe30fd266a43e881572adc00a28fe4d,control,GHOST,4
0x892e4feed0128f11d486fd451aff4a78171c8748,top_volume,DORMANT,14196
0x894da4c9f416b7ec965ad9cf5d4de12982c52174,active_legit_candidate,ACTIVE_LEGITIMATE,22
0x89764c3ded721c29999a237cf935a34e1c8edf97,active_legit_candidate,ACTIVE_LEGITIMATE,434
0x897720c5b19f93f3194990d0121d3a64783bbab8,top_volume,DORMANT,426
0x899b5dbb64194fb05bddc50555e6b4d812558802,top_volume,DORMANT,26
0x89dbcc655ebaa2a5118edfab9c636f5e05b4fc81,control,TEST_RIG,8
0x89e00520c13021ffb1fe66dee90be876dff51629,control,TEST_RIG,6
0x89ef04819466e171154df1bbc043f7abc58dd18b,top_volume,DORMANT,4272
0x89f2871e1c4c531e95764bc34c270c313ffef7e2,control,GHOST,1
0x89f5baa2caa63fdc008baf5c6e713e89a225e84f,active_legit_candidate,ACTIVE_LEGITIMATE,57
0x89fde966216e7150772caeff45f71fa58fe0a331,control,GHOST,2
0x8a0c098e896fa309828a35ce714403d23cbbcf3a,control,GHOST,3
0x8a1b494b05ef0f90c9f2c4ccd019f46e228b807c,control,GHOST,1
0x8a36f293c6b8ec08d88f2c384d4f5a615175b5e9,top_volume,DORMANT,4028
0x8a58e4088625f80229c7216919a184ce2483266a,top_volume,DORMANT,9290
0x8a598a28a435fe44d31854251b1c88d0781ea822,active_legit_candidate,ACTIVE_LEGITIMATE,4405
0x8a612938261134a94a917bd570eeb07656f94cdd,control,GHOST,1
0x8afd8b4f5d86efaec684f308c54a999cd8803933,control,GHOST,3
0x8b01f4e279021439745b725e07092bb0e3325498,control,GHOST,1
0x8b02d2e03ea8b683ceb8e38cf08ce935c67aa1cd,control,GHOST,1
0x8b136387abd2f3e7ab6786fd1f07f2336639099d,top_volume,GHOST,1
0x8b29dabd6fbb5a09dacbc7978eaed66a8540721d,top_volume,DUPLICATE,62055
0x8b54d7c94ec068790e3ab8213991931f1707fbae,top_volume,TEST_RIG,7
0x8b91d3ed06620c192301d245ebf02b877c9cb79e,control,GHOST,4
0x8b91f56c0440144ecd619ce78f110938b40f76a6,top_volume|control,GHOST,2
0x8bb01be35fb4ec9ddaa2c74650cf3dcb9d994e5a,top_volume,DORMANT,263
0x8c05121c9617f8960cf5b7451103192f32de8dde,active_legit_candidate,ACTIVE_LEGITIMATE,2497
0x8c0ee8fc4aa3a5034a662c45c4443c911a1d3c83,top_volume,DORMANT,6660
0x8c913b70db8facdadc37bc2530559dbe879b95b5,active_legit_candidate,ACTIVE_LEGITIMATE,43
0x8c95dbb340cee1768270df7124afb24ebc5dc310,active_legit_candidate,ACTIVE_LEGITIMATE,35
0x8ca6f995ef28271fe250d06ebb9b7c26085bb684,top_volume,DORMANT,6606
0x8d0663bbb967ebf1c047405a888ddf865f3e8854,active_legit_candidate,ACTIVE_LEGITIMATE,86
0x8d32c6a3ee3fb8a8b4c5378f7c5a26cc320a853f,active_legit_candidate,ACTIVE_LEGITIMATE,71
0x8d4ba8349a7fcd068f91faf74c87d23a3d27c268,control,GHOST,3
0x8d5b7fd6c5daff4c8579f30ac8d1ca5f6afd4c87,control,GHOST,1
0x8d80ff1313177da1efddd4d299d805cffeba43f4,top_volume,TEST_RIG,195530
0x8d8251a787e608229c386fa24842bb7a3a72f67c,control,GHOST,1
0x8d8fa42584a727488eeb0e29405ad794a105bb9b,top_volume|active_legit_candidate,ACTIVE_LEGITIMATE,1612932
0x8d9dfb36ecc5e4a1b125d1885faae87918a600f3,control,GHOST,1
0x8da0e2bdaac91c50239d10aa979b6029efc404e5,top_volume,DORMANT,42
0x8e23f563d52150ab96b092bbc28b19654ff33164,control,GHOST,1
0x8e4a7aeeeaab1358f529acc52dd0d46b57dd1bb1,control,GHOST,2
0x8e4b195c14f20e1ba4c40234f471e1781f293b45,top_volume|active_legit_candidate,ACTIVE_LEGITIMATE,1500
0x8e50fccbf00672b2f6ded53a20fe5bd6fe80de3a,control,GHOST,1
0x8e5a534e912c2d2d05a150827be9d3385a31b6aa,top_volume,DORMANT,401
0x8e7237d203b907ad0551ef62c1cca5bd1e42ee53,control,GHOST,1
0x8e7575824f2e8921673ba26907a1a15c79f7460a,control,TEST_RIG,6
0x8e7769d440b3460b92159dd9c6d17302b036e2d6,top_volume|active_legit_candidate,ACTIVE_LEGITIMATE,59209
0x8ea3abeb64098fdc5f09fd3fe2e4c855c9480a2a,control,TEST_RIG,5
0x8eb5f5e8b4bfc05615ca41b2699123cd6dc92ef1,top_volume,DORMANT,183
0x8edce529182ec8b4bfc30ad5f6e3807514b14401,control,GHOST,1
0x8ee7c76fcb175dd0f9e7fc240f6828ecb226e90c,active_legit_candidate,ACTIVE_LEGITIMATE,250
0x8eef0e8b6a65911f848976388c26b3ccda4ab601,active_legit_candidate,ACTIVE_LEGITIMATE,400
0x8f39b7da8ff3eba4191456bbf2b14e92144e3598,top_volume,DORMANT,7016
0x8f76148bc562d29d82a1afa94d4f27ea28478cda,control,TEST_RIG,7
0x8f841706d880bb7f873cbcb0961618fd5bcba99c,control,TEST_RIG,9
0x8fa0711a5ffb70175c6780e1a4f98d6e753ad8af,control,GHOST,4
0x8fc4006534801c17a3368075a1fb3b3c511edb1f,active_legit_candidate,ACTIVE_LEGITIMATE,240
0x8fd17cbd48d93a2235543e1194034bb06b7909c3,control,GHOST,1
0x8fe9046e9b2e5a11c160ca9ded12c517558d2775,active_legit_candidate,ACTIVE_LEGITIMATE,219
0x9000eb8409c0c5934e0183fb39bd9379272675b3,control,DORMANT,342
0x904624fd8c17a60a00bd47dfee375181dc237073,control,GHOST,3
0x904b86a8e0cfd328d44f6cb858246e00319b80bb,control,DORMANT,30
0x908b2cc89a2387f754ba3c80aedb06f3457436aa,active_legit_candidate,ACTIVE_LEGITIMATE,1889
0x909d27b90635d66c401e6db5ee44de81e78955a8,top_volume,DORMANT,91
0x90a03b43b39305439c49897e181b41a5c98dfb18,top_volume,DORMANT,249435
0x90d5c598db78486ba47ba27de2075f30bb95c7e0,top_volume,TEST_RIG,32
0x9104e66ce1ec4df6d121360a683bd46b89657f1d,control,GHOST,4
0x915ec4a2d9f3225dae6a1706adddde6b027c4c96,top_volume,DORMANT,7944
0x9173fc7aca730ae34838f08dfe85d4a608f38c38,active_legit_candidate,ACTIVE_LEGITIMATE,26226
0x91983725c0090b4c386f594ee9ccf5f8197fd05d,control,GHOST,1
0x91dc14235b624adebceee0bac88778bbacf67f69,control,GHOST,1
0x91dd6027140a4c124543474eb0a04fa40c7c8824,top_volume,DORMANT,196
0x91f0be9181da57c36bbf7d5eaa36845fe54f2ae9,top_volume,DORMANT,273
0x91f777ec7c76abfe1f80818e2cff15a769f9123e,control,TEST_RIG,5
0x920bcb8354a45af41102cbdefcefab129ffba68d,control,DORMANT,30
0x921ecfbc9283c7b4caa3d61e3c5b1eb1b57dc73e,control,GHOST,1
0x9226211a5fdc1092468f3a6c36370465f6e1823b,active_legit_candidate,ACTIVE_LEGITIMATE,30
0x9257cd24721e3c06e9f7655b77c283bcd9652132,top_volume|active_legit_candidate,ACTIVE_LEGITIMATE,42460
0x9273416b22f7cee60c250d3a52f1f9e18de2f246,control,GHOST,2
0x92941a4cdb35cb41f55de0101be212c7b86ed45f,top_volume,TEST_RIG,1359
0x9299ea851fcf213071a6dd94ffcd026834d61023,active_legit_candidate,ACTIVE_LEGITIMATE,33
0x92acc7ee659bbc1ab53ca6d4e956439235f3b413,control,TEST_RIG,7
0x92b1019c9a4bb04a51451576d41f8319a41a499e,control,TEST_RIG,6
0x92e4bce3ecc8001e820602c38015fa95c8d04635,control,TEST_RIG,6
0x92f4ef4851f3fd5dd60b989a6e08fce481634570,top_volume,DORMANT,7064
0x93053f1e7a5efeda532fe69cbbe43cbec3a0f13f,top_volume|active_legit_candidate,ACTIVE_LEGITIMATE,57174
0x930feb56fedefbf1f0e50c1950e7bd2e554cbb7a,top_volume,LOW_ACTIVITY,172
0x93109d14f6665a9c9675290d3cd5a6c07bbafdbd,top_volume,DORMANT,434520
0x931cf96a315ba208b7973b9b1d8859822dbca289,control,GHOST,3
0x93248a4217f6767485b5a090c81e0d5923c320a0,control,TEST_RIG,7
0x9354d4df9e543175b59293e25bf022af0391f334,control,GHOST,2
0x937237e4d123d58c745ba99eefb9e9cac6278d94,control,TEST_RIG,10
0x93862e5b2b1fa10a01772e7e9ca7cdc7deb5ca25,top_volume|active_legit_candidate,ACTIVE_LEGITIMATE,727
0x93958d39d88eb8372bb9c1c82c0d6c0c332848af,active_legit_candidate,ACTIVE_LEGITIMATE,3902
0x9397f6294e495f2379d17e7fe4c0b0595e32eb3d,control,GHOST,1
0x93be890ba397f1e89be48289239eb408fa4ac21e,control,GHOST,1
0x93cfc4c0c504cee99105360c947a186632c30658,top_volume,TEST_RIG,648
0x93dac385d925a0531383bed3b14b598bd903a51a,control,DORMANT,15
0x93e44be74672a3cb13008973bbc787a670be395f,top_volume,TEST_RIG,139
0x93fb99a4ea2134d2d66ea4821df435ccd500fc42,active_legit_candidate,ACTIVE_LEGITIMATE,28
0x941328ba462f729d4a0dab895f21bd69ad5b15e0,top_volume|active_legit_candidate,ACTIVE_LEGITIMATE,397125
0x94179e96f5af02d1f384d7e487af700c46bbf4c1,control,TEST_RIG,20
0x942a90814b561f1d71591d7e5c9bfaa06fed77a7,top_volume,DORMANT,53
0x943a3f08363193def16a0909db23d9832d108b51,control,GHOST,1
0x9448e566cacbcf7539d04999d085e836722adc63,control,TEST_RIG,7
0x944cd39e88f1e19953f22d0110e322ae2bfed2bc,top_volume,DORMANT,6505
0x9461d9dcc5f18834eedc4c3c4f8900d6ec51440e,top_volume,DORMANT,7285
0x946f341a9fa660aae880fe450e4d9e88ba426ab2,control,GHOST,1
0x948eb1c55fa035f50b1402b0d2f0427dd879a363,top_volume,DORMANT,13155
0x949c038cbf68ef069423faaae3316b26415009fb,top_volume,TEST_RIG,180
0x94a7a5594b850edf6a7da47894aefdd3763ec88d,control,GHOST,1
0x94bb050ebbd462673c2456ec52ed2f108aba78a5,top_volume,TEST_RIG,10
0x94d07d84a1b4099cd6016a3d027aa49adcd5f73c,top_volume,DORMANT,400420
0x954c90740b8247e4b0d4a3f92201167895405555,active_legit_candidate,ACTIVE_LEGITIMATE,63
0x954f4de35a8da5c5d48b5cafd95ddebfac01b17c,control,TEST_RIG,21
0x955be6ada88ae666d768e6fdc0174f688d4c7d04,top_volume,DORMANT,6785
0x955d86b1d047c2a5d4e81725b11324c4aed054cb,top_volume,DORMANT,5569
0x956cf15368011ec1a398feafaf302bae3c2b6f15,top_volume,TEST_RIG,127
0x957158528e1c6fdade3123b492fafde277f63e7c,active_legit_candidate,ACTIVE_LEGITIMATE,23
0x957e23386da733aeea05b82a778a804421078859,control,GHOST,1
0x958543c5cd9cbde62fd89a0ae63b5f941c6aa98a,control,TEST_RIG,10
0x95865f98d0ff4b8da3bc698fc7e258cb4120e33d,control,GHOST,2
0x958d72e7ff331ab70ab28cea96357f0ab9c2c384,control,GHOST,3
0x959389b7233d7d7242ddf89cb1a8161e336b526a,active_legit_candidate,ACTIVE_LEGITIMATE,26
0x95976237ece0a454a58c0802884e41d8595d220a,control,GHOST,2
0x95a40cae0d4a893e2f98135fbbfa5b30c4ebaaa9,active_legit_candidate,ACTIVE_LEGITIMATE,60
0x95c5cec98732caa3f665f3fc282dbd395353f281,top_volume,DORMANT,6021
0x96035393181780d84737a21ad21bc22f52bcc714,top_volume,TEST_RIG,124
0x9642c05cdf0e99533142b2d402d92e0fc397daca,control,TEST_RIG,8
0x9647bfb708058d8c01d334ee9d193e9dacf7feea,control,GHOST,1
0x9672982eb001f3c7999b95dee67ad4c5827f5954,control,GHOST,1
0x967f08fc4d3b9651314207f6cd4c7d166b94880c,active_legit_candidate,ACTIVE_LEGITIMATE,271
0x9699f2c2853e92938878e2c7e7cab68401068398,control,DORMANT,15
0x96ab8138d1c76338f7b32b92faec0ccc646d111c,control,GHOST,1
0x96b72596f48af3fe7e8f2956b019e30260468f8e,top_volume,DORMANT,105
0x96bb08e0616d707e1ee089595bb67c4ae03844cc,active_legit_candidate,ACTIVE_LEGITIMATE,405
0x96c36b8be3dc9020b72e30bbce439788b61dac2b,control,DORMANT,14
0x96c44eb92ac1eba7c920587a609c47fa270959c3,top_volume,TEST_RIG,128
0x96cb42ccac640e0f0ff569f9107cf552f67a7dc9,top_volume,DORMANT,274
0x9701d2db3f6852b3bfe95d94ca15af849d627523,top_volume,DORMANT,239
0x972a3bb0b7915f113e495e3866beaa7d5b260d70,control,GHOST,1
0x97316fa4730bc7d3b295234f8e4d04a0a4c093e8,top_volume,DORMANT,104604
0x973a31858f4d2125f48c880542da11a2796f12d6,active_legit_candidate,ACTIVE_LEGITIMATE,80
0x974214b7532b318e0ce34762b6d22ccb76e72060,active_legit_candidate,ACTIVE_LEGITIMATE,604
0x97717d86faf7a130561df44a7ce7d2ed16df077e,top_volume,TEST_RIG,128
0x97869c6470c9eae6b1773bb664bec0beb957cc7e,control,TEST_RIG,5
0x9789f0d01d0531b4b5b9e972174febe54ef33dd9,top_volume,DORMANT,6370
0x97e75c80810698d1a9f4df92e9e264b3ce70f13c,top_volume,TEST_RIG,128
0x97ee9ff0762f53361f706fb6687dcdff5b726abc,active_legit_candidate,ACTIVE_LEGITIMATE,56
0x97f7325a637cf36068a09768ae5edd0b4e8e5c28,active_legit_candidate,ACTIVE_LEGITIMATE,726
0x980d545a1d5fe097c3eff77dc004cb661f45d5cc,control,GHOST,1
0x9869da23e699d048e28a95e9d2f4f4a01964d2de,control,GHOST,1
0x98ae5e71e869334aa22e0bd5534eb6d6ee729997,control,GHOST,1
0x98bb313dea293c417d8e0adc2cf4aa88d31a54e9,control,GHOST,1
0x98e74178bfbd97c28c9e2b0046ff39b68bf52f96,active_legit_candidate,ACTIVE_LEGITIMATE,35
0x98ff7cc3a56fd731ad80aea81ea14e0b5a49c136,control,GHOST,2
0x993c1277c6907425b11ac828783b3c33940a6b4d,control,GHOST,1
0x993dff6f979bcf08b7a960c7e5e558971fd73f3c,active_legit_candidate,ACTIVE_LEGITIMATE,1872
0x995c0abdcd2ad76548e5f7deb54d32549b2b781f,active_legit_candidate,ACTIVE_LEGITIMATE,785
0x9968daa62a852dbc6b644fed1fb1add883328c04,top_volume,TEST_RIG,45
0x9991a6c50cd5a59c1dd084bbd825238c783a912a,active_legit_candidate,ACTIVE_LEGITIMATE,312
0x9a183654e6d982dca571aa7b0e49fbe0d05e985c,top_volume,LOW_ACTIVITY,788
0x9a26fb21d29cca768126bea92624cd7e7c339bfb,control,GHOST,1
0x9a2d322e9e2e13f866a97c55ed88fd738b68689b,active_legit_candidate,ACTIVE_LEGITIMATE,72
0x9aa59eaff78e6791cd1e1eb786709730a408124f,top_volume,DORMANT,3764
0x9aaceabad8e1858b72fcea1665381b168841b2fa,active_legit_candidate,ACTIVE_LEGITIMATE,316
0x9acfdc5a3d6bfbb127615751e0f0e44014e32abf,active_legit_candidate,ACTIVE_LEGITIMATE,225
0x9ae7ed9e46bda09d879df25864a6ca649b4ed078,control,TEST_RIG,5
0x9aeed5d8fa27fb37372219cc0fbd20008a824bf7,control,TEST_RIG,10
0x9af17d607f82b3b22002b4d82efbd1b77f286a7f,top_volume|active_legit_candidate,ACTIVE_LEGITIMATE,2182
0x9af402f9f20fa31b1b9e186df207c995136ff5dd,top_volume,DORMANT,1576365
0x9b08e3ea058fcb1b36498772efad4e5c5b89299c,control,TEST_RIG,5
0x9b2a67df5d10f48f65591000f4ef372c15dee40b,control,GHOST,1
0x9b4dc4f56ec94e629252db7990f885a414a26083,top_volume,DORMANT,364593
0x9b69fed1e363518f048e93411c180578ee9ba990,control,GHOST,1
0x9b82ce10e74b3e2bc08ab187267043d28ad2252f,top_volume,DORMANT,7204
0x9b8a2786a3df7a7837ccfc4e792e9eb90a36f72f,active_legit_candidate,ACTIVE_LEGITIMATE,97
0x9b8c4094947f997699b13ff16b362607642fa338,top_volume,TEST_RIG,298
0x9bb96acb3fd11d8949d862736b96e7e12d319dc4,active_legit_candidate,ACTIVE_LEGITIMATE,29
0x9bd0ae96491f2ba1d962f3a95fdf996778eae14b,control,GHOST,1
0x9bd4581757d37e2aeec38cc257760a00cc6d22e0,control,TEST_RIG,10
0x9be6d2ab224e801ee6cd1ba85277cadc714413ca,active_legit_candidate,ACTIVE_LEGITIMATE,4332
0x9bea314659593ac6651a78931f1c1839737b3f9c,top_volume,DORMANT,14142
0x9c6170a4aa7bd89732d3c66febc317031fc9c237,control,GHOST,1
0x9c6fc00f9644d5c74def90fecd5502a5bf00d076,top_volume,DORMANT,218
0x9c768177521c9a832b0f8567265ef02e89d0282e,active_legit_candidate,ACTIVE_LEGITIMATE,29
0x9c955c40dc98fce89a133f402ffbf94070e6e299,active_legit_candidate,ACTIVE_LEGITIMATE,237349
0x9ca11f04cc1a89abc641a88c97b6f4a7afccfb86,active_legit_candidate,ACTIVE_LEGITIMATE,37
0x9ca24114b146e782f7508d8b87a17693cb189821,control,TEST_RIG,7
0x9cd17f8cb4266987c6d7f35c65c3aa8931af0cd2,top_volume,DORMANT,544
0x9d0c8de6e6f21b939923f7afeb675493a4a33ba8,control,GHOST,1
0x9d19543d7135dd5a74e2d087864e9dc7871d08d3,top_volume|active_legit_candidate,ACTIVE_LEGITIMATE,10386
0x9d1b8a53316f0eb38291a59709b290112a4eecad,control,GHOST,3
0x9d41bc4566038f604362881fbeaad2d1646aa2a6,control,TEST_RIG,6
0x9d6b3967dd5342f05a3d692ec25d5ff0356efbe8,control,GHOST,1
0x9d6d58ac3f55f77a860b35655c5a8f6a3a1aa395,top_volume,GHOST,1
0x9d73c0863cafeb353eb53c25d7bc58b8c14a64b7,control,GHOST,1
0x9da0a42e605e97f765de4cae034e2ca823ae3870,control,TEST_RIG,7
0x9da0f9b46bdc03c3932932b5290780df68a7635b,control,GHOST,1
0x9da4260ee4d3169ce985f0ed8e9b2b5ed51c6f8d,control,GHOST,2
0x9dba414637c611a16bea6f0796bfcbcbdc410df8,top_volume|active_legit_candidate,ACTIVE_LEGITIMATE,355524
0x9dc9a48611b53145bfaa3535dbc1d01df89159bd,active_legit_candidate,ACTIVE_LEGITIMATE,170
0x9ddcbd9899585c14d6a3eae45f16e57aa553e746,top_volume,DUPLICATE,717
0x9e0f04ef51aafcda926791d17e9b283f7d70e0d3,control,GHOST,1
0x9e5038e38cf2197b7a410061fe302844e2df03ea,top_volume,DORMANT,377
0x9e6260e35c39d47268ad98c11e7aa72b62e314f5,control,GHOST,1
0x9e6c8b111590ca51f0afde92a241cf280cdf7c0b,active_legit_candidate,ACTIVE_LEGITIMATE,22
0x9ea1a1241202f2f30b5461429d9c37a1ad95aa46,top_volume,LOW_ACTIVITY,472
0x9eec195081375fc979283954e9a0955e6e6c9b72,active_legit_candidate,ACTIVE_LEGITIMATE,5234
0x9f05146b2d39b4a7072c571c371d7707954a5d81,active_legit_candidate,ACTIVE_LEGITIMATE,563
0x9f14f4927c0dbd1d03d412d4a9c56fac1c8c6f97,active_legit_candidate,ACTIVE_LEGITIMATE,2473
0x9f8bd9875b3e0b632a24a3a7c73f7787175e73a2,active_legit_candidate,ACTIVE_LEGITIMATE,330
0x9fa20a7671daddeb734881991e12f351b9650379,active_legit_candidate,ACTIVE_LEGITIMATE,44
0x9fb365e4e9385e2a39febad70368267e6f571d9a,top_volume|active_legit_candidate,ACTIVE_LEGITIMATE,71113
0x9fead8b19c044c2f404dac38b925ea16adaa2954,active_legit_candidate,ACTIVE_LEGITIMATE,38
0xa00051eade0837829f3685d1d58958a98f75c407,control,GHOST,3
0xa0510c59eed692348abfeb230d5ef644445e3e9a,top_volume,DORMANT,208
0xa0562d347b880f0edfb3a0345a08baa11fbeebe7,control,GHOST,1
0xa05c8d9e988cd23450b702d98b88142f60cac452,top_volume|active_legit_candidate,ACTIVE_LEGITIMATE,88
0xa067afbe22747f8377e66215fbcd616aaa3d5617,control,TEST_RIG,40
0xa06d7ba6fd57f323936d1b2b7d9dacb135fcda9f,control,TEST_RIG,5
0xa06e81abf04c8abcbe0761dcadb27575684ff874,top_volume,DORMANT,6385
0xa086a6dc7b1a39ff028150f9117671b0def9ab09,control,GHOST,1
0xa0b4e0276ccbb71566510ff829c5663a62722e10,control,GHOST,1
0xa0db0deba39adf332ab877f43cd360d499910ca6,active_legit_candidate,ACTIVE_LEGITIMATE,22
0xa0f9c380ad1e1be09046319fd907335b2b452b37,active_legit_candidate,ACTIVE_LEGITIMATE,96
0xa112c9c8bf655c678c768b6fd42a1c6fbfed7d60,active_legit_candidate,ACTIVE_LEGITIMATE,5388
0xa13fa60049cda6078dcdf00465afb1ee7a466574,top_volume,DORMANT,211
0xa143842423113557d26610327f393ec3a1fa4339,control,GHOST,1
0xa15728faaea63bd69447bab95d4cd4e81bff083f,top_volume,DORMANT,3824
0xa18b3d12ae087c8467e85cc5c30217012a176c37,control,GHOST,2
0xa1ddc999aae816d3adc7eb0624701ad88084e915,top_volume,DORMANT,1619
0xa1f5b4ddcb334f0cc93c984086f67dc262ea507a,top_volume|active_legit_candidate,ACTIVE_LEGITIMATE,852
0xa20eb3df8fe5faecac71f1210af7e27f27f2709b,top_volume,TEST_RIG,127
0xa247ff4b7115e8c5c67ad0a295310ae13e6081ea,top_volume,DUPLICATE,18076
0xa24e5808a70c0d9ed645e87c41024a1fb7a558bb,top_volume,GHOST,1
0xa2533392d89d20af71cdc8d98ee87ce1d9a39836,control,GHOST,1
0xa266d5b995b94363d5730cee69ae7bc4c8b76bca,top_volume,LOW_ACTIVITY,1581
0xa2863aef84587700a423d7d37fbe86004cc027df,active_legit_candidate,ACTIVE_LEGITIMATE,573
0xa28e57a0bb98c86a1cc37093d96cb72565736d99,top_volume,GHOST,1
0xa29011e347c5657b53abcc1fb35474928a578331,control,GHOST,3
0xa29f27eddf096d31822528dbcb0575b3b06210ba,top_volume,DORMANT,193
0xa2a5890725bb730654b0e530599fbc9ede477e55,top_volume,DORMANT,9124
0xa2a82a833888eed3da64ad9749ea39a7a95d9927,active_legit_candidate,ACTIVE_LEGITIMATE,51
0xa2b38ffa6c138efdf925b2f1f63c337637a5e4f0,active_legit_candidate,ACTIVE_LEGITIMATE,1904
0xa2b64f5630783e4962bf57c43a9263cb7ab49ac2,control,TEST_RIG,7
0xa2c36b289198734a9a5c9e4f7e31102d27edf8e7,active_legit_candidate,ACTIVE_LEGITIMATE,46
0xa324e75856265eec4fc20cb229a621cafa03991b,control,GHOST,1
0xa3483ad7bed0597bc183f381fbce86e60b362a26,top_volume,TEST_RIG,124
0xa3680e0312d60e77d4b930253cc131a6f94d35f4,control,GHOST,1
0xa372ee963676a0aff085b2635c8b7268a3b5812c,top_volume,TEST_RIG,127
0xa37b401d1ebea0ee31f073a586581ef1c62d4813,control,GHOST,3
0xa3babb36564b0383a82c617050306ee30fd18e08,active_legit_candidate,ACTIVE_LEGITIMATE,88
0xa3cc2fe1fa2651fb5f48695599b1ff9c542f34b8,control,GHOST,1
0xa3e1855168bc6933627f6b4a57aef6f33e0fc7ad,control,GHOST,1
0xa3f57fbae5606e1bd810f1cd918836eb50691616,control,GHOST,1
0xa40cfd47d2d77e70c8f27d885cc96ad8a16d3b08,control,GHOST,1
0xa46a88e692eec8d0295a02a9bdd55ca39d2f30de,control,GHOST,2
0xa4750b8fa6b82899ae9fee569e83640f5f241f75,top_volume,DORMANT,20141
0xa486eb110b6122884e02afec4467d68f2c63606c,control,GHOST,1
0xa48819d63badf7806021a8590248cf003cce2362,control,GHOST,2
0xa4995c6ca580aa9fa118534973f7679fbeb654f1,top_volume,TEST_RIG,128
0xa49e44e04324007027154a869f96bf65cd4d1342,control,GHOST,1
0xa4b8c5e8be2ef3c98c6df38a775d7d3c8765c3c7,top_volume,DORMANT,129
0xa4bc3e6dcf8894f233f31a97cbac639ca113462e,control,GHOST,1
0xa4d8c6241d0a309dc51cce556f399e550b86cdfb,control,GHOST,1
0xa4f1e5e51f52e510417310b80086d10aa807b8db,control,GHOST,1
0xa5031914d5d16f519bc164b888999cb92dd29f06,control,GHOST,1
0xa50c3fc0e8f6699a5b5e85ef7212fd1c27e9a3c0,top_volume,DORMANT,409
0xa50f970586098115f025ed118de6160d0bb42fb0,top_volume,DORMANT,196
0xa51b63a2037afff66ce7b014090bb08f1fc32a45,top_volume,GHOST,1
0xa52157e5df0cd8183b2851da4ad9c8397685206f,active_legit_candidate,ACTIVE_LEGITIMATE,314
0xa537ca8915f3879234397db070e7197e3e136ece,top_volume,TEST_RIG,128
0xa57dfd96898b19b3715e4dc81b2bfe32ffea3820,top_volume,TEST_RIG,6
0xa57e97789d406381a06c0032da5c6b2bb7f7d180,top_volume,DORMANT,6600
0xa58b2505e9743f3b0fe0c4f82ffd3497b9b7b635,control,TEST_RIG,16
0xa5d633d4dba8e4b07b6512afeb9420406429d967,active_legit_candidate,ACTIVE_LEGITIMATE,226
0xa5e765d9d130a17fbd74020507a4d82891817478,control,GHOST,2
0xa6493de2c0839eda651148e26a560d2fb76c5ad7,top_volume,DORMANT,7252
0xa65777b69fa3da14d1539a01b6a171eeac6ebd53,control,GHOST,1
0xa6613ed1cc64d82a2aa50d6fe4f9147a2839ba41,control,GHOST,1
0xa667ebd9266a949bf5fffbfefb3c81b8b87678c8,control,GHOST,1
0xa697afe359defc010857e173e7021407ff92b2bf,top_volume,DORMANT,130
0xa6a8736f18f383f1cc2d938576933e5ea7df01a1,active_legit_candidate,ACTIVE_LEGITIMATE,36475
0xa6a90366a307080bccb859642d3378121fe8809d,top_volume,TEST_RIG,1661
0xa6b7bc6c7b0246b9da50a051090dc213105c8c67,control,GHOST,1
0xa6e06f069a42da355e88ff88249143cefc95bc5b,control,GHOST,1
0xa6fc0bea93e0e21d3ba294272509c9a712c184b7,control,GHOST,4
0xa73d8956253bf678c609281181f1766e35239c72,top_volume,DORMANT,9180
0xa74452985cf73baabf9a938a4407c39114fbd878,control,TEST_RIG,14
0xa77a5d4d37d6f39c20c2441295da9fa60ab9fd69,active_legit_candidate,ACTIVE_LEGITIMATE,61
0xa77f78f4374d337c4d29c988eee2e38e2b2178e5,control,GHOST,1
0xa77f9b4211e168a50f171385c8f5aa1b0c40b2b6,control,TEST_RIG,8
0xa7bcf1f10b40580067320f51904d566d53bec222,top_volume,GHOST,3
0xa7c82e9775a9594c673e3fde8a42d3d17de2b957,active_legit_candidate,ACTIVE_LEGITIMATE,28
0xa7e10cc4d26448d8a4d0101cb9cdc6941e0b1ccd,top_volume,GHOST,1
0xa7f7de3cc2b553fad5b336c7c44d2516af9626b2,control,TEST_RIG,5
0xa7ff0693f3e756ae2bf029fd064826a0c00ee85e,control,TEST_RIG,10
0xa80cbb7136ce7e62be597ab0c58409deda18bd1d,control,TEST_RIG,5
0xa868f495ea58beb151ea49222038f65e7327f7d9,control,GHOST,1
0xa87728f0fa7c4283a133afd3990a26cd05811ddb,top_volume,TEST_RIG,5
0xa8774facfd3da2ea11f240c977b9973d78adfcfe,active_legit_candidate,ACTIVE_LEGITIMATE,153
0xa8b62193a112fa41305a100e3dff5885de253082,control,GHOST,1
0xa8b90af72490db6f2085b66bfd790cc05aaf7ba5,control,GHOST,1
0xa8c69157b42084dfb390ee5b69bd27d6e5e0685d,active_legit_candidate,ACTIVE_LEGITIMATE,40
0xa8cc4011eb545ee5d436a599c9a8bd03dd1e1df3,active_legit_candidate,ACTIVE_LEGITIMATE,93
0xa8f0850e0d5d5a4f1aaa565c4ece68ddf6648c17,control,TEST_RIG,7
0xa918ab9b11f1801b96b9d8f486a7d44daf293666,top_volume,DORMANT,3856
0xa954852f41aabb6e8577eb661449531472aed775,active_legit_candidate,ACTIVE_LEGITIMATE,44
0xa961d4350bb6d0f9f3109af661971d1923c9ab55,control,TEST_RIG,5
0xa9745599e872ac484268ec2543391df692bcc6d8,control,GHOST,1
0xa974f87038435d393f6253ce1d9b5fc63306d01d,control,GHOST,1
0xa9adeceeb4276caac2e264686447893c7fb56149,top_volume,DUPLICATE,4005
0xa9dd7cc9cbf0e05551332209289f04be36bc2315,top_volume|active_legit_candidate,ACTIVE_LEGITIMATE,2815301
0xa9ff4670779ee698366c3c7ae69b9b5859a1bf3c,top_volume,DORMANT,7100
0xaa28c610492da1ec7a3d69b2e9b3e50a114404c0,control,TEST_RIG,10
0xaa5e0cbc42d3cae40447afe366b6b4ebf2f46f95,control,GHOST,1
0xaa63ea1ffe60821c7cbc822162378615a0ed07ce,control,GHOST,2
0xaa773f928b0a20b5fac1959cdfa22395258b7ebc,control,GHOST,1
0xaaa9e346a127ca3c56cde0cbc9732fdf092f228c,control,GHOST,1
0xaabed0970538dfa45444e3965519e09bdfa63d53,top_volume,DORMANT,24
0xaadb925b202b2437f6740bd4bfe30f6e5e6d80e2,top_volume,DORMANT,3772
0xab062d23c715346ea7a35f2024a5799c19784d93,top_volume,TEST_RIG,1416
0xab26f80b1c3e0faf5e21111f93bd4bde38cf53ea,active_legit_candidate,ACTIVE_LEGITIMATE,24
0xab3a7ec3d38264d97eb4d50d70d1d3442ce279cf,top_volume,DORMANT,266
0xab82a9b2c849d8bebd15baf0a85944862d9091bd,control,TEST_RIG,10
0xabcb091d90419e1c8ad4818f1b33fc4645501892,top_volume|active_legit_candidate,ACTIVE_LEGITIMATE,437
0xabf01df9428ead5418473a7c91244826a3af23b3,active_legit_candidate,ACTIVE_LEGITIMATE,183
0xabf4fabd7c416fb67202e5f9002389fc75e2a9d0,active_legit_candidate,ACTIVE_LEGITIMATE,29182
0xabfd24ba6a848d75b8e113cdaaaed3cee5e98a0f,control,GHOST,1
0xac654e78ffc117fda2d3f6ef89c8537ea85d4417,top_volume|active_legit_candidate,ACTIVE_LEGITIMATE,41214
0xac66822d3d31455dd09802fa52bda4b64c111701,control,GHOST,1
0xac6aa71c4b48b75d2dff70a4bc7a0f5d547c302f,active_legit_candidate,ACTIVE_LEGITIMATE,26
0xac6bb43817b668183be5afead9581ffeddfe9098,control,GHOST,1
0xac77103e85092667dadd1f05b9f8a4db85c38550,control,GHOST,4
0xac7d506f7fe0ab9c2d50a165c45a66e5f210b831,control,GHOST,1
0xac88876172a512e5a48b118a3d26db39b6653637,top_volume,GHOST,1
0xac96ac174732d5f5ac3f7e2da0ed6777fa7fd6e1,top_volume,TEST_RIG,128
0xacb53696ee109a9818241057e78ae0c021c9df18,control,GHOST,1
0xace3959263cd15d8d15a6b6bdd1d5b9906a7a463,control,GHOST,3
0xacf7e75ca92afd2ed7187bd3028976e8c08b654d,top_volume,GHOST,3
0xad1bf94936d62ac97993edf92002ec2353c806b5,top_volume,DORMANT,3632
0xad1f20d42cf00acc0e41775be090711ff6b79089,top_volume,DORMANT,3101
0xad2bbe4e250e00969d245ec8e9ba3a44de992ebb,top_volume,DORMANT,270
0xad31ecdee9eb7ae4de54ed183cfe580a46b575a4,control,GHOST,2
0xad522d303e02028835ba4d660d79139f24c6b0df,control,GHOST,1
0xad62f03c7514bb8c51f1ea70c2b75c37404695c8,active_legit_candidate,ACTIVE_LEGITIMATE,3775
0xad7b92226dd965b744dc271cc12be938ad8d4ed8,control,TEST_RIG,5
0xadb33740ac38c8f6721100ff813ab91d958670bc,active_legit_candidate,ACTIVE_LEGITIMATE,110
0xaddf78c1d39ca67df7ecc2d0ebc168b28afdd906,control,GHOST,1
0xade02dff58b0316f04cd59806e3fdb4690fe89ab,top_volume|active_legit_candidate,ACTIVE_LEGITIMATE,2986
0xae0dfe00827c07b7db4514683bcc3ad0e85200b1,active_legit_candidate,ACTIVE_LEGITIMATE,1796
0xae15d2023a76174a940cbb2b7f44012c728b9d74,active_legit_candidate,ACTIVE_LEGITIMATE,119
0xae2ee0d2cf2f5bbe3e69986e4a859622342c186a,control,TEST_RIG,10
0xae530b5fd30c992b6dec5d0255dee52e18083bf3,top_volume,TEST_RIG,127
0xae56d1d748d6249fe028c74ae0df8a18afabbfa6,control,GHOST,1
0xae6c7dca15299cb2740ff5e2c53420dca7eaf1fe,control,GHOST,1
0xae7d1e48acf858c4b92ae1d63c9f9a41d71944c9,control,GHOST,1
0xae880c2e206e723ac80f98a0bfac33e11839f4d2,control,GHOST,2
0xaea4e6da1a3d82ca787d84a86f119a258941b547,control,TEST_RIG,18
0xaeb58049d3c266d55595a596fae249c10764a031,top_volume,LOW_ACTIVITY,7186
0xaede317ad201e6c479fa6eb08140713063ca85c5,control,GHOST,1
0xaeeb8eabdc05532a26123045f99d208eb1cc00ab,top_volume|active_legit_candidate,ACTIVE_LEGITIMATE,2286
0xaeec67e8c7ec91e1ec1cc907c0841a1a2147c28c,control,TEST_RIG,7
0xaef6fa27028c8d9c84c65a013f275f5cb3602400,control,TEST_RIG,5
0xaef86bce04a7c768056ccb1871202a8af2b88056,top_volume,DORMANT,65
0xaeffddc0af3b4411499883f2524159f249a00bd4,top_volume|active_legit_candidate,ACTIVE_LEGITIMATE,1083
0xaf1098652515649590ff3091f8908d7f17cab09c,top_volume,DORMANT,8816
0xaf10c7d21220b34edd05d1b64809f4d1d4b2f7e9,top_volume|active_legit_candidate,ACTIVE_LEGITIMATE,492
0xaf333f56262dda5851c6586f6575627bd3ea56ac,control,GHOST,1
0xaf5e3c1c854f0f913fbf985eb14925245afccfa6,top_volume,TEST_RIG,32
0xaf650354583a2a729dff838bfc01ca83236129bc,control,GHOST,2
0xaf7718f6c74ba96bd853ce09022f2a6ae6c82935,top_volume,DORMANT,6530
0xafffcead2e99d04e5641a2873eb7347828e1aad3,top_volume,DORMANT,45543
0xb04816ef69ef8c3cd75acf90ea2394fd89c39cef,top_volume,DORMANT,3956
0xb058a1e305d9c720aa5b1bf42b6f2f6294b03b5f,active_legit_candidate,ACTIVE_LEGITIMATE,127
0xb0b336cca819a27c4dc55891d45bac6620d558dd,control,TEST_RIG,7
0xb0cdd5689a5d3100083e8864b50a3c49d0d4caea,active_legit_candidate,ACTIVE_LEGITIMATE,56
0xb12a1e7ac283186f466aa486fa636e2d38bd965b,control,GHOST,3
0xb1341bbb1e01ed620213d0c5059a7a6f5bfd8712,top_volume,DORMANT,12730
0xb13f8bd0d0ff88fdf3ede9fb7ae571ceae978fd9,control,GHOST,4
0xb15a55e85fdf5edc41b6c1eaf7813e2c6e6def59,active_legit_candidate,ACTIVE_LEGITIMATE,24
0xb16aa768174488fd618e7bec3cd93de311e5f871,top_volume,DORMANT,9340
0xb180fbf7b19f8d1d99053fb7b355e4cc1b1b19ca,control,GHOST,1
0xb1a478b44ec1ef73969e52c48343911ce2a0f9eb,top_volume,DORMANT,402
0xb1acd9e0269023546074400a434e703b646aabba,active_legit_candidate,ACTIVE_LEGITIMATE,548
0xb1d321629b47da8886cb2d1f30e377f01c8d2189,top_volume,DORMANT,11501
0xb1d9e24c9010535b82b72c0f8ad0237b72603fd5,top_volume,TEST_RIG,198
0xb1d9e89bb75b2f5473b22bd476e3bd6c545af670,control,GHOST,1
0xb2248268fc85a7ed8a903dd084dfbc2b9b8c7d8f,control,GHOST,1
0xb22bdd6c52e9b3f1a3f8f9236ae2728afcf9a7be,control,TEST_RIG,5
0xb2560a3228c609aa6a2de5000b243dd012793675,active_legit_candidate,ACTIVE_LEGITIMATE,21
0xb273616670037c0870e9835b3ffbe68f58de68b0,active_legit_candidate,ACTIVE_LEGITIMATE,166
0xb281f44eda725d2f299da9a08ea0d184c6c3a80c,control,GHOST,2
0xb292bf838b4b832be799252db457d4c35e34fc79,top_volume,DORMANT,3000
0xb2d8569c52ede74af77da4281da50935e3df2c5b,control,GHOST,3
0xb2e03d4aaca935fe1fa512e483edbda012d0dbb0,active_legit_candidate,ACTIVE_LEGITIMATE,47884
0xb300f7d58c8915aedbf725897f3b945c32838e84,top_volume|active_legit_candidate,ACTIVE_LEGITIMATE,2452
0xb308ed39d67d0d4bae5bc2faef60c66bbb6ae429,top_volume,DORMANT,13881
0xb315bae206846fc785bf06850e1a72d8c5e05b09,top_volume,TEST_RIG,15
0xb335b522a1d416ac458abd3a4146e217b1ea9ad6,control,TEST_RIG,8
0xb336892b6b308a8c11300760b64d244e2e652f09,control,GHOST,1
0xb34b56a5d9f0238156bc216d531c5b01020817db,top_volume,DORMANT,3728
0xb39fc82dcfe13efc1064a8c15a79b91b544741bd,control,GHOST,1
0xb3c2776ce3f99cb3366520c27b4ac5d436942ab6,active_legit_candidate,ACTIVE_LEGITIMATE,1197
0xb3c5d52c8a3d17f3feb60c3df82ddc8adadd9da1,control,GHOST,2
0xb3cd519651d35b16ad8c193beecf5a81506f9de6,top_volume,TEST_RIG,637
0xb3e9391f04f791462ed2a1ebafabe254d7afe3a5,active_legit_candidate,ACTIVE_LEGITIMATE,207
0xb3f9782915a67f2f1e15c143d28a29cb312bb74d,control,TEST_RIG,8
0xb40a687ca5483ebc02f870348f6e08971cae1308,active_legit_candidate,ACTIVE_LEGITIMATE,1213
0xb445f611cc899b623462f07c11bfeacfd20d3c70,active_legit_candidate,ACTIVE_LEGITIMATE,600
0xb45c0f287df29fc677e37a186ca9ff9eb57bcb5c,top_volume|active_legit_candidate,ACTIVE_LEGITIMATE,1505
0xb464b8a38fdfc1f9eb914aabb26ff047d5f77146,active_legit_candidate,ACTIVE_LEGITIMATE,29
0xb47c145caa5ad342f2d10edff212a0a99fde9304,top_volume,DORMANT,3832
0xb4848d1b4b7e31b75b9b30d717f89777dc65d68e,active_legit_candidate,ACTIVE_LEGITIMATE,747
0xb4ad76dfebc6a98d4c99bb43ea8a8023ab57a902,top_volume|active_legit_candidate,ACTIVE_LEGITIMATE,114
0xb4cb800910b228ed3d0834cf79d697127bbb00e5,top_volume,DORMANT,12
0xb4d61bc3a32425d6bb204c3ad4030dfa4c7b2f46,active_legit_candidate,ACTIVE_LEGITIMATE,3812
0xb5051843ea5de8815d16c40fdfdeecd8c7afa677,top_volume,DORMANT,854403
0xb50bca6e8ec9d0ca76c77965a0e1aa15a68fdac2,active_legit_candidate,ACTIVE_LEGITIMATE,42
0xb5194a98dbdbb7028b585db26b972e7f0f3f826a,active_legit_candidate,ACTIVE_LEGITIMATE,584
0xb526e40d7e74a952040254042be7b8a5785baadc,top_volume,GHOST,1
0xb54b0a3fd4069fbc7d151cbeff839967ae727c78,control,GHOST,3
0xb569fbaf02ff683a357d84c05d1c724d4af11de3,control,GHOST,1
0xb58d34b0f0687062170491b105999be43c4a1baa,control,DORMANT,5
0xb5959a70ea891bee67b8c3bafb0939b8d3eb2ddb,control,GHOST,2
0xb5998e11e666fd1e7f3b8e8d9122a755eec1e9b7,top_volume|active_legit_candidate,ACTIVE_LEGITIMATE,55533
0xb59d77eb7ee35658116568445e03f37bb38240de,top_volume,TEST_RIG,124
0xb5a05466712fd5bcdf2883f43cc6b1799428032d,active_legit_candidate,ACTIVE_LEGITIMATE,168
0xb5bc2b3c8b2232625f80de9d48d0aa796800d7e9,control,GHOST,2
0xb5bd83040dc3f1509491908bb70b3928405a7f36,active_legit_candidate,ACTIVE_LEGITIMATE,52
0xb5d86866e681b01845cd35540e2d92b3bf4c28f0,control,TEST_RIG,5
0xb62b92c8e74fb6698c57771db82ab703f6e024b9,control,GHOST,1
0xb64314cf0da3965ad753bbd0f94dbb158a3f34ca,control,GHOST,1
0xb65bd05e02c537a240bdebcfe21f4cf664c6c818,active_legit_candidate,ACTIVE_LEGITIMATE,265
0xb679b1a90066191b0db56673523996666517510b,control,GHOST,2
0xb69c86b17001f0c0838847225403cbd414905e2d,active_legit_candidate,ACTIVE_LEGITIMATE,21
0xb6a6ba7f58fe92e77bce040cc0818c63ab9ac768,active_legit_candidate,ACTIVE_LEGITIMATE,163
0xb6b4f533f901b868cad2f59a78ec10efa9b88b40,active_legit_candidate,ACTIVE_LEGITIMATE,1204
0xb6cc6e034dab0849f0e4f49ffda6a0865c3f2812,control,TEST_RIG,5
0xb6ef18ee784b71f9b8fdce5d5b3151def045f0e3,top_volume,TEST_RIG,633
0xb71b4c4758e2034bc7950176944305a5435b3023,top_volume,TEST_RIG,5
0xb7430de9b4d8e5cdb951019d7651cd5fda630498,top_volume|active_legit_candidate,ACTIVE_LEGITIMATE,33
0xb74a15b8e0ee251f416763c6bcc92d50c3bcb620,top_volume,TEST_RIG,1402
0xb77ab4de90c7ba886f7a28b588856aee70690734,control,GHOST,3
0xb77bb730db97d8ced7d85b59dd702f83c65bd02c,active_legit_candidate,ACTIVE_LEGITIMATE,288
0xb7e215aa9dcf1bde07a967591c33f37e1a8e1c4c,top_volume,DORMANT,8618
0xb7e347296c4c3421a1dad9c8ce5866dfc8ce952c,control,GHOST,1
0xb7fc5424d2743ea299fb4a0ee0de6ce74d320d88,top_volume,DORMANT,168614
0xb802d58eb6a67b37c1d819eb304897572b75858d,control,GHOST,1
0xb805e2bd6a2d23c28f6e8eca08653c1467e32fa4,control,GHOST,2
0xb828c5cde35f51e4072623e4f5fd9817fd9d75fd,top_volume,DORMANT,478
0xb836a641dae76424861f7f1fcb37c1295e44e329,active_legit_candidate,ACTIVE_LEGITIMATE,3376
0xb84f47aba03234e5626894e1545e8c512e75a86c,top_volume,TEST_RIG,255
0xb856b2c501a91d8dc13411dbaeafdcaca8d39901,active_legit_candidate,ACTIVE_LEGITIMATE,2604
0xb85ebc44b95a5cfa37971ec3a83555ebb7cafb61,control,GHOST,2
0xb88050e99bb9613e11802c40824ec82f40caa82f,control,GHOST,3
0xb8c12414854149d4be23f424c64000497a221806,control,GHOST,2
0xb8f6af0a14892a75fe7020b50e0b204046119d02,active_legit_candidate,ACTIVE_LEGITIMATE,22
0xb8fa3968255794b089756bdf1850f37c3a8e65b6,top_volume,DORMANT,280936
0xb90a408b5811d302c08c0aa2c6e6c757f87e9ae4,top_volume|active_legit_candidate,ACTIVE_LEGITIMATE,100
0xb910b205290dfade128f6d7c4d6f24552b060de9,top_volume,DORMANT,21448
0xb91504d6f77d36923376c302ccc0237df0efaa35,active_legit_candidate,ACTIVE_LEGITIMATE,42
0xb98f6a6ea4f3b68c5868cc0cca8282e5d9dad5cc,control,GHOST,2
0xb9de1e663fc9d17f3555f386796cdffcdb414539,top_volume,TEST_RIG,8
0xba15e3678de7ec0a807b0f918fb34304201e1a0a,top_volume,DORMANT,3960
0xba2304d1f48ac01cf01427fc9d9ae3d21e71b536,active_legit_candidate,ACTIVE_LEGITIMATE,14012
0xba5c69694fe65b1df1e92c44954852f8aed4955f,control,GHOST,1
0xba75bdc4366f95c7e691f200b9b2d8d3b172c12e,top_volume,DORMANT,2911
0xba9d6947c0ad6ea2aaa99507355cf83b4d098058,top_volume,TEST_RIG,58
0xbaa99f0160b5c18e09133b896f3b3001d7f2a538,control,GHOST,2
0xbacadfdf3aeae354bfa0b47f5e5ed02c65b6d2a3,control,GHOST,1
0xbad1aa224bfe4feb460e12b2553dcdf98a7098d0,active_legit_candidate,ACTIVE_LEGITIMATE,1962
0xbad516addacb0cd2ec8831a0e795293a338d8f99,control,GHOST,1
0xbaf31935ed514e8f7da81d0a730ab5362deeeeb7,active_legit_candidate,ACTIVE_LEGITIMATE,1878
0xbaf55b24ca99bd7393b6e627093b13c6628b53cc,active_legit_candidate,ACTIVE_LEGITIMATE,1029
0xbafc7089bb6e128ceeef46608bcb0cffffaaf51b,top_volume,TEST_RIG,8
0xbb12bb8f1b74cb18fbbb8385f2ea4a3d72104d43,control,GHOST,2
0xbb2b7419b79276bb5c577d99a6ce80ad34e98500,control,GHOST,3
0xbb45bc6a6d727b38595dc85177a1bc681da71661,control,GHOST,3
0xbb5998ce5a8ce31ced5317a5266c9935e26a32cd,control,GHOST,1
0xbb69ca22112d76cc3f52b45c529645f815910001,active_legit_candidate,ACTIVE_LEGITIMATE,153
0xbb74d43fac4bd1895ac4eb301333e2db079829d8,control,TEST_RIG,5
0xbb7928d1ea5dafeb9b513d739a668dde91c206e1,control,GHOST,1
0xbb81d9652338f4aff7eb807f167f48d37563a4b1,top_volume,TEST_RIG,6
0xbb9cc90cc597f787321c2a32672d909927e4bbd1,control,GHOST,1
0xbb9d26c565eb9cd3733b0ba2b422615fb37f5931,control,GHOST,1
0xbbac6084884a02a65c2b4ab45fe750f4556c7fb4,control,GHOST,1
0xbbb0d8340fdc8be576d7ca0e5d05d946eb9ebad2,control,GHOST,1
0xbbb628c6af68523f4d323fdb774909bb0d598f95,top_volume,DORMANT,299852
0xbbb9b07ea72c7defa9055e0f20dfe191df1a23b3,control,GHOST,3
0xbbe555506e978a2a79e850557c0b4a170e4554f5,control,GHOST,1
0xbbeaf7cc0dae2378ad5fed66a9c3a43a0ca7b514,control,GHOST,4
0xbc58c4246406b69cb04f2fcf7bbb952b07562089,top_volume,DORMANT,6908
0xbc64b379295310b4e020f9186de44be0ca4fe3b0,active_legit_candidate,ACTIVE_LEGITIMATE,3000
0xbc9f216dfef0fd2297981848198a2d369932feef,active_legit_candidate,ACTIVE_LEGITIMATE,112
0xbcbd4963a5b088996f5e26cf0fef38425a00820c,active_legit_candidate,ACTIVE_LEGITIMATE,42
0xbcc0521cdd5a003f4f76d3e01e982b13937527dc,top_volume,DORMANT,1538
0xbcf63e6ea161bbe3c36cbfb09fd3a084ecbdf358,top_volume,TEST_RIG,37
0xbd17480bf6ff056f7b91d9adc9dfda001eb7283d,active_legit_candidate,ACTIVE_LEGITIMATE,564
0xbd21d0ef034f5d34b7827c8d507344ff6f4e052b,control,GHOST,3
0xbd44db5b6120c9fc9f87b7867d266a3be9f7caa0,top_volume,DORMANT,4280
0xbd4525da88543b95b2e113d07203e3c4792f7298,active_legit_candidate,ACTIVE_LEGITIMATE,952
0xbd4ba81ba8e3fdd4077353a89ca721e7c4e165d5,control,GHOST,1
0xbd556711c9294780be5f7f96e869eaf08cb90830,control,GHOST,1
0xbd60ef4886473e4b84cf37dfb6fd549d7d1c0288,top_volume,TEST_RIG,120
0xbd80071e4a1ff86651c0edc9aa7bc8238a0f9612,control,GHOST,3
0xbd81965c4114f82062f33bc8b65277f4df8fc95f,top_volume,DORMANT,6365
0xbd9b4bed5aec5be0075e11371554899275a9436e,control,TEST_RIG,5
0xbd9ebe08be6e043dc98313a60e529d9e5b3cfe6f,control,GHOST,2
0xbdbddbed6360e45a7fe0550a9a4f1fae4c5074e7,top_volume,DORMANT,72996
0xbdebdf619a5c94165d63d8c591985dc803b0cd6a,active_legit_candidate,ACTIVE_LEGITIMATE,40
0xbe02d7fcc35c88ef72b920ceda0af1f60358cb7d,control,GHOST,3
0xbe683fa884b75cd5cac20a13772ef8fffa716ad6,active_legit_candidate,ACTIVE_LEGITIMATE,74
0xbe74053d83fc13eb33353ab3616cafc7fff07eea,control,DORMANT,472
0xbe77b857cf35cb4adebdbfd73df89410c8aa6213,top_volume,DORMANT,100038
0xbe7a5fa14b6f266ced26e20c16a0e4076469e667,control,GHOST,1
0xbea33ba0c1a730647e26d083ffcff0629c0ccd37,top_volume,TEST_RIG,69
0xbea5a43177a888143e6d9d27b814fdc522c576a1,control,TEST_RIG,6
0xbebed9c0555cd9086285d5b27e4d3ef3f6630bab,top_volume,DORMANT,6890
0xbebf480b0f33ea457d7f023e8158d944ecd76069,control,GHOST,3
0xbec8462aea5275343b4ee6c8d50a0a0716c28ceb,top_volume,DORMANT,7348
0xbecc987508adf6696a3254bed485cc2d9493c8ad,active_legit_candidate,ACTIVE_LEGITIMATE,35
0xbedb662c7c822276ee662b4ef18422278e7fad96,control,GHOST,1
0xbee542934baab766689bba388697934708558205,control,GHOST,2
0xbf1c415b51393990f5a8f8f51c7fc3b9a072f320,control,TEST_RIG,5
0xbf22b6ddb5a08c823856a779f1004eea60c5ab92,active_legit_candidate,ACTIVE_LEGITIMATE,1276
0xbf23e0b31239b2205c7335c6e4800cefd51b3189,top_volume,DORMANT,46
0xbf3a4bb2b1355eddb389102a436b0f22322a35f3,control,GHOST,1
0xbf55517d60aea9eb7a8abb343c84c7457f5163ab,control,GHOST,1
0xbf5a14d19ca22d6d16a4a6525c42ae860e490001,top_volume,TEST_RIG,124
0xbf9818cccb8a13f66420ddbb782b993c7472a5ca,top_volume,TEST_RIG,6
0xbfc6a15d144b4028fe1cf923a243c343c28577aa,top_volume,DORMANT,6560
0xbfd71ea27ffc99747da2873372f84346d9a8b7ed,active_legit_candidate,ACTIVE_LEGITIMATE,254
0xc000a1a09fd4755e625afa7fe0b948e2d751a17c,control,GHOST,1
0xc00e2fe593b1d15f98ecdea7b7ff6dce7426c2a2,active_legit_candidate,ACTIVE_LEGITIMATE,80
0xc02f2c81df9cc74a523c6c63bcc75a38417d4eec,top_volume,DORMANT,6915
0xc048ab72082dab306a3077ae64b28804805e089e,top_volume,DORMANT,9405
0xc0541b06f703c6753b842d83cf62d55f93ee81be,top_volume,DORMANT,32
0xc0781dde32f9d9142e0fed24b221d1f2b9cb1793,control,GHOST,1
0xc0887adf2411c4db859e497c1f931c59600b1ec4,active_legit_candidate|control,ACTIVE_LEGITIMATE,23
0xc0894ddf95a60e8fc5efc99bb0ad2c51da2e963c,control,GHOST,1
0xc0900bc3ed4520b761012ca75164d0d4746124bc,active_legit_candidate,ACTIVE_LEGITIMATE,309
0xc0bc6ae8d9843dfe4bb0cfff88785d686c38d47a,top_volume,TEST_RIG,1360
0xc0c191642e66c74ba45c237a148a6abb71e66485,control,TEST_RIG,10
0xc0ccf68a8e61a4d25eecfcacd486e673e900de0a,active_legit_candidate|control,ACTIVE_LEGITIMATE,345
0xc0ce1b640a8e01972668f78792028f67db030796,top_volume,DUPLICATE,156332
0xc0cf221ba407665038b9eab87760d3454977ca5f,control,GHOST,2
0xc0d09d477057fa05f109f73be225e8c224a95466,active_legit_candidate,ACTIVE_LEGITIMATE,1195
0xc13f2e30768935245803038b5929fdde650e5bd1,top_volume,DORMANT,4076
0xc141c37bb258ff4b92b3f5a47679cc5500549018,control,TEST_RIG,11
0xc14551614426f0711cac82d927af5d38faf8903e,control,GHOST,4
0xc1726e09aea4b9b967353b7b56890955e9e5bc2c,active_legit_candidate,ACTIVE_LEGITIMATE,40
0xc1ba4c640e6f0ef4d8c8640c790597c6e0a12af8,active_legit_candidate,ACTIVE_LEGITIMATE,28
0xc1cb242590a39b21e13cd10e042b62740cc86d7f,active_legit_candidate,ACTIVE_LEGITIMATE,1404
0xc1cc634d20d1fec6e894af706a68e4c33babe6c4,control,GHOST,3
0xc2034c96a03997bc9dff7f3316009751dca22e18,control,GHOST,2
0xc20d89c2bbedde8a6f8d9141eda97e3aaf2a4504,top_volume,TEST_RIG,637
0xc21bdbba05d3662f0f63ac6d209c6cb17e61aad3,top_volume|active_legit_candidate,ACTIVE_LEGITIMATE,2385
0xc22e9f494d0d12dbfc4a0fe70b25063f2e5e8903,control,GHOST,3
0xc23fceb1121007a954a2b310e38a378a093efc22,control,GHOST,1
0xc2570f8004752de0a7294d622bca499e98cf17b4,top_volume,DUPLICATE,381
0xc25c4f15f7501d57d34f54e930c3bccecbb7fad0,control,GHOST,1
0xc273630db49632ecd077c7df606b306e400a9882,active_legit_candidate,ACTIVE_LEGITIMATE,562
0xc2d414c1c673f933b1b086b64e08c1f521330c6a,control,TEST_RIG,10
0xc2f04240aecf3c6ae75f2378b13d9713de29f18a,top_volume,TEST_RIG,127
0xc2f116942330e103986f730713b61fa850191fae,control,GHOST,2
0xc2f5fc2f46c8640a60a1ebfa9776338cc1b1e1dc,active_legit_candidate,ACTIVE_LEGITIMATE,258
0xc31788a40ab35c615c4eacde69aaee6a3e173d90,control,GHOST,1
0xc34c89c78373202c1d2d1947208bf3879af3b854,top_volume|active_legit_candidate,ACTIVE_LEGITIMATE,20
0xc359974fb0574f998e78fc00d4ef2482f96f7472,control,GHOST,1
0xc37c762e0c0171d6a393d4ab36d84563df20fd1a,top_volume,DORMANT,2454
0xc37dd2af121b2a0cb9587a3f032a6699de2490e4,control,GHOST,1
0xc393d33284e334bc2526d12f049642353e6fe45f,top_volume,DORMANT,3604
0xc3a8008790dcc37e51943968005af92761b6feff,top_volume|active_legit_candidate,ACTIVE_LEGITIMATE,66358
0xc3b298f769e79f1162c2afb1654d264e2611758a,top_volume,DORMANT,33
0xc3f4bea7e1bf07a27bdd19388c8e3c324a1f0f7c,control,TEST_RIG,5
0xc3f88ba2bb817115ebd9084f12b3dc6bd57211d0,top_volume,DORMANT,21276
0xc40cadba25aed04788d39cf2a14583ff2c89842c,control,GHOST,1
0xc41672e349c3f6dadf8e4031b6d2d3d09de276f9,top_volume,DORMANT,110
0xc461c1c9b67787c81e6249f409d843d45a9fce1a,top_volume,DORMANT,9060
0xc46259196b91eb56fd86ab6660e1cb4cdca84847,control,GHOST,1
0xc4e0449fd82d019e37ed8df68702cc69256144e1,top_volume,TEST_RIG,206
0xc4e4dbd1d3eee63836d22e5da95aa5b2adcaa7a2,control,GHOST,4
0xc4fef72385b1cf0dfc443a4a00fba06e1170e756,control,GHOST,1
0xc50257a8a71d6f8107f031b3d66dca21f6551310,top_volume,TEST_RIG,775
0xc529edd6d47c60923902514c7c0b3993ae42c2ec,active_legit_candidate,ACTIVE_LEGITIMATE,39
0xc5341d3b561f3b892fd9152d67324fd2feec9608,control,GHOST,2
0xc56d1d78e8559d93ba490e8479c432d1a62911c7,active_legit_candidate,ACTIVE_LEGITIMATE,902
0xc5e1b1b33e3827a7896c560a19ba7fc265dce75b,active_legit_candidate,ACTIVE_LEGITIMATE,382
0xc637e84b78ff1b8770188f734310c5163cc46266,control,GHOST,1
0xc656f287b4db809fb96cc2b1ddd31472d7097f3e,control,GHOST,4
0xc657302b1aba9c73feaaef2a45537761c05c48f2,top_volume,DORMANT,402
0xc6a978fbabc919a7cb43f0c42fd39b97582fa565,control,GHOST,1
0xc70bf85b4c8648c0062e5cf511f60e659c95ac36,top_volume,DORMANT,69
0xc70f11e32c20b6bcde55da873d8da18270b8d1ae,top_volume,DORMANT,258
0xc7324f871f898098e2c20ec2654f330f68a123df,control,TEST_RIG,8
0xc77726ebdcb218d096c8bd4b5d2a91f961d3669b,control,GHOST,1
0xc79beaa62767009dc7d9000a4d2a94bac84d5f40,top_volume,TEST_RIG,128
0xc7a13e01a6dd87f0cdfba1168e2b8d2a907d143d,control,GHOST,1
0xc7ce6c65e5a4866a7c5bc04620b4f1c51c25f1d6,control,TEST_RIG,11
0xc7f347369e5e26c03c050c5ec9cc366b1819c044,top_volume,TEST_RIG,6327
0xc7f46edf550a7fd75f7d77587c3712ad7c58f7cd,active_legit_candidate,ACTIVE_LEGITIMATE,24
0xc82711a2eef450704447d5596ff27f4db971e165,active_legit_candidate,ACTIVE_LEGITIMATE,144
0xc82b69193cefd5c41333114cc99f8727cbbaf6df,top_volume|active_legit_candidate,ACTIVE_LEGITIMATE,86689
0xc8512a1c5e08655e324116f10eaceee0ce20a9b9,control,GHOST,3
0xc85b52a773c4c09adee7d55a0f29ef5687376ae8,control,GHOST,2
0xc8652cc5482cf74129b3161c0500989ac16ddc2a,control,GHOST,2
0xc87a06dee4c0e85912296002617120bbfd5ef990,active_legit_candidate,ACTIVE_LEGITIMATE,52
0xc87a34ea2051c052c9e4ccb4bfc5d308560abc68,active_legit_candidate,ACTIVE_LEGITIMATE,296
0xc881791bd23404830124228380c0b8e7f9dfe0bc,control,GHOST,1
0xc891f0ec2f0a8dc708cb032d8e87d63250771d2a,top_volume,TEST_RIG,174
0xc8babd21728420feef8f9d42e86aa12aebfbf35d,control,GHOST,1
0xc8d61c27aaa47b38d304d885b060bf1fb7a7100b,control,GHOST,3
0xc8df5d7450f2c6765c62927738c12c8f2f285e32,control,GHOST,2
0xc8e85a9917e94da95a487fe861171ceb40bc4ee4,top_volume,DUPLICATE,86
0xc8f347e041573597c6334c19bbc01edc91ce37a8,top_volume,LOW_ACTIVITY,5
0xc8f922cb40ab39ab09cafcf72427a1e909b5e69c,control,TEST_RIG,6
0xc900f41481b4f7c612af9ce3b1d16a7a1b6bd96e,active_legit_candidate,ACTIVE_LEGITIMATE,11863
0xc91ce6291edc0713ec753bafba002506ffb2b95c,active_legit_candidate,ACTIVE_LEGITIMATE,735
0xc92a424c57bd030407008a760ca78e6c97e00efe,active_legit_candidate,ACTIVE_LEGITIMATE,3169
0xc9368b30bd620164fd1a05a5d99dcaf8ae754775,top_volume|active_legit_candidate,ACTIVE_LEGITIMATE,1158
0xc9412fa0d6b744184777a837217c64bba3d08164,control,GHOST,2
0xc995a01b57dd6e7d9dcb290093700f0aece2b3d1,control,TEST_RIG,13
0xc99fe62d1972ca01304b173d5caa602721363d10,top_volume,TEST_RIG,127
0xc9a3a9dd8d949deaa52437d85128bbfee5ce9802,control,GHOST,3
0xc9b5568bad9348333ff96525701a2d84a7526a4d,control,GHOST,1
0xc9b70d8d342609437bc87ec3c877911a306d3e6a,active_legit_candidate,ACTIVE_LEGITIMATE,1378
0xc9ba32a435a357ed395719bb131a110b933f1619,top_volume|active_legit_candidate,ACTIVE_LEGITIMATE,1840
0xc9c95237a421c6d99a6ab3b701475d9ed8de1735,control,TEST_RIG,11
0xc9de3b3546ffff12359508f644a0061c84cec43a,top_volume,DORMANT,3896
0xc9ecbb99b790afbf82f00d5bdffc727a387753fe,control,GHOST,2
0xc9f411bc489067740c5b23b3b62fa283195ccdf4,top_volume,GHOST,1
0xc9f58267dad66f011f37d016b2b4af85684bb127,control,TEST_RIG,7
0xca1271e777c209e171826a681855351f4989cd0c,top_volume|active_legit_candidate,ACTIVE_LEGITIMATE,38108
0xca368dd8bd0550a9a806914147d423954f5e949a,control,GHOST,3
0xca3cffdc216443a95fcde1d52a32645a34c7b5f0,top_volume|active_legit_candidate,ACTIVE_LEGITIMATE,68
0xca48036de43381f9d2ee6628400b528898038e06,active_legit_candidate,ACTIVE_LEGITIMATE,176
0xca48683f5b8d8e588045afb9178f491b7b3efd5d,control,GHOST,1
0xca5bed187d58046e3aaf3589bcb5fea6f6d846dd,control,GHOST,1
0xca730ec247a002ece5793106a1865a1173f9d075,control,TEST_RIG,7
0xca758c922d8476c2cec49c6cc96a4eeba89fbf3b,active_legit_candidate,ACTIVE_LEGITIMATE,25
0xca78937bf6f9dd6589a6fff4022a1e6edfb6d8f4,control,GHOST,1
0xca84005701e691a433272864ed59586d59e0e788,control,GHOST,1
0xca85edab3ede15059fdabf27d861a942196ccccf,top_volume,DORMANT,422348
0xca87adbcffdf6539a387783fef17a91dbabeef52,active_legit_candidate,ACTIVE_LEGITIMATE,49970
0xca9aa4133fa5324b40eb36f5f5d673d96867b7b4,control,GHOST,2
0xcaa9d066f61ea17c438f0565980bb805e6fabd49,control,GHOST,1
0xcac41e4ccf78dd68028f419db5af1dea599bae51,top_volume,DORMANT,9024
0xcadc336bccd90c590b8d07faff448334aad516df,control,GHOST,1
0xcae12639f7006240c37edcf2686f02687cfe279d,control,GHOST,1
0xcae62cf5017ee977f5625bbcac22e8c27c807683,control,GHOST,1
0xcaeb2e06cc5969adc5e99e4c823c7db2ca4b3756,control,GHOST,3
0xcaedaf1fbf0dd26d93d50bd9878ac1167f1d0dfd,active_legit_candidate,ACTIVE_LEGITIMATE,582
0xcb21d41ce3e6ee515f80d942963974f19a9b3c76,control,TEST_RIG,6
0xcb253675c1aec4cfce413fce1ff97a9164dec63a,control,GHOST,2
0xcb2cac163a1ba45d8777a38e9ebbfec061148cf7,top_volume,DORMANT,192
0xcb399bbed205ae963ab2f5cc5fa1b3c1fba7f916,active_legit_candidate,ACTIVE_LEGITIMATE,33
0xcb6f98c894cc1e85653337d0e6bf0ef6a3cd327e,control,GHOST,1
0xcb79b3c5a7dadcd7c30e3be252c0ca44a06c6f78,active_legit_candidate,ACTIVE_LEGITIMATE,502
0xcb8ad054da7b3909b42727afec9601284776e2a5,control,TEST_RIG,7
0xcb8b182854d0faf9fb0af883582ff6722994f861,active_legit_candidate,ACTIVE_LEGITIMATE,37
0xcbbe92abb8110ecf3078f94d4b5e03667660142c,top_volume,DORMANT,396
0xcc234a88d97118343e4a1633f9b2fc697685245b,control,GHOST,1
0xcc3afa4cdda6798d34f8a8d1e85db793a1f50f03,top_volume,TEST_RIG,2679
0xcc69d619e6053f88a4845066518f465bd06fc96c,active_legit_candidate,ACTIVE_LEGITIMATE,74
0xcc74a6404d54de40572e67dc4fa03c6280e68ae3,top_volume|active_legit_candidate,ACTIVE_LEGITIMATE,109
0xccacd295a00786c12a35a83357eceb1e0059fe62,control,GHOST,1
0xccd231829e24b42195b500028f8779b8f8b1131a,active_legit_candidate,ACTIVE_LEGITIMATE,635
0xccfe7e460878dfdae0ab735616940c82aa3c15dc,control,TEST_RIG,15
0xcd19cff6ba293904f2e642131d1bfd614aa853c3,control,GHOST,1
0xcd1a2ea3f3cc3dd20419898f590c59e7f0713a06,control,GHOST,1
0xcd2e209a9e054f87d08743cfc4f9dde813e7d6ae,control,GHOST,1
0xcd3273893d1c8df15a4d6bc411aa3d25a60fdc60,active_legit_candidate,ACTIVE_LEGITIMATE,1652
0xcd510ebd746b5c5454da07c2e7224e46b02c6626,top_volume,GHOST,2
0xcd681c9081a4217974d6529eeba41fa9bb97bed3,top_volume,DORMANT,4062
0xcd68d39d669c3f6105ea761b1f259e0347b2f4e0,active_legit_candidate,ACTIVE_LEGITIMATE,108
0xcd7c96ebebf0a1a692544f229f2571f7b3e8ffcc,control,TEST_RIG,8
0xcd7e4661b4161e232dc70c21f4fcf7d11635ffb9,control,GHOST,1
0xcd95802a4abddd75a5750dd2d6935007ef268275,top_volume|active_legit_candidate,ACTIVE_LEGITIMATE,697
0xcdc23f555b127eb171bc69a8b820b0c229595c33,top_volume,TEST_RIG,124
0xcdda23523cc1f455e3000edeb13282cc6dfa6fe7,top_volume,DORMANT,6888
0xcde02cb53da623d929fef26d56c1cd9ddc9ca880,active_legit_candidate,ACTIVE_LEGITIMATE,220
0xce068f7af6ddcd2d65cfc000004b293019cc74fa,top_volume,DORMANT,8928
0xce3a1ad484d3800879d08f3f61c9d1c002d74434,control,GHOST,1
0xceabe7564984580a29b43129a729181391b3b2dd,control,GHOST,1
0xcebbb82a183faa69b929ed1f417aafc63fa3b5b6,active_legit_candidate,ACTIVE_LEGITIMATE,306
0xcee9614d377c84e7f9c1b33719c166b0a69e808a,top_volume,DORMANT,3676
0xcef6e6639e0c60d5c0805670f4363a6698081fab,active_legit_candidate,ACTIVE_LEGITIMATE,32
0xcf19c85bc416bce26811700f99034b26f4dbcfe9,control,GHOST,2
0xcf531218b60366a7d20951110bf5f0a3672eb3ea,top_volume,DORMANT,72
0xcf5815e9063fa0b04be0cb5c1db583eef9ef5fbb,active_legit_candidate,ACTIVE_LEGITIMATE,504
0xcf6fc20ff277dffac19b01714c280d35536b081c,top_volume,DORMANT,3948
0xcf9223ece895258dea8d288aebcf846ab8e342fb,active_legit_candidate,ACTIVE_LEGITIMATE,5007
0xcfa26f13c6c18307033ece13bbb8f470da5b4dbe,top_volume|active_legit_candidate,ACTIVE_LEGITIMATE,13097
0xcfd3f996447a541cbfba5422310edb417d9f2ce6,active_legit_candidate,ACTIVE_LEGITIMATE,218
0xcfdd5fb5427896ecd478749c21efc039e7064993,control,GHOST,1
0xcffcf8929235f3a2234eb8eb5ab2e45b7fd49e6e,top_volume,DORMANT,69
0xcfff3a96d4187862ab198abcf32764e901d3f478,top_volume,DORMANT,7160
0xd0094d3727914058d09a3001395ad578b23994ac,active_legit_candidate,ACTIVE_LEGITIMATE,332
0xd02abb1e114dcd135160ce44b586a2c1013f2a4d,top_volume,GHOST,2
0xd0345b7ee97845942cfd1cb001ceefed74c4d5f4,control,GHOST,1
0xd046a7aa5a4a71f628468e23a25aa2c489f15a6d,active_legit_candidate,ACTIVE_LEGITIMATE,1202
0xd04d09659ef053ed407b8215412eabdf7b46a269,control,TEST_RIG,5
0xd07bb762a322029df4f4fb728af1c805591fc7d0,active_legit_candidate,ACTIVE_LEGITIMATE,375
0xd07bec57d93950bd7d87b3326731ec452b287b5b,top_volume,DORMANT,61
0xd07c06a650a88bbcf4f0c4fbf2c6c08c9a60acc6,active_legit_candidate,ACTIVE_LEGITIMATE,167
0xd0cb638def525c1b1734c4925c280386a9211f5c,top_volume,DORMANT,151742
0xd0dacb4435e489b146690f547342dbcec07b6657,control,TEST_RIG,8
0xd0ed94bc46aa0d274e09056ba3461a8ec4f7216d,control,GHOST,1
0xd0f9be7642dc2ec21002c30478709d2d315a55c2,active_legit_candidate,ACTIVE_LEGITIMATE,52
0xd12e0faaa78dcb9060b20ac73e119b19fcb12fb3,control,GHOST,3
0xd14ce79c13ce71a853ef3e8bd75969d4bdee39c1,top_volume,DUPLICATE,3895144
0xd1654657148337dd31b4cc19ad8568deb78b32af,top_volume,DORMANT,3588
0xd168aa69d60f37485014708b4d2e6782e1278ad4,top_volume,DORMANT,71
0xd1763a3f2ea8114eed4822e450e0b724eb38f515,active_legit_candidate,ACTIVE_LEGITIMATE,47
0xd18d5a31908cc3e42cd1f929da32f8edb2e92800,top_volume|active_legit_candidate,ACTIVE_LEGITIMATE,246
0xd1a44abc106bc0d7c1147d3380bc3c4ec9ba1b61,active_legit_candidate,ACTIVE_LEGITIMATE,223
0xd1b135ba83a98cd4e1db9e7d7d6aa08b683285fb,control,DORMANT,30
0xd20f1224e66b0e3c3b63c0975c4709ffee937d0d,active_legit_candidate,ACTIVE_LEGITIMATE,865
0xd219db8179bb9c1899ef87f39eeba9d1070c6801,active_legit_candidate,ACTIVE_LEGITIMATE,571
0xd22b6d51ff3bb145d55676243d5a7d4c66fd78d5,active_legit_candidate,ACTIVE_LEGITIMATE,361
0xd24a927e0be473d08ef654b4f4ebbd5970ae7433,control,GHOST,1
0xd263cc8819c31c98e3a8edccb66f451b5a346f58,control,GHOST,2
0xd275612bf0bb35638432c4d95eaa8d5d22346ca6,active_legit_candidate,ACTIVE_LEGITIMATE,54
0xd28e14512d9b2934fce5ba92f894a2c199b03128,top_volume,TEST_RIG,128
0xd28f35dc278c1472ed155d1b85eefc4566621e5d,control,TEST_RIG,6
0xd2ea57e7e6daf7658c2a41577aef9551759d7397,control,LOW_ACTIVITY,653
0xd2f74a14522d40e4a1d7fbb62aa97ce99fa1a7e5,top_volume|active_legit_candidate,ACTIVE_LEGITIMATE,172
0xd319074778685fee77a344fea61c753cd16ec013,control,GHOST,1
0xd33cb4ce7785d64e90a35e386f49a61364847c80,control,GHOST,1
0xd39f1dbe9099e3013fd02b3334c64553ce7866a3,control,TEST_RIG,32
0xd3a072b1ad5ae55fa28015fb3c4e07f7801e4551,top_volume,TEST_RIG,1364
0xd3a1102a3bee2d15bea9fe135d83379ae2ca09f6,top_volume,DORMANT,6035
0xd3d4175f16e89d86d00ef92d652dae1bbb7ca37b,top_volume,DORMANT,2256
0xd3dff3d8b5d23063cf397ca9c2f4833233e17bd2,active_legit_candidate,ACTIVE_LEGITIMATE,650
0xd42758361d0900c18ad8a3c4807de36e4c351297,top_volume,GHOST,2
0xd4656e582e5b7e59ef2296d2ebcda481223c4d43,top_volume,TEST_RIG,124
0xd49b627a94e55744b7b1262fcb6e9248da068f36,top_volume,DORMANT,41
0xd4c98efec1e380e1e6ff702f70b41b656b9c2a2f,top_volume,DUPLICATE,224604
0xd4ee885a1dc501551af8a9e88b346e53ac224343,top_volume|active_legit_candidate,ACTIVE_LEGITIMATE,718
0xd50bf86107fe28a743680e3b62828d56fed60c1c,top_volume,TEST_RIG,11
0xd56013abd05e588f2d025193fce90416816bdbbc,active_legit_candidate,ACTIVE_LEGITIMATE,1414
0xd56b2f1af82db681d1764535b6276b1e1a457b6a,control,GHOST,2
0xd58b7056a683b000b23c6d8b7ae5d352eacf5e5a,control,GHOST,1
0xd593832ce9c2b13b192ba50b55dd9af44e96700d,top_volume|active_legit_candidate,ACTIVE_LEGITIMATE,7096
0xd598278b925eb5e6f472ab5b61a6a75335ceb9e8,active_legit_candidate,ACTIVE_LEGITIMATE,76
0xd5a00f8a42db9c59530791d65ebe11873e38f739,control,GHOST,1
0xd5c6489d0c40bd7711dc9fcd831f328151164c75,active_legit_candidate,ACTIVE_LEGITIMATE,324
0xd5ed7cf42d55425ef22c9ab0c181a4b60993050c,control,GHOST,1
0xd5f2e6b6ea4f3e062758c0d7d8b18facda43d55a,control,GHOST,1
0xd5f8481d8f25d3966d2010dbf9b47ffbdf745a9e,active_legit_candidate,ACTIVE_LEGITIMATE,124
0xd617a7145ca56e3ed58d639f9dec6999b22441ee,active_legit_candidate,ACTIVE_LEGITIMATE,28
0xd626f66d20d6be28969556ec2068355a23f93b70,control,GHOST,1
0xd62b2c1898e39d6b3f29e1f5afaf205bfeb44a78,control,GHOST,2
0xd678e75e6c6dc6b59a8e8447a49874c15b29e7e7,control,GHOST,3
0xd685efa22e80262db5b5e2a5d0b9d7565b36334b,active_legit_candidate,ACTIVE_LEGITIMATE,8910
0xd69333e6b7a747f311d28611ad6c93d784a289e0,control,GHOST,2
0xd69a40c17efd897ee0d92e5579d7442c9f8126b1,active_legit_candidate,ACTIVE_LEGITIMATE,57
0xd6a895d67eac925faa0c9789cb1a5ce248bc52d0,active_legit_candidate,ACTIVE_LEGITIMATE,158
0xd6ab97da690d6e971b2ce0a5ccdf39f988ded5f0,control,TEST_RIG,8
0xd6b585dd2f48263d08fb75ea28c1598d845d23a8,active_legit_candidate,ACTIVE_LEGITIMATE,93
0xd6dd0987fae1871357baeb5add91916015be2164,control,GHOST,3
0xd6e86ee864942d715042cec15a4146ee8f0f1f30,top_volume,DORMANT,414
0xd6eb95fad083f5d74f58b96bda7b9e9e53eba414,control,GHOST,1
0xd6f26b802c045cc77ddf42dd2a395b1dce507b6d,top_volume,TEST_RIG,14
0xd6fcb6b6b65b760e3f99e480331f39d6709cabae,control,GHOST,4
0xd715be9577962d6c8f66d85b16e637846de82a8e,control,GHOST,1
0xd71daf10fbb29fb846c0489cd54a7dafd416a177,control,TEST_RIG,5
0xd7320fff9eea5d8d2ab79920fa4ab40bb8265308,top_volume|active_legit_candidate,ACTIVE_LEGITIMATE,818
0xd73ac5636670efa1af0cab53bd6f295df274a66d,top_volume|active_legit_candidate,ACTIVE_LEGITIMATE,1556
0xd76b825d81436ce72125ef83e9837c3ca97dceb6,top_volume,GHOST,1
0xd77afe935f1bd3f8e9f94d44aa5b53d7952a712b,control,GHOST,3
0xd7b343464144acdad3df7805d644fc74a06627d2,control,GHOST,1
0xd7d5fc6d3a80c1e8bb0e815df6c8c1c792c77e95,control,GHOST,2
0xd80b97c3b9dee05ea91a49a840e65165f77d7434,control,GHOST,2
0xd84b351de5e4a08111ae9c3fe3eebd7208ce03aa,active_legit_candidate,ACTIVE_LEGITIMATE,24
0xd85096faec1ac03075667b4c1a1661f5623bf111,active_legit_candidate,ACTIVE_LEGITIMATE,1870
0xd85c31854c2b0fb40aaa9e2fc4da23c21f829d46,top_volume,DORMANT,415395
0xd86f1f35d6b15febef2f4a4390b584d8a7dec0b6,active_legit_candidate,ACTIVE_LEGITIMATE,1242
0xd87e15f3a23b4b53f5d1626ce5f0a2947b335f73,control,TEST_RIG,18
0xd88cb1af650a69782d0e3c26e433886e378fe534,control,GHOST,1
0xd8b3b26b6c5150903bf84a63a9a345eeb8fff506,active_legit_candidate,ACTIVE_LEGITIMATE,546
0xd8ba61a0b0974db0ec8e325c7628470526558e9b,top_volume|active_legit_candidate,ACTIVE_LEGITIMATE,10156
0xd8ca10c55296bd8ca1dd409ea2f0fa72fb0c643f,active_legit_candidate,ACTIVE_LEGITIMATE,174
0xd8d064090ff4ad280bac3a2c306402fb8e3cc706,top_volume|active_legit_candidate,ACTIVE_LEGITIMATE,957
0xd8d4eac25f346f904fa272fa2a58e15ca95ba833,control,TEST_RIG,8
0xd8ed281b40732546d62ab2298c8b64c9fd3978c5,top_volume,DORMANT,3792
0xd8f524ccb3d531dcd3ea84ad9c4053370d4169bf,control,GHOST,1
0xd93143c4eb99e42825457af5934704c15ba07a77,control,GHOST,4
0xd955277f7da9cb2767d32f41e48869f11c46448f,active_legit_candidate,ACTIVE_LEGITIMATE,28
0xd997f7e75ec1b12911b4fae90a0dbb1cfbca66cb,top_volume,DORMANT,129
0xd99dcd80867e22df9fd7797aa9df6c6cd99c3b49,control,GHOST,1
0xd9ae33ba589f3c3fb83bb097ee030526eb2eb522,top_volume,LOW_ACTIVITY,8
0xd9b131ca685722fdff6c018889ef9c205ed56ad6,control,TEST_RIG,5
0xd9dcdda08ac2368257c1d3ab8e2b5410fd58278d,control,TEST_RIG,5
0xd9df86bd335c6e1cc5dc3dacef885849b1ce0d9f,active_legit_candidate,ACTIVE_LEGITIMATE,33
0xd9ee51caa7e9303ffe2ed80b451cc75791c1d23c,active_legit_candidate,ACTIVE_LEGITIMATE,32
0xd9f3261c9fea20a99d0708815010280c549e8ebf,active_legit_candidate,ACTIVE_LEGITIMATE,101
0xda0d1af5332a0b5bf5dedd275657364056a34894,control,GHOST,2
0xda1240e92f2524c9022cf94324501d298a125e61,control,TEST_RIG,67
0xda148253c057dfe3468434f115ce326abb8ac61f,control,DORMANT,51
0xda1555354f96077ac4bbb328fc29f44b255f814b,top_volume,DORMANT,163
0xda158f96c7d02e787ec75858d108366bda6aaeb3,top_volume|active_legit_candidate,ACTIVE_LEGITIMATE,243
0xda2f35d283c42dd60b965322394bc658a5c1769f,active_legit_candidate,ACTIVE_LEGITIMATE,97
0xda4460345aadb042c75549b8ee6a079ef320b959,top_volume,DORMANT,1012
0xda8d766bc482a7953b72283f56c12ce00da6a86a,top_volume,DORMANT,880
0xda9097c5672928a16c42889cd4b07d9a766827ee,top_volume,DORMANT,5798
0xda96d9782234cc6e9132ec42d9e1c597f52676fb,top_volume,DORMANT,9080
0xdaabdaac8073a7dabdc96f6909e8476ab4001b34,top_volume,TEST_RIG,238
0xdadc335482ad545296fd7b28518a251ffcbeb9df,active_legit_candidate,ACTIVE_LEGITIMATE,11965
0xdae0efd6b71ce47da451c7fded285fcf8200beec,control,GHOST,1
0xdaee7b73eb21df1457259eb1e4b68bfbdcb2bb53,control,TEST_RIG,8
0xdb272ea79f256287bad8aa131ba706b24a1c8e9c,control,GHOST,2
0xdb3cb87616fbec869685d783a13359fcc0041b3f,control,DORMANT,32
0xdb3d14c4445da143fde0e42f9eac3125112cfd15,control,TEST_RIG,25
0xdb55d811e4393a55e3eb7e7260794688f8a3f05a,top_volume,TEST_RIG,1276
0xdb5aa553feeb2c3e3d03e8360b36fb0f7e480671,top_volume|active_legit_candidate,ACTIVE_LEGITIMATE,31341
0xdb5c2df47e4a6df74edeb6de3159ae38b8cc10fd,top_volume|active_legit_candidate,ACTIVE_LEGITIMATE,3508
0xdb8d791ea5743fb4effbc46772be7206541c1f3c,control,GHOST,4
0xdb9f9651b56535d507426a463bfdd8834c7a71ea,top_volume,DORMANT,266
0xdba48239f2c8ca2ce45711c26e6b7fabecf9a8af,top_volume|active_legit_candidate,ACTIVE_LEGITIMATE,1748
0xdba52ae54351cea994f5bedce053bb58ea1ccbba,top_volume,DORMANT,4272
0xdbab4f311aa40007e19740e5292e1f03788802bc,control,TEST_RIG,9
0xdbe0cc57faad6f3c74d9e6c37b073b2ac3767b57,top_volume,DORMANT,223
0xdbea2ace6c2e783e2cb5830d896bb977d1294e5b,top_volume,DORMANT,265
0xdc005ee9488a63507e5dd64e8024537218740f66,control,GHOST,1
0xdc365f7a21568e02280c7427065114fa914240bd,top_volume|control,DORMANT,344524
0xdc40cbf86727093c52582405703e5b97d5c64b66,active_legit_candidate,ACTIVE_LEGITIMATE,96
0xdc44a482d9e26d1379185905fce852478ebf24e9,top_volume,DORMANT,269
0xdc493826aab51fc523a587752a32b961581f1e72,active_legit_candidate,ACTIVE_LEGITIMATE,130
0xdc59fa7b64988b846e76ec9849bb68f889071506,top_volume|active_legit_candidate,ACTIVE_LEGITIMATE,7044
0xdc6baed9ebab627d72b8a0c5c51fdf6e83a1e503,top_volume,DORMANT,241
0xdc85512e6e0ce58e2d009fb0ad172aa398049231,top_volume|active_legit_candidate,ACTIVE_LEGITIMATE,790
0xdc87217726ce413ff99d29fbec47b3b055401add,top_volume,GHOST,3
0xdcb51547c2f538043a45bb4b8c92f03f4682c0b3,active_legit_candidate,ACTIVE_LEGITIMATE,747
0xdceca23ff8a7145e1b5b35427c9886cf21a67566,active_legit_candidate,ACTIVE_LEGITIMATE,1730
0xdcf031c682d4493d6612f694dccbf25047e79737,control,TEST_RIG,10
0xdd09f322174b8512e40e9b6a657611ace682205a,control,TEST_RIG,6
0xdd0a76a1fd204b9af98fab26ded7266a555f1416,control,GHOST,1
0xdd233f021dc3e16446d8620d5e2d8af3cc273aab,control,GHOST,4
0xdd257723b86b4947483905cdacbbbc70facf2ec0,active_legit_candidate,ACTIVE_LEGITIMATE,8593
0xdd3cd289787121573a0b61642a1b1acc41fce667,control,GHOST,1
0xdd5a4ca811929fc47fe63e1fcc100e01d8995908,active_legit_candidate,ACTIVE_LEGITIMATE,172
0xdd5fcea81ca6f1eb39fed5b973de794293b81ba6,active_legit_candidate,ACTIVE_LEGITIMATE,66
0xdd6090df24e88caf558839584dd53bcef79c6338,active_legit_candidate,ACTIVE_LEGITIMATE,10626
0xddc65ea0b4c4a7b3845d88f96f02a85dea248b7f,top_volume,DORMANT,9142
0xddd14a0d01d094f85642cc086296bdb0eccd7220,control,GHOST,2
0xddeaeb4639a7fc213264b57c8dc81a36229687db,top_volume,DORMANT,34
0xddff7417032383d3ad8f10eb2bb8ade6b9bd1ebc,control,GHOST,1
0xde04bdc27aea6885856224f38d439e035ff4e0a5,control,GHOST,3
0xde128f221dfa09c4fb497e1fd03d3ef5249c4ffc,top_volume,TEST_RIG,16
0xde2080b85907a7b9d325642148db2eb4f0cf174a,control,GHOST,1
0xde38aa71a304492bfbd5af0862fa97922359f1aa,top_volume,DORMANT,104980
0xde552fd2517f6f7142dc190f2309d5670ec03c57,control,GHOST,4
0xde582fbbbdb048ac66c24db89a76a2a756dee591,control,GHOST,1
0xde5d695390ecab7e2fa993925614aff22bfa553a,control,GHOST,1
0xde5d6fc9ed7ef3ee30ec3fd9450929c8346b4bca,control,GHOST,2
0xde7a183601fa3e0c7e7f022f1d27af71cf89e04d,top_volume,TEST_RIG,647
0xde9da24cae09ee726d9101f56d03d77c5ad3573c,control,GHOST,1
0xdeb1715f44b67c7bf2a2f7ece9d944313d14c104,control,TEST_RIG,63
0xdec30771afd4296fee41fe3fe0dcad1a5d0b697e,control,GHOST,1
0xdedd050dfe4212d52f2a6ed6a2d5d3289de0d5ac,active_legit_candidate,ACTIVE_LEGITIMATE,158
0xdf0c4a88cf28e24cd63a0d2ac54052c65f0c7700,active_legit_candidate,ACTIVE_LEGITIMATE,294
0xdf35b86e7494d82c275221c6f1b29f82a030f649,control,GHOST,1
0xdf53471dbdc0761c79fd0c9061d0fe7c2acf8f3c,top_volume,DORMANT,267
0xdf6c170b7f622cf58d67354b8a077ecb1de0ca86,control,GHOST,1
0xdf873d57b5b2b96d68c05352cc21a2da33053144,control,DORMANT,6
0xdf90200b0031051bbf7a66bb9387d2ecf599e109,active_legit_candidate,ACTIVE_LEGITIMATE,176
0xdfa575445885ee4fbf3fa7741df20476ea46bc4d,active_legit_candidate,ACTIVE_LEGITIMATE,32
0xdfa835a71e1c32db8401db75305f1b98a04347c8,top_volume,DORMANT,266
0xdfe2e79de9f0ee1d5d1b287966de9c2418d3e8cb,control,TEST_RIG,6
0xe0461d31643e24108e53ea0d03a88b76265f06e9,control,TEST_RIG,5
0xe04d575bd5a9f7867ff3fa9497b4edb5a60d06ed,control,TEST_RIG,9
0xe05cf38aabc0a046cf0057d2656f3c374132667a,active_legit_candidate,ACTIVE_LEGITIMATE,2284
0xe08e64d4044cd7ce4bfbb44d908e358c4eafde09,active_legit_candidate,ACTIVE_LEGITIMATE,54
0xe0b87f29728b01b7eed6102e22daf7b8b13e1254,control,GHOST,4
0xe0dda596a02c031882837bef9d616de243679fc6,control,GHOST,1
0xe0fe67479deb8a454c0d9762891bae3003624a64,active_legit_candidate,ACTIVE_LEGITIMATE,235
0xe11caa2531c84bb945dc7d4b7d9a5eee422067a6,control,GHOST,1
0xe11d166355825215d33a7b2dc47c05d4dcf6975c,active_legit_candidate,ACTIVE_LEGITIMATE,38
0xe166267c3648b5ca4419f2c58faed8cd4df87d54,active_legit_candidate,ACTIVE_LEGITIMATE,2107
0xe16a1b12404cb2ebc6e783beca6e2a9253c3dc7e,active_legit_candidate,ACTIVE_LEGITIMATE,50
0xe197628a03d2cc7810beb9fb68b06967c759eec6,control,GHOST,3
0xe1df6968935328ccc7259c2063411a8035ef87c7,top_volume,DUPLICATE,565
0xe1ec023f5c95d4244803aa2acd661fca06b67a75,top_volume,TEST_RIG,128
0xe23517ec8fd33614867a2157f1c7980852784972,control,GHOST,3
0xe23bee8965010dcd8a2b996ae815599ec9ec56dd,control,GHOST,1
0xe24afd008b559eefa35ed0cd5073ccdb32690140,top_volume,DORMANT,9550
0xe253d3af921d8acf3d95364cc5d17dd1a17d4450,active_legit_candidate,ACTIVE_LEGITIMATE,56
0xe25b1b2a8328f07d93f7d436f3375be4f4def8cf,top_volume,DORMANT,59310
0xe266a66f4843163ecb8ad9df3538e3a079e65baa,control,GHOST,1
0xe28cd838be6bdade252dfa7e25d7fb864c2c18cd,active_legit_candidate,ACTIVE_LEGITIMATE,41
0xe295b6641b32998537ae0f8e61babf729eaed6e5,active_legit_candidate,ACTIVE_LEGITIMATE,71
0xe29a11c193bbfdcc99c01034e570d50c08140c2f,control,GHOST,1
0xe2b06d454b2cc941ccbc0b6539b7d7cd15278a0b,active_legit_candidate,ACTIVE_LEGITIMATE,414
0xe2c37f7ae68f60f640277ba3e85109127965f440,top_volume,TEST_RIG,2147
0xe2e4ed6e0fca4dd7cb9541bfed857e4deaca0c72,control,GHOST,2
0xe3148537ef9cad71291a860417efbcbb9e0457f9,top_volume,TEST_RIG,81
0xe3173e8990cf8468f29a33c15735abaea94ada83,top_volume|active_legit_candidate,ACTIVE_LEGITIMATE,88
0xe32566ae10007bf988dfac5b732184ee197d2aaf,active_legit_candidate,ACTIVE_LEGITIMATE,272
0xe33f754474a413a3aa2aec223894edcc26e3c22a,control,GHOST,1
0xe341add833f9d62082e97ea260baa6546cd09f73,active_legit_candidate,ACTIVE_LEGITIMATE,218
0xe34ca0e21a372a3ecee16bbb10fbd5ad285849d1,control,GHOST,1
0xe36ade25f56d0c61d2f9ffbda7c4bccba0e6e4d0,control,GHOST,1
0xe38c826af1b1dd484d9635eebb61b0e9a3263870,control,GHOST,1
0xe3a82dab4685e2e5d4b338751f23805389c6127f,control,TEST_RIG,8
0xe3b707d4e032b4b90bd8ffcc130a9ebcbbe0b2ee,control,DORMANT,15
0xe3d0c8606ce74e16686b988a64efe764f78679f1,control,GHOST,1
0xe3dbe709a92131216bc39776b308a471a5c97464,top_volume,TEST_RIG,51
0xe3fc7be376863e6e4ef2f21441656b3ab370683e,control,GHOST,1
0xe41f518d034670cfef872142b385f380dd1a8606,top_volume,DORMANT,8996
0xe4200d67b49686fb2c46a07f4f4d2a640c156255,control,DORMANT,15
0xe4391e86f1659997d0070a416a3c7f4f34204bce,active_legit_candidate,ACTIVE_LEGITIMATE,744
0xe4431da58fc4747c691b6782fbb3e57dbee681da,control,GHOST,4
0xe4a087d708fdb8a0845ae5e4972cc0d4f915c31f,control,GHOST,1
0xe4a3548c54cb93faa0b1e9e09b35bfddf8c41882,control,GHOST,1
0xe4d203dfcded2c3319f0ea64ef382053a4682b78,control,GHOST,1
0xe4da1680951ce8f865b8bd92eea8fe8ebeda1d85,top_volume,GHOST,1
0xe512bcbe8856026cc258d1a95abafc72a1f88e55,control,DORMANT,309
0xe53cf11c367390122af3431b7c47d323f9ccbf38,active_legit_candidate,ACTIVE_LEGITIMATE,1128
0xe547819dee840c0a18fac7f840cb0e3847135d59,active_legit_candidate,ACTIVE_LEGITIMATE,60
0xe55eb84c37e90dfb7304969e5c6bff02c600f748,top_volume,TEST_RIG,3120
0xe598a57646405cf751604474b021bbbfb225d124,control,GHOST,3
0xe5bc321cd62c5ec3bcc72eb101e0b93fde807e67,control,GHOST,4
0xe5cd99a5be741a7e34ab1a4653fe6819afd7a417,control,GHOST,1
0xe5d24d346c6d81954403d565d5080ce4e6143c89,control,GHOST,1
0xe5d5c29e6fecc6fbd304e00c103506ecfe1baf00,top_volume,TEST_RIG,3990
0xe5dc8255b891d5c25bedd4d55fc59240ffb9dbc0,top_volume,DORMANT,578
0xe5f6d660ef463c04412ddf4e2bad47021fe0511c,control,GHOST,1
0xe602344ef3944497a72981e36066c62e7a99f599,active_legit_candidate,ACTIVE_LEGITIMATE,70
0xe633eac32a176093672d131e092dd14876915504,top_volume,DORMANT,6315
0xe63b8d4dcde50830b24a03b83b9cf725b52ed801,control,GHOST,1
0xe63e151504da0a1b07a31a72dbabda6240359893,top_volume|active_legit_candidate,ACTIVE_LEGITIMATE,76
0xe63e9786b5b2b9184de202eac3a01ff27478718f,top_volume,TEST_RIG,127
0xe6814e0172c9f15f2ba2e09fe9d9f3751fa38b75,active_legit_candidate,ACTIVE_LEGITIMATE,70
0xe682dc3c6b79c1c87dfd17e5e25b1a07834b9f5d,active_legit_candidate,ACTIVE_LEGITIMATE,57
0xe68e6015f540c9778ad130e155a4c0265ea65d40,active_legit_candidate,ACTIVE_LEGITIMATE,92
0xe6c6160749382f4d4d7285465c53d47fa269a872,active_legit_candidate,ACTIVE_LEGITIMATE,116
0xe6e532ede8e4a11e465660b76a90d56c0fb8e8e8,active_legit_candidate,ACTIVE_LEGITIMATE,24
0xe713c244a89c0622b942ba34cdeccabd145dcbfc,top_volume|active_legit_candidate,ACTIVE_LEGITIMATE,272
0xe730da17533ad3dd1ecf72b3d592d003a2aa30cf,control,GHOST,4
0xe73d86f185be79a33b0318d881b71f2a24371114,active_legit_candidate,ACTIVE_LEGITIMATE,80
0xe740d5701749d262da5e4fcb9f814c5b6d91cf46,active_legit_candidate,ACTIVE_LEGITIMATE,667
0xe7649aab539247e4d6879ac1dffc02b5abf4339a,top_volume,DORMANT,6385
0xe76f43ed475419a2e7eb347969ec9d09396b8943,active_legit_candidate,ACTIVE_LEGITIMATE,26
0xe7743e095dc49d2652f7c2590f16ecc5ced7a792,top_volume,GHOST,1
0xe7c595312d65b366497f1a2077d6f9a7fbd24e0f,control,GHOST,1
0xe7debbc9de869d28b914a3f19e1fc192f849feff,active_legit_candidate,ACTIVE_LEGITIMATE,21
0xe7f0d929b60fbf33ecab60abedc40ff7d997cd58,active_legit_candidate,ACTIVE_LEGITIMATE,70
0xe7f302568b4c1851bb3ca40750c17822db7dbd02,control,TEST_RIG,53
0xe7f58e4a60eed7f8720ec4fec968f71cffd7af4f,control,GHOST,1
0xe82ebef57fa5af958b8ecb6843d4327d314f59e3,active_legit_candidate,ACTIVE_LEGITIMATE,506
0xe83a2d406e62b2fd7d12515d1c8d82cfd2279d23,control,TEST_RIG,5
0xe84158fef1fa6509076aed33e3acdb9aaa05ac31,control,GHOST,1
0xe8b25a72dd6aef69515452a61ad231c7df2843b7,active_legit_candidate,ACTIVE_LEGITIMATE,67
0xe8e26183736d796d401df30810207465fa708959,active_legit_candidate,ACTIVE_LEGITIMATE,45
0xe9030014f5dae217d0a152f02a043567b16c1abf,top_volume|active_legit_candidate,ACTIVE_LEGITIMATE,11097853
0xe90d8d736d30c42ca7968749df37ef49b3c6158e,control,GHOST,1
0xe935f231c99c04ee0b4532a3d0bda81b152a0384,top_volume,DORMANT,104
0xe9459dede331e6b1882afc8fed33c89569077bd1,control,GHOST,1
0xe953d11ce2001791764133f5051ffa7459137d9a,control,TEST_RIG,8
0xe955c1ce121ad589f570c36a5d458454df400854,top_volume,DORMANT,9228
0xe958693a522050df299b2e471241bc993a7c30f4,control,GHOST,4
0xe9635b753a807ec750bfe11b5ef7affab6aafb5c,top_volume,DORMANT,4188
0xe96e69c5f2aa672f6c49984923907422d90ff476,top_volume,TEST_RIG,18787
0xe975c2767c7923f20c43d23cf8e6961e7b737c5f,top_volume,DORMANT,3792
0xe9a1558d6c8177f97e8fd533ac7da2f04f1b48b5,top_volume,DORMANT,18695
0xe9b4e035fa68eca9aaf8937ce9ae188ee039cb2a,control,GHOST,1
0xe9cbed51efc05649c1c4b46603999ae13e555eaf,top_volume|control,GHOST,1
0xe9cc86ee956d7cffce3b92eb76074de710fe5e26,control,GHOST,4
0xe9efadcfae547f1bc493b442704cb38f4097f33e,control,TEST_RIG,5
0xea09413c62f6f25df7463341cc42ead470373205,top_volume|active_legit_candidate,ACTIVE_LEGITIMATE,294
0xea2b0429be7177546045401be0f691dd9b8e481f,control,GHOST,4
0xea40876283590b33e9fee4980c25870e7afce37d,top_volume|active_legit_candidate,ACTIVE_LEGITIMATE,1174
0xea50ca3be9b685841468520dfe251ab5ac2f6d55,control,GHOST,4
0xea92a610dc16c3d3eb2a5d6bd41ddd8153a191c9,active_legit_candidate,ACTIVE_LEGITIMATE,151
0xea9b43dc829f0a802a2a2d127911fe80ad191690,top_volume,GHOST,2
0xeabf0a98ac208647247eaa25fdd4eb0e67793d61,top_volume,DORMANT,41
0xeac160515cc56419ab45791dffd8fd4f79b73e59,control,GHOST,1
0xeb00a31192567583ebeb532b6b549652237074ea,active_legit_candidate,ACTIVE_LEGITIMATE,27
0xeb4da07be74b26b2966b3cd07842cade70e47d53,active_legit_candidate,ACTIVE_LEGITIMATE,14718
0xeb7117f2994a42fe72d20113f6b486a8b94d1138,control,GHOST,3
0xeb72854f4c0dbfbcddee740c723f77af7c2db531,control,GHOST,1
0xebafcd94180a67d4a25a46aa1774864c9000895d,active_legit_candidate,ACTIVE_LEGITIMATE,254
0xebc66aa85d1f6733d32407a681ac30f11528f60d,control,GHOST,1
0xebc903a4a0dba4d24d4bb8ee6f1e288fdf016007,control,TEST_RIG,7
0xebe77ce82e520184ba803ac80546457e543c8731,top_volume,TEST_RIG,6
0xebef26eb2819fe7c32e100a1c8181648b7e775e6,control,GHOST,1
0xebfa8b051da0feee18ce16fb1b2a92394da00532,control,TEST_RIG,7
0xec2a91842ea6aaafafdf05f4ca65ce2cfe1023c4,top_volume,DORMANT,52
0xec76a41c340b8c8015580d726660d351815c388c,top_volume,DORMANT,192
0xec9641ebdcdfcad27bc10472d26bdd61cbf71d5c,top_volume|active_legit_candidate,ACTIVE_LEGITIMATE,11418
0xecca24e9d184db20160958e4370ae0ecc0d99d61,control,GHOST,1
0xecd098b61dcb1ed6b719544e893c4b3c50134852,top_volume,GHOST,1
0xecddd5ba7a40fc66a304476433590158a23696c6,control,GHOST,1
0xecec50b4db58bbace3fd0cc27812f73eae40f15e,control,GHOST,1
0xecfb34867cc542e4b56e4ed9161eb704976710ce,top_volume,LOW_ACTIVITY,6151
0xed059725098977858553522f71c052859a4732b1,control,GHOST,1
0xed05b1e324204e13d4528fdae193d2e785f3378b,control,GHOST,2
0xed181bcadb44681e44fa365521af1251625e57b7,active_legit_candidate,ACTIVE_LEGITIMATE,66
0xed1f3bd0c17b4eb4bcbb2ddb1e436015ac45b711,active_legit_candidate,ACTIVE_LEGITIMATE,117
0xed26270600e83c64c064c3188c8d2f48e203f61c,control,DORMANT,480
0xed2fe2a0fecb1c51c52145d759bead06e6e9aadb,control,GHOST,1
0xed3a06ccd63e573ecb2e8a402d0f1f047cbcfb2f,control,GHOST,1
0xed4047da8becc578f43005ee826a96bac620a665,top_volume,TEST_RIG,1352
0xed59b9617b60c2fec770c9359b5ef4dd73146303,top_volume|active_legit_candidate,ACTIVE_LEGITIMATE,273
0xed617f79201248df99909fbde4269b6eeaee39b6,active_legit_candidate,ACTIVE_LEGITIMATE,892
0xed62829b7cff644171a7dbaad49c5c1e07f81efb,control,TEST_RIG,5
0xed739873789dccbe9474a0ad81501234ffe0269f,control,GHOST,3
0xed7ab7efaec2050239a84103d2b5141a75ca9446,top_volume,TEST_RIG,7
0xed7edf29cc9111f06ee4f771d503457ecf87da37,top_volume,TEST_RIG,1390
0xeda243ab1d8398b7bfac428b8d69b5b7994a3123,control,GHOST,1
0xedb152c4f660535895ae256d94b5094ffaabcfc9,active_legit_candidate,ACTIVE_LEGITIMATE,89
0xedc823045f9791fc658557e578896276f5da1502,top_volume|active_legit_candidate,ACTIVE_LEGITIMATE,652
0xedf1e07f3bd7d64430cc2cf3a770db07257f51ea,control,GHOST,1
0xedf410d70ed70d0d18bcc8fe3352d13e079f8268,control,GHOST,3
0xee1c48def975196a5365d372fa7e7dd39ce77366,control,GHOST,1
0xee58a0297678160de7a3512fc23ab8e3c8063613,control,TEST_RIG,8
0xee72b902af7466023595512e3359bb5bf312977c,active_legit_candidate,ACTIVE_LEGITIMATE,736
0xee756f22173dc2f1960c5811967becffb49618df,control,TEST_RIG,5
0xee7695ef6fd4730f2a540e831eef526051c85023,control,TEST_RIG,32
0xee79587aeff2d7e196f58b4f35eb7a36762ee3ac,control,GHOST,2
0xee85b671cfb14a9d61397c3e50bf0418c98555d3,top_volume,DORMANT,7448
0xeea0ebfcf40f11cbb076818ff9c153a9ec05cd76,control,GHOST,3
0xeed546f1974090ba8279dcad175c87a00af356df,top_volume,TEST_RIG,13
0xeed99b8c66bcb5dfef4333405cfaca0ea1393a32,control,GHOST,1
0xef0d99f3ae2927a4ba2a6e794fb849baef8b5c11,active_legit_candidate,ACTIVE_LEGITIMATE,456
0xef2cc7d15d3421629f93ffa39727f14179f31c75,active_legit_candidate,ACTIVE_LEGITIMATE,20
0xef4364fe4487353df46eb7c811d4fac78b856c7f,top_volume|active_legit_candidate,ACTIVE_LEGITIMATE,4717018
0xef98feeb67420dcdb5eaaadae27f168fe534ac29,top_volume,DUPLICATE,33978
0xefb692554f64d785fbeeed4fda1f322b3d5d3e80,control,GHOST,3
0xf0004a61039096b61b312f22ec89a5bdabdedd0d,top_volume,LOW_ACTIVITY,628
0xf00daf15713e82fbb7bdc4b818444d93d655de96,top_volume,DUPLICATE,4936
0xf0278be5d57696e2a56991cdb886493422b7a8f4,top_volume,DORMANT,6510
0xf04220c87894e7cbc0273f38c18195dab0db5fe5,active_legit_candidate,ACTIVE_LEGITIMATE,617
0xf052e7a400ba229f21ba63d4b48894a69bde1a78,top_volume,TEST_RIG,9
0xf07096bde76c5cb63a0356a12b49a118a7418d27,control,GHOST,1
0xf080a1aab08650946acda41410a7edc14f7be035,active_legit_candidate,ACTIVE_LEGITIMATE,849
0xf08156f4de753236cad87dd94e4e385ad4cc3e04,control,GHOST,1
0xf08c355f56daee8c9546849c985e521b7fcdbceb,control,TEST_RIG,18
0xf09623d204d0d9f7164fce983279f9bbc05375df,control,GHOST,4
0xf09eb08f06065053b6836ddbc6cde9f3de8cba90,top_volume,DORMANT,3996
0xf0a055db66b53693bc28480eac40ab7012bc3df8,control,TEST_RIG,24
0xf0dd0179d7584ee37cffb3ff0409df074fedda22,top_volume,GHOST,1
0xf0e368486cf65f18e7a422ae55593668269e93cf,control,TEST_RIG,10
0xf0e8901d6be36a1ddd99b7bba087c754efc7c168,top_volume|active_legit_candidate,ACTIVE_LEGITIMATE,1664
0xf114a1224e1a44ea65d7472d40dd53e8c45d5928,top_volume|active_legit_candidate,ACTIVE_LEGITIMATE,14430
0xf11bf14562ace5fbaa44599c32cb66c7c43d149a,control,GHOST,1
0xf121fbecec43e1b616d47285851c20d5fc64431b,active_legit_candidate,ACTIVE_LEGITIMATE,71
0xf1284769e0ae46f5f528fad02405d60deada314f,control,GHOST,1
0xf133924cd7b8e940b5df95f3a29385898716bc27,top_volume,TEST_RIG,128
0xf1432a1d713ac13fc9d42e3340875878e7535f49,control,GHOST,4
0xf14c07487c1d3012d20d442c66b502b99cc8c41b,control,GHOST,4
0xf191ba71c1287820ee10f8030e706ecc2e81e0b8,control,GHOST,1
0xf19b97914395563fbf2872e247ecbbd8842470a1,top_volume,LOW_ACTIVITY,1363
0xf1d01ab1ccfff1e35b8139f847df4b9df25182b5,top_volume,DORMANT,4072
0xf1eb97ddddeb0257548bc14d35f981b10f8c3fa3,active_legit_candidate,ACTIVE_LEGITIMATE,1498
0xf22ffdb0110190f866db1e1051bd812e08eb59cd,top_volume,TEST_RIG,1357
0xf234bf615a39307eb88f74d02c7fe98b7859f5e0,top_volume,DORMANT,8870
0xf2873ae33de681d69f1675e961bb134e37984b2b,top_volume,DUPLICATE,42356
0xf28b9aafb9734f83800ff9f0cb20dc3f791cc3d4,control,GHOST,4
0xf295d6ee759281ac62d6262512fbc62d0ae46893,top_volume,DORMANT,7084
0xf296039034f35683e42071a675a9178863632104,top_volume|active_legit_candidate,ACTIVE_LEGITIMATE,705
0xf2a94ff47c8b29b7c1dfd3a09e38ed6a4f7ec365,control,GHOST,1
0xf2e30666564bbf7cc1938a21119dc3b02d5c5cc2,control,GHOST,1
0xf30f87f0299601c06cc4c0e5d8b30bd3f664cf83,active_legit_candidate,ACTIVE_LEGITIMATE,51
0xf335b4c1474f6297f6992fecc3da2dea62b0af76,control,GHOST,1
0xf338bdd9ec443335b1c33ad3bb21a421a36f97ea,top_volume|active_legit_candidate,ACTIVE_LEGITIMATE,12632
0xf348c3212896edd95a7906f1a145afa954e94909,active_legit_candidate,ACTIVE_LEGITIMATE,3730
0xf363036e16634610be5dafea59805488da731a4a,control,TEST_RIG,7
0xf36f0e8e66e6387ab211f10c6c93a08d29f82680,control,GHOST,2
0xf39359f6db565d1b590fcf270770165a9133f2ed,top_volume|active_legit_candidate,ACTIVE_LEGITIMATE,6810
0xf3ab74ffd44624e80c0892dac069b5af11e9b21a,control,TEST_RIG,5
0xf3dcaf1f0a7fbe5de15878bc07b82fc94104330d,top_volume|active_legit_candidate,ACTIVE_LEGITIMATE,2594
0xf41eb650f84d52c155d57dc8696e37e08f5d0482,top_volume,LOW_ACTIVITY,138
0xf43f7a7b8370d28ecb6606636dc61c0470c4ec91,active_legit_candidate,ACTIVE_LEGITIMATE,1458
0xf444abc53f5e1e73caec7df64d147ddb119514a0,active_legit_candidate,ACTIVE_LEGITIMATE,6579
0xf447938190055b9ce2b09e92e98ca743bdd4c80c,control,GHOST,1
0xf457b475db525b8ddbe3824b4ad5da8a498a3d52,control,TEST_RIG,13
0xf46338ae32fdd0192602562f0d1528398c74cf73,control,GHOST,1
0xf46394addda95a3d5bcc1124605e3d15d204623c,active_legit_candidate,ACTIVE_LEGITIMATE,6407
0xf47a6bdada3eb21e4d67b33cbd32b388391657c6,control,GHOST,1
0xf49182ecfe65800e40a4714e2b7b7d8c558e7a22,control,TEST_RIG,5
0xf499102c8707c6501caadd2028c6df1c6c6e813b,active_legit_candidate,ACTIVE_LEGITIMATE,1766
0xf4a904d8326786d90157cf791c281302f11b2036,control,LOW_ACTIVITY,68
0xf4b8037bf3709f37c5ffe224004d2e61833d084c,active_legit_candidate,ACTIVE_LEGITIMATE,181
0xf4e37eec6963875ae9d5b8557ceb07a4f2ab203b,control,GHOST,3
0xf4f052d22333eb6d4b2ccbafc2be81c27dd955be,top_volume,DORMANT,3776
0xf50b6b592d759b17a099deb254f7b6f29a7c9ba7,control,TEST_RIG,75
0xf51b0de99bbb792613c19afe54d61b7f74d22950,top_volume,GHOST,2
0xf59aeaea2d6f12207136a560e49a4ac529f2d757,control,GHOST,2
0xf5ae3bdbfc8c75dca830f30976c9fc0eeb8f68ee,control,GHOST,3
0xf5c83900ffcedd20e2a14f1c164d2ea68b27cd4a,control,GHOST,2
0xf5c9c1827affc867658a13d4d980b9ee37b937c4,control,GHOST,4
0xf5ddb8cc86bd4551be3d2268aa6e18b2d0c659b7,top_volume,DORMANT,129
0xf5f5204f61358a4b637f0ba2bf6eee19f87429fe,control,GHOST,1
0xf61edbb113055ad656b87a473febe93cd82ff9df,control,DORMANT,5
0xf6705e3da2d2f98afd3944e4a6b0d6ca931e576a,active_legit_candidate,ACTIVE_LEGITIMATE,42
0xf67895418a340af7703aa70972e951bde5254074,control,GHOST,1
0xf6844d5c910ee154d2cd5af1a62c6a99e0035a3d,control,TEST_RIG,8
0xf6ac4a39d66fe4901980ff6d70116f57f0967995,control,GHOST,1
0xf6c3161d0c43ec29cb09000dadadcd0f50ceb277,top_volume,GHOST,3
0xf6e1021a10f063833b67c69629c49083b5ab3141,control,TEST_RIG,5
0xf6e5806366830c8caa9f06c75b20c3ff902090da,active_legit_candidate|control,ACTIVE_LEGITIMATE,66
0xf6efbd7510c739c5a89d2462803e21d4d748133a,active_legit_candidate,ACTIVE_LEGITIMATE,28
0xf72c1b3517588f7f08c9d49cfba939e711bd45a7,control,GHOST,1
0xf74ea9029771c5d90173366c00942678ebe0b6c7,control,GHOST,1
0xf7a673230bee18f957161bcc73ac90814f80ab0d,top_volume,DORMANT,20726
0xf7b1356cfed0eebe01d76da7ba9e9f8bf12d9d57,top_volume,DORMANT,61877565
0xf7b1c3c86a7e18ed5da3d2c2c379dddc9b84534a,top_volume,DORMANT,4064
0xf7d2121093744a55dc72d0bb81a242793e438b05,control,TEST_RIG,8
0xf7dff077e83e016833cb2f116d77733b38974950,active_legit_candidate,ACTIVE_LEGITIMATE,59
0xf7eb2e6c85c96cc77786161b5d2588012f28bdc2,control,TEST_RIG,7
0xf7fdeffc3abc97379418b0a687fdb54e1cbce163,active_legit_candidate,ACTIVE_LEGITIMATE,244
0xf802283ff77d5972ffd109b91b70d34591b5459e,active_legit_candidate,ACTIVE_LEGITIMATE,107
0xf80f9479ad1d2601ee347d55b5b1f6b27071267f,active_legit_candidate,ACTIVE_LEGITIMATE,231
0xf813cca4649e60a7849816bb26dd8ae9369432ca,control,GHOST,3
0xf823a3ed999132b27a5c95305e0559cdf208f4b2,top_volume,DORMANT,15594
0xf826f2a5dd08c5728ae7ff90ec4f4162b9c6b7d9,control,GHOST,1
0xf82cb3b092710212e6c5ea46b1ce40d9ef4d88c1,active_legit_candidate,ACTIVE_LEGITIMATE,183
0xf8384c55677dcb6fa28ee6641260298c22c47ad1,active_legit_candidate,ACTIVE_LEGITIMATE,80
0xf859b4a9a8ef9fcdff31773cda5e0ae7f0d73172,top_volume,TEST_RIG,124
0xf875b5b2462d0d035e4c307f9226d873d8434807,control,GHOST,1
0xf891d5dd7102f276d6220d0d1e50a8a4c8b9d841,control,GHOST,1
0xf891f339755a7e7a69e6e0466428907181fb0b58,control,GHOST,1
0xf8962c99f7f8920005fe2f23c842ec2da9003923,top_volume,TEST_RIG,127
0xf8b7b09cdb5decbf12fcef9dc1298cbff38bc689,control,GHOST,1
0xf8d97345851c079ef1d9c192acf9036b1d93c381,control,GHOST,1
0xf8ea2a545c103d020a31931ea29a54a5c3c622a3,control,GHOST,1
0xf8ea44be938f98e67ef4e6a07de422c85fa48f9d,top_volume,DORMANT,2992
0xf90e6125c8918f1adac31f85d80728db62f17d9b,active_legit_candidate,ACTIVE_LEGITIMATE,135
0xf92bb7d79e30aa24049637c22acbe998bf992a68,active_legit_candidate,ACTIVE_LEGITIMATE,835
0xf94918217f57fb27e1c38174f331a89c60c541e3,control,GHOST,3
0xf9547fe0a27cbaddfcef282c0b37f410cbad11be,control,TEST_RIG,14
0xf95dcca3edb4772d75fef28900e2b284080a6145,control,GHOST,1
0xf96251fc786c12472d119a12de365b41a6186fc8,active_legit_candidate,ACTIVE_LEGITIMATE,26
0xf96d2a2bdedafa702104e2386af78fbece04ceb3,active_legit_candidate,ACTIVE_LEGITIMATE,32
0xf97d54f304fa5c3a705aac8408846786b1f9abba,top_volume,DORMANT,502
0xf9884de0649e14ca97d05c7cd68ff5b04fdb0345,control,TEST_RIG,9
0xf98fa7967a1e5e90a865ffc392b3b8df84167e02,top_volume,TEST_RIG,1482
0xf9905a9c4784533c8cee3487b4546ed03126dca5,active_legit_candidate,ACTIVE_LEGITIMATE,26358
0xf9d1d63f362bbf1ee08ab9acb36fe74afc48d5f1,active_legit_candidate,ACTIVE_LEGITIMATE,711
0xf9d9fdf399cd88743a7c7216ba1ae590d29b812b,control,GHOST,1
0xfa08763f8d8b66960b929f6aa20f184161e6b2f8,top_volume,TEST_RIG,6
0xfa0ee7b2f13d80680f31771abc93d06a2c749150,top_volume,DORMANT,2109512
0xfa15b16ddde53e894a06bfd81ea0ff19f37b80d1,control,TEST_RIG,13
0xfa2735f3c1070bb19d0dae2fcdf20f807c41a601,control,GHOST,2
0xfa3f54ae9c4287ca09a486dfaface7d1d4095d93,top_volume|active_legit_candidate,ACTIVE_LEGITIMATE,12245
0xfa41bf7fd08d335cbb4400da388a30c7cd60de6a,top_volume,TEST_RIG,124
0xfa45c1c9e6e21bfc7fc6ca21efefae60627ce3d7,active_legit_candidate,ACTIVE_LEGITIMATE,354
0xfa51f24e8d6004e8926956458db9c6ec0be8c963,control,GHOST,1
0xfa5ffc8dfd54c45bed139e0676ea697e7d88b7e1,top_volume,DORMANT,67
0xfa7f6c6bd6e48089250d9f93918e1a9a3b060895,control,GHOST,1
0xfa7ff2c56d0b32303db16fc96c7b40257b478366,control,GHOST,1
0xfa9d37760527ef8f49a38b4c34e95a5c8fdf8831,active_legit_candidate,ACTIVE_LEGITIMATE,319
0xfad48f34251efbc40d4aadfd60d0400e605ed7da,top_volume,TEST_RIG,747
0xfad67ce5a834e68d5533ba7ac08619ff82a42084,active_legit_candidate,ACTIVE_LEGITIMATE,85
0xfb5ab435ab3ad0e0e22545a9211bd35b7fd89592,top_volume,DUPLICATE,73
0xfb7ef581b0338a31e47aa9770345b26d46bf0451,control,TEST_RIG,466
0xfb8915074cc941f5ab95e6001c45287b8eec4427,active_legit_candidate,ACTIVE_LEGITIMATE,49
0xfb947742815ebef12c465116db931e4bfd81d94d,top_volume,DORMANT,144
0xfb9dc02101831c1e47c201c676374c9bc4a7af75,control,TEST_RIG,5
0xfba62dde86a1415d11f9a43e4f87034460e82dbe,control,GHOST,2
0xfbca05073748ab9605370732dd70d7a14a0b7146,active_legit_candidate,ACTIVE_LEGITIMATE,138
0xfbd46201267609ad3c66bd1b99b7f1cc80b1852f,active_legit_candidate,ACTIVE_LEGITIMATE,386
0xfbd7b7ed48146ad9beff956212c77ce056815ad0,active_legit_candidate,ACTIVE_LEGITIMATE,2140
0xfbe7ff003a996d02cc62174dcc52edb21831b391,top_volume,TEST_RIG,195
0xfc190e27fb42e1a7d77a8ade9c5c36fe62425096,control,GHOST,1
0xfc2a1a0ea6c252a2174a620626de620e32bd7055,control,TEST_RIG,5
0xfc4b6d2f4f8c5d696357c290a871e254b7a0cabb,control,TEST_RIG,20
0xfc76ef278eaa797e12a74ae7fd301030f96513cc,control,TEST_RIG,6
0xfc803768ca41fe9863a56771e6c6f4602ec0edcd,control,GHOST,1
0xfcafd9dac06a03f588d6f55b5336162dfd7202a6,active_legit_candidate,ACTIVE_LEGITIMATE,103
0xfce5630e5d843d4c464caba9a32a2bab7dc33c66,active_legit_candidate,ACTIVE_LEGITIMATE,2263
0xfcede0631812a1e01173208cf79b5007e535e2c8,control,TEST_RIG,48
0xfcf23ce23abca391eb5a17795dea3faae7292a60,control,GHOST,1
0xfcf24e7199e5a1885b4290994017f4e79245c6de,top_volume,TEST_RIG,1815
0xfd17db10e298f68ce31e0cb8b550ff169505973f,top_volume,DORMANT,6960
0xfd340b911cca012ec8f3ab99f52eb9805df76268,top_volume,TEST_RIG,9
0xfd4d822b6267056ad6a806e4f28a6b4e18c07e59,control,GHOST,1
0xfd7f5273eac5ff2d6731e90f9e694961842c6ed8,top_volume,DORMANT,3656
0xfd85b90eef2bb593f8f51cdfbab73d87d69841fa,top_volume,DORMANT,6745
0xfda1aa3c77e01da0aa471dc0db180c178ec92054,control,GHOST,3
0xfda5a8dc19e814a7880515feb88308bbee625d6d,top_volume,LOW_ACTIVITY,2112
0xfda996093a448947af917d4c2c0a10488e9072ab,top_volume,DORMANT,1106
0xfdc46601e5e2a37e703fd34b659ed2185ab9d170,control,GHOST,3
0xfdc73317d5beefd8dd6953c0426f0c65ea747841,top_volume,DORMANT,99889
0xfdd19bea0ac9fb3683585ea6b9abb819fcdb231c,control,GHOST,1
0xfdd8d899416b36f43138693d91d9f255b5165180,top_volume,GHOST,2
0xfdda30b968f96f36f3e18c7a63a8f55ad95d0778,top_volume,DORMANT,3776
0xfdda8522bbe158b5f45bfa3683575eb67a95ade9,active_legit_candidate,ACTIVE_LEGITIMATE,76
0xfdde1e20befcd73dde3d94794ea13f929928a8fd,control,TEST_RIG,5
0xfdf53de20f46bae2fa6414e6f25ef1654e68acd0,top_volume,DORMANT,1376
0xfdfb89be78907f41cfd450b8b518419b30610786,top_volume,DORMANT,6548
0xfe1750e5c0212e038576c94dd1a7f0e2762ef284,control,GHOST,1
0xfe4f335a75318b18d9dc6f12917a24f3dc52b4a9,control,GHOST,1
0xfe5beda7589ba75bb441771a1d99c45004dad525,control,TEST_RIG,10
0xfe8f511d8542f687cf70b798c388ef4c3265794d,top_volume,TEST_RIG,3182
0xfe93c1819690ef72da850b77e4ebf40098e6e04b,top_volume|active_legit_candidate,ACTIVE_LEGITIMATE,3944
0xfe9bfd44b2b34cf386fc8bd580144c6ff6f10dd2,control,TEST_RIG,5
0xfea53b9c178f9cf828aa0f4a8a8676387b6fc9a0,top_volume,TEST_RIG,1298
0xfead5564de287d1753477041612e84457d46e407,control,GHOST,2
0xfeb1f8f7f9ff37b94d14c88de9282da56b3b1cb1,top_volume,LOW_ACTIVITY,3258
0xfeb66c61b5fcd5549d94f24d6cf8666d8ad07e91,top_volume,DORMANT,9165
0xfec143bc629d503167ae85951f342393e5c691d1,control,TEST_RIG,26
0xfed3332008c14e3cf15ed092db221e7c688bf668,top_volume,DORMANT,35
0xfee13309251b632317ea2d475d6aba7e7e0219e6,active_legit_candidate,ACTIVE_LEGITIMATE,1390
0xff09d540717c450f6948b216598ef8a008e26b62,top_volume,TEST_RIG,89
0xff133816f30c0f127d906916a9b2113fd63376f5,control,GHOST,1
0xff319473ba1a09272b37c34717f6993b3f385cd3,active_legit_candidate,ACTIVE_LEGITIMATE,784
0xff337f57119a6481c9a74aa4b41e76b1d01c23e5,top_volume,DORMANT,20230
0xff365375777069ebd8fa575635eb31a0787afa6c,active_legit_candidate,ACTIVE_LEGITIMATE,120
0xff405542ce8f0bd0789f0bd208fbeae5bc3704db,control,TEST_RIG,6
0xff877ca361eb578b1b8fc9b1a8f269f2599c5a4e,control,GHOST,2
0xff8cb56eeed4b72aa7a6b07452b01d49969c81fe,control,GHOST,1
0xffa9155a0e4b3d8d42351da226cc1feee449686f,active_legit_candidate,ACTIVE_LEGITIMATE,6908
0xffb37e4d69a2637aec52e1a610d7ede3b3a8d1ed,top_volume,DORMANT,133
0xffc134b442701a9a6675a8478498ce8d6b34cab4,control,GHOST,2
0xffc458db291b4abce020fe3de4f91f2770e537b1,active_legit_candidate,ACTIVE_LEGITIMATE,749
0xffde1acbac169f822dabc3d97d6d7127dcae6003,top_volume|active_legit_candidate,ACTIVE_LEGITIMATE,51
0xffff4b8da8c165b556326453446f6940c8afe0db,active_legit_candidate,ACTIVE_LEGITIMATE,116
14tbUrd1TY4iUFAZ547L6o5pws1sZvWefVQEEk8Guger,active_legit_candidate,ACTIVE_LEGITIMATE,21
1pd7xpwi4d7KkxQLpmjFDUKyV6SxiQNUNZm31hbw69S,control,DORMANT,298
23cH4eFWGUDe167DTech9FuW2xQ2ZuBEvDcXhpTX5AdL,active_legit_candidate,ACTIVE_LEGITIMATE,76
23i3QcFSFnpofpam8d37xwqpoLbpEJ6azFCk6VYJLjuE,active_legit_candidate,ACTIVE_LEGITIMATE,21
24EdhNj4NS2oLGfk2UVRKDwir5NNwj3EXYQxgmETp1t1,active_legit_candidate,ACTIVE_LEGITIMATE,24
26R5ZNAjMCffmVXS8NYDevrMGiRcdqbAZXK4qFDqGrix,control,TEST_RIG,24
26xq6tkfk9haLxD4fdt4MJ9TP5CEr7Js9aT2eaXqCfgR,control,GHOST,2
28cUzWbhcpSDvg2xL91nUfS3B88ATgnBrayFN3qX45Kb,active_legit_candidate,ACTIVE_LEGITIMATE,32
29F8ayr3oCncDZJ4MLcAC5viyNuEFmSsXSbSmMop1nTS,active_legit_candidate,ACTIVE_LEGITIMATE,23
29vtytkcpSsdXLguV7zodwdgmFp5XAAtsohkgLYB8tdu,control,DORMANT,70
2DudhHG8nfQjgM5rNZNhmU5x3HzcogvEyqkgoLTM5rL9,active_legit_candidate,ACTIVE_LEGITIMATE,29
2E853qjRd2U68oj7By5tXdC99qSWCnnDe1C87eoPT7Us,control,GHOST,4
2EQdXUSm53wZ8YtcSSJceTG5s5UYm375ZfbanfV6GCXX,active_legit_candidate,ACTIVE_LEGITIMATE,67
2GGkANDCR4M4tS9sqvJZpdaEZXkmEsdb6JfXCoWtbWTi,active_legit_candidate,ACTIVE_LEGITIMATE,65
2Kuwrwi98mFmRGCYsq3rmfSsxZhE8sREm8Jdkz1bhZbn,active_legit_candidate,ACTIVE_LEGITIMATE,58
2LXMW5CrcX5gLA7shz3tnk6wE8qxev9NVbUmhsEJyfVZ,top_volume,DORMANT,1691
2MDFibeJfqN2HeJVWco159JA3tzY6Gg5FfnaqwyYFLtW,active_legit_candidate,ACTIVE_LEGITIMATE,85
2MGAXQV6cVhZWdqijEufhHNkmrHp8UfmFquBMawfPjmy,active_legit_candidate,ACTIVE_LEGITIMATE,49
2MKgkfgyjEsRkpiiS8AeCo6yBPd1Y11XbrgBjkxa1Lnq,control,GHOST,1
2Mb8sL4pxJU1jnNBGoyFUbEErFf5KYemzKiRW9pdAEdv,control,GHOST,1
2PGXJeyCTm45VBDDYRHbomWWni7ZRaaaEGdQYxwHmVxj,top_volume,DORMANT,7128
2QxfmP4C6MhtXPxW6RBjFSPvu6iUR6kHe6NG1eAmCQRf,control,LOW_ACTIVITY,87
2R6MBEZ6FoeNzbtikjYcP9GdudtzRsRqGex9nSKauRXX,active_legit_candidate,ACTIVE_LEGITIMATE,52
2VebzafK6DUfAPxVQ9Ga1ZBak3i7wCXsFbNnh6ibwGG4,control,GHOST,1
2Vgb83uPkms6JzfdwAzvhSZJPoXVhv6G1XP6rVxFYqBL,active_legit_candidate,ACTIVE_LEGITIMATE,2364
2YWFFX2BGN3SkMPcj7ScGe7fzWQT4VCFHFcrNHhCcoE5,control,GHOST,1
2YyZTsqCcpJ7mu1KRaTQpikc2Z24BehVtGtH5sYJFQVM,control,DORMANT,64
2cGYNgqeuZ577jp1aSn9SRYypxoNG4nt5cUcjGRLWftY,control,GHOST,2
2chGLRxzvoTgQXhqyoqpwn5yVChRx8qQMXPLDud7D2e4,top_volume|active_legit_candidate,ACTIVE_LEGITIMATE,844
2fTHvJrDDWMbXp4EsjwWruJ2ueU3DTg6sXwaSPUbZHo6,active_legit_candidate,ACTIVE_LEGITIMATE,26
2hYY7wHhXsoWnskQRzYFUNH7YboXNMEqbGnAFHpRuB2W,active_legit_candidate,ACTIVE_LEGITIMATE,2034
2i7NkYp3acbk2ZeMESHxmLLz35m2YocmWjY7Pqpp1BSo,control,DORMANT,59
2iS2BpGo1fjTRnCgos53oX6NqcHZ73qSFvCmwNGDg91V,control,LOW_ACTIVITY,45
2j7U48QMqjEbBjyp6ZcCCSPjTngew8CUjdSFFoSPnq6f,active_legit_candidate,ACTIVE_LEGITIMATE,26
2jufJBTtpCnKkkfKpH8k7KTSMPxytDbtJ7cCEbZf3abS,active_legit_candidate,ACTIVE_LEGITIMATE,39
2kZTXaDVzA9Ea7wqRp1e6muwrJvW1nzpUhdHhntFKfUD,active_legit_candidate,ACTIVE_LEGITIMATE,26
2nF4GomVbk3xYjstxSxcrVhdwQoR2nYRtvPK4412gLsW,control,GHOST,1
2nkTRv3qxk7n2eYYjFAndReVXaV7sTF3Z9pNimvp5jcp,top_volume|active_legit_candidate,ACTIVE_LEGITIMATE,20
2ny4T8BbY6hveW8oHi9FPtMzREBwtYuvz1EW4QMNDCZ7,active_legit_candidate,ACTIVE_LEGITIMATE,106
2pyPgr6fFh1q58HaJ1c5uTGhd4cJUtZvT5hBZFKgpwN4,top_volume,DORMANT,358
2q3naJH626d42WVPP6qestyiwmCEwfv5gXm6DGAsY4E4,control,DORMANT,75
2qG4bZCmt4T8y9vPhE2okDTcZZKsM4MEwAM8RAfBamx2,active_legit_candidate,ACTIVE_LEGITIMATE,35
2rWPGi2DT5SaweRCY5Q1ZQNnUEjVZg7x3SnW3EtWGk2E,control,GHOST,4
2v3sk8dEoEDMC8j9eC9Bt33bnReJGpGV7ALPQgZQsjSS,control,GHOST,1
2xvcjUJ33UZxJ5R3cK8xYXJwc7GmunUJ4pRkWm24FSJ7,top_volume,DORMANT,14
315SkwYrbYxj37Uuh7k4Vg7HxHmxWGWRZPr4j82RFGs2,active_legit_candidate,ACTIVE_LEGITIMATE,53
31R5SKgmZzqptYERCuttfW5rRVx4hBQykCZrR8VbtGtn,active_legit_candidate,ACTIVE_LEGITIMATE,35
34nHKKbn16UeWB376pMrRBm82Bxtpf4nY1aFLGDm9D5g,active_legit_candidate,ACTIVE_LEGITIMATE,24
34w53Ukhf4Bv5SZjU8Dez76r8fhxaKvdqc4eoCzeete6,top_volume|active_legit_candidate,ACTIVE_LEGITIMATE,96
35Q9Vad7U7x55RcqB2h4M6Wo8q2YJKbnDoo9c3djERne,control,TEST_RIG,48
35whPh8pbVbWKQMHD2e89gCKo6DH94gyDTSG9sx6YhYz,active_legit_candidate,ACTIVE_LEGITIMATE,219
36qn3roNKntmjZQMGWdHqSDTZh4rcaLbmh8CaoPF9iMr,active_legit_candidate,ACTIVE_LEGITIMATE,41
38WP6rXEMA8CExoLDbMiVZmpLE7U6wgrQXg2NRbUJU7V,active_legit_candidate,ACTIVE_LEGITIMATE,25
3Aj6Rw9kFw6sLTFqBgQU5bCQ2kWxPCxfwkKaSmKU5kCa,active_legit_candidate,ACTIVE_LEGITIMATE,25
3CiFdtyXQK9hxCBSfcUEbRVFzviPVjSNnUg94M5SZHbR,active_legit_candidate,ACTIVE_LEGITIMATE,27
3CiUGY3aDcLR1MBDnyM7Lx2Py7TJhCK3MAGgXgPaG6wQ,top_volume,DORMANT,50
3DGnpGBqkCZhWN4roAddXQqXj4M4zzBoBzJdJ2JZRsPJ,top_volume,DORMANT,1656
3DThMQCsgdAmzPG5P7PygoYCow1N2WLS7ruSX77qC63A,control,DORMANT,21
3Fr8CWGvxSAo52u47PmFbB1i8Af4V1eWrLrChx3UqFM4,active_legit_candidate,ACTIVE_LEGITIMATE,22
3GY1ht2iaLu7jBe4ZP5YpfAM9jTU3WuhjBcDPxSUNr1E,active_legit_candidate,ACTIVE_LEGITIMATE,43
3HsJ1q2ABR7fcoRdkH3iaZRw8uqcz5kDktbcXu2AGDGu,control,DORMANT,67
3N7VpV4u2LVHHmuegN8jJ74xiUVmcUgnMPTVXWtiDN5c,active_legit_candidate,ACTIVE_LEGITIMATE,55
3PsQRtfdVhtDPY4iHwRv8y2eL6WV4uuAeNB26wjbD3ub,active_legit_candidate,ACTIVE_LEGITIMATE,21
3RxM9nQ6jT3J2d2SPG2mVGsdGv1css1m2jDW2EdJ6wwD,active_legit_candidate,ACTIVE_LEGITIMATE,21
3TiAJNCa97K591JfhigpenXKHjBn6pQ3B66Jj4AiwFdj,top_volume,DORMANT,2609
3WGFKiFme7fhCFjMwu5jNVokYaRxwJqzctuEhwSTBk9D,control,DORMANT,425
3WMobpf22edc6gn7UJELNppYg3neyjyKJWC14zDoR7f1,active_legit_candidate,ACTIVE_LEGITIMATE,28
3WkqExEMEqn24KBv6F1HShZEWNdPtxVV4SCvC9g7uUH4,active_legit_candidate,ACTIVE_LEGITIMATE,39
3Wuj6VjJXuCmQZjGRhW56xbEk6TzCyMEUVRZgLBYNE2Z,active_legit_candidate,ACTIVE_LEGITIMATE,61461
3Z3rVPUdbgGP2dTwZvgHgtSNvsehVVCnhZYALiBWB3u1,control,TEST_RIG,23
3aSdyGTSApTZgDxHq1m7rSxbkFd8F48Ctk9HXch8fUSC,active_legit_candidate,ACTIVE_LEGITIMATE,26
3c6MzRxcM5Ftxu8vE9vNNBYwpMJ6ynsU7HrpYGB6sjVs,top_volume,DORMANT,349
3eDefwCvtfJpUAdYRiVLxnqsWvhT2P1eJt3jGJycoGoJ,active_legit_candidate,ACTIVE_LEGITIMATE,20
3eQB5pyrCCHdqTkTAxgZznxHxBa6ZfLPaf5JmERtQa6N,active_legit_candidate,ACTIVE_LEGITIMATE,46
3iPZ62paNrfww3pkxDS2AS4wL795q9E72hxYotCgqTW6,active_legit_candidate,ACTIVE_LEGITIMATE,43
3ibuRbkLSV75pNekt6Hoppon1uXFvvWDP9dQL2wgkW1p,control,TEST_RIG,99
3iy9taVT34ijbmMtwbbiWwRPEFtun47y8GxTSZ6N7Myq,top_volume,DUPLICATE,21179
3j5sL7YDfzY3fbWGAQub25TebRPE6TR5uN9aQRzkVbYt,control,TEST_RIG,6
3kQ3Cp9L2qym4kXrKdbVfyXfB8h671KQqF48g7zvd9kt,active_legit_candidate,ACTIVE_LEGITIMATE,63
3opB6vFz7VQuoZuY3CbNkbeAqf68KvvoVNa79pKqNfnK,active_legit_candidate,ACTIVE_LEGITIMATE,50
3qWrxBZhfTDrgsGG5US4tKquqyFThs5nyb37cnh7Cnf5,control,DORMANT,106
3rb7JQvBEMaNVhKh5m4MNUdYZdha7vyuT2uH1oGZupb2,active_legit_candidate,ACTIVE_LEGITIMATE,24
3sKDX4zremRrARUCGPzKmEC1Xn3Y9hj8iDz2gPneSU8e,control,GHOST,1
3wZC28prkbLNg8RbtoSaT8mjVQ7Z5xNWEAaNySQ6QmZs,control,DORMANT,82
3wrMnbDLhLC4qgTA72Dm4vt19PjwK69qdVukThgjjyn3,active_legit_candidate,ACTIVE_LEGITIMATE,2994
3zKWnPVudeZn8mzmTzRMRaLA1dmErxjBJ2pndV6rZ86C,top_volume,DORMANT,1766
3zPqSMkoDTfKWYLRtLJXXCNNN4shMDKX5ekk5C4aFP7H,active_legit_candidate,ACTIVE_LEGITIMATE,34
3zzUAYvpjqPBmdwqQKUh952LZSqijHHVCFymCtanFP3N,active_legit_candidate,ACTIVE_LEGITIMATE,49
41TnPsh8whDp6SKbJFoiDT1tqhs3TkY9x51jYCNga4Na,top_volume,DUPLICATE,42197
42Jvsotm8QAfVkGVkgUSsKJNKYcAg3zB9bCPtPUBwBdr,active_legit_candidate,ACTIVE_LEGITIMATE,109
44LTs6bNq1skFHsJRqQQKQmpPRrMtxhjkUu9T7wmZPrb,top_volume,DORMANT,5967
4AN5a7QjG2DE9Gefw7fwBzEKWAFwqf6pKdUAeUtjQdUr,top_volume,DORMANT,1442
4B1ns8vJdeSgPeLUHW5DP8KVnfxLNgUeJMiRDuB9svJn,control,LOW_ACTIVITY,230
4B3AWBsej2xDdeMdqdLXEF6rXXYQ3bc4aB6ZMxivhKT6,active_legit_candidate,ACTIVE_LEGITIMATE,43
4F6ucE2UGHUe1bL2x2HgWVdoJ52Tb4cbxTdqfkqGVg83,control,GHOST,1
4HGTqpFgvHoEikuX6FF6hzEEiMDXCLBS19tYUk9NBBMS,active_legit_candidate,ACTIVE_LEGITIMATE,21
4HTsXXNYiDUMNPxRHvpHK42QbhjnqG6SSgFW13L68WXm,control,DORMANT,516
4Hr9uiDfCKN5eyAJZnRfUCNC9HLedj5RKHCx9H3PTYf7,control,TEST_RIG,11
4JAmy7hSNWTUxsyJQfEi7ngQXRMH4NHXrpMKDfvStMDc,control,GHOST,1
4K7FnN5uNHeGNwRVWWn5uJHhzrPSb2yTEW8sMA5kximx,top_volume|active_legit_candidate,ACTIVE_LEGITIMATE,41
4KhMBvEptka3uydPh7bhWqMP7ycHD1XBQM7fmzZk3DFS,active_legit_candidate,ACTIVE_LEGITIMATE,38
4KkHNw3Y5a9a6oHXsSKVJCuz4AEtzUnnG25BRTAcTSR9,control,TEST_RIG,55
4NZ43xfCCc3UQQsn465Nxko9BGqyBj3sAcCur1DVMKso,top_volume,DORMANT,1809
4Pu9yFyQvu7TDwCkyHtBNas52UsH5hRYpB1Cb6XRtayn,active_legit_candidate,ACTIVE_LEGITIMATE,25
4RF375JwWtdQrVoFFUDMC4PdiurVehh1B3ekvUxzZiyV,control,DORMANT,78
4ShLAGjk8mTYMCmXu8xW4wiS2DVBz5DvSKTnHqUY1SYq,active_legit_candidate,ACTIVE_LEGITIMATE,34
4TEJjtpuSHcmrZEK8CjvQ3RoNawdddufJsEaBubtjEuK,active_legit_candidate,ACTIVE_LEGITIMATE,46
4Teh72vJ3Q6ZXtCagCcahFCHc6oK2L56RFFDCJpxaNjW,active_legit_candidate,ACTIVE_LEGITIMATE,37
4WPBNY4naGGcLEt2PuSAxKQsnY7GpkERZ7LVidxRaXiP,active_legit_candidate,ACTIVE_LEGITIMATE,23
4WvcrHiCTLEqWod3PeW3iFfjmJFsCbprQfkeNb2Rq59b,active_legit_candidate,ACTIVE_LEGITIMATE,132
4YaLvnR76RSYWjQq1BqQeaUP57SvE9yjprjgrTorEaNq,control,TEST_RIG,6
4YsZ7ro9N4dMwZtaTRMcFw2URf7jWCe5yxKCQN33nRb8,active_legit_candidate,ACTIVE_LEGITIMATE,20
4Z4rmiTW3U74qjYrRw7zS9Y7McKEVDLssHndKyJvGbFn,active_legit_candidate,ACTIVE_LEGITIMATE,1950
4ZPVLzV5rBpFe5P3FvkkxEkL3EoiZBNFtLevbLE1uK7J,control,GHOST,1
4cVtXb6gJRHKjgWYvtzpSBZ6qbsz1qdFmU47VUUxhZrT,control,GHOST,4
4dLdhYjqmKXjWh1nfWn1N6beVBGj9dZ9jMFR2T544ktD,active_legit_candidate,ACTIVE_LEGITIMATE,23
4ehB8nPFdKnxMZdfVcEapy9wFsgsYR1LPeuinp1ZdsNL,control,GHOST,4
4ehvoijn8Zn3aVKjwDjcpGJNVfD1D1KmPra56MxA5hgv,active_legit_candidate,ACTIVE_LEGITIMATE,27
4epKDJpvMo3UboErQd4vDgJkX4tLoF21LdZUpAH1fLRe,active_legit_candidate,ACTIVE_LEGITIMATE,52
4fHV8uTV48qmGRE4XBrvM1RXLrRSerr3xregHb6EA5jX,top_volume,DORMANT,269
4g3U2ZTW2xqjDi4JQDk889pehcCMNwmuC6dNVTtSjmas,control,LOW_ACTIVITY,130
4hEezDk5bx9EVCG4dHYcJNLZX4SkJkGfFFeecp9PMNLP,active_legit_candidate,ACTIVE_LEGITIMATE,23
4hbVYsy6oJwXNL36eY58ah8vyRR4Bww3NdZzJevV6dHE,top_volume|active_legit_candidate,ACTIVE_LEGITIMATE,73
4j1DeAhmSbanVMG23m4vLZ9RLvHa2djmmdJndf1R7zuW,active_legit_candidate,ACTIVE_LEGITIMATE,21
4kbEnsk5B2eYc11aoTAVbSX4nB5Lj1df3t9w3t2re9ua,control,DORMANT,87
4kkGtjRxGijwd4XTFoEaiMQR6QCQfhuCQg6pK5rJdSkf,control,GHOST,1
4oTtdyZzmGZPVS8nX97A9dmPqbeH8BSdZPGLLaE4xQia,control,GHOST,1
4pEb1rHVnbAHcpvFRacteFbuiWCyTbisNUppWpocvsx8,active_legit_candidate,ACTIVE_LEGITIMATE,39
4peLotB1Dcx9xRuykAaBgoxNogNp4Ygij4L1J5Wy9mAe,active_legit_candidate,ACTIVE_LEGITIMATE,25
4tkpoktUtVPWDKXL71MadiYddhVM733kaGfZ5FLLSQrC,control,TEST_RIG,55
4tr6UiLmTu7CcG75KXTQL5MVcu2VGAV1yWZGZuxiRR8U,active_legit_candidate,ACTIVE_LEGITIMATE,29
4u94P8pBxC9TYLBuFkEoH5UaJB75mru5NzqLX2cuzPut,control,LOW_ACTIVITY,72
4x4ZhcqiT1FnirM8Ne97iVupkN4NcQgc2YYbE2jDZbZn,active_legit_candidate,ACTIVE_LEGITIMATE,29
51YEwyriNDumrH3ZyYkWzCJWpZa5FbXjG4rMJTHYH2j6,top_volume|active_legit_candidate,ACTIVE_LEGITIMATE,78
52FKmm8sooQXT6mKHa5SMs9sCYBYqjkqTHWHjLMHaDrn,control,LOW_ACTIVITY,6
53JhuF8bgxvUQ59nDG6kWs4awUQYCS3wswQmUsV5uC7t,top_volume|active_legit_candidate,ACTIVE_LEGITIMATE,44388
54ksPSzTiB6mxQRDn6tQQt22tkNjcrtybXoPSPzWAUrn,control,LOW_ACTIVITY,106
54n1EJRF18cmaDGBn2UeDEUDWdaoDSE29To1PnN9Zjhe,control,GHOST,3
54p9HWkMgxgvJ4zibr3FUtv8exmQhbYGYvrkZwXZFJcH,active_legit_candidate,ACTIVE_LEGITIMATE,49
56DUDZbYdQrHiafqZr3DUauotThJhjVYLfeUPECtbgKo,active_legit_candidate,ACTIVE_LEGITIMATE,24
57dToK8vhwnceXHG9MeMGuLKtG8ggmYADUQNRFKJFhzW,control,LOW_ACTIVITY,6
58Hw4XcZDJjifxhWxyY2PkbmxSXK8V5tekWyQpXfxAfm,active_legit_candidate,ACTIVE_LEGITIMATE,23
58qEVSAGtgDQtjCJTLAcFnNGxeWoRH5oZzGEVcqyuzKN,control,GHOST,4
5A9FHf7rRBfy92GDhGXULnS7H2y8JatyJDxKUARcMskV,control,LOW_ACTIVITY,93
5AYjCHyYFNiQG3tVvwCC2myAAHt8e2JtNkN9ZAYujLkL,active_legit_candidate,ACTIVE_LEGITIMATE,73
5BiHE9m7wudvUJATzBDQQJ2auvjB9fmT1q2ARZJmmQom,active_legit_candidate,ACTIVE_LEGITIMATE,38
5ByXZ2deBpkrRzfggYMD5M9Q29GbfaCf1WGgEKnK9uT3,active_legit_candidate,ACTIVE_LEGITIMATE,183
5C6y8kD1GrTjCsU3aZZ5AxUoxJrBNM7c3CUDcKnPdeHP,top_volume,DORMANT,414
5CSi6uM6TR6SwGwrachj3KPnw7LqvJPgx2PQjVzVSxVP,control,GHOST,1
5Cm7uHP3bC8NF5SSaehbAQ1wJMf4yZoRkwwSXwmv8KKW,active_legit_candidate,ACTIVE_LEGITIMATE,20
5DE7ccNfDzRJYDn5TgedVx2yhohV3VYXJ2PuFCDAxvS2,active_legit_candidate,ACTIVE_LEGITIMATE,49
5DeWgsrAhWBLJfEUeRyvqLpLwLHAKc1SDuSjEWXYNo8H,active_legit_candidate|control,ACTIVE_LEGITIMATE,20
5EmLBToCnZscR2k3qfTi1XkQuoRpNLa5AWpVZiVJKuD2,active_legit_candidate,ACTIVE_LEGITIMATE,39
5FXvEtaT6896t9czUufsKT8R2An6ssSRs9aKQWRSN5Rc,active_legit_candidate,ACTIVE_LEGITIMATE,59
5Gjzd4v37nzXRaRMhebXiNurvMXdpW82wkASQy2wHTq9,top_volume,DORMANT,1758
5HC9rCS1Gd3NxDW7DqbmLNfoP2BQJd5VLcFG3dGoy368,control,TEST_RIG,8
5JRWUCiDeMRhtzGAf1LuVGqccTNeTCK5Vu615Vb67tLz,top_volume,DORMANT,6100
5LRTuWKY1gwZo9QMpm4HkvBrXwMy3wsJ3pHWt2WrL1R9,active_legit_candidate,ACTIVE_LEGITIMATE,40
5THaK1ys5JPFEJdHDc3VYgPEDiwHqYruaqYyttWAQ1jw,active_legit_candidate,ACTIVE_LEGITIMATE,52
5TaGhnEcHgjEh7KCEPFMLu6GDvSFMh5WDWBVUqzYzg3F,active_legit_candidate,ACTIVE_LEGITIMATE,25
5V9ApoCM8gSRyeqKGXTg3xiNeE9mCs98KTTL6mDNBRyf,control,LOW_ACTIVITY,5
5VMfM3WzgyUs9eKvX6vZCu55bUx6wM39Lpxfz3KSdGDu,active_legit_candidate,ACTIVE_LEGITIMATE,28
5VnQaa9fiS4vuzsPsE9JWrGjYspCBqCd6qm6BBFw18gd,top_volume,TEST_RIG,12
5VyArTwQTgPix9mFXiqVcwb2CXWAhoM1d19DBxUqt845,active_legit_candidate,ACTIVE_LEGITIMATE,47
5WvhEVm3UTdDHMvbg13XpLuTae1PkuJLo2sqjmAZz2yk,control,TEST_RIG,6
5XmZYNhQ2zFvc2j8cta2mEqv1r6b27USWvMzbabumpoC,control,GHOST,1
5XpfNYoJt6wUzhZ6YKKaebcoNS1Em5VXY8nCg6nSDCXQ,active_legit_candidate,ACTIVE_LEGITIMATE,109
5d7eRpQyvDUsQqn8CsWLQDvPsrxVCEBLz321qsVbiedG,control,LOW_ACTIVITY,221
5deEFuXAjMLD3Ep82UV9h1Dfq8pZ1cEG9u9gK6pXuezJ,control,TEST_RIG,52
5diac46nQuXMF8EWy4DX6KqbBT8QB1LJ1qCJFrjS1GWa,top_volume,DORMANT,5997
5i1QfHdmnK5HG8cdp8GH6o63By6pfNJHfRYNr3MQDw45,active_legit_candidate,ACTIVE_LEGITIMATE,50
5itg5k7APgVkD1HqQTgriutHUQVH6R6U3TN454QqC9od,active_legit_candidate,ACTIVE_LEGITIMATE,65
5kSD1DHDNmWeRLNsZkd4xN6EefQiWNb874QJZoCYmyBW,active_legit_candidate,ACTIVE_LEGITIMATE,23
5mJF5T3JqbGNcGW9LzLkF5THD3aKzUGUcETFFwLMswfv,control,DORMANT,72
5mK5wkW9AY5NCxfSqxQM8jqybxSsB5NYTR8R1LTBZBx,top_volume|active_legit_candidate,ACTIVE_LEGITIMATE,113
5n2WJytcPqQ2xFvYeFrGt3B697DuVbXQFdtvSoVBWHf1,active_legit_candidate,ACTIVE_LEGITIMATE,38
5o96vDjkT1XXXaeGewUQYNevwASoaCLsusJTD1AJEjeg,top_volume|active_legit_candidate,ACTIVE_LEGITIMATE,114
5pkV3ndQ9wxVEP7tioNTtXBePephUfTwTnjZ3DeHrGTR,control,TEST_RIG,15
5qAH1paFYVcSzDMBsnn7KjTBp9FbtxW13EefAgQ9oGf9,top_volume|active_legit_candidate,ACTIVE_LEGITIMATE,77
5vKjCHuH7kAoXVat2LwU5DPXgB4f7x6qJnVs3G1oduq5,control,GHOST,1
5vZzyjheB1MytF9V2JvDCmz9ki1RuTTQaMWYpseTvGL6,control,LOW_ACTIVITY,13
5wCdR2EKLj37QmesCUeDdY5sxqGi4CWYGm5YTLHrbmg4,active_legit_candidate,ACTIVE_LEGITIMATE,24
5xoifchzihepJN9vXFgdCrMc8qcqw75fp43EsTsNmY9Z,top_volume,DORMANT,21
5ybVmqWCFPAWuJbqex48MFxkhB1r6bCHWUD1AcmhH7jD,control,LOW_ACTIVITY,12
5ycQvCrkfqZgdjjRLjCvdWVPq36Ut8KtcDBSXsnhmgsq,active_legit_candidate,ACTIVE_LEGITIMATE,26
5z3EBz3FAg6hiJbkbJfFz422PBEif8fYiuRnQKVVP62D,control,DORMANT,63
61p9HJuw4iQa6VFpN2himbTqNN7E1DuUWTiBebCXBitU,top_volume,DORMANT,1742
62iZp7FEirKfdHcRa6z9mQYkWpHqtW8BfK8YgU3zFKYo,active_legit_candidate,ACTIVE_LEGITIMATE,24
644LAjwoAwimzFvwYx1CSapgsnhEm4Hhxj51iDUHucpY,active_legit_candidate,ACTIVE_LEGITIMATE,21
65V18htvZuqcACgC32jVzK7UgAkYkoBD5ADi5QCMQGMA,active_legit_candidate,ACTIVE_LEGITIMATE,20
66Qvhr1xnwqbCT36KfHfZF1JpoWdmCQ3uFYTN335CGXe,active_legit_candidate,ACTIVE_LEGITIMATE,898
673iuMPMjMik5F6MQJkTeRo5ULVkQRrn5swokVD8vPsK,top_volume,DORMANT,6037
676oq1sp9FQ3LQZoSpoMbgqCyCYmQnemSnEiumizYM2m,control,GHOST,4
68ipVrqrcK6eNoKePnNnPUS5nv9cYSe1zaCuDFnkrgPz,control,TEST_RIG,94
68xMgLPAfeyaAV3ZGHURkMyFA5Xof7is95uqt9u3HWu1,active_legit_candidate,ACTIVE_LEGITIMATE,31
691gbn3kkXrRRHsxQjNYzUtsrNLBC7xFybfuthG2oMNj,active_legit_candidate,ACTIVE_LEGITIMATE,73
69x5DSuu7eoJkQYiDMH2Dm9ECwpv72Jrj1NzfdkJqtML,top_volume,DORMANT,1737
6FHxMwmZsk1wjbEqcZ2hUEGn4zqVomgibeJGJEY9jfYp,control,GHOST,1
6HMkRekaGkJLDtKQbhrwUUjH7VU1i7MfvFw7rUumevTS,control,GHOST,1
6JGUksCZjXDKxvjPt5p2a1A6dFzXyvvtUYyRUtAL4TFt,active_legit_candidate,ACTIVE_LEGITIMATE,27
6KmnUdCajMDa3auGC2dCC95Yef6Qd74KhviFEx1ZfBR1,active_legit_candidate,ACTIVE_LEGITIMATE,20
6KsbSAzhFe5YzqBK9ngeZzdU5xauZsni9osQeB8rSy5R,active_legit_candidate,ACTIVE_LEGITIMATE,227
6PA91dZxzACzDdS2Dbo39uwWqqPVMf2nvb3bH6bQ2eJS,active_legit_candidate,ACTIVE_LEGITIMATE,112
6V4wFgAMRDYTx8QNk9ecdu2KLGeSt36Qu86XLc5xVZnE,top_volume,TEST_RIG,60
6XJhvQtBDrMBDeLAhgFtzhKwZ4HGqAsDYbFwLk1sUxRD,top_volume|active_legit_candidate,ACTIVE_LEGITIMATE,115
6Yw8BnPU6sadbsZtB6LykxTVfhj8qmEVL2cyjdh5ChKh,top_volume,LOW_ACTIVITY,20184
6adJLEwcBvgbArn6cJErxLWUBJRdkNkhiQJyPShcf7vr,active_legit_candidate,ACTIVE_LEGITIMATE,21
6c8kh4crLTfvpXi4VPfak8aZwMqZHKufPbUggVULTPma,active_legit_candidate,ACTIVE_LEGITIMATE,36
6cczC8yrn1r8zqjxmbR3kS8NZwzdBKts1prniKd7BqGa,active_legit_candidate,ACTIVE_LEGITIMATE,42
6kw9ve877HWvccJK2dq2fFFXZKV436RX1f93mw6zM1L8,active_legit_candidate,ACTIVE_LEGITIMATE,57
6nTr4Zhgk8oXqPXSCJPEP13XqUE7xTPdY2qmAkBGPJVB,control,GHOST,1
6oaLjFA3Ep1gHXBYjXWkiXqCD63cEP93ykZhLeCu1KPF,control,LOW_ACTIVITY,215
6ogmtepcHm8igNb6fxjNXV87Wnw17Fx42F4y8ArybPbh,active_legit_candidate,ACTIVE_LEGITIMATE,52
6pLVFNkWr71JASKJisUG7tatyTZAqCGoKrpnPULZTVLX,active_legit_candidate,ACTIVE_LEGITIMATE,21
6pqxNyz4o1UjeFGhVAubadJo8rP3Q8yMSRLnpc8pTDej,active_legit_candidate,ACTIVE_LEGITIMATE,190
6qkqJU5qrzgoE7i63vLDh8V5cKo4Z3gTKa6yP8bZ5JE4,active_legit_candidate,ACTIVE_LEGITIMATE,35
6rzjw6UuqDBx34DR2AfcBn6F1a2mQq5SzcDrF8mfp9jv,control,GHOST,1
6su2FJJY2b2z88crkGd7y313qJi8K8JvmAWWMUgPjb7q,top_volume,DORMANT,107
6uq4ec1eN66zj8kaJzwM1J3ph5N6dFR218UqVQWJKZx2,active_legit_candidate,ACTIVE_LEGITIMATE,37
6v5T5LMJmCoKHavppBgTbxCqraSZmwipXBrMSdjVfSp,active_legit_candidate,ACTIVE_LEGITIMATE,50
6wuFYNdxa8n1U4FLUhzU9yoEwjxHjmcWuWuQuFS9vtkh,control,GHOST,1
6x1zzvFL9xPpjPTSq12mz68hRuADvtAbyAZPtGNty5br,active_legit_candidate,ACTIVE_LEGITIMATE,22
6x5ocVNEwuBpi2Gs7z8fo1ptd4TyTf578Aqr2FME99ND,active_legit_candidate,ACTIVE_LEGITIMATE,155
6yLhDXtNoUizJ6FGFnbvLdECkuiVzYxTPbzecgkhv5X9,active_legit_candidate,ACTIVE_LEGITIMATE,58
75TRKn6kXhJyjAJSSeBz7YjkYejNGXc2SPqCsUaShXof,active_legit_candidate,ACTIVE_LEGITIMATE,27
75XzQ98PXb7ZRpfBNyGPfjDJ2DheqT5e6syt4SrLrhdr,active_legit_candidate,ACTIVE_LEGITIMATE,44
76Vrs6NQs4ntXuFaxCb7oue12EekLPyVpo3PJKHaU3V9,active_legit_candidate,ACTIVE_LEGITIMATE,52
77BMzaLJ3ADroNECZAbMmWHUdwTSdxYvvpxhH8ZNRW2q,active_legit_candidate,ACTIVE_LEGITIMATE,38
77xhkGRWP3Lh7z3RXwogWL8WPnUTi69GJGbYkmcieprJ,active_legit_candidate,ACTIVE_LEGITIMATE,23
78FR9U63nCnbzU59zDKL68697otL89w3c86S5SDAq872,active_legit_candidate,ACTIVE_LEGITIMATE,38
7A2MinN3WLgnW8cfVQ6d4bi6Dk5tT3Bgcf5LrdsLZBoK,active_legit_candidate,ACTIVE_LEGITIMATE,28
7DBse7bGGrXnxWLmdxDPhmkDgBrjPrZwMWGxG3qC7RjV,control,GHOST,1
7DNXNVpFcTqnUpA6F58vwhVto28RazkFhhX6PMcgKjKu,control,TEST_RIG,6
7FhSRitezg3wfztkhJWnbrNnZCBevWYjvYoe3j8h8Txh,active_legit_candidate,ACTIVE_LEGITIMATE,24
7G73PLhKvAPBGTzG5ESAE4coE7QrVeTTKfhTxQZbyGgC,top_volume|active_legit_candidate,ACTIVE_LEGITIMATE,86265
7KqsW6VoFkNQkrc3QT7omrVPY5LgEa27CYAuXJRinCau,active_legit_candidate,ACTIVE_LEGITIMATE,23
7N36xDFWzn7Ho8pgGGTiWoNBatjvqRHTXj3B2jcrV24n,control,GHOST,1
7NcehrMX7DwqvQQnPY7pFiDhwMcPrP4HThhSx9jZSQGR,control,GHOST,1
7NetKx8TuRMBpqYFKZCVetkNuvWCPTrgekmGrsJwTmfN,top_volume,DORMANT,110
7QmWiu3QFmgnu1hx8T8UUC4tYr2uj3QSBS6ekQgkX4vu,active_legit_candidate,ACTIVE_LEGITIMATE,22
7RPNsA1PotVJhaAnKcBoydNgbx7YsN9kH8VBJa2g8EW9,control,TEST_RIG,9469
7TjxqhnJF4VGVWCF6XKkDStRFF29Nu6qMT6hXp6uD7Ky,active_legit_candidate,ACTIVE_LEGITIMATE,29
7VVuWaPr1Ak8J1YB4i4FXfQZBccZd763AWMh1inZq81g,control,GHOST,4
7ZDiRRxsJbJf1kXkP2Q6sjhu3r2CmxNqjoBQpiU1mNqT,active_legit_candidate,ACTIVE_LEGITIMATE,171
7ZZH7wWE2T2zjatwAESdGR8eNcngL3yFSqZS6NrB8JYp,active_legit_candidate,ACTIVE_LEGITIMATE,34
7b4WM6JQWLaB7beJbbgXwvhPnt7NWVY5F7ZMnbvc4e8D,control,GHOST,1
7cqaHhuWPnsArgxtAqG14BdxoYLfCHwoUdYBnEgsFkRV,control,GHOST,1
7dXhdj9WzfWBsAC4rWwR5DsZ5BvNxftwk1z4MT1YvswC,active_legit_candidate,ACTIVE_LEGITIMATE,20
7j1YBnbhzxLDXRHrSX24Hixt8LRpUizbv8EHVCM5qSKf,active_legit_candidate,ACTIVE_LEGITIMATE,20
7mi2Dsmw2oxfUQL9LYo8HmT3QXdwErZd21Txes4KwHVs,active_legit_candidate,ACTIVE_LEGITIMATE,28
7quvyujq2qo9FncbgFQAtkUawQDjW62Fv3hMo7H9aXB3,control,GHOST,1
7r7Anr5nbzzDohaJtXsb2Vji3LS1h3nFyTYpaov5Foos,active_legit_candidate,ACTIVE_LEGITIMATE,48
7t1F6objhY33Pvnf8v6rcVMsoVKGV8esVQ923xoGLPGX,active_legit_candidate,ACTIVE_LEGITIMATE,20
7uC47pix8u9sq18QYQkBqP9LGuNGf167s8yygLAV829L,control,TEST_RIG,24
7ubptVSNwpHAbFKqU25QWEAV91Jjsu4bJGZru5GYWcCR,active_legit_candidate,ACTIVE_LEGITIMATE,24
7udCapWqkv4VxojraL85g9kMR24THo6TvYoB8iQp7FP3,control,GHOST,1
7uh2ibD1nAoL9UohbaNTubsMZK5321cKB8E8kPQQVZyj,top_volume|active_legit_candidate,ACTIVE_LEGITIMATE,5737
7vhcwvqiYUi8VrNpJuvJfSAQsN3HCxqpDrUa33P9kJ6k,top_volume,DORMANT,801609
7xFKMkD1vjN382FubNRUDdRcY7ZcxzbTtSJKXNNRkm5C,top_volume,DORMANT,6066
7xtW3crRgB7McdE4JVLWKU4TzzhsnK1MrxFFtMn8dmX1,top_volume,DORMANT,176
83iABjnLaEykzPLV5rQNEN85at8n9qf8UBNrMrfCkeqP,top_volume,DUPLICATE,5517824
87PtVKt3STAkPL6cvwpxpCy9Gsaahiutoh5NthR3uEy1,control,DORMANT,11
88AqJknQ6EuY8xRKEJ7RBQoC9E8d9mD1zD2VTazNqKGo,control,DORMANT,47
88CuhAesa9D4pu3sfodZdcpiFyhJEmnpP9ggs2k5eLVK,top_volume,DORMANT,1753
88xSdWeuGxWLXGe7sWk2baMEfaaB9iJ9vuU5MjQCycVU,active_legit_candidate,ACTIVE_LEGITIMATE,374
8B2ikn6pxjYo5X1MzJpAXCBgjEDatbFxoDEHAJVT2PiW,top_volume,TEST_RIG,60
8CgxXsixAoCU4Ac1ksYxqMb8wp7T8hSR5QYeCJ6fzNEH,top_volume|control,DORMANT,1694
8CpuZ3ptZ2F3ei4WFewhvzvg4S7fDHK1aPXs5jVscqRr,active_legit_candidate,ACTIVE_LEGITIMATE,48
8E7weyBjAA7Btbr9gDGYpzpiuJe4Gea59n24ZBmyqP9v,active_legit_candidate,ACTIVE_LEGITIMATE,30
8EdmyZBuNbnBVei7nv7gstEFhqiQMc7KX4Rkc1ZNThY6,control,GHOST,1
8ErWowaprWCGSafpRrb4GAiHeKqb9PAYrggfvnNKngHA,control,GHOST,1
8EzzTqTJsiopA6yQpECuQ92L1PLyMffwvXXzdcgaV31J,active_legit_candidate|control,ACTIVE_LEGITIMATE,48
8Hcwc2SD7wcZrvwtxD27N2M9u11CBek53SrPqQaVkSmS,control,GHOST,1
8Jk8UeS5bzg87UgpYsLYuXHruSYDpsjE7oJyriT6vEQZ,active_legit_candidate,ACTIVE_LEGITIMATE,32
8Jy2zPH6ZD4ZRhAh4wzo6HtVRMvzXst6LVHyWJh7QkHR,active_legit_candidate,ACTIVE_LEGITIMATE,26
8LiXrHC61irY8qwj6qevoiRXxYfrTgSaHVbm8rav6HT2,top_volume|active_legit_candidate,ACTIVE_LEGITIMATE,324
8MsRwPbUFAnV1RG5C4TDomFBKwp3wgdHjnSCpbtEAn6t,active_legit_candidate,ACTIVE_LEGITIMATE,180
8N9wyWuwPAK2dGb5KVCg8csSEhUFxqj2d5Zzs8NK1zYY,active_legit_candidate,ACTIVE_LEGITIMATE,47
8QQy3aRNGMMb7Q25Z2awMpqpZMPAdD6YFZn5eMM6XzVg,top_volume,DORMANT,6659
8QtAQUdXaLwaQ3FPMaUgo5Q4Ar36ApgodSYMkEdwWA8R,active_legit_candidate,ACTIVE_LEGITIMATE,22
8Qxpn8U6wJtRnWj1tNQ3kadw3mEzjM9ZN2VfJPCkY4Nj,control,GHOST,1
8RXHToLqWhXt2Q4i4tLQtYqDieKLoRFkhPKZ2L2xADBa,top_volume,DORMANT,84
8RohYozpoz5YEyEnXArHT7y2oacT9DxucXXxpZXmh7bp,control,DORMANT,649
8VBmdiVAffkhE1hpLZkStAgT8a3eJQm4hExUhPEtN73E,top_volume,DORMANT,2580217
8WYuU7Ptc3bA2iWLPrYhDcNGvHvRFKx3pf86mUM5XGbj,active_legit_candidate,ACTIVE_LEGITIMATE,39
8Y4y8gvxySN7nqC7atAy9AYi9Saq5htVJavLMGiCs9e2,active_legit_candidate,ACTIVE_LEGITIMATE,30
8Y71koTfLKUvu3YtWM5r2uX95oEjsgMznLDMEpVyJU2X,active_legit_candidate,ACTIVE_LEGITIMATE,34
8YFANbEWsLekLGzWdCZmMWHnyQ94KF8G69UfGt4CS82w,control,GHOST,1
8YSUi7Cp8qnaJmJ1JX6QRqAKFPXpK25NMtBJiBi7MS34,top_volume,DORMANT,445
8ZF4fB1RH947hECuFeoHk5vLqqtcdgADSW59vk7mYdre,top_volume,DORMANT,6405
8bLLgoKTEevg3mCBWQfhQi6BdByuQCwEVjGDJQ226EwG,active_legit_candidate,ACTIVE_LEGITIMATE,23
8bYv1gXr11VCnMd7RS2cSnd6adxNMVpnaLAFNmFi2SeF,control,GHOST,4
8biEDVUUh21injn4HXkmtRtmkiMzdtoeEXxKE5NLE4LH,active_legit_candidate,ACTIVE_LEGITIMATE,34
8bjjpu1JRxtADtBDzfDXZQFnk5JTsfaFuEBZp2ofiPMc,top_volume,DORMANT,1785
8dTzmoW8EamVpu5M6371L5yjNfY5eyc2TpsRVS9FYxGt,active_legit_candidate,ACTIVE_LEGITIMATE,23
8dbt3CGUABms7hDeBmTDLpY9QEZcHZduEnXFA6JLfsr6,top_volume|active_legit_candidate,ACTIVE_LEGITIMATE,158
8eAcSNGJkQacnLLZ1GsNusU15qmbfbUqSiphGDAt75tm,active_legit_candidate,ACTIVE_LEGITIMATE,27
8eAyvxJszqEkeEbwntY8vaPb6JEUMh1f6DKmjnh9NUDb,active_legit_candidate,ACTIVE_LEGITIMATE,41
8j4FKGc7BAn17tkBqCbJnFnJAVT6Y6JkCd5zLtByCGTp,active_legit_candidate,ACTIVE_LEGITIMATE,22
8j8bQK6AjKcUJdya7j9mTyciBRMJF1BNj7HqjPhFPU9x,control,GHOST,2
8mEz8vM5H7LqmvpvFCkDDR2vFZhgqWekqDBdHs6Nn8y2,active_legit_candidate,ACTIVE_LEGITIMATE,33
8mviwTmbQXbYkaGYKNbjjtL2gg5VJDys5dWJ6krZWfKj,control,GHOST,1
8o5gFfCKhGGM1GoXwU35tA8puQntVV41jdfqka1u6Fux,control,GHOST,1
8oJL3dkRuAnPkTt68Ub6kNtr9nP4GbeUZLP3rvSEKzLb,active_legit_candidate,ACTIVE_LEGITIMATE,21
8qmbeDrW16fjehrL9AH3Zh9dK3NEpknQFFLRcms5Lyh,control,GHOST,2
8rjEPTgve19KCQQX5nKtfYeosGKVjk1Xfrnd2R3s7qB7,active_legit_candidate,ACTIVE_LEGITIMATE,31
8sfBWBFyxtjGCKu173qmBWHdoSzTJrCR4TL5mFEXbNxN,active_legit_candidate,ACTIVE_LEGITIMATE,97
8ySxDEQbBhQxr6eJ6bTamVcmqEaVutKcCrCNVQBMrtQf,active_legit_candidate,ACTIVE_LEGITIMATE,46
8yeD1DMWtqDhs8LD9bUA9wDUbrxobBXWb4di9EzfdsUT,active_legit_candidate,ACTIVE_LEGITIMATE,33
93VY8SEn65uVwy8ozVNQfkhqQan6GXURiJVY1VR5MHHL,control,DORMANT,79
93vwVHnLeWoYXrZa3ZBD58xQSjr3QPXFo3dyD3NXmCL9,control,LOW_ACTIVITY,68
94wakCL4LtcbnaiaKbRChDhBsnTi5KuTctH8WnAMYQq5,active_legit_candidate,ACTIVE_LEGITIMATE,35
979ukWq5zbeVEgAtWRgTcnqdZBgLRTyqVEqo9m1BSuq6,active_legit_candidate,ACTIVE_LEGITIMATE,166
97Bts3536aV6um3My5wJYZKbFSZCL5BuVLzYGS29an92,control,GHOST,1
97sFMY7UkCH7URJkGry3PrhHoHqVKrHFnPHkfZc4FNQg,active_legit_candidate,ACTIVE_LEGITIMATE,21
99R3NxwpDuDwsLj1JADxsfHaf1oWuYV4T9gFTtBPaBNB,active_legit_candidate,ACTIVE_LEGITIMATE,21
9AA3Hkq4yiWQ9SfQ54zL92YJyjqFoeuHTjTgcsKKYABT,active_legit_candidate,ACTIVE_LEGITIMATE,30
9AHxiQ2DTuLR3n4mTyxmhE6sj4khs479pAdpmpH1kWN,active_legit_candidate,ACTIVE_LEGITIMATE,23
9C7689E4HEM1DFkRAdYTQKf37bnKdkd7DVQkJ3jGF9Eb,active_legit_candidate,ACTIVE_LEGITIMATE,22
9Cd12FDL4xGb225NkuJNHZMajvrd6uRTJHNHCDjQGFx1,control,DORMANT,55
9DXqGLAmBATL9bT3ANqg8tdnX6VwaiMdgTYUKaqn98hR,active_legit_candidate,ACTIVE_LEGITIMATE,38
9E7RwWybGf2f72u5L44mZ3HeDBU1BfcjSiAgu46H9dBs,active_legit_candidate,ACTIVE_LEGITIMATE,23
9EHZjDikdtuhHJoFnaKrByPefeS4fVfDyn6mRADotwAP,active_legit_candidate,ACTIVE_LEGITIMATE,24
9J8wTJq9NQGMRYntrGeXkPMgL9KDJVe5sDWzKTmgwbgs,control,TEST_RIG,48
9JB9yXxPuoDwn7g83WjDQ27btB2ycNcnDVneWE2Cf1h4,active_legit_candidate,ACTIVE_LEGITIMATE,20
9JScv6dxJcmSoygnEVKWdoZpmg7wbmDj81jGW4n2wgnB,active_legit_candidate,ACTIVE_LEGITIMATE,229
9MkM5Ra48KFcSv9HDQ8sb3C3r5HjouEwGQ6sp1cx1vde,active_legit_candidate,ACTIVE_LEGITIMATE,1098
9QUTbtF4Umek56dY4JF1m2kN6rH6FB8nhiXp4b8MymkM,active_legit_candidate,ACTIVE_LEGITIMATE,218
9T5oJVhM8HNV4vp69GkmyL3ZLp6cxiEYE58i2FMr415S,control,GHOST,3
9TQgDNrNTGQrstKDaBfNGxotd5Ct8cUc5mfvsAaKH3wM,active_legit_candidate,ACTIVE_LEGITIMATE,98
9VaDVp1Wb78G4Wm6VuTiMrpESjrUymXefQTHcJGRSTEA,top_volume|active_legit_candidate,ACTIVE_LEGITIMATE,23932
9VatC1dRE4h2i8sMEaEZmg5VGr49A5AxPn28te6CNkbJ,top_volume,DORMANT,6536
9aCu8kmCaC1jCd4NSzxvoZLAHbbmkBEWRBZSGUGXD3E8,control,DORMANT,11
9bYtbY9vMRo4iDDrvy2ptqAB8xZcBWZ53yFMuxiYJGnW,active_legit_candidate,ACTIVE_LEGITIMATE,124
9ckKVaomuv5KhL9hmv6UVKdGsWGyxpKA8k5926JaJuMW,control,DORMANT,9
9dBbVBAwG9LFd1oVZGViLA7KktLmBfzaXXtSjhsSkREd,control,GHOST,1
9gfk5THWxBmyMD2KHyKbxLWmEiw9E4qBjzTt3hgwCF7K,active_legit_candidate,ACTIVE_LEGITIMATE,67
9giNZ3iVZ4twTYuq6v2rrqJqctwhNEaEBpMbjxKzbNZj,control,GHOST,1
9h74PRtypapoMZkV2aBxvfgfsjseyNeoWrbX6xfN5Ai1,active_legit_candidate,ACTIVE_LEGITIMATE,24
9iJdakb83hypQ7PjB22pA3CBtS9haxCxodBSthhUNj1e,top_volume,DORMANT,616
9iXFCsFhcuMa5gnB8iQUfMYZXM1hwDHxymWu5a1fQ6eA,active_legit_candidate,ACTIVE_LEGITIMATE,42
9nsohBXvo6W92fMSVYL1fQkHA1p3yohHmikGeWaDZym8,active_legit_candidate,ACTIVE_LEGITIMATE,76
9sPRsnFTypcBVtjEvPnjtUfVjJexdpCES38T3rXjXrh7,control,GHOST,1
9tBgPJq4N26vWZZXgYMYrzZ6dvwDT3pjkxrZiwRNs8NJ,control,GHOST,4
9tQy5qwgfbwSXvBcie3Qm8bkZDYMFkgZdrecVau4MsDj,active_legit_candidate,ACTIVE_LEGITIMATE,42
9tzehexh7P6p2xEHHbdYnfNau3Vhh7gnyDudTQfqGZ6d,active_legit_candidate,ACTIVE_LEGITIMATE,23
9uiwHcDNYg8rbPDRaJBfMHVo8f8CAgCCZzz1JB6XyEFN,active_legit_candidate,ACTIVE_LEGITIMATE,83
9uxeKkwmzy7guxRkxktT3zZeap55ALLsvY8WKRZnfUzh,top_volume,DORMANT,113
9yj3zvLS3fDMqi1F8zhkaWfq8TZpZWHe6cz1Sgt7djXf,active_legit_candidate,ACTIVE_LEGITIMATE,64
A1NSUyCgbQKgPkm6wmPQrm55uvHjzMqFftwmxngZgwyc,active_legit_candidate,ACTIVE_LEGITIMATE,34
A1em7riX4dDB4xpKYKmNE1UB442wjU7kVuNsvqEWmDyX,active_legit_candidate,ACTIVE_LEGITIMATE,32
A3AtTotMWNHEyNV7hnKEbj5pz2Vy4N8CtFoy2tn2RFc3,active_legit_candidate,ACTIVE_LEGITIMATE,50
A5mMjgyjxiHTHBbHbN6kiZCpmmaRvnWsGzYw87oZav9X,top_volume|active_legit_candidate,ACTIVE_LEGITIMATE,160
A5z92pfbEEJquC3yqK8Hp4JpkkxUM6yyWzwqkGttHWDn,top_volume,DORMANT,1756
A6aMu5XnquYveug6iMmhFCrGZVB5F3MfvwKawx5HLG1u,top_volume,DORMANT,5995
A71BaDVMC84J6fFb7iFVn5k5N2WeVunCDxGgQnYGDsNk,active_legit_candidate,ACTIVE_LEGITIMATE,23
A7JqxN4satNPM3jniyuPFS1TqvtjJLoSyvwYiBCZoo7d,active_legit_candidate,ACTIVE_LEGITIMATE,27
A89heuHbux4UaKyVrGyQX32EYjd2UXWhQeY2m27gQfHx,control,DORMANT,13
A95K3HVd5rFvXYyhM7Ax5cAEug6Hhgp3qKJQKUMYwBtt,top_volume|active_legit_candidate,ACTIVE_LEGITIMATE,105
ABz8kb4c2mo7Wr58gMhN2hsE6DQ6rs9fbtWMi3fBAdNA,active_legit_candidate,ACTIVE_LEGITIMATE,49
AChbrrqCm8DXJENth87oAeq8E15MgpDui8j7h8FAU23e,control,GHOST,4
AEepFGHrHqGFTLDM9xg6qb59oVhMKWXfSNrPyFT1uQX,active_legit_candidate,ACTIVE_LEGITIMATE,29
AFPZboC4NSen6cRk3A5ZReTEiqCDZrkGsSAFUH8HxNH1,active_legit_candidate,ACTIVE_LEGITIMATE,31
AMRZR3FydGwKNdkkZqrcxyBFK9QUcqw3jMSzS1uibPvC,active_legit_candidate,ACTIVE_LEGITIMATE,30
ANG4MFuEd1VokdgihPigmCjA5sYxX3PCy6CTKmW2njLu,active_legit_candidate,ACTIVE_LEGITIMATE,30
ANhAZ9uuc7wGh1ssKXhSk7xMM7vP4AXHxYZsk1V9PqoU,top_volume|active_legit_candidate,ACTIVE_LEGITIMATE,247
APWzcFjgMci6KQ7eAgYh8L8wsVffZmeKAzHi3eBz7Wm3,control,GHOST,1
AQMNbCeT6zoDeyvLbYygay3GQcFc4KjB1x47kWFgQjU7,control,LOW_ACTIVITY,6
AQqnMFBwGZEoti85aTVRy8XYpKrho7GaMDx9ZB3CEeKA,top_volume|active_legit_candidate,ACTIVE_LEGITIMATE,171777
AU54Gm79JHW1BahiMRptKSPwPQXunYtJvLoRoChPrdto,active_legit_candidate,ACTIVE_LEGITIMATE,45
AUPyM7Ws2b5RKVogeN1wKVZu6iW1pg9FqkW8dkUkk6zm,active_legit_candidate,ACTIVE_LEGITIMATE,24
AWs6LRBZxjYHG1C8R9LZaHdi1TuGK1Q5sCX4dRXqB2ju,active_legit_candidate,ACTIVE_LEGITIMATE,32
AXCzqmxWfD7XQa4rnVqt2hS7woYUxxNqpnaYzJeo5PTn,control,GHOST,1
AXxUJU9PJDvAc6SBzpbGytXMS6N6Qn24DKD9Gih8wjAm,active_legit_candidate,ACTIVE_LEGITIMATE,108
AYm6ao34XBKpvzunsCJx5TbW3WCWBZSmEGjpv3Attr2j,active_legit_candidate,ACTIVE_LEGITIMATE,20
Abbb3zoZNFyoyNAzgpxprta1Qbd8yCVq1m32VC5WKwZm,active_legit_candidate,ACTIVE_LEGITIMATE,22
AbbuSAH5Ur4a47KSVEzy4dP4wvLY8DSvdQDbJuJjiWfW,top_volume,DUPLICATE,7652
Acia4HhMvEVd2CGbpSsGyzVbnNvzdnF17weEMDaVtHrC,control,GHOST,1
AdthY6M61mstHcKbtH1hHgKMd36sPyW1yzNr5JuRw5Fd,control,TEST_RIG,13
Ae4VgJ9dqG6yoPAVh4yJRTKGh25LTUwfefCPCZnwXfSj,control,GHOST,1
AfBVdPfS1BEjxeLwGHGV1tY7gZnDoa9FXq9sUznGvEhr,control,GHOST,1
AgiHEZwTPjCgQNCpyUZ2zqQGcjiG9LbxHyfXuoLXVdH1,control,DORMANT,21
AhAsfezvvhLe3nsAK6k8M5AQfoPSkS2CgHDuGq1caPEs,active_legit_candidate,ACTIVE_LEGITIMATE,31
AhFxePmk7y7yzw9Xaakq4iSCvcMG48XuE5Z2aRQSd3jH,active_legit_candidate,ACTIVE_LEGITIMATE,27
AipXauGfGad6T5mMXgZJDQXmcDFzxAN9Fge6FfAs5R3u,control,TEST_RIG,53
AjkRJ3f8RmWBqy5z1NR4qx362FtxKSx3ESwrqfLjSLzN,active_legit_candidate,ACTIVE_LEGITIMATE,35
Ajs4z3X4EDfEnZLc8xXGm7Jao7hYdY8igxkyiRXjsHne,control,GHOST,1
AmKUoKFK7rJY7LsBbJjjwSJXmyv2a3G5P3DEAMRV24QB,control,TEST_RIG,5
Anru9Lv5oxgAoCYkrPEYA4gueU4FcYEphYpYpwMnvgPj,control,GHOST,1
AoD5PAmAfunEBC3gEVJJN6Ea4SeQJifnLvy6n9suC4nz,top_volume,DORMANT,1703
Apj8B2mKz4uMMoiQpV2DHjqfSMywfhSYktqJWBq7KaT1,active_legit_candidate,ACTIVE_LEGITIMATE,27
ApqTbAfNqJPfvbRQMExTELruactXXUbA1uy6yNrkaJwd,control,GHOST,1
AsDTyzggUbGuAdM5gPefUPZKAJ8kEdHaBADrKWJjsdMS,active_legit_candidate,ACTIVE_LEGITIMATE,20
AsEDd1vqP4AT4jnycoum22Z1cdKGKuwz3aWevUDbkmxE,top_volume,DUPLICATE,1760208
AsdpyTqqCXjaXYsTmsnGyRXXxctriU4wDu3SaBWGdSvh,control,GHOST,1
AtEB9uVo5CYG7EcxfWtJbEgk6JMC212azwdyk5a7Jyq1,active_legit_candidate,ACTIVE_LEGITIMATE,31
AtxKH3mexpycv4L4GTrC1s2cryXdDMpgtsWqcjhqNkP9,control,LOW_ACTIVITY,109
Au8gNbhxTFq5ZWapUmP9NFsyiA4u8qVuLw5V5ye8rLh8,top_volume|active_legit_candidate,ACTIVE_LEGITIMATE,295
Azy24kbWQhXyNoA3W2UittAEradG6ACABsZCX8gFgmUd,control,LOW_ACTIVITY,140
B4G86Aar3tRMc7dzYrXRx2k2iHWD6KpaRK7tbeAYZvYP,top_volume|active_legit_candidate,ACTIVE_LEGITIMATE,170
B7b7THYFNsyz9yzP4sTh3ekJuEA2Qr3wrHVk433Br1FZ,control,GHOST,1
B8ubxUGnvhDTGGRkkN8DkyAfnoLEfnjTPdXfQn3TnVQa,top_volume|active_legit_candidate,ACTIVE_LEGITIMATE,55
B9PmzQrkGj4Luuc8mU7m8cQij9JBtMGGeZ1qw3FRQAm9,active_legit_candidate,ACTIVE_LEGITIMATE,53
BAJS2Ut6URu2cKBiEE446hX4TjDdzUughjdCCdeyVSDP,active_legit_candidate,ACTIVE_LEGITIMATE,22
BCFit2zF2jtLzRN5Q7ShjKjid4TnSTMMWccekWiG15ym,active_legit_candidate,ACTIVE_LEGITIMATE,21
BHPbVWJnRtGZn6tGVfKGyRaffAVQ1zrSxKSDzia6KUB4,control,GHOST,1
BJ8xf116vFESBtgsrj1McR22rbn2xayLbTWaL7ynSqqH,active_legit_candidate,ACTIVE_LEGITIMATE,24
BJGdsDXJFy63eCAnX3UmGfShp8BuqbtkTfcamyRGr7VQ,top_volume|active_legit_candidate,ACTIVE_LEGITIMATE,567663
BKDr1CDHyDq7efKC1wxtdh7CMhx8Mc4s3z8EJmr3m6it,active_legit_candidate,ACTIVE_LEGITIMATE,142
BL8WXr7Zd35CteCxZFEV7yMY3rjSc7cWpSAYok87QmXd,active_legit_candidate,ACTIVE_LEGITIMATE,43
BLfXoXNyUPeVnPpjggK5SUfmPU2JaBHQUNzcv5UhpjVL,control,GHOST,1
BQNCX5vDrQ3ovyTumR1V9oD4mc5Zc4ZoSsKsbWBhtAKR,active_legit_candidate,ACTIVE_LEGITIMATE,29
BRANCHVDL53igBiYuvrEfZazXJm24qKQJhyXBUm7z7V,active_legit_candidate,ACTIVE_LEGITIMATE,26
BRfz8CV5W6WSrfYeuu9kqrFnN1EH5RKGyHiZnZCPqFJi,active_legit_candidate,ACTIVE_LEGITIMATE,63
BRiDGeEqiNGZrvLWCHLBmfwuagC3cUhAEFzYCaJDFCME,top_volume,DUPLICATE,131
BT2zytf7kYSQ3kMyA7WfaXQRFMSLSKUtBRQ6LQci4nDB,active_legit_candidate,ACTIVE_LEGITIMATE,69
BTDrATRP8b8N87nJ5NPSsCKASVV7yo7V7aZRfsydu5nf,top_volume,DORMANT,15957
BU2u4RSBcCkEh78UgQcMcYmwtNM2mPX7ran5qp5sx7gz,active_legit_candidate,ACTIVE_LEGITIMATE,48
BU3qo5VfzunUWUHQBpvRQAeRsG5m5XyyNQVMBekijFYY,control,TEST_RIG,48
BUi3pwqoiNX7V66Feq92aJoHpYQFCTaKepnrHmAhKF1Z,top_volume,DUPLICATE,41192
BVQVtoddyhHXpbp6z2RC4R3ys7Mhgyc5Q4UqptpyuNSs,active_legit_candidate,ACTIVE_LEGITIMATE,35
BW2KtFpmMzyYg3Hg9AfWMSLnm72XkUZHJXQY1CfWmL2C,control,TEST_RIG,6
BZGqXda7ouv7tz2yJ4Sd7ZfV28BSJYbaV5UAbn7p9o7J,active_legit_candidate,ACTIVE_LEGITIMATE,34
Ba6ztvc9qYuVbSEPYw5KViaiM2V7m66MXzfiENeLgX8z,active_legit_candidate,ACTIVE_LEGITIMATE,21
BaaYU3MZuKtkkP8mRnUY57Jus9H4XSXTNhapM53UU19o,active_legit_candidate,ACTIVE_LEGITIMATE,32
BbmAAiiasu2dz5EJYLTN2NJVCYtWgzhGHvwZAqXsYpgH,active_legit_candidate,ACTIVE_LEGITIMATE,40
BcwNaod1fr7xGutj9wezu6Equjpen5scG48DeCpHPHjX,control,DORMANT,59
Bd2xS189uhhnxUeBeVF3JFXrg8zQgrvqZtpqh8hgkCEQ,top_volume|active_legit_candidate,ACTIVE_LEGITIMATE,1866120
BdrwgSepHfMxahN1Lcym79U7H2GNonCyzjynfQ1B7ULf,active_legit_candidate,ACTIVE_LEGITIMATE,23
Bi5mnAz5DsqQujk1mq7nvxW7X667Po242frL5zHVR8mk,control,GHOST,1
BiSAdXDZjgjfi2wy3tivRBgPSKcEcwdeSveRfv8vFNXw,active_legit_candidate,ACTIVE_LEGITIMATE,20
BiTCHsBaJwx37cykC2TaVhFtw9oAmx7mxV5ikijxabog,top_volume,TEST_RIG,836
BifCVpWGuFThppceGiqKwbHfFczJxLL1r24wMJGD7ftx,active_legit_candidate,ACTIVE_LEGITIMATE,32
BkhQBGb29C2WPtmgbW8UNGX1PKxho7ZjNBDEQXq8YMT,active_legit_candidate,ACTIVE_LEGITIMATE,27
Bn7sLNmcL9ru5kt9gNwVn8e8Sx912dBTxiUBNiwjbiY8,top_volume|active_legit_candidate,ACTIVE_LEGITIMATE,56294
BnCLKkYrdjr2Ar14e7kySKSAKQzcKnrkh3fAQZb83kHS,control,GHOST,1
Btq5GNBKrs2UeuK83ZsAHmyr5LTKBaz2xQW4xV91pouR,active_legit_candidate,ACTIVE_LEGITIMATE,25
BvJMFHh4jRgBJnuK4nSpbirELNMkXUxceYrxc7iq4Upq,top_volume,DORMANT,6144
BxyDwwctYxpmHx9BCAAMcNe2pxqYv34uzzSUdxwsBDeE,active_legit_candidate,ACTIVE_LEGITIMATE,27
C2HagFEp1CQuoqL278PLqSi4tfVLmcUDkSfo2Z3LYVik,control,TEST_RIG,13
C3yGt4drcUdQgQZjUQ8VLpqf8QKJ2ikp4TSrZsr2Aiea,control,DORMANT,66
C5GPhJBDJJGdjkiNHSX5vaRr2u1JYJq2pAS4bFWnyVLe,control,TEST_RIG,14
C7tjU58kcHDcP74SxCf5ZeFQPLYfPQVYYMTVoX3HDuZ,control,TEST_RIG,8
C8vrXDSvN4jSGRjMmNYGU16xSnFz2UJC7r6W2AvoFMgU,control,DORMANT,18
C9ctu7H3R4p1f57Ve3pQ1FuKvJxS6YnBAgae91Q3Lwjw,control,TEST_RIG,6
CBWhzdi91kSaoEpHGMVB1nnXj38RjAffKHq4qmdqCjHg,active_legit_candidate,ACTIVE_LEGITIMATE,39
CBaoRBFZ6K7ebVypi6um99Wh7gpbZKiCTBp1f165uagk,active_legit_candidate,ACTIVE_LEGITIMATE,29
CCsWTGKcKkEc1zf748kox6ZKz16Qy7Uh6eWBUhf9h2nA,active_legit_candidate,ACTIVE_LEGITIMATE,37
CDM3ET4RikbqYyh3TFBPS879iZ4vuQcxwTQi62ArFXA5,top_volume,DORMANT,6628
CE4yHtGVXi7zB4tgZKb5sPZoq2DpuQNkJvQuPEG1VPvq,active_legit_candidate,ACTIVE_LEGITIMATE,72
CFN4thgv1EL7p21vk28DirDbntLd3HQfkiJg7fQTBE2Y,active_legit_candidate,ACTIVE_LEGITIMATE,30
CK7mBAmUEfhmpkx9L4t2aM3XKboyvz8djn6vK1Jg4YpQ,control,GHOST,1
CL1ViDXTanmyDKemMc2eg3VxJdMDq4Js9EGrsDM4bnG,active_legit_candidate,ACTIVE_LEGITIMATE,21
CNyDcck4gfZvwUtAANQgTc4VAmXagtCYrS4gZCZvqzqp,top_volume|active_legit_candidate,ACTIVE_LEGITIMATE,23
CPncugoY5UoGs5ZJph5if6834xrZDaqhoTg8DY9mdiSJ,control,GHOST,1
CR4nBckSXobidvv5rBzDuYfw5siYgo6Lm6Dum7Qxzcyw,control,GHOST,1
CTKigV78yuErumvqm7Qor8j1hMK2oxNxdhwpVrAKV85d,active_legit_candidate,ACTIVE_LEGITIMATE,190
CVjmy681RTZBjv5cRusatQ5Sv1trydFqN8ryhwMTfy45,control,GHOST,1
CbYGoLb8Dns4tLQbym23vdkqKhSpMbX13aesTvQECJiU,active_legit_candidate,ACTIVE_LEGITIMATE,28
Cby38Wk4jwR44114M2n8wD1c6S5g9UTUxTqXEnST9TPF,control,LOW_ACTIVITY,26
CeqRBSAX3Lnc3WvxZHRzxQZoEaXbGfN6ntiwUjtrW1G5,active_legit_candidate,ACTIVE_LEGITIMATE,54
Cf3ACNsGtbeyKGJi56umodNTz53e9d1D61YBamXY63Lp,top_volume,DORMANT,1694
CgwwEZevDsxiC9WaZ2a2wt74RVs6Unn34SamFzQ14ht8,control,GHOST,1
CievjNv5Mq46WTA1XqkofWfxKGT83goDvzX6pHHsH8Nx,active_legit_candidate,ACTIVE_LEGITIMATE,25
CjpcpfhXQgyRnc7VYRrAqGPzgk1hr7LPYLbfo7cBzGmt,active_legit_candidate,ACTIVE_LEGITIMATE,44
CkRBzHRPC9LQi27GDevtxNQihvKZNRo6yPDjDr7E1v9E,top_volume,DORMANT,75
CmVyHhbENDURbxWXK1pGMMT4dgAw41ZUXSkPcyJmhvdo,active_legit_candidate,ACTIVE_LEGITIMATE,79
CoUtLccRBP6ufteWEEMnnrriSwSWEp5P7hyfZ6xk6QSE,control,GHOST,1
CodoX9otomzi7g7N9GfNYir6btuqU1urVuKAUcJeCYxw,active_legit_candidate,ACTIVE_LEGITIMATE,81
CoinLRB1zkY7L6mLeE23wu26VGVjfHUGWks1F9JbR6Cm,active_legit_candidate,ACTIVE_LEGITIMATE,23
CpEvbafy4ceUKzFNCAv2XZFDQm8XgM7EQpaqL1fLENSJ,active_legit_candidate,ACTIVE_LEGITIMATE,45
CrQ7FpCYtgbyr1966uP122RwSVdbLdGcQDpzZsx6w9ZW,active_legit_candidate,ACTIVE_LEGITIMATE,75
CsJabAnxrXZSWw1Ua8eNnKhvozAv9Akc46urvgoVnMes,control,GHOST,1
Ct2EFb7eHzKshcBfCZwhWTpQhds8RMyw1mVSMcGSuoDW,top_volume,DORMANT,1736
CtUy1ouF2wxPdjiDyECut3Abw2NsDyQv58UJLxX5TTg,control,DORMANT,79
Cv3TtmA16ZFczgmSguF9G1Y7AhDQ38AHn2osPsUrfrPa,control,GHOST,1
Cwe3oNqpg3qJxxM6p1yuXC5CZpNAANU3fnVj9cyKV1wc,control,DORMANT,13
CxyP8h6heJoPpZPtkmYJJTuFJwU29TCex1FVGSAUdjSX,active_legit_candidate,ACTIVE_LEGITIMATE,35
CyTwaxozVVWG36Cq1inGZNh36C1XqFySBkigbHuFqRkD,active_legit_candidate,ACTIVE_LEGITIMATE,23
CybUqxXJNzPWASzUDWf5zMrLB8uzPhQmfkLfHiXaQTM,active_legit_candidate,ACTIVE_LEGITIMATE,22
CyuJcXxmPUht2ZPjo2ceNZ12i7zQ1ncDLfsQaJMAvmXQ,control,DORMANT,29
CzX413mizYAGhL9gU5b4pQTaq2mDC4d4VsDN5ncD3FF8,top_volume|active_legit_candidate,ACTIVE_LEGITIMATE,56
D3U21jSaiLoGkT7LQo6hFQfKeHgnS12rUpxagBSnTpaq,control,DORMANT,3804
D42wy6eSXRzxRGrbzxvBqqDpLoNzij5fjaWyp14eNwGP,control,TEST_RIG,14
D7hAZYXL4G6UV8cGntH9h7BdzJzeu5fSSNZ4YWy96cBk,active_legit_candidate,ACTIVE_LEGITIMATE,32
D8Q8gx7vj5aCsrYduTxmTFzPJcKF1KkevDKgM6PQsydi,control,GHOST,1
D9BNd1RjtsZNETEx4xEfiXmytgaqGxpYBSN14qJg7Mhn,active_legit_candidate,ACTIVE_LEGITIMATE,28
DBSAPYgasoEDP8wWZ9mUvs7hzc1PTdqK1sYFXPw83f2v,active_legit_candidate,ACTIVE_LEGITIMATE,39
DEXVS3su4dZQWTvvPnLDJLRK1CeeKG6K3QqdzthgAkNV,top_volume,DORMANT,10255
DEsXWWqHCstWhQtU8Pi4jo4DiVmSnQp272ns49WCoGao,control,TEST_RIG,49
DF2yoyP6BwrZGGqmeNamaDjsNTwfWeu8kCbn1GG5k588,active_legit_candidate,ACTIVE_LEGITIMATE,89
DGVBA11HiWGDhrZ3wEo8u9HkarFNvBLQJHJCKGYcWgfo,active_legit_candidate,ACTIVE_LEGITIMATE,24
DLfde9H53QMceLVd7PsBjeqcvPdDKDYpf8iLEBBEVUoi,active_legit_candidate,ACTIVE_LEGITIMATE,43
DLviRzHFNxm1HGK6uHnM5caXBiDmjNHrPLPchrHtATXf,active_legit_candidate,ACTIVE_LEGITIMATE,26
DMoQXD2X9rP64qpjuCEpNNZWuW4FnG2cRDBktM7HLGJV,top_volume,DORMANT,3896
DN3D8NxqLLLU7DYMDgMQkYWtNbtXzeZf5tjb2kxV7y1x,control,GHOST,1
DNcCr2ip815tv1cXguCu8AjnSamC7Pp9evSU9vJPxdru,control,LOW_ACTIVITY,8
DNt4yh7H1XJbHGWQ1YUDFW5nxPsCAaoWGzjkevnFHicN,control,GHOST,4
DQ4hBpt8J69uWy8boEamfMY51N5o3ATQ4aYU4XRKyRyE,active_legit_candidate,ACTIVE_LEGITIMATE,35
DUaWpYogvi7gYBj3gyhWTMxJ8w2WUGoyaFNAh6behUt3,control,LOW_ACTIVITY,13
DVLW5fhCq329tL9nkFkr314q6gs7LDVXybTWzf4hZW8U,active_legit_candidate,ACTIVE_LEGITIMATE,25
DVvA9SkGSxEFPbjkDvabkx6oYak3mJusk23TUd93vUV7,active_legit_candidate,ACTIVE_LEGITIMATE,49
DevFFyNWxZPtYLpEjzUnN1PFc9Po6PH7eZCi9f3tTkTw,top_volume,DORMANT,51831640
Dex6BTAPAzLENDZymtTYfYjwRRAWRXTcV58Jyo3T5ipp,top_volume,DORMANT,15
DfpGcnzJVCyKju9bgkpur1RREHDP61Y7rec7MccUsWZN,active_legit_candidate|control,ACTIVE_LEGITIMATE,30
DgXVfsrv6JcQtsaD9qsskh5Jru9QoeWcbtBZ86SGea1g,active_legit_candidate,ACTIVE_LEGITIMATE,102
Dk9stdCPqSa8DdcHY298JCjFFa2ia8ksPN4sguZDL9Y6,top_volume,DORMANT,6630
DoBDmkvFVRQiBnWf7JiszLWrAY1aaFcA3hytZQ6CGJeD,active_legit_candidate,ACTIVE_LEGITIMATE,31
DorBLJs5sgFnofscZED6Ex7SLJGRyN2hysrAyGhzFrNn,control,GHOST,1
DpLeDGF5fDSJ31XAKuFihdAywp7qpSqv8W7nRkwHS26d,active_legit_candidate,ACTIVE_LEGITIMATE,35
DpZG8KWn6EX6JHEc1aW7yNmH35REquuCE2t4918Su69,control,GHOST,2
DsHZsfvGuv7TzSfLgrgbEFva2d7hDwZdb8qC7fRUzEZu,active_legit_candidate,ACTIVE_LEGITIMATE,22
DsKmdkYx49Xc1WhqMUAztwhdYPTqieyC98VmnnJdgpXX,active_legit_candidate,ACTIVE_LEGITIMATE,1453
DwWWbFDefsCFyw5AqiPFgFmhrwPXcsMtbaYeCDXihDf9,control,DORMANT,263
DxFL1E5o8tjWNZibquvJV3N3wTJSLS2KuZJEYXAcNfDr,active_legit_candidate,ACTIVE_LEGITIMATE,29
E38enEgVQbA1qh6Srjmi6JMVxCFcycdN6nte1FivKrQJ,top_volume,DORMANT,6100
E5Vc54jSuJFhszax7q5YiFsoxEPTKkXpHTDL7FitKBo,active_legit_candidate,ACTIVE_LEGITIMATE,28
E7GJpp8pV5YA9pLCKH5VdAxki8SwnGt5doPTLcSdTudg,control,LOW_ACTIVITY,7
E7bpeBX4xEC7FVKPmE2pFpcg9vATz7ZLxahWFxNmtJSg,active_legit_candidate,ACTIVE_LEGITIMATE,25
E7qag2d8oeZHC8G5Ebqzh53dkAMDLPezKNkRNkXy5KwX,control,GHOST,1
E96sWp4hVEyiVrAUeJ3M8Q9ovJRvqidgekirFCiCANjy,active_legit_candidate,ACTIVE_LEGITIMATE,30
E9jYtEwfrerSYDXxmz3o7QcKqWDjBrbxckHwYjp8d7hd,control,GHOST,1
EBdv4bw2uVMoaX42bPaMrtuATbNKwtvZTrHi6hhYbxP2,active_legit_candidate,ACTIVE_LEGITIMATE,67
ECxXMg9wLsJLfcUxojmKJgDkbEh92A3BZ2qhXvpFFEAH,active_legit_candidate,ACTIVE_LEGITIMATE,84
EEhxP1P2YytPdushdmMzAGy7Ni86WrRaJpB6p7vfTEkq,active_legit_candidate,ACTIVE_LEGITIMATE,21
EGjPtMkhVNXSEuRxdujnEzoccBm8iatzyX1nnfhY7GZR,control,TEST_RIG,6
EKyu7XweLnirdQx26rCtkfJK4BLEo2waLEtNphpuiouS,control,TEST_RIG,6
EL2QEtuyMUKRn8juu7AwFngczDSAzBcVRpKoxzLiGwqa,active_legit_candidate,ACTIVE_LEGITIMATE,133
EM93oHgmjwSEJWdjLjaWX19aB1NP3HxUWmjAez2bk23a,active_legit_candidate,ACTIVE_LEGITIMATE,101
EMfQ1tj8eEmcfRSEeNfrGuDinu24vcrVdPPwS5g4m6t6,active_legit_candidate,ACTIVE_LEGITIMATE,155
EPSGtUbne3WoM5FGthyhVAfbehG7pDhX8csAo66pkQd2,active_legit_candidate,ACTIVE_LEGITIMATE,30
EQL4joHQ8PUkvaAZAdDzAwpe773aQ1cTk129B2Ykr5Ab,active_legit_candidate,ACTIVE_LEGITIMATE,31
EQqig7iU6Rrp7kSk4Nqdb7jZCHPUCMsArtuJAVvofifw,control,GHOST,1
ETwrnYfn3CnjB24r9HPRUDJ9RUtp3HNWjYpeSGGa4Sq6,control,LOW_ACTIVITY,43
EUCzXap68ZCjmaHRw1Lhdk3GKU3YkGBZ8yiV1yHvGSM,top_volume,DORMANT,924
EUM6NkFbfpCXiYsXsWCz11aoASvnj8XSB1u1krXYJ6xE,top_volume,DORMANT,6068
EVCDNe2gEv1DHrMMXA2K9eHkhK2DXrRwdCRYJtS56jeX,control,LOW_ACTIVITY,90
EWeVQDpafziat5Vx523JdzaFF934WqmZJTgf82ea9Ppa,control,GHOST,4
EZXrXVFaP8uQEf4k8eLKJ65fNCwrgthkjYqEikjiUN5G,top_volume,DORMANT,11898
EahJwgsuupvoFr2Wzh667EzyDjcEJYGrqiPGRZBkATid,active_legit_candidate,ACTIVE_LEGITIMATE,29
EapUc4TXzWFCqcx15CN54W2KKXq76D1K8pq1oucTW6bd,control,GHOST,1
EcQuba9RhiRDp66tT3Gt8fNfT8hqa7i3xDHkQmsBQX6G,control,TEST_RIG,999
Ed4mqCaZH7dr3EFE1vuQ8gDBTLPNA6GwktE57fCgsGZ6,active_legit_candidate,ACTIVE_LEGITIMATE,35
Ehc6x1Rjq8VRicQSeut3WCEbNft2myxEzrTa8hRsiQjd,active_legit_candidate,ACTIVE_LEGITIMATE,32
EjiX8ucAg3uR8S3WP7rdS9wizbdaknpbCRQdKTo1gT21,active_legit_candidate,ACTIVE_LEGITIMATE,47
Ek9Cre3yY6Xxpw6WKxqQzhemdR1AkhU7mKDwB4j6RT5s,active_legit_candidate,ACTIVE_LEGITIMATE,24
EnjogokdsxF7aK4bQ1KdJwzKbWePSpwKSHDgPy16GBuT,top_volume,DORMANT,14252
Ep9iPTyUZd7Z394JgNbkVye1S39nDYS5jCLMVtk29fTV,active_legit_candidate,ACTIVE_LEGITIMATE,67
ErrSSmubHja3wz2ebQvnszbzkSxWHFu8F2LBzT8UUbPB,top_volume,DORMANT,1700
EsxyZy4WEcMPQpvkB25u2sXVc1PL5wA64iwdp3KzggR2,control,DORMANT,92
EtpBaimafX3mKeAwT2enEQpGCPHVA9udCdSnCPeVbYG3,control,LOW_ACTIVITY,233
EvYYTJuTtENmV5GpHx8nxj7Qr23faSWHKgPaotRARcRY,active_legit_candidate,ACTIVE_LEGITIMATE,55
EvriWSKyBn8n37SBZaxZzbhKqZDSMQ4JAYbBshTtVZxf,top_volume,DORMANT,292
EwdgjE1N6UVHhaoahqartCmm8aRmVeEGoYkaTVgg9hWn,active_legit_candidate|control,ACTIVE_LEGITIMATE,93
ExTQA5j4xg2YT6r5qEsNSLjEsRquQPFMXrdo5XRYyyxA,control,DORMANT,79
EyjA1Pk9XSeUzmew7FspuXkDr4x2ovSFpeUZskzzq95M,control,TEST_RIG,55
F13PKkxjSGH5zWbz6NSUsfgomH5AzfV6tGH5z5Bx2cWD,control,TEST_RIG,10
F36urbcp5KGaZR6ttkGrP57d68xv9EyU47LvzwLebvnY,control,GHOST,1
F4W7kNPSdHQBJ3pmmUVToXynK3E1woqTG6T3HRhqrTZJ,top_volume,DORMANT,972
F4ekyPpWfqao4YmpNfbfqZEcYB4N5gfS6L3rBNNNN9H6,top_volume,DORMANT,59
F6Bi7D9c9U2HjbUx5coii937uvchJESgWZZ6W88aZ93u,control,GHOST,1
F77Qhc5xbna1dg3xDBsQF4jUAWqf3Z9tA8kvzURDyBK5,control,LOW_ACTIVITY,104
FAHreJjxJnDnoxr6xzLfZx2TzatpB9RKZ8ZCQubAVBXG,active_legit_candidate,ACTIVE_LEGITIMATE,24
FG7Kf2yuR8uBBUkBM5refiUxndg8WPCS1yUFqrSx5jB,control,GHOST,2
FGK2U147PuBYfBko5xK3jx3oQnNS5FwU3jSo9W3hEWDx,control,GHOST,3
FGctFALCSmFaEsEnNrRtjasEv3gbKCoZ1dKXnMPP52zZ,control,GHOST,1
FJXDgEu9HwTmyez5CPfhYkcDbqgJo8FHLniFHzeG99WN,top_volume,TEST_RIG,30
FN1kJbEGghi5nQDmoqfNmd5sCmTJqhw4uHNydiWSsTK2,control,GHOST,1
FPfGD3kA8ZXWWMTZHLcFDMhVzyWhqstbgTpg1KoR7Vk4,active_legit_candidate,ACTIVE_LEGITIMATE,123
FPx1U1QfQrkEeSSFz7m5ZLKR3UTarvNcC8Nnt1KDwT84,active_legit_candidate,ACTIVE_LEGITIMATE,31
FR61Qpf4QyBrvM4UkDbnSAD6WFTksZBKgSo3NE8eXYnD,control,LOW_ACTIVITY,14
FRKKiQeRomgYj5k4ujqY6jNnvWCbpkQEzSn4ss2jeqLh,control,DORMANT,6
FS51V5R7iDVdttYs3Pu3dhkHB85Fmt3cDznMMngczxRd,control,GHOST,1
FTFwhWCsmR5gTRaf5C5qhHfgSQcbCd4YiM563SPHA8z,active_legit_candidate,ACTIVE_LEGITIMATE,23
FTNMkNMmPcjZmdF5kkEseZ8Dn7YATULJiWiajfEQQsiP,top_volume|active_legit_candidate,ACTIVE_LEGITIMATE,205139
FUCK3n47gydH1hrBCoZbfzUZgfgpFTW8QSqFoCneN2ga,top_volume,TEST_RIG,819
FUCp6YJYokW4d9yk6beUGmLQCddoxNmm1BJRz6eGGCK7,control,TEST_RIG,6
FUECqiCN4Fx2D8FXp1e7dUxCmgrBuWomHmHP8cdPdDex,control,GHOST,1
FUFETMgbJbEA4Y3JucpganuxGzZJH7QPB9UqiGiNJb9S,active_legit_candidate,ACTIVE_LEGITIMATE,26
FWwZByRF5NUscGRrLivPRzgqawNRpM8HnzskAnBfomc2,active_legit_candidate,ACTIVE_LEGITIMATE,21
FX7GEm5ECAvEqmws1728eZrFCFNoSKiL2yxcKokKSw3B,control,LOW_ACTIVITY,5
FZPDbPDV4xPtbPnGL5Jf6rciqVNDTv6e3TRECQA2uaM6,active_legit_candidate,ACTIVE_LEGITIMATE,73
Fa8eE4XdTkCnCH32mGRX5jCzyVz1VqeSH5rr7Kke6sXm,active_legit_candidate,ACTIVE_LEGITIMATE,21
FahokwbpuAjXdoE1QXYMpSbuRAFipcYiyQnGNx1HXydG,active_legit_candidate,ACTIVE_LEGITIMATE,25
FeyxwLvT24nAbDAzbnrrn7cUWHSNmB2kUFHPHjboHCZr,control,GHOST,2
FfHCBD6F4sDBX5xHvHSAqma95rADj7Qx85DQa83UEkcw,active_legit_candidate,ACTIVE_LEGITIMATE,38
FgCv72s4NpQ7cCFTfRngw4Wvf6eWnMu6x38mdaKLuuwf,control,GHOST,2
FgqodKmgnweTKMYsdw8239pE8u35XrMP9iXzFjg6jERN,top_volume,TEST_RIG,352
Fgy2FinKgaXh3GJn2AfihMK1V1XKcUCrpH4JsXcHwd8i,top_volume|active_legit_candidate,ACTIVE_LEGITIMATE,62
FhhH2Bo7PjmtH5Qd855rEUCVnTnwTH9kLiq3iC393NXz,control,DORMANT,21
Fm9WAq4gmZiGeZoT9NKHJxGC2qGvsPQhQkuXqqqZoHi,control,TEST_RIG,8
FmThxmh13Tc2Crq82dz2oqXXBsvvArrDxSi3pMX4tkYe,control,TEST_RIG,32
Fna3NVk7itvJeaAz9PvaSJur7q4KDi9Ju2rZ9y6xibrk,control,GHOST,1
Fo26GcTnqY7vWA4gNvzVp5AfzHeeX1fYkEtfmyj4Uk67,top_volume|active_legit_candidate,ACTIVE_LEGITIMATE,1168
Fo2EYEYbnJTNnBnbAgnjnG1c2fixpFn1vSUUHSeoHhRP,active_legit_candidate,ACTIVE_LEGITIMATE,25356
Fq6TyYrpp6haBkEJCnBPVW9PaexNrSVLZgvZ8eBBZ9P4,control,LOW_ACTIVITY,203
Fr5AX2TLgaiqYBcaHnPq8KgG5bnY9VbaSxbTdW9mQpvY,control,DORMANT,97
FszTUS7YchF7Gs4ekX8vviwMQt1ZSFSibAHumU3iDsLW,active_legit_candidate,ACTIVE_LEGITIMATE,128
FtifGJ4nqa6Y8ZEiFM1PFX98aE41rqmhNedLGzHMwo8d,active_legit_candidate,ACTIVE_LEGITIMATE,29
Fu6EfM1jKxFMD6fC6PqUDBnntTYNtKvBZuWCFj9UUu6f,control,GHOST,1
FwKTkafGDp76Wejp7pVRA5VkJWF6UexccJnrJFd5AoL7,active_legit_candidate,ACTIVE_LEGITIMATE,34
Fwu1vjyyzqGirKUrt7u5gB4yXbGaN8vHJBrMQhe8sw6c,active_legit_candidate,ACTIVE_LEGITIMATE,31
FxoR88Swh2zRdquTMESNnQxTpLXPtsdeDmG8tV2sT5vP,active_legit_candidate,ACTIVE_LEGITIMATE,22
G1eFjbbcZ21UMQ6Xj7x8R8CZ4ymZrF3yGHv79J9PkB3y,top_volume,DORMANT,7514
G23oW1MpitwpCfcNRNWQDt1voEtisWwvwA1NV4oYqwKT,active_legit_candidate,ACTIVE_LEGITIMATE,22
G25TLWh2TjPvXH8FCKmay9JiQct6x5drdQjdk2d12DdH,control,DORMANT,77
G31J8ZeVKo6j6xkxkjCcHENhQGNQid575MRvyixxNUJQ,top_volume,LOW_ACTIVITY,2694
G3LtArxwFsigEeRnVsj5VshXTNdn9zDnaYjJ4jZYZjDi,active_legit_candidate,ACTIVE_LEGITIMATE,21
G4SERJUsAhT7aWoLQFZrg3XkUYkR8wSmC5AN5cA4CmE3,active_legit_candidate,ACTIVE_LEGITIMATE,23
G9fKV9LZWNMJqk9fTxqKrj1E3yDjvv1GtrBXrGcpmRWw,control,GHOST,2
GAS6YuJvYEybbysn4vzjRhgfVAzDNBKhf7aVe8SxE37f,top_volume,TEST_RIG,129
GBu8bjDAtLnzpk4aoYYyzJWsTu61VSmZeFeKupwDUaPm,control,DORMANT,70
GBzhiqoYXuNYQBoKRXNVCakmAdRDjvHYsQSQfSVwToha,top_volume,DORMANT,1752
GDF2NfzH7hiEon4o17yEQ851Puowx8osSASFkvck1bpF,active_legit_candidate,ACTIVE_LEGITIMATE,21
GE4yJvHxWH7WSkBDgxxktgseyJ6iq61qvttwxJfJHoNA,control,GHOST,1
GFDyPSfFSaZuVSs5Qahtmg3DH5H1GA8rk9XFfLdtbeb2,active_legit_candidate,ACTIVE_LEGITIMATE,20
GFT51B9vCBE9xbJKswztcbgZxqEQNgZNCRZB8JQnGCn4,active_legit_candidate,ACTIVE_LEGITIMATE,81
GFpLvocNdEjnSsLH3VJQL6wGcjGxTbUBrj6fqN3Qe1Gs,active_legit_candidate,ACTIVE_LEGITIMATE,138
GGGSvku3Rf8zVHVpFxgdu1Ei7Nah95PypYCWDUzxTc7h,active_legit_candidate,ACTIVE_LEGITIMATE,84
GGP8QaqipyN34tZKqW6PRaXTYB3bKVdRaJN8WaphS3wn,control,DORMANT,90
GGmGgqvGpB9ZZxgvu8ni72ZaQvxTY9aeN6F857oPZijp,control,GHOST,1
GH83pGa5j1Pnw2DWuit9RGjx7HQTU2Eros1NNQvuCm7s,active_legit_candidate,ACTIVE_LEGITIMATE,28
GM8fxw3NtYXJyfffK4emfZJqT3Sr1LbQ48vjyv9TwBBo,active_legit_candidate,ACTIVE_LEGITIMATE,23
GNJCUR4WbcRHCmqHqDhoW9TWoKbxeb5ZroXWkhtS4gmC,active_legit_candidate,ACTIVE_LEGITIMATE,95
GNdR9nDYphVi3o3t7twBU1HRhgeJkduUYP1pmCKcRoUZ,active_legit_candidate,ACTIVE_LEGITIMATE,40
GRjXVHnhK3TJkf5RVBhTYmrMpxKrTVF95rftafe2bCTE,active_legit_candidate,ACTIVE_LEGITIMATE,188
GT5VdrbQa7n1prFXqbG7C84v3E3TXe3UnE2yGgpWNSJe,active_legit_candidate,ACTIVE_LEGITIMATE,55
GUbk3WXm5qjunSkuFhmdfPLHtAqdZjQD1VaiNK8shWR4,active_legit_candidate,ACTIVE_LEGITIMATE,27
GX7ixWQ3RAXH3f53Ji8GSeDgaAF6ATRbWcCc65SijfV,active_legit_candidate,ACTIVE_LEGITIMATE,37
GXNL7ByQmEkHeCWxniaBMSbjx6kNy46ojvi7acwMmDPD,active_legit_candidate,ACTIVE_LEGITIMATE,27
GaXHD52SDYGeTXuFTUCwQem9ULFgzedLxxZYvCLojyM5,active_legit_candidate,ACTIVE_LEGITIMATE,43
GbBnB6BWKvc3jAuouMUzSU2z3N8TwFdHGXkrweSQzmyt,control,TEST_RIG,11
GcCSKHCVPDAQ4ZSyrq3WzehBL96WabYLPJGqWKHgHAKy,active_legit_candidate,ACTIVE_LEGITIMATE,40
Gd59fU3ycEQjCi9rKBh3jGU86vVENE5z55BBEfh43TGx,active_legit_candidate,ACTIVE_LEGITIMATE,21
Ge3jkza5KRfXvaq3GELNLh6V1pjjdEKNpEdGXJgjjKUR,control,TEST_RIG,54
GeF9todDhzouUoZY7VVeEuNdbaxjcviz5y6mpeYkRvck,control,TEST_RIG,8
GeTdQAc8Lo4QTWpja5LDeDUsZeApoE2fkAD7SfFLBsck,control,GHOST,2
GedsrmCHThhYpCVmxBuCVariiXXeVN8iJPtbuXDouJ3K,active_legit_candidate,ACTIVE_LEGITIMATE,748
Gfxb5CNH1DWMsg2tAWwGN3CN2eAuwA9cdetT8M875bYg,top_volume,DORMANT,6687
GgS891nMiEETjBEFw1QQxVcAqsRV34mDYpxh24TrpCiD,active_legit_candidate,ACTIVE_LEGITIMATE,722
GhD99hnyA8h7AP5Yf7fDsLZnBY5ufCayZProY4ci9nYq,control,DORMANT,688
GkvbMxf6QUFdeCiras52hKGDZ6Q6433ZqHzaEStXEfka,active_legit_candidate,ACTIVE_LEGITIMATE,24
GmKhfrJnvPm3Xn88SSYcuUaM4T9q7g8DrpFFB4mdKrRZ,active_legit_candidate,ACTIVE_LEGITIMATE,44
GoMUdxa3tyKhUuJKEwqF1bvPVUK8qv4VsCisJfRfYfLF,active_legit_candidate,ACTIVE_LEGITIMATE,194
Gq3XM2PrSUoWPsnGiNnwzDE67V3bAhEcxrYeRtxc3j4z,active_legit_candidate,ACTIVE_LEGITIMATE,31
GrXRUY8iWxDwuYjGRTsoAZH3c4yFrqpsEF1rwQh7mtHu,active_legit_candidate,ACTIVE_LEGITIMATE,29
GsyH54y9J3wrUH4XNzgvg9rPDBQn9UvUYLw428AoAUTs,active_legit_candidate,ACTIVE_LEGITIMATE,123
GvQSvX7jCSp6e2bWc9BaxfgSUEDXt9gVf8K218gVhzTh,active_legit_candidate,ACTIVE_LEGITIMATE,87
Gvcy5fAEcTzSeAh3oufjMGuPc6469YPFLFQg64sh5joU,active_legit_candidate,ACTIVE_LEGITIMATE,21
Gzehfseq1k9AcHFSoV7qHmDGQx92nLMw78XXdqVWQQWa,active_legit_candidate,ACTIVE_LEGITIMATE,593
Gzq38wF1ALiPsrQFAqgi4DNaP8hvaMNKf7z5d3H9gNyG,active_legit_candidate,ACTIVE_LEGITIMATE,20
H1HZRVsr8wpkfxY4Lkfad9fR8gthPy7coZqs2EzYyJb9,control,LOW_ACTIVITY,10
H2NyQT3s9b2szhByB6WjESEZib6znWocfA8CuaBEjGmH,control,GHOST,4
H32YnqbzL62YkHMSCzfKcLry9yuipwwx1EMztiCSPhjb,active_legit_candidate,ACTIVE_LEGITIMATE,245
H3WJnKnxrmBawq3pa69WzcJzzxUcaE3r6WxzyaNkfSfo,active_legit_candidate,ACTIVE_LEGITIMATE,53
H3goAfJf1pUx2NSHLNSsdkABtQGWzYAgptE51Y7B6Snq,top_volume,DORMANT,1014042
H5FQ2sFZJZEC4n4Usu4JeMT6kYPN9rQkvHFwVb5MXSyB,control,GHOST,1
H5futSyKwsjNWKJWQL6GrcWA6ZsZ1h7Fns3rdFwsSMkN,control,DORMANT,369
H64uiGyZRiGJMYSNw86fVzhyuWHM9ZY7GXXNPFtboswW,active_legit_candidate,ACTIVE_LEGITIMATE,123
H96eptrpTsHfCGpvAza7af7xesvChuyLVyk6wB43qECg,control,GHOST,2
HAT3c1a9cVbqaPHDN5gu3Hovhc3uGHghKorZSG8W3cKE,control,DORMANT,71
HCz7d6AKz3HV8AqtVskefv1zavgtsD8bTPtwh2TDc9FK,control,LOW_ACTIVITY,29
HFSoQHpkhJ79fAaP5EYcQMRs9QTD933jfKUD7kmKMyhA,top_volume|active_legit_candidate,ACTIVE_LEGITIMATE,50
HGPWvwfym1g5Gzs6odtVk9XKrqV1uXob51npHhVhJzT2,active_legit_candidate,ACTIVE_LEGITIMATE,66
HGrR97xnPSGSKY23w577cynh7UKsW5PGunM3UtYycQQ5,active_legit_candidate,ACTIVE_LEGITIMATE,27
HLpC6tscqZqQZgEKYCxtw83oQ4wfvWJ4FjMrcdA8HyYs,top_volume,LOW_ACTIVITY,17
HNGysUjZU2S4ZaJGaJhk7vvb4wU91nYEC99MXrKkcB5k,active_legit_candidate,ACTIVE_LEGITIMATE,47
HP1haZDNuSHJupCa7cRyPBSkoGQ6ydSoSwgWNe9nXyS3,active_legit_candidate,ACTIVE_LEGITIMATE,26
HPGEKwop6uD111iGzBg34a4q5SMNwQWztvf5p3X6kyut,control,GHOST,1
HPPuic3YjSDZvxNvyskBs33EyMxQnJHd16gJEJnuQwS5,top_volume,DORMANT,7211
HQHYZKBwkrQLw4hRyrVm1Lo4pyY5WSWPyYZSWURmRGDr,active_legit_candidate,ACTIVE_LEGITIMATE,63
HQHvuBdQHMS4G8tgctowdrWn9UqqN1vsgkjG2Mpg6Su1,active_legit_candidate,ACTIVE_LEGITIMATE,100
HRP8j4xGNVWJZTWataf9kM84yh1d7wFkiq7kox4zYqin,control,GHOST,1
HSfr6D4cHfM6nw2hKA5ZkdFAymbR8z69e4h6MZkwTHjd,active_legit_candidate,ACTIVE_LEGITIMATE,33
HSsZUNtwF9i42JAXT4z36ZnSrJ8c3kDKJxTcUbhT5HcU,control,GHOST,1
HTGcpd3MYJcdqQzPZsmkuT4hEkobgkiMLK7nv1uvUJpV,active_legit_candidate,ACTIVE_LEGITIMATE,59
HTSadYUfeMtr5zeMwaTCdoLw59ndpAPuf9B4QeMCee3Z,active_legit_candidate,ACTIVE_LEGITIMATE,21
HX5fXURxBJvDhG5jdsyTx1JmvRoE3R2x8ptQcqR4wjmp,active_legit_candidate,ACTIVE_LEGITIMATE,61
HXL7wH6wFTXUdhJEhRUEXZj9fyYmoPDYeV4c9CziTnn3,control,TEST_RIG,62
HZqoFK4UoAeiRDi9c7wKAUTTB49VcNqpguGnyz5nSd5P,control,GHOST,1
Ha6EXXdjjYDtqPf2CEwm56v8Wgwior6rigqtce2Fvoyh,active_legit_candidate,ACTIVE_LEGITIMATE,67
Hao7T6LmGtzFKxd1eyfLvAqRPnE44dkrv2Hz31i8SZWh,control,DORMANT,367
Hb6dzd4pYxmFYKkJDWuhzBEUkkaE93sFcvXYtriTkmw9,control,GHOST,2
HeGk9Tj1WgVsjvVSPzdiVpFGdsTyV5cHWX13V2P1cw98,control,GHOST,1
HeRbbktPKW9FEguJFC6qiEoSj4J9H9KvMRfpKaftz8jM,active_legit_candidate,ACTIVE_LEGITIMATE,22
HgQFy22SXq2XgRTKYTD4jTtJZ5D2GDtQDE6dNbN9f7EL,active_legit_candidate,ACTIVE_LEGITIMATE,40
HjehbVAFeqRXepAZKVDwhdRxJUEyp8SbDBdpfRXsoym4,active_legit_candidate,ACTIVE_LEGITIMATE,20
Hmtw85eQhXVPfNYFaNHNpitrsRqfFREWxWxNXnv9fBdT,control,LOW_ACTIVITY,9
Hn1MyYYiynSCP2WLBMFxgwNJeAheVAfbXD92mFWKY39E,active_legit_candidate,ACTIVE_LEGITIMATE,50
HnHvtCe9rgXkwphftvb1vP262itz3KALtZ5uk52p85v1,control,GHOST,1
HnctJkveGAA1SHswGfQK2mH3GtVBFumrwjez5ZgiLNkZ,active_legit_candidate,ACTIVE_LEGITIMATE,85
HnfbAZrh8G4R9SLSe2hSgQQ8WcJXUhP6YZ6oekbfVqXP,active_legit_candidate,ACTIVE_LEGITIMATE,20
HnrL7B3jR85QueRwB7DMvR61QTTqMMZAaLGdxXGJamcv,control,TEST_RIG,6
HoiUUXhKmqG2X5zzGgPQ8aXQtteWA6HKGfmd3vmJjMfF,control,GHOST,2
Hon3ixSL4qATjWwCaZxomQy3n2jrugugviku9TS5nxnQ,top_volume|active_legit_candidate,ACTIVE_LEGITIMATE,45
HqoyjruvZL57GXogWWb2cPYyAGCgz53jEfvngNNwxLto,control,LOW_ACTIVITY,65
HsmXga1q5KDwJ8DUzx6PevSe4o5xZP9gpXChqt63PCVv,active_legit_candidate,ACTIVE_LEGITIMATE,91
HuSiSpcUoUEF4hct1MRsGtNGz8EdBiTs7p2WtJGksLSa,active_legit_candidate,ACTIVE_LEGITIMATE,1185
Hvb8v1Xt2itRqbeEbj2zy3uzKB5kSm9SDn4KDxMQkPcn,control,LOW_ACTIVITY,92
Hw36km2awGoLm1DnMxkdefLVVejgYTCqDpr7sPXUfMzs,control,TEST_RIG,10
HwY2W7jewWrPcZJV6T1qxkc6rFMjzhaq5Vg1h1sT52SA,top_volume,DORMANT,6026
Hx5EyxihdJk7h13ppY1soHc8XyPToF8deFSYmfeZA9dx,control,TEST_RIG,52
HxrQfPndMGS3yQF1ZPCRkn3wa2KbMiyvBqjoKtMoyxdi,control,GHOST,1
J2Q8vUG1sokgCWuLxNUEMChzyFeqatrTxpzsDGVsJLNz,control,GHOST,1
J3ESq11pEQv4J4B7jFyRjVC6zNfB73bWq2DWQXMFM1D6,control,GHOST,1
J5VW8XLXxFeiqLcFCCppXsvSiLvJySoRxbEYnh38Q46Y,control,GHOST,1
J6aB9TPhSqSYtXnJTzDquyLW1LtTBPoyPeSRqSjQzWn6,active_legit_candidate,ACTIVE_LEGITIMATE,27
J6rxmbCBuwNVH4RSDPoQ7ecJgt1Ewf8T8LovaWZdhsmu,control,DORMANT,434
J6tUB1ySFLsqy3CkQrnrU3wQq5NFMFhsXXxnUkiMbQPi,active_legit_candidate,ACTIVE_LEGITIMATE,20
J8YTofDDpzN79AQ4uKHDJpdUTXNB6Yy1u7rWm3f1tHLg,control,LOW_ACTIVITY,351
JDTxgswwAThYBPzQNh3YQuJupZ9WVYnpotQNYdEvWcTA,control,GHOST,1
JDmhJYYEU6rDPpfWmnc9EBQpkc3SVghmf5NPUdQGDYT7,active_legit_candidate,ACTIVE_LEGITIMATE,39
JyQ41EKBA7TsSWphn5oi91J1Lk3TGymiZ3eEMWXyBtG,top_volume,DORMANT,363
LNbb4rGwPrHionvJQr5prt1UsGKpEThNdEUF64oqCrn,active_legit_candidate,ACTIVE_LEGITIMATE,51
SAT8g2xU7AFy7eUmNJ9SNrM6yYo7LDCi13GXJ8Ez9kC,top_volume|active_legit_candidate,ACTIVE_LEGITIMATE,7625
TcXxQiJaxaztyYijQt4qpW1Jtv4HfJX5StReDrSs3Bd,active_legit_candidate,ACTIVE_LEGITIMATE,20
TpDs2Lekeb58YdAwn1UhR2Ku7pedEjNBgTUdL6MpXgk,active_legit_candidate,ACTIVE_LEGITIMATE,228
VCEwFWrTZPJxTJXSJFvaPZiXP286ffQj8yrQ8RQKqKf,top_volume,DUPLICATE,41897
WeSuKwyfwZmMMqRGnnoht7sYf2zKzCxh5HaxLdULoP9,active_legit_candidate,ACTIVE_LEGITIMATE,38
Wn2Y3Hd8EUX3LsucFREspiPk8PD4XfY5hvXLuy5qVgQ,control,GHOST,1
Wr1sjVo2CkkWfWswYfc8KMpAjXeHCJGXAVgtVnJ3aAd,control,GHOST,3
X4o2D8op42a2jcNJJVZcDq3eYivh1oR9XiezPWCXosZ,top_volume|active_legit_candidate,ACTIVE_LEGITIMATE,95127
Xg9fCqQu3G3yddbNw8PDmqUQ6Pugg1y213t6yyJPebN,active_legit_candidate,ACTIVE_LEGITIMATE,94
XsR5ELojKj8wYG8W5fYD4kbP7Qjw89qTjrT5JERA2c5,top_volume,DORMANT,1576719
a91dXuEuL2AqySE5HuDYZKdLeYnDQktoRyJSz2ikMph,active_legit_candidate,ACTIVE_LEGITIMATE,28
aSCDEzm4VYQnEVU77NhJHQdrKeusyL8V5tnCcfVSmd1,control,GHOST,1
awx6FxbfwHppg8hBDAQKKUZT2pWmBYaKiuZn1zpL4U8,active_legit_candidate,ACTIVE_LEGITIMATE,41
brzXVbTLBvUTi9mi5QZmVRvEQwSdTYuAZXZrVXygUeK,active_legit_candidate,ACTIVE_LEGITIMATE,405
cAXdcMFHK6y9yTP7AMETzXC7zvTeDBbQ5f4nvSWDx51,active_legit_candidate,ACTIVE_LEGITIMATE,666
ctatWQ1rsrYGyPpwTcUGwvXJ2s4B7EzAgDJfCgE5G19,control,TEST_RIG,32
inDex8GnbM9qKAWuQm58sBn8ZdRgJwbMPBrhsbYow77,active_legit_candidate,ACTIVE_LEGITIMATE,1116
isU3XW1Fc8wobkR1nPL1itv9UaknRbFpTNU2bkYJV6h,active_legit_candidate,ACTIVE_LEGITIMATE,36
iv8QgJVW2Xh2iZPLXoTLSYQvosLneEAFGG9qm7YfHpB,control,DORMANT,38
jE31ChLrnE7UJraCscykbLY3QcD2eVzgDsbyPEL9x8X,active_legit_candidate,ACTIVE_LEGITIMATE,21
jPt2dffmPi7WEtV8J6UFHJQaatEJVyuSFmz5b4DHFG8,active_legit_candidate,ACTIVE_LEGITIMATE,123
jYJf7t5XJ35uteCCcys2FNyFYRJdh45o3vxd7YsWKv1,active_legit_candidate,ACTIVE_LEGITIMATE,25
jzNkyDkXZrKHGTWDrA1MXJRf5WFufyBEybkXnPX9Vzd,top_volume,DORMANT,261291
mu9vidiJVgchMZoU8QeDp3VCTiF5UwMfmZz9uoQtx8t,active_legit_candidate,ACTIVE_LEGITIMATE,79
rBEmUXZgynNXKbm3Xn1p4KN4hLroBUdAL61ba1L833r,active_legit_candidate,ACTIVE_LEGITIMATE,44
rnpFZDFbRJajQ2cuEGwTSrnCaY8tSXq6ahD7h8faWk5,control,GHOST,1
s23kJgxaGhpWu2bUevso31ro1yU5uvFM34zPMcTVweQ,active_legit_candidate,ACTIVE_LEGITIMATE,37
sLJ4uneGcD1mg6hKtkLYsY5HCw1nJ8GpNAmbzBWPBgk,active_legit_candidate,ACTIVE_LEGITIMATE,1010
t9Dz912JyigXW5xyoBJk9RPkg4YFrztUBbZo9GfdEoY,control,GHOST,1
tiny3UuVCZKwfY6CzeaLF7p3uW1uHdziaDvSTiXoFXN,top_volume|active_legit_candidate,ACTIVE_LEGITIMATE,597
tinyd6HtU2WKYPqKNGLtcBZ6hzMS18jNBWjN5YUobUz,top_volume,DUPLICATE,23
uuxwR2MpjQZC9HsM3Yu3qKQeTvo89QzEgaC7am9uCXX,active_legit_candidate,ACTIVE_LEGITIMATE,51
vqhhLNQxkd5AGoM6pr3KPifg5YCWCam5M3xQZ5nNKff,top_volume,DORMANT,6597
wwwPqsM4N7T9J69tB82nLyzxqsH159j4orftLTQfUGV,active_legit_candidate,ACTIVE_LEGITIMATE,73
xSiDXnNRfR2UpTe1XpV6euFuHc71DdFZYNbfy7EpLmr,control,GHOST,1
xadsGrwFkbrspsx38T4R6h6Ni1WbdZixztDsHd2G7oi,top_volume|active_legit_candidate,ACTIVE_LEGITIMATE,8436
xhKtGidVXuHMbcxCok7TeGrKyZnV1tGHWiTFcba2iBA,active_legit_candidate,ACTIVE_LEGITIMATE,74
xuH1to1Prvkm21Qek7jQtA4AWcP4rCDKaqcNddszeLy,top_volume|active_legit_candidate,ACTIVE_LEGITIMATE,188
0x7756f1b7d82ca5dbf3e9ac61fdf20308c51f5f49,top_volume_corrected,,27
0x34e66889fdc7df122df38fe25ee314d5c0b67d29,top_volume_corrected,,61
6cvgmdrsVxyiuPzqMCSBnS7fAmA5Mk2VG4BcfVhC8jdC,top_volume_corrected,,6470
0x5f6f07f4f45a3f1dc06cf3c6c24ac1d2231e1905,top_volume_corrected,,1
0x4e583fc97d853963f23fe2d535e77f7750d58844,top_volume_corrected,,11
0x6ee869b0546ba19ce03a2e1bb057196a6cec71d4,top_volume_corrected,,1
0xdf5316acaeb7146668d9fae29d6c0d994ab23cb3,top_volume_corrected,,14789
8n57qMPiy2aUM4M3KXrGrf9jZsjJtZFdCXA2AQDr7vLV,top_volume_corrected,,12
0x4b237bce97dac060f0aa10c8674e04902c43da07,top_volume_corrected,,53
0xd3a3c7941d5c84dc7918827686f5f6a61ca0a23f,top_volume_corrected,,54
0x3a13db39e5fed07d9af608ebe3cbb656905e2535,top_volume_corrected,,6097
C1iLkKFYfPGeujeNPRa7s73PgZZygkeuBCkzTXZAG4oP,top_volume_corrected,,5588
0x472fd137d08457884b16c1fa02e229c5b4126934,top_volume_corrected,,53
0x2534c23b0a7bbf68666c853bf54722629587cdd1,top_volume_corrected,,62
0x3db8ce97fe638f19e07705b303532a7ed6bc57bd,top_volume_corrected,,1226
0x02c43ab6023617f6ae272fa92252a950e0b24148,top_volume_corrected,,76
0xcb305c89f762a9ab0a9f683f1f4b9624015a56ed,top_volume_corrected,,17
0x8fcf8b04150af1ed0404b5a830e520054d741bcd,top_volume_corrected,,76
AeKBhAHvAPdm5dg44mgmKrEWFNUkgpvSbTQc6qeeQ3fr,top_volume_corrected,,5272
0x517fa696527ce322bd36b10a6afca26f64db30e6,top_volume_corrected,,7
0xd6d01f4766c6c19880c6d58197b031f074c5e7f8,top_volume_corrected,,67
0x63f103304ed9f0f1b47b90b10b30e47b639c46c9,top_volume_corrected,,1
0x4d85068addc1d3a5c04a81191eb2a705c89d97d0,top_volume_corrected,,5
0xfdd9ac63d360d6ea4d4bbcd45ed88de086e44f3d,top_volume_corrected,,76
0x6ad8d0f9de90b830f475c83fb8cb89b0d7d83b02,top_volume_corrected,,58
CvX23FNQsNQww8ALR3EWgQv2Wt5yM7VvU4HRigGBMMJu,top_volume_corrected,,239374
HQfM7negqvf2W2UWhXBDsScCzNhfoKBw9Te6M3VWs4bJ,top_volume_corrected,,20
0x7bfde0863884de4cefb02fbbf5071c1b3e8e92af,top_volume_corrected,,4
0x3b730dc017e05ca74994d58263d6243be8097e9c,top_volume_corrected,,2
0xd5b0046d166266c51143e1221811672958c89ea3,top_volume_corrected,,58
0x6d4e7efb88dec105939b972c98c353304ced6751,top_volume_corrected,,11
0x0cfb374ed01c74d2cc335054f93b74df8607637f,top_volume_corrected,,15
0x38f12c2c5361f70328bff85498253a7bdbea677b,top_volume_corrected,,51
0xa825094b04d5a3710bd41c4fbc902f75cf333333,top_volume_corrected,,283
0x4050d63feb82a0b0a913ee4083b2fc9baf6aa434,top_volume_corrected,,48
0xfae74ecb758bb26a1c60c8cb06db18682d175dfb,top_volume_corrected,,4
0x7d429ecbdce5ff516d6e0a93299cbba97203f2d3,top_volume_corrected,,250
0x98cd593eebdfd825346d7dbec3c9fc74ccf74c0a,top_volume_corrected,,1
0xd3f196a6a7de29718f7ca514049008f592e33620,top_volume_corrected,,1
0x86a6cb5b6fd0dce94d2f7d3ab5f32211cb6a0f55,top_volume_corrected,,77
0x345293d9d33f3e6a9c848fc70c68b9f89759e02a,top_volume_corrected,,1
0x6e8e3ae86c92caee3facf67e98af79b20003bfe5,top_volume_corrected,,24
4yWaaDG16NxBvfPq4w1rARpqGtzNfjR1hfDhAxEMcTNg,top_volume_corrected,,4606
0x3417828c83e8c1e787dc6dbefd79f93e0c13f694,top_volume_corrected,,4316
0x60d236776c4df74a0dcc86a1fd0de4a50da75271,top_volume_corrected,,3
0x6896b35274cd9bc724aee4d84505987fb2dac8f2,top_volume_corrected,,5
0xfe802b35182f49778eec14db3153fcb8b92a47ee,top_volume_corrected,,237349
0x362ac2d8dd5f7c53ac116ac83ca6c196e7ad1d36,top_volume_corrected,,29
0xd1c2e7a505a4916b314a7e55cac28771387f0e9b,top_volume_corrected,,46
0xab08c6befd2696705bf1cf2854b32827d956266e,top_volume_corrected,,51
0x7bafa37a71254e496e7e47a8a139e719683a34c2,top_volume_corrected,,18
3S75mzLTvTD5PN8a8rYiaQRwu1BP4c2Ypr98VzqhqJyD,top_volume_corrected,,4492
C5Fn5UPfyN9roU6QfvUSuKAXsd64mAowRhfDE2WBfUm2,top_volume_corrected,,18
0x600cf286a275cdfa607317ee6d7821417868d12b,top_volume_corrected,,55
0xc3bcf169ac2220955054b97b422ba80b5a3628da,top_volume_corrected,,65
0x9a08ec748e5e71387d109a9478d076170f7f722d,top_volume_corrected,,78
