recipient,n_pulled,complete,first_seen,last_seen,unique_buyers_recomputed,self_pay_tx_share,self_pay_vol_share,top1_payer_vol_share,top2_payer_vol_share,modal_amount_share,modal_amount_base_units,n_unique_amounts,active_span_days,max_tx_in_1d,chains_seen
0x000c9b32e9c724f742948f85eb48410978f99403,2000,0,2025-12-09T17:00:03+00:00,2026-02-04T14:32:49+00:00,153,0.0,0.0,0.0262,0.0419,0.6375,1000.0,10,56.9,646,base
0x00157dca819a29b1e62aa2f46e523b3630ed49f2,1,1,2025-11-07T10:19:15+00:00,2025-11-07T10:19:15+00:00,1,0.0,0.0,1.0,1.0,1.0,1000.0,1,0.0,1,base
0x002d0d2f9b54c9f5ba4cbd11e422bfcee2aede4d,129,1,2025-11-10T15:01:17+00:00,2026-01-01T10:22:53+00:00,2,0.0,0.0,0.9983,1.0,0.7054,20000000.0,9,51.81,4,base
0x003a6c7f055c693af096810ae55dfa81e0771c95,8,1,2026-01-30T15:16:53+00:00,2026-02-05T23:58:29+00:00,1,0.0,0.0,1.0,1.0,0.5,50000000.0,3,6.36,3,base
0x004b692016a05ff9795067a622cef92dffc946aa,1635,1,2026-02-05T15:46:55+00:00,2026-03-23T20:03:43+00:00,344,0.0,0.0,0.3291,0.4565,0.3823,10000.0,28,46.18,77,base
0x00572b71ff076e3ca723488fa29ec5f85ec6c34a,128,1,2025-11-11T01:08:41+00:00,2026-01-01T10:24:49+00:00,3,0.0,0.0,0.9935,0.999,0.7109,20000000.0,9,51.39,4,base
0x00605a0032dca4b15c47906b46c39677f35d4c5d,1,1,2025-11-11T19:07:09+00:00,2025-11-11T19:07:09+00:00,1,0.0,0.0,1.0,1.0,1.0,4000000.0,1,0.0,1,base
0x0072418cb3afc29c63b4b55961868f9c4cf308b9,4,1,2025-10-28T16:24:29+00:00,2025-10-29T00:03:37+00:00,1,0.0,0.0,1.0,1.0,1.0,10000.0,1,0.32,3,base
0x00a05e36d2590e2b83d10a38df6d95ef575c7329,5,1,2026-05-08T02:45:05+00:00,2026-05-08T03:08:09+00:00,1,0.0,0.0,1.0,1.0,1.0,60000.0,1,0.02,5,base
0x00c0ad8313c7b2606a2d21b3001b925ba6b74409,193,1,2025-11-10T15:31:09+00:00,2026-01-01T10:29:59+00:00,48,0.0,0.0,0.7765,0.7873,0.4767,20000000.0,16,51.79,5,base
0x00c8d088222e3c4de129b88342437a7d7e4e9b65,1,1,2025-10-31T19:06:53+00:00,2025-10-31T19:06:53+00:00,1,0.0,0.0,1.0,1.0,1.0,1000000.0,1,0.0,1,base
0x00eee1985e61142b420335ef9addb3ee6ce3279d,641,1,2025-11-02T06:21:27+00:00,2025-11-04T06:03:19+00:00,1,0.0,0.0,1.0,1.0,1.0,1000000.0,1,1.99,370,base
0x01081f53acdaaf9a8803a4a51d4d7a6bcc41bbda,1,1,2025-11-07T09:04:21+00:00,2025-11-07T09:04:21+00:00,1,0.0,0.0,1.0,1.0,1.0,1000.0,1,0.0,1,base
0x0111852bd4ad54bad14a5b71a21dc22aaa91ac7e,29,1,2026-04-30T04:56:05+00:00,2026-06-15T18:33:17+00:00,8,0.0,0.0,0.1945,0.3865,0.4483,100000.0,7,46.57,4,base
0x012d5813195776551160b394906f2ee9d682768d,2000,0,2025-11-23T15:29:39+00:00,2025-11-28T03:58:03+00:00,1,0.0,0.0,1.0,1.0,1.0,100000.0,1,4.52,553,base
0x012ee2d0c7e86e1077238f6a0d236a618dc3d68b,127,1,2025-11-10T15:16:15+00:00,2026-01-01T10:25:43+00:00,1,0.0,0.0,1.0,1.0,0.7165,20000000.0,7,51.8,4,base
0x013130ad0b11e6b15e5a8e484b982431523e6355,1,1,2025-11-11T17:38:37+00:00,2025-11-11T17:38:37+00:00,1,0.0,0.0,1.0,1.0,1.0,1000.0,1,0.0,1,base
0x014e9203f4dff7ece40d7b5b07f8fda75d5364ef,8,1,2025-11-11T06:01:07+00:00,2025-11-29T16:33:45+00:00,1,0.0,0.0,1.0,1.0,0.125,189.0,8,18.44,1,base
0x01626695e11a93d5c1849f8c952ae28278b582cf,130,1,2025-11-10T14:21:41+00:00,2026-01-01T10:25:49+00:00,3,0.0,0.0,0.9921,0.9999,0.7,20000000.0,9,51.84,4,base
0x0163dd6c2c9627d5b6b8726d86905d919d6a122b,1,1,2025-10-28T02:34:17+00:00,2025-10-28T02:34:17+00:00,1,0.0,0.0,1.0,1.0,1.0,100000.0,1,0.0,1,base
0x016739a7ec55943a54db456f5dcfdf6f9f4e29ef,1,1,2026-06-12T11:38:55+00:00,2026-06-12T11:38:55+00:00,1,0.0,0.0,1.0,1.0,1.0,10000.0,1,0.0,1,base
0x01733c18f882e2c4be28bdcb722e8eb710d53ccb,614,1,2026-05-27T12:59:25+00:00,2026-05-27T23:52:17+00:00,34,0.0,0.0,0.329,0.4446,1.0,1000000.0,1,0.45,614,base
0x0176b6cebecc083675f0955a7caf27735ad0c1b8,812,1,2026-04-13T04:37:59+00:00,2026-06-13T17:01:05+00:00,1,0.0,0.0,1.0,1.0,0.6293,10000.0,66,61.52,45,base
0x01774839fc9e2115a54b2bfa747d1c153232e7c8,1,1,2026-06-08T08:19:55+00:00,2026-06-08T08:19:55+00:00,1,0.0,0.0,1.0,1.0,1.0,50000.0,1,0.0,1,base
0x0185eb19629fa15dbbab0dcdd59dc1ab772d70ff,1,1,2026-04-24T09:50:15+00:00,2026-04-24T09:50:15+00:00,1,0.0,0.0,1.0,1.0,1.0,400000.0,1,0.0,1,base
0x01b3eb64dcc31aaa5cf4f9f3f59cb81186dc6b25,1,1,2026-05-22T17:20:43+00:00,2026-05-22T17:20:43+00:00,1,0.0,0.0,1.0,1.0,1.0,10000.0,1,0.0,1,base
0x0200675f51b33bfe35489e301e41be5a74a9dce9,1002,1,2025-10-31T15:05:31+00:00,2025-11-28T03:55:19+00:00,1,0.0,0.0,1.0,1.0,1.0,1000000.0,1,27.53,332,base
0x021028695eafdde60e139d87000a8bd6cb65645e,830,1,2025-06-25T18:05:15+00:00,2026-06-23T14:17:17+00:00,161,0.0048,0.0048,0.3506,0.5867,1.0,1000.0,1,362.84,61,base
0x0210c68433d152aedbba39dd60431d66a9ecfbb7,1,1,2026-05-07T02:30:55+00:00,2026-05-07T02:30:55+00:00,1,0.0,0.0,1.0,1.0,1.0,100000.0,1,0.0,1,base
0x023986ca19e1f534d344f31973b70c3e366dce55,1,1,2025-11-07T09:03:25+00:00,2025-11-07T09:03:25+00:00,1,0.0,0.0,1.0,1.0,1.0,1000.0,1,0.0,1,base
0x023ec103188a3a32312d9121ec91f97b63ba937b,6,1,2026-04-28T14:03:09+00:00,2026-05-02T04:23:17+00:00,1,0.0,0.0,1.0,1.0,0.3333,50000.0,4,3.6,2,base
0x0280c49d9d7f3e7244fdc6915c99a0c7d55a4c25,934,1,2025-11-13T01:12:23+00:00,2025-11-28T03:59:59+00:00,1,0.0,0.0,1.0,1.0,1.0,100000.0,1,15.12,307,base
0x02a56feececdf3ef5a580e5bc99c92b02df7480f,59,1,2025-10-27T12:57:13+00:00,2025-11-03T22:15:51+00:00,45,0.0169,0.0,0.444,0.5837,0.5763,1000.0,22,7.39,24,base
0x02c43ab6023617f6ae272fa92252a950e0b24148,76,1,2025-10-27T23:18:11+00:00,2025-11-03T22:50:35+00:00,53,0.0,0.0,0.4353,0.5615,0.6184,1000.0,30,6.98,41,base
0x02dc6b4de82fff2ecebae0de5f7b30fd559b35ae,1,1,2026-04-15T06:22:21+00:00,2026-04-15T06:22:21+00:00,1,0.0,0.0,1.0,1.0,1.0,2000000.0,1,0.0,1,base
0x02deac8eff04a68160885d715849850d3d1baf4a,1,1,2025-11-07T10:01:47+00:00,2025-11-07T10:01:47+00:00,1,0.0,0.0,1.0,1.0,1.0,1000.0,1,0.0,1,base
0x03282f1961ca781ee377d53d8108945beee75d39,1,1,2026-06-01T02:28:41+00:00,2026-06-01T02:28:41+00:00,1,0.0,0.0,1.0,1.0,1.0,10000.0,1,0.0,1,base
0x033a7e2fef13f2c365185c804ba2a93f62b31ae7,3,1,2025-10-28T12:34:13+00:00,2025-10-30T01:56:55+00:00,1,1.0,1.0,1.0,1.0,1.0,1000.0,1,1.56,1,base
0x033c6df44b24138ab891d64b204bb414a7ec6fbf,65,1,2025-10-27T23:19:53+00:00,2025-11-03T22:11:29+00:00,50,0.0,0.0,0.345,0.4656,0.4923,1000.0,33,6.95,33,base
0x034128338730855a835a4ab9c16a0fbd27441b0f,2000,0,2025-10-08T19:31:51+00:00,2026-06-21T05:00:37+00:00,100,0.0,0.0,0.2021,0.3159,0.033,62.0,1331,255.39,505,base
0x0359181ed69907239163c92db0361cc8ae836896,1,1,2026-06-27T02:16:15+00:00,2026-06-27T02:16:15+00:00,1,0.0,0.0,1.0,1.0,1.0,10000.0,1,0.0,1,base
0x036462cd7a6b1bad9455c33ecf2d1654eb4be80f,40,1,2026-04-15T12:38:29+00:00,2026-06-18T09:49:33+00:00,6,0.0,0.0,0.6722,0.8151,0.075,200000.0,36,63.88,4,base
0x036b862dd6dbefdca0400568199e441df6bbba77,2000,0,2025-12-05T04:51:29+00:00,2026-05-23T19:56:31+00:00,1,0.0,0.0,1.0,1.0,0.9995,9999.0,2,169.63,588,base
0x036d85935fb8cb5b922da6f59b44c1a0f8abb028,1,1,2026-06-10T02:54:23+00:00,2026-06-10T02:54:23+00:00,1,0.0,0.0,1.0,1.0,1.0,10000.0,1,0.0,1,base
0x037b3abf07cf228d42c7fc114cad0935093a5b17,3,1,2025-10-28T10:50:49+00:00,2025-10-30T00:16:55+00:00,1,1.0,1.0,1.0,1.0,1.0,10000.0,1,1.56,1,base
0x0386eb9323b9298ad8621cd78f6c949b6ad73cdf,1,1,2026-03-04T16:16:55+00:00,2026-03-04T16:16:55+00:00,1,0.0,0.0,1.0,1.0,1.0,10000.0,1,0.0,1,base
0x038c72d81fed7329d8459ce8980da8c027004397,1,1,2025-10-31T15:19:53+00:00,2025-10-31T15:19:53+00:00,1,0.0,0.0,1.0,1.0,1.0,1000000.0,1,0.0,1,base
0x0391eb91458c1037333366bc1e91ba6fad7dd836,65,1,2025-12-04T02:46:35+00:00,2026-01-02T02:40:29+00:00,1,0.0,0.0,1.0,1.0,0.0923,10000.0,46,29.0,10,base
0x0395df57f73ae2029fc27a152cd87070bcfbd4a4,1,1,2026-06-16T16:20:25+00:00,2026-06-16T16:20:25+00:00,1,0.0,0.0,1.0,1.0,1.0,100000.0,1,0.0,1,base
0x03c3f6a02455884ce810ea7cdff4c17b53ed6cdd,1,1,2026-05-09T19:38:03+00:00,2026-05-09T19:38:03+00:00,1,0.0,0.0,1.0,1.0,1.0,2000.0,1,0.0,1,base
0x03d773c52b67993e60ecb3134b17436fe03b584c,1722,1,2026-06-05T17:07:11+00:00,2026-06-26T19:00:13+00:00,64,0.0,0.0,0.571,0.8197,0.1109,39000.0,47,21.08,360,base
0x03ed11fb637b021078a164d6b80f17065d89edf7,1284,0,2025-11-02T06:14:23+00:00,2025-11-28T03:58:59+00:00,1,0.0,0.0,1.0,1.0,0.7928,100000.0,2,25.91,288,base
0x040ae7a16c1f4277214709fc281948b2c07c4e8c,6,1,2026-05-29T03:00:43+00:00,2026-06-04T11:46:55+00:00,1,0.0,0.0,1.0,1.0,0.8333,10000.0,2,6.37,1,base
0x042b979121a56839a18a26738a23fd050353485e,316,1,2025-10-24T17:06:35+00:00,2025-10-29T08:17:43+00:00,90,0.0,0.0,0.3171,0.3981,0.9873,1000000.0,2,4.63,291,base
0x04369187dd09ae34167b968a5dc427332ac165ca,9,1,2025-11-17T12:40:49+00:00,2025-12-02T08:57:29+00:00,1,0.0,0.0,1.0,1.0,0.2222,172.0,8,14.84,2,base
0x044827ef09aab1f5e9119db4c814d016bb6fce3b,3,1,2025-10-29T23:43:35+00:00,2025-10-31T00:17:35+00:00,1,0.0,0.0,1.0,1.0,0.6667,300000.0,2,1.02,1,base
0x0451cf4084b8e2fd8e3e14e2667f045127898cb4,121,1,2026-03-03T17:27:07+00:00,2026-06-30T13:35:47+00:00,31,0.0,0.0,0.4351,0.5865,0.595,1000.0,5,118.84,18,base
0x045e8a8ac4031ed614891aad21ac55f781edbd24,3,1,2025-10-29T23:50:45+00:00,2025-10-31T00:18:59+00:00,1,0.0,0.0,1.0,1.0,0.6667,300000.0,2,1.02,1,base
0x0472981aac607be63dbb138643ce4b5443be49b1,36,1,2026-05-07T04:50:57+00:00,2026-06-14T13:05:29+00:00,1,0.0,0.0,1.0,1.0,0.5,50000.0,10,38.34,2,base
0x0477db30b1defcf12d05c19904b47b144a9c10bf,6,1,2025-10-28T11:56:41+00:00,2025-10-30T04:13:17+00:00,1,1.0,1.0,1.0,1.0,0.8333,100000.0,2,1.68,4,base
0x0495d60c927b97d67d5018c6aa65c9b2bebaeed9,2000,0,2025-10-28T17:03:43+00:00,2026-07-02T09:00:05+00:00,167,0.0,0.0,0.6511,0.7675,0.5115,10000.0,3,246.66,951,base
0x04b563909fdafeace9cba26f1848141bd140d741,408,1,2026-04-09T00:27:51+00:00,2026-07-01T09:31:29+00:00,24,0.0,0.0,0.8129,0.8573,0.8039,5000.0,5,83.38,32,base
0x04bce76f4f5d127f48552adda58b868de972ff2d,1,1,2026-02-07T23:21:33+00:00,2026-02-07T23:21:33+00:00,1,0.0,0.0,1.0,1.0,1.0,500000000.0,1,0.0,1,base
0x04d500b2956fb59a314f709967ae46135f716e2f,3,1,2026-06-03T02:38:03+00:00,2026-06-07T04:57:57+00:00,1,0.0,0.0,1.0,1.0,1.0,50000.0,1,4.1,1,base
0x04dca2b22d94bf2dc75274cea30979be01af6e77,127,1,2025-11-10T15:07:19+00:00,2026-01-01T10:24:05+00:00,1,0.0,0.0,1.0,1.0,0.7165,20000000.0,7,51.8,4,base
0x04e18cdc142e0ca0c6e3a3ac69a53fd2dd334628,919,1,2025-10-24T19:56:07+00:00,2025-10-24T21:33:43+00:00,9,0.0,0.0,0.9859,0.9913,1.0,1000000.0,1,0.07,919,base
0x053371741386031cb9c4fd02b0adb3e75716d378,3,1,2025-10-28T11:55:11+00:00,2025-10-30T03:48:27+00:00,1,1.0,1.0,1.0,1.0,1.0,10000.0,1,1.66,1,base
0x053558cecf7cc945bbd9c769df1289b999cd9a85,1,1,2026-06-08T02:08:13+00:00,2026-06-08T02:08:13+00:00,1,0.0,0.0,1.0,1.0,1.0,10000.0,1,0.0,1,base
0x054ade63d8046e189fbad70fae1e6203f92190ee,37,1,2026-02-10T00:07:47+00:00,2026-06-30T15:18:05+00:00,15,0.0,0.0,0.2787,0.4918,0.5676,200000.0,2,140.63,6,base
0x0550779cfbc832657a8bb46bac9f359a5ad038b8,184,1,2026-06-21T18:57:17+00:00,2026-07-03T01:31:43+00:00,60,0.0,0.0,0.9014,0.9494,0.9239,1000.0,3,11.27,37,base
0x056ab226010fc0947947bd180fff05232402118a,1,1,2026-04-26T18:46:03+00:00,2026-04-26T18:46:03+00:00,1,0.0,0.0,1.0,1.0,1.0,50000.0,1,0.0,1,base
0x056e0169c493a0b32b832d2653feab8d3af8df7d,7,1,2026-05-25T23:30:39+00:00,2026-06-03T01:05:17+00:00,1,0.0,0.0,1.0,1.0,0.8571,10000.0,2,8.07,2,base
0x0573c4da7fc31e944e5ff959fef3b42199c308b2,2000,0,2026-02-24T21:34:19+00:00,2026-07-02T12:53:15+00:00,75,0.0,0.0,0.219,0.3441,0.985,1000.0,2,127.64,940,base
0x057c24770233a73bbed4d4e694357bda9edcff66,11,1,2025-11-11T09:52:59+00:00,2025-12-02T18:16:23+00:00,1,0.0,0.0,1.0,1.0,0.0909,403.0,11,21.35,1,base
0x057da1f987085de1070979810843c5a2754ce456,149,1,2026-03-12T14:34:37+00:00,2026-06-29T08:46:35+00:00,3,0.0,0.0,0.7872,0.9568,0.1208,50000.0,49,108.76,11,base
0x05970ebca65093f5eb53d980caadf2978f27f8da,4,1,2025-11-06T09:33:19+00:00,2025-11-09T05:16:31+00:00,1,0.0,0.0,1.0,1.0,0.25,359.0,4,2.82,1,base
0x059ce4b241c4b8844f4515f415313ecc8e40e478,2,1,2025-12-16T15:41:13+00:00,2025-12-17T03:45:13+00:00,2,0.0,0.0,0.5,1.0,1.0,100000.0,1,0.5,1,base
0x059d091d51a0f011c9872eaa63df538f5ce15945,44,1,2026-03-04T14:04:25+00:00,2026-06-29T17:54:29+00:00,17,0.0,0.0,0.6734,0.7657,0.4773,30000.0,4,117.16,5,base
0x05a11b89c4ea514099596f31a80f9107b717709a,1,1,2026-01-01T19:36:59+00:00,2026-01-01T19:36:59+00:00,1,0.0,0.0,1.0,1.0,1.0,490000000.0,1,0.0,1,base
0x05ce71c2cab86af566ae5b7842b7f14c58865a2b,3,1,2026-05-23T01:55:49+00:00,2026-07-03T00:53:51+00:00,1,0.0,0.0,1.0,1.0,0.6667,100000.0,2,40.96,1,base
0x05f05ecbd76789434c08c52aa7c2bf2d651c5783,1,1,2026-01-01T20:15:11+00:00,2026-01-01T20:15:11+00:00,1,0.0,0.0,1.0,1.0,1.0,480000000.0,1,0.0,1,base
0x0613e78ea32bd193d0ba7bad4f4e5323a8f977d8,20,1,2025-11-17T16:52:15+00:00,2025-12-04T04:22:43+00:00,1,0.0,0.0,1.0,1.0,0.05,750.0,20,16.48,5,base
0x062cd2e066db07dc31683855d6a26a4a4c41e75b,1067,1,2025-11-02T06:56:13+00:00,2025-11-28T03:55:03+00:00,1,0.0,0.0,1.0,1.0,1.0,1000000.0,1,25.87,346,base
0x064d3e48508730fca8e5c3bc6fef041e5da46556,2456,1,2026-03-18T18:21:27+00:00,2026-06-30T11:50:21+00:00,70,0.0,0.0,0.2922,0.5549,0.945,50000.0,45,103.73,878,base
0x065a9396b827e5f444665ce35435f8b8ecd19bb3,1,1,2026-04-26T14:47:09+00:00,2026-04-26T14:47:09+00:00,1,0.0,0.0,1.0,1.0,1.0,60000.0,1,0.0,1,base
0x06826ef993290b9b48b9b7b487eadf7b49442451,1,1,2026-04-09T05:18:43+00:00,2026-04-09T05:18:43+00:00,1,0.0,0.0,1.0,1.0,1.0,2400247200.0,1,0.0,1,base
0x069c6012e053dfbf50390b19fae275ad96d22ed7,80,1,2026-04-27T17:45:57+00:00,2026-06-22T05:20:13+00:00,5,0.0,0.0,0.8978,0.9597,0.475,10000.0,7,55.48,18,base
0x06a3bcfd793986e6222e62751002761470728ca7,1,1,2026-06-15T14:09:27+00:00,2026-06-15T14:09:27+00:00,1,0.0,0.0,1.0,1.0,1.0,980000.0,1,0.0,1,base
0x06b59623be542118a6ab741690365f2a00b9d074,3,1,2026-05-07T16:45:05+00:00,2026-06-01T12:08:37+00:00,1,0.0,0.0,1.0,1.0,0.3333,750000.0,3,24.81,1,base
0x06df1cdeefff8a777468c6caee0d269f00fabba1,81,1,2026-06-06T11:03:27+00:00,2026-06-21T05:39:03+00:00,3,0.0,0.0,0.5815,0.91,0.3951,10000.0,7,14.77,42,base
0x06dff3c8380b5d1799874ada903fc3422882fd6f,2000,0,2026-02-10T02:24:13+00:00,2026-07-03T03:18:59+00:00,205,0.0,0.0,0.2581,0.3987,0.5245,20000.0,9,143.04,91,base
0x070968239488137d49a79a107cdfad54664fb79e,1,1,2026-05-14T16:03:13+00:00,2026-05-14T16:03:13+00:00,1,0.0,0.0,1.0,1.0,1.0,10000.0,1,0.0,1,base
0x07317e7713aa8ee93913214a4a74f334ff7db048,175,1,2026-06-12T10:37:21+00:00,2026-07-02T09:24:55+00:00,44,0.0,0.0,0.1768,0.3161,0.2171,30000.0,17,19.95,26,base
0x073449e7f3a34b9ad150f0522a47424a9def6850,75,1,2026-05-12T02:45:27+00:00,2026-06-18T04:20:31+00:00,32,0.0,0.0,0.2075,0.2488,0.3467,110000.0,15,37.07,27,base
0x0750a9e669c37fe1a1847e4b8f9e16f07c16162f,1267,1,2026-04-22T08:31:43+00:00,2026-07-03T00:46:11+00:00,67,0.0,0.0,0.2885,0.4408,0.7774,1000.0,6,71.68,442,base
0x07735d3636a0673e614a52962df0f14885de6be3,137,1,2026-05-30T13:56:43+00:00,2026-06-15T10:29:59+00:00,35,0.0,0.0,0.2701,0.3869,1.0,50000.0,1,15.86,37,base
0x07737a1fb3863202bcd3c7408b801eed68604d39,2000,0,2025-11-04T15:17:21+00:00,2026-06-23T14:17:03+00:00,58,0.088,0.9528,0.9528,0.9609,0.8035,1000.0,6,230.96,905,base
0x0799872e07ea7a63c79357694504fe66edfe4a0a,3404,1,2026-02-04T15:38:55+00:00,2026-07-03T02:52:27+00:00,19,0.0,0.0,0.7715,0.8875,0.4186,100000.0,13,148.47,218,base
0x079d8cab4da9b5817612e98b8f6fc72cb1cb25a6,629,1,2025-10-28T00:13:45+00:00,2026-01-05T21:27:59+00:00,26,0.0032,0.0005,0.756,0.7941,0.4817,1000000.0,12,69.88,49,base
0x07a964a2b21a9eb6ce680dadd92d327252a808ad,3,1,2025-10-28T09:50:37+00:00,2025-10-30T00:15:49+00:00,1,1.0,1.0,1.0,1.0,1.0,1000000.0,1,1.6,1,base
0x07af36c3623ba4421a0c95402ac82e8e8b1aeddc,7,1,2026-05-26T08:14:59+00:00,2026-06-03T03:16:13+00:00,1,0.0,0.0,1.0,1.0,0.8571,10000.0,2,7.79,1,base
0x07c4a004f8762ebfb619c5c678e1767e6bebfc24,8,1,2026-05-26T06:37:13+00:00,2026-06-05T02:20:47+00:00,1,0.0,0.0,1.0,1.0,0.875,10000.0,2,9.82,1,base
0x07d05521abfc0b561e3f888702de9cb743626547,66,1,2026-04-20T18:47:51+00:00,2026-04-20T19:22:53+00:00,66,0.0,0.0,0.0274,0.0508,0.0152,534554476.0,66,0.02,66,base
0x07f067959297767c887dbfa3c72379c66e82a045,2000,0,2026-01-05T21:02:57+00:00,2026-07-02T17:15:45+00:00,110,0.0,0.0,0.1487,0.2564,0.28,134000.0,43,177.84,176,base
0x0814d35f25f2ef3dffa4aef4d137558d5e51ed7b,502,1,2026-03-07T02:15:25+00:00,2026-06-29T12:49:03+00:00,14,0.0,0.0,0.5822,0.7248,0.2191,250000.0,9,114.44,74,base
0x084030e9b463f213033b431a3f0a2f5a5bc5b05a,1,1,2026-06-10T04:37:21+00:00,2026-06-10T04:37:21+00:00,1,0.0,0.0,1.0,1.0,1.0,10000.0,1,0.0,1,base
0x0847aa51a1e9317d981ac61224e76c6c9d62618e,5,1,2026-05-30T12:34:19+00:00,2026-06-15T18:10:41+00:00,1,0.0,0.0,1.0,1.0,0.2,100000.0,5,16.23,2,base
0x089127f34ff7c55cec0a92ce4c386b9962ef204b,2000,0,2025-10-28T18:27:31+00:00,2025-10-29T13:05:41+00:00,579,0.0,0.0,0.0817,0.146,0.7915,1000000.0,2,0.78,1000,base
0x089883de0b1af1810ecdf4c1768d98479362b162,2000,0,2025-10-27T22:07:07+00:00,2025-10-29T09:53:05+00:00,1293,0.0,0.0,0.0885,0.1685,1.0,1000000.0,1,1.49,1000,base
0x08a844ec367d768286f0fb3fa8dea1b7fab91c8f,641,1,2025-11-02T06:21:27+00:00,2025-11-04T06:03:19+00:00,1,0.0,0.0,1.0,1.0,1.0,1000000.0,1,1.99,368,base
0x08c1fa5eb43622ff13becd92600b353b16faad3b,6,1,2026-03-06T02:59:13+00:00,2026-06-08T01:46:57+00:00,2,0.0,0.0,1.0,1.0,0.3333,100000000.0,5,93.95,3,base
0x08cf163af044b96788757eecc7a6f0c146bfbda5,1,1,2026-05-25T15:20:29+00:00,2026-05-25T15:20:29+00:00,1,0.0,0.0,1.0,1.0,1.0,110000.0,1,0.0,1,base
0x08e30cb0d74828061509c72c96a1983ffa97518f,1,1,2025-11-07T10:52:51+00:00,2025-11-07T10:52:51+00:00,1,0.0,0.0,1.0,1.0,1.0,1000.0,1,0.0,1,base
0x090103a82c440b275c1f8b34a0c04acd8c93c4dc,1,1,2026-05-10T12:04:17+00:00,2026-05-10T12:04:17+00:00,1,0.0,0.0,1.0,1.0,1.0,100000.0,1,0.0,1,base
0x090364f1fdacc6a193bed8cff3bc51389bd2d818,1,1,2026-05-01T07:50:59+00:00,2026-05-01T07:50:59+00:00,1,0.0,0.0,1.0,1.0,1.0,250000.0,1,0.0,1,base
0x093ba05832403818b17d62fc9d1b4bafbac38469,1,1,2026-04-23T10:20:05+00:00,2026-04-23T10:20:05+00:00,1,0.0,0.0,1.0,1.0,1.0,60000.0,1,0.0,1,base
0x094a6eaaefff4afadaf45e191f702956b406c744,1,1,2026-05-02T09:56:49+00:00,2026-05-02T09:56:49+00:00,1,0.0,0.0,1.0,1.0,1.0,500000.0,1,0.0,1,base
0x0965adfcfbd8886be0bc0aa558a2c0daf1ba54dc,1,1,2025-10-30T23:10:13+00:00,2025-10-30T23:10:13+00:00,1,0.0,0.0,1.0,1.0,1.0,1000000.0,1,0.0,1,base
0x09713aa8b09a0023d95b1df2cbdb5a2f70475aa2,1401,1,2026-05-02T22:13:07+00:00,2026-07-03T03:55:19+00:00,623,0.0,0.0,0.0227,0.0425,0.1335,110000.0,196,61.24,248,base
0x0975564eb362f6b499b2370ab3afe404da5d27cb,1013,1,2025-11-01T02:11:53+00:00,2025-11-02T10:08:01+00:00,2,0.0,0.0,0.9801,1.0,0.8687,10000.0,3,1.33,1012,base
0x09803a5d8ffde28d9bf78109b931a557f3266365,81,1,2026-04-15T02:04:23+00:00,2026-05-25T04:06:07+00:00,11,0.0,0.0,0.4209,0.5353,0.0988,2000000.0,49,40.08,10,base
0x09aea4b2242abc8bb4bb78d537a67a245a7bec64,97,1,2025-12-08T18:57:53+00:00,2026-07-02T11:06:09+00:00,1,0.0,0.0,1.0,1.0,0.4845,1000000.0,14,205.67,13,base
0x09cbbb451ca48ed511c7fc07ed921d539cde1227,46,1,2026-01-14T17:34:15+00:00,2026-06-10T20:25:43+00:00,9,0.0,0.0,0.3913,0.5217,1.0,10000.0,1,147.12,18,base
0x09cecd50b421d704f499302e32d3a2142774bad1,426,1,2025-11-02T03:15:55+00:00,2025-11-12T05:50:13+00:00,140,0.0,0.0,0.0681,0.1174,1.0,1000000.0,1,10.11,321,base
0x09d1e7c85d627102ce07d13bfa9ae1ea2edaa800,1,1,2026-06-30T23:09:47+00:00,2026-06-30T23:09:47+00:00,1,0.0,0.0,1.0,1.0,1.0,10000.0,1,0.0,1,base
0x09e6bb8448c30ddd6b5e8d1f295adca756144a47,3,1,2025-10-28T17:37:07+00:00,2025-10-30T00:09:29+00:00,1,1.0,1.0,1.0,1.0,1.0,10000.0,1,1.27,1,base
0x09f2830636f2edf71f7ca929dcc20cc1f161c897,197,1,2026-06-13T02:43:33+00:00,2026-07-02T06:50:39+00:00,10,0.0,0.0,0.4828,0.7931,0.9188,10000.0,2,19.17,54,base
0x09ff4e7dcbae544511d75821fa575ab26ba17c7f,1,1,2026-05-13T22:06:11+00:00,2026-05-13T22:06:11+00:00,1,0.0,0.0,1.0,1.0,1.0,10000.0,1,0.0,1,base
0x0a0d33a23bcc004880c6956036b2a1838951e707,13,1,2025-11-11T17:23:09+00:00,2025-11-12T09:25:51+00:00,1,0.0,0.0,1.0,1.0,0.9231,1000.0,2,0.67,8,base
0x0a0f19a1d9b5585e7cf6070beb934bb88a24fe21,1,1,2026-03-20T15:06:47+00:00,2026-03-20T15:06:47+00:00,1,0.0,0.0,1.0,1.0,1.0,10000.0,1,0.0,1,base
0x0a209ee7ed4b18660fd2e14849d82d233eb05e70,7,1,2026-06-04T22:43:05+00:00,2026-06-14T10:07:33+00:00,1,0.0,0.0,1.0,1.0,0.8571,10000.0,2,9.48,1,base
0x0a2854fbbd9b3ef66f17d47284e7f899b9509330,14,1,2026-01-18T00:07:19+00:00,2026-06-02T18:21:01+00:00,7,0.0,0.0,0.4952,0.8163,0.0714,32799843.0,14,135.76,2,base
0x0a374a7d3d057c6f2910beaa177f808984c18124,836,1,2025-12-11T07:01:31+00:00,2026-07-02T08:06:55+00:00,8,0.2751,0.2395,0.549,0.7885,0.6196,1000.0,8,203.05,127,base
0x0a3f25437d6bd0a3a6db1191b909976158d48d56,1,1,2025-11-07T10:27:01+00:00,2025-11-07T10:27:01+00:00,1,0.0,0.0,1.0,1.0,1.0,1000.0,1,0.0,1,base
0x0a51219d1a80213769ec6d79927604492a86b129,2000,0,2025-10-28T18:31:17+00:00,2025-11-01T19:16:51+00:00,1,0.0,0.0,1.0,1.0,0.5,190000.0,2,4.03,1000,base
0x0a5693f42adb42b8c1434f9e54691b2e36abc63a,837,1,2026-03-13T09:51:51+00:00,2026-07-02T13:21:03+00:00,9,0.0,0.0,0.9069,0.9962,0.5078,10000.0,105,111.15,31,base
0x0a5bcdd0d83ca50bb26a1c1b997e6b8b05c1bbab,68,1,2026-04-30T07:47:35+00:00,2026-07-03T01:53:11+00:00,13,0.0,0.0,0.1866,0.3156,0.3382,100000.0,13,63.75,10,base
0x0a7849fc05b5c7a79f297aed70c5a1a7c241cbe9,757,1,2026-03-12T12:36:01+00:00,2026-07-02T13:56:35+00:00,19,0.0,0.0,0.3078,0.484,0.2933,10000.0,166,112.06,30,base
0x0a9af8b00d4d86040e8cf75d48f27aee9fbb80f4,5,1,2026-05-21T02:37:57+00:00,2026-05-21T02:49:03+00:00,1,0.0,0.0,1.0,1.0,1.0,40000.0,1,0.01,5,base
0x0aa9d92361d58b870a6e3ce4bed4b05a9dd658a9,1,1,2026-06-04T09:38:53+00:00,2026-06-04T09:38:53+00:00,1,0.0,0.0,1.0,1.0,1.0,10000.0,1,0.0,1,base
0x0ab4eed2b60b448897ab37cec786affe7eff3dea,1,1,2026-06-13T02:24:23+00:00,2026-06-13T02:24:23+00:00,1,0.0,0.0,1.0,1.0,1.0,1600000.0,1,0.0,1,base
0x0ae5c04bb585cc2fed8f2126d788a3c67558df37,711,1,2025-11-01T05:58:19+00:00,2025-11-04T06:03:19+00:00,1,0.0,0.0,1.0,1.0,0.9353,1000000.0,2,3.0,386,base
0x0b08ae95c0eb67cbee30c4575f69319e2be2f4f5,1,1,2026-06-10T07:19:25+00:00,2026-06-10T07:19:25+00:00,1,0.0,0.0,1.0,1.0,1.0,1050000.0,1,0.0,1,base
0x0b282f1f49a4674769577cd21ed22be29166eb6f,2000,0,2025-10-27T15:51:55+00:00,2025-10-29T14:52:25+00:00,435,0.0,0.0,0.262,0.3606,0.999,1000000.0,3,1.96,1998,base
0x0b55712de2ce8f93be30d53c03d48ea275cd14d0,2000,0,2025-10-31T21:16:17+00:00,2025-11-02T15:36:07+00:00,13,0.0,0.0,0.5684,0.8526,0.9725,1000.0,4,1.76,1950,base
0x0b6e3594df4faa6d66196d5a3271796ad8bb505d,228,1,2026-01-21T00:12:13+00:00,2026-06-29T09:26:07+00:00,24,0.0658,0.0619,0.2913,0.5252,0.6667,10000.0,6,159.38,30,base
0x0b797ccb54574ed07d84597761500e1d1d8db32e,130,1,2025-11-10T15:01:57+00:00,2026-01-01T10:23:03+00:00,3,0.0,0.0,0.9896,0.999,0.7,20000000.0,10,51.81,4,base
0x0b90d72dbbd4e197accce3cc79e9ba00e5bdc990,1,1,2025-11-11T21:06:39+00:00,2025-11-11T21:06:39+00:00,1,0.0,0.0,1.0,1.0,1.0,1000.0,1,0.0,1,base
0x0ba7b77b96a861ba791eff6bd6fcdf80dce10d9c,954,1,2025-11-13T01:12:07+00:00,2025-11-28T03:44:59+00:00,1,0.0,0.0,1.0,1.0,1.0,100000.0,1,15.11,306,base
0x0bb172622db9f247a53c8e2d577aeabf0b81c8ec,32,1,2026-05-05T00:14:57+00:00,2026-06-23T16:54:37+00:00,6,0.0,0.0,0.4702,0.7682,0.9375,1000.0,2,49.69,17,base
0x0bbeff1ee4114976f84d1e1c44150515719fd176,52,1,2026-02-25T19:45:07+00:00,2026-06-21T04:40:59+00:00,5,0.0,0.0,0.5459,0.7146,0.4615,1200.0,17,115.37,20,base
0x0bd943a82673ea7d500c899c7bc548f396c85fdd,3,1,2026-04-21T12:03:55+00:00,2026-04-23T03:52:19+00:00,1,0.0,0.0,1.0,1.0,0.3333,60000.0,3,1.66,1,base
0x0bf63f37b0f512839c001548dc66a6a99bfc019b,2100,1,2026-05-23T22:14:47+00:00,2026-06-28T06:25:03+00:00,18,0.0,0.0,0.0985,0.1895,0.9929,1000.0,3,35.34,2014,base
0x0bfe360bde5b23e9e6043903da2c6a0eb322356b,1,1,2026-01-01T16:43:59+00:00,2026-01-01T16:43:59+00:00,1,0.0,0.0,1.0,1.0,1.0,1000000000.0,1,0.0,1,base
0x0c074c36b81291ba17d0c40fb8720a8fd9d99d2c,1,1,2026-05-26T03:29:57+00:00,2026-05-26T03:29:57+00:00,1,0.0,0.0,1.0,1.0,1.0,10000.0,1,0.0,1,base
0x0c0cc0631ead53a6ad4ff93ee0107907b3173361,1,1,2026-06-30T19:39:35+00:00,2026-06-30T19:39:35+00:00,1,0.0,0.0,1.0,1.0,1.0,10000.0,1,0.0,1,base
0x0c10959af44fc2bbcdf2c276db9e26cf9b44b4cb,14,1,2026-03-09T00:04:59+00:00,2026-03-18T01:41:03+00:00,3,0.0,0.0,0.6429,0.9286,1.0,100000.0,1,9.07,7,base
0x0c3f266605eb8a4998e26392ecd1120430b50a80,3,1,2026-05-19T21:34:33+00:00,2026-05-19T21:35:01+00:00,1,0.0,0.0,1.0,1.0,1.0,40000.0,1,0.0,3,base
0x0c5e82a2de510e4d34478eb93762acbdf2d0d96d,8,1,2026-02-23T19:24:47+00:00,2026-04-09T06:24:33+00:00,7,0.0,0.0,0.25,0.375,1.0,49000000.0,1,44.46,2,base
0x0cc2cdc0eb992860d6c2a216b1dc0895fd2df82f,458,1,2025-08-10T02:49:29+00:00,2026-07-01T07:32:23+00:00,62,0.0,0.0,0.2667,0.4692,0.583,50000.0,3,325.2,88,base
0x0cd2c9724f185a029101b4aeacf3f114415c394f,698,1,2026-04-26T07:22:31+00:00,2026-07-03T02:03:59+00:00,10,0.0,0.0,0.9736,0.9909,0.4799,50000.0,4,67.78,162,base
0x0cfb374ed01c74d2cc335054f93b74df8607637f,15,1,2026-02-25T19:09:37+00:00,2026-04-14T16:24:19+00:00,4,0.0,0.0,0.647,0.9982,0.4667,10000.0,7,47.89,3,base
0x0d14514afe504120b34585a92c40c1e0595fd7f0,1,1,2026-05-25T03:27:05+00:00,2026-05-25T03:27:05+00:00,1,0.0,0.0,1.0,1.0,1.0,110000.0,1,0.0,1,base
0x0d26cb6d6216ff4c1076fa4003227af28f736451,929,1,2025-11-13T01:12:15+00:00,2025-11-28T03:59:47+00:00,1,0.0,0.0,1.0,1.0,1.0,100000.0,1,15.12,284,base
0x0d480a6628aa948d2cc418e7b3d9adabd8f14c9c,7,1,2026-04-15T20:42:27+00:00,2026-05-15T08:56:05+00:00,2,0.0,0.0,0.5804,1.0,0.2857,100000.0,6,29.51,2,base
0x0d49dfd2d43f60806c3a0c0a4196d0df60f843f1,1779,0,2025-10-31T14:30:45+00:00,2025-11-28T03:45:05+00:00,1,0.0,0.0,1.0,1.0,1.0,1000000.0,1,27.55,357,base
0x0d4cf2a298c05719e17654c2a7af16ac1f687bb2,128,1,2025-11-11T01:09:21+00:00,2026-01-01T10:26:39+00:00,2,0.0,0.0,0.998,1.0,0.7109,20000000.0,8,51.39,4,base
0x0d5572e073d986d2ad403e539189511e7663a6b7,152,1,2025-12-23T19:18:07+00:00,2026-06-11T00:41:19+00:00,11,0.0,0.0,0.4803,0.6513,1.0,10000.0,1,169.22,48,base
0x0d6041f6f8fee3b66efb633716af12c2da331d77,2000,0,2025-10-29T14:45:37+00:00,2026-06-29T05:26:07+00:00,31,0.8885,0.9484,0.9484,0.9607,0.57,10000.0,4,242.61,1000,base
0x0d644cfe30f0777ccca6563618d9519d6b8979ac,2000,0,2025-11-05T11:35:51+00:00,2025-11-11T21:47:35+00:00,414,0.0,0.0,0.0487,0.0882,0.5,10000.0,4,6.42,1000,base
0x0d976803fd5a8347037c7ddbaa282e2050efc231,133,1,2026-05-02T08:36:53+00:00,2026-06-20T04:54:09+00:00,36,0.0,0.0,0.0908,0.139,0.1654,400000.0,26,48.85,34,base
0x0dbd3801bcc630f45cc6c25085064778f592e7a0,4,1,2026-05-04T16:03:15+00:00,2026-06-24T18:17:13+00:00,1,0.0,0.0,1.0,1.0,0.5,5000000.0,2,51.09,2,base
0x0dc65cc48282d926c60178db5d540fdf71d86a95,1,1,2026-06-06T04:14:15+00:00,2026-06-06T04:14:15+00:00,1,0.0,0.0,1.0,1.0,1.0,100000.0,1,0.0,1,base
0x0de74c9ecc4f6ca2ea2347aeb654f2ea03153589,39,1,2026-05-02T22:49:39+00:00,2026-05-12T03:01:13+00:00,1,0.0,0.0,1.0,1.0,0.2308,30000.0,6,9.17,5,base
0x0e1fb1ec02da3ceecff96fd179966294dfa2068e,638,1,2025-10-31T15:21:25+00:00,2025-11-04T06:03:17+00:00,1,0.0,0.0,1.0,1.0,0.9984,1000000.0,2,3.61,363,base
0x0e3b28537dfcb8b15b258dac66464f2b9250438d,3,1,2025-11-07T09:31:13+00:00,2025-11-07T09:31:21+00:00,1,0.0,0.0,1.0,1.0,1.0,1000.0,1,0.0,3,base
0x0e525428d66c111672ce58b1bf649a6d167f36b1,62,1,2026-05-16T10:11:11+00:00,2026-07-01T14:41:15+00:00,12,0.0,0.0,0.3871,0.4839,1.0,5000.0,1,46.19,6,base
0x0e7724f8a78e61a91de123c86eb39c8dd359b485,1,1,2026-06-29T19:17:03+00:00,2026-06-29T19:17:03+00:00,1,0.0,0.0,1.0,1.0,1.0,10000.0,1,0.0,1,base
0x0e84ddedaae6a779c462c22a59f301ec31b6b808,2000,0,2026-01-26T15:03:09+00:00,2026-07-03T04:01:09+00:00,207,0.0,0.0,0.5316,0.5886,0.686,1000.0,10,157.54,559,base
0x0e9793a0a058373e46acda362aeaedc837e09aaf,78,1,2025-10-27T23:21:29+00:00,2025-11-03T22:37:51+00:00,56,0.0,0.0,0.5309,0.636,0.5641,1000.0,34,6.97,49,base
0x0e9feff079cc97755cdf746e07dd67233228789a,1,1,2026-06-29T22:58:17+00:00,2026-06-29T22:58:17+00:00,1,0.0,0.0,1.0,1.0,1.0,10000.0,1,0.0,1,base
0x0eb55f09611e33c6b3f974c1951706ee11061690,126,1,2026-06-06T05:37:13+00:00,2026-06-30T10:55:07+00:00,29,0.0,0.0,0.0826,0.1181,0.4444,150000.0,6,24.22,29,base
0x0eba5d314f4f5dcb7a094953fa9311a45172dd1b,70,1,2026-05-18T21:32:09+00:00,2026-07-02T13:23:07+00:00,10,0.0143,0.0084,0.4022,0.6816,0.4,1000.0,6,44.66,8,base
0x0ec8192627ea2560d966f75227777dabbf8811dc,2,1,2026-05-18T04:18:07+00:00,2026-05-23T09:25:11+00:00,1,0.0,0.0,1.0,1.0,0.5,500000.0,2,5.21,1,base
0x0ecb933a1ec2916769e564efb4773db0bf1ead50,971,1,2025-11-24T02:42:15+00:00,2025-11-28T03:55:15+00:00,1,0.0,0.0,1.0,1.0,1.0,1000000.0,1,4.05,337,base
0x0ee3662a2f3262c6545d72d5e281d4d26a025393,1,1,2025-11-07T10:51:17+00:00,2025-11-07T10:51:17+00:00,1,0.0,0.0,1.0,1.0,1.0,1000.0,1,0.0,1,base
0x0f0805ddf407458085e90efca59f3ddddcf57bcd,9,1,2025-11-13T04:04:05+00:00,2025-12-02T14:00:19+00:00,1,0.0,0.0,1.0,1.0,0.1111,227.0,9,19.41,1,base
0x0f082b9f8258247f3ac79e78862d1cc95bbc1be6,36,1,2026-05-23T15:02:25+00:00,2026-06-29T05:51:25+00:00,5,0.0,0.0,0.5737,0.6838,0.1667,150000.0,19,36.62,5,base
0x0f12e5192c0ad92106eda0c7ee6fa07ac3a4b439,22,1,2026-01-31T20:40:47+00:00,2026-07-01T14:38:23+00:00,10,0.0,0.0,0.5447,0.8166,0.2273,1000000.0,12,150.75,8,base
0x0f158cb810b43699a8a80510eadd57059f14104b,1186,1,2025-10-28T10:24:27+00:00,2026-06-19T05:38:49+00:00,509,0.0,0.0,0.0438,0.0616,1.0,1000000.0,1,233.8,1137,base
0x0f2184e1a8301f86b290fc62225746820b0b36df,1364,1,2026-03-12T21:31:33+00:00,2026-06-17T08:17:25+00:00,1,0.0,0.0,1.0,1.0,0.0015,7913815.0,1363,96.45,86,base
0x0f2aac2d0fa97b70338d08af44be77815ecf3463,2,1,2025-10-29T04:45:13+00:00,2025-10-30T03:55:27+00:00,1,1.0,1.0,1.0,1.0,0.5,50000.0,2,0.97,1,base
0x0f44bc538a42c1a799c4b70eea1739d854e92301,3,1,2026-04-25T19:34:03+00:00,2026-04-26T18:07:19+00:00,1,0.0,0.0,1.0,1.0,0.3333,60000.0,3,0.94,2,base
0x0f62731adb85ec9854e6f174e416ac921d608654,1,1,2025-10-28T04:30:23+00:00,2025-10-28T04:30:23+00:00,1,0.0,0.0,1.0,1.0,1.0,100000.0,1,0.0,1,base
0x0f7546edc9dee9959d136194e11df3e3c28101f8,1167,1,2025-10-28T12:06:59+00:00,2026-06-20T04:12:45+00:00,12,0.0009,0.0345,0.2854,0.5037,0.7464,10000.0,5,234.67,118,base
0x0f7708230c218c99aff8bb60b5585737b93ac1d3,6,1,2026-04-27T20:59:43+00:00,2026-05-02T00:27:31+00:00,1,0.0,0.0,1.0,1.0,0.3333,50000.0,5,4.14,1,base
0x0fa1ea90cacde0e0af3e83085b6d6600866de492,6,1,2026-05-25T08:35:23+00:00,2026-06-03T01:50:07+00:00,1,0.0,0.0,1.0,1.0,0.8333,10000.0,2,8.72,2,base
0x0fa6cacebc26c792000e72b28dfea4ad82d8ac81,60,1,2026-05-28T14:57:43+00:00,2026-06-20T03:02:25+00:00,10,0.0,0.0,0.6059,0.9126,0.7,50000.0,4,22.5,29,base
0x0fdb1d8e9fbae0f44dee71ce8f612bb9b260b26d,11,1,2026-05-13T14:04:17+00:00,2026-06-23T15:52:43+00:00,1,0.0,0.0,1.0,1.0,0.3636,500000.0,4,41.08,2,base
0x0fe812a6ba666284e0c414646e694a53f1409393,2000,0,2025-11-10T12:30:17+00:00,2025-11-11T16:24:07+00:00,804,0.0,0.0,0.007,0.013,1.0,1000000.0,1,1.16,1000,base
0x0ff5a6ecef783bba35463ec2f8403b9b5e9e7c86,202,1,2026-04-10T12:39:59+00:00,2026-06-30T15:46:35+00:00,16,0.0,0.0,0.498,0.7381,0.4802,10000.0,5,81.13,24,base
0x101cd32b9beee93845ead7bc604a5f1873330acf,2000,0,2026-02-10T13:31:31+00:00,2026-02-28T18:08:05+00:00,758,0.0,0.0,0.0595,0.0955,1.0,10000.0,1,18.19,711,base
0x1035e11e861aab9fa443491bfeeb0b3152c7a9f3,326,1,2026-04-07T14:34:17+00:00,2026-07-01T14:51:51+00:00,50,0.0,0.0,0.0337,0.0644,1.0,1.0,1,85.01,12,base
0x10365c6946953e590a4e949b9111279123b25b2b,1,1,2026-05-27T15:19:37+00:00,2026-05-27T15:19:37+00:00,1,0.0,0.0,1.0,1.0,1.0,10000.0,1,0.0,1,base
0x103dcc3807045f7f3e1d92f574fdd23a9e8e2c20,25,1,2026-05-18T09:13:53+00:00,2026-05-23T13:20:57+00:00,1,0.0,0.0,1.0,1.0,0.44,12000.0,4,5.17,11,base
0x106703f20f40cb35cec6e01fab0e87649dd030b7,1185,1,2026-03-12T14:02:33+00:00,2026-06-28T11:19:15+00:00,11,0.0,0.0,0.9212,0.9834,0.5097,10000.0,124,107.89,47,base
0x10875c46c5e7a45b062f8fed17694799144d5008,32,1,2025-10-27T15:34:01+00:00,2026-06-21T04:09:27+00:00,12,0.0625,0.0625,0.25,0.4688,1.0,1000000.0,1,236.52,11,base
0x1088cfcc078a93bad0cef48bc767fc639f5badf1,20,1,2025-10-27T23:27:05+00:00,2026-06-12T04:15:35+00:00,5,0.0,0.0,0.7368,0.8684,0.9,100000.0,2,227.2,12,base
0x108bcd8a07c3fdfca3aa500784a8573123a1029f,1393,0,2025-10-27T14:39:03+00:00,2026-07-02T12:26:43+00:00,18,0.0,0.0,0.395,0.695,0.3309,10000.0,34,247.91,186,base
0x10a3fc1842ab9bc5968a730a2c6acda1d2ea2fe1,10,1,2026-03-26T22:10:01+00:00,2026-06-08T06:42:41+00:00,3,0.7,0.9898,0.9898,0.9999,0.2,5000000.0,7,73.36,2,base
0x10b6c0f8ab684816c16b10200f0fcbc83080f33c,1,1,2025-12-15T03:41:07+00:00,2025-12-15T03:41:07+00:00,1,0.0,0.0,1.0,1.0,1.0,2000.0,1,0.0,1,base
0x10c140022927429afb5f7779f4bc5495da8c1e24,2000,0,2026-04-07T22:50:47+00:00,2026-06-18T18:04:11+00:00,1127,0.0,0.0,0.0286,0.0543,0.1585,500000.0,1250,71.8,984,base
0x10c5e2895d3d554a41495f38f4b2b6316fde528f,3,1,2025-10-28T11:26:29+00:00,2025-10-30T03:28:53+00:00,1,1.0,1.0,1.0,1.0,1.0,10000.0,1,1.67,1,base
0x10d1ef50c48531b827945770b53dd70d3185ad4a,1,1,2026-04-23T17:29:39+00:00,2026-04-23T17:29:39+00:00,1,0.0,0.0,1.0,1.0,1.0,600000.0,1,0.0,1,base
0x10d8908d2bc083d5d3efb1cdb9bddcd78a615370,2,1,2026-04-25T19:28:53+00:00,2026-04-26T09:05:37+00:00,1,0.0,0.0,1.0,1.0,0.5,60000.0,2,0.57,1,base
0x10e3562d4eba25362f439cebf27112301b998067,1,1,2026-06-09T16:02:07+00:00,2026-06-09T16:02:07+00:00,1,0.0,0.0,1.0,1.0,1.0,10000.0,1,0.0,1,base
0x10f20a565829426da368acc407a7213d6341413b,2,1,2026-05-25T13:00:05+00:00,2026-05-31T08:56:39+00:00,1,0.0,0.0,1.0,1.0,0.5,10000000.0,2,5.83,1,base
0x110cdbba7fe6434ec4ce3464cc523942ad6fb784,2000,0,2026-01-16T08:13:01+00:00,2026-07-02T14:59:57+00:00,167,0.0,0.0,0.2003,0.3012,0.996,10000.0,2,167.28,513,base
0x112e000f25d0def0360cf0cad50970d39bc32b2e,2000,0,2025-10-27T17:43:55+00:00,2025-10-29T13:23:57+00:00,45,0.557,0.3254,0.3254,0.4025,0.822,1000000.0,2,1.82,1401,base
0x1145201a77ef31665fb53c4ea43a44d7cbae3e5b,20,1,2026-02-15T17:47:31+00:00,2026-06-13T15:35:03+00:00,7,0.0,0.0,0.5,0.65,1.0,10000.0,1,117.91,6,base
0x114f26b15f984262e608b0ecf338d027dbf29691,1,1,2026-05-24T21:28:03+00:00,2026-05-24T21:28:03+00:00,1,0.0,0.0,1.0,1.0,1.0,110000.0,1,0.0,1,base
0x118fae85e5e44a92a1a2b3ed1f16df3ecab4ce58,53,1,2026-05-21T05:43:43+00:00,2026-07-03T01:48:35+00:00,13,0.0,0.0,0.4822,0.769,0.3774,3000.0,6,42.84,13,base
0x11b8d9a6004b2a0bc49b724b310914859130b95a,1,1,2025-11-23T06:21:37+00:00,2025-11-23T06:21:37+00:00,1,0.0,0.0,1.0,1.0,1.0,281.0,1,0.0,1,base
0x11be2c599c6fbc7e597cd998a5ae830b211549e3,1,1,2026-05-12T17:44:13+00:00,2026-05-12T17:44:13+00:00,1,0.0,0.0,1.0,1.0,1.0,10000.0,1,0.0,1,base
0x11f0f7ded99dc92c4d02c680790209868ab7876d,66,1,2026-05-19T01:08:39+00:00,2026-06-12T14:33:51+00:00,1,0.0,0.0,1.0,1.0,0.5758,10000.0,7,24.56,6,base
0x11f591c3496c0632e7b173184f5bc71dc941125d,124,1,2026-05-10T13:43:35+00:00,2026-07-02T17:47:09+00:00,21,0.0,0.0,0.3899,0.6874,0.3548,10000.0,7,53.17,21,base
0x11f94fd0e3b20faf5dedc764d2b3f40dd66f35f2,33,1,2026-01-21T15:07:55+00:00,2026-06-10T16:29:05+00:00,5,0.0,0.0,0.6061,0.7273,1.0,10000.0,1,140.06,9,base
0x1223d566f05ea54e5854434c4552c9f5c2259e0f,654,1,2025-06-02T22:17:57+00:00,2025-12-04T16:30:15+00:00,26,0.0122,0.0137,0.8129,0.8937,0.4969,20000.0,25,184.76,93,base
0x123048cd2d23c9a7444020c0e2f63825efc5441f,2000,0,2025-11-05T12:04:15+00:00,2025-11-28T04:02:55+00:00,1,0.0,0.0,1.0,1.0,0.9995,100000.0,2,22.67,502,base
0x1234567890123456789012345678901234567890,63,1,2025-07-24T09:08:33+00:00,2026-06-21T05:02:25+00:00,12,0.0,0.0,0.8757,0.9107,0.8254,1000.0,3,331.83,10,base
0x127462e296fac1a7f5cf33ba57bb2f0fff5cd0b6,1776,1,2026-05-09T04:51:53+00:00,2026-07-03T03:17:27+00:00,177,0.0,0.0,0.9176,0.9777,0.7038,1000.0,6,54.93,192,base
0x12d72ad2d0a35e75d76f8bc2c509918ac04d170b,573,1,2026-03-19T12:23:29+00:00,2026-06-19T09:58:29+00:00,6,0.0,0.0,0.9568,0.9791,0.3874,10000.0,60,91.9,21,base
0x1304ec1a8945365e43a5c18a734065f107b417ca,929,1,2026-04-30T02:47:49+00:00,2026-07-03T02:20:43+00:00,44,0.0,0.0,0.5932,0.8735,0.3498,50000.0,11,63.98,121,base
0x130623c5128902c67f04f332a9695e352688c777,3,1,2025-10-28T10:54:31+00:00,2025-10-30T00:02:29+00:00,1,1.0,1.0,1.0,1.0,1.0,10000.0,1,1.55,1,base
0x1343c91c3f13d1b813cb44cd20e4b56a449b4abb,2005,1,2026-05-24T18:15:15+00:00,2026-07-01T04:10:27+00:00,1068,0.0,0.0,0.0209,0.0406,0.3347,40000.0,25,37.41,588,base
0x1349d9f15f7fedf0db8f029271a4377573637ca2,58,1,2025-10-27T23:18:47+00:00,2025-11-03T22:50:11+00:00,43,0.0,0.0,0.5931,0.7041,0.5,1000.0,28,6.98,29,base
0x134fefd8142f85bd3e83f5260b9d8965d1007cd7,1695,0,2025-11-02T06:56:13+00:00,2025-11-28T03:40:27+00:00,1,0.0,0.0,1.0,1.0,1.0,1000000.0,1,25.86,343,base
0x1357bef96ec515d250137d7eb712f0395eb5142d,1738,1,2026-02-24T06:57:23+00:00,2026-06-16T04:14:09+00:00,15,0.0,0.0,0.9268,0.9521,0.5063,2000.0,4,111.89,330,base
0x13580b9c6a9afbfe4c739e74136c1da174db9891,50,1,2026-02-24T05:39:49+00:00,2026-07-01T08:49:25+00:00,8,0.0,0.0,0.38,0.58,1.0,100000.0,1,127.13,9,base
0x135baaef9c05fcb4a68a8667d3c048a6b60ac1c4,1,1,2025-10-31T00:07:13+00:00,2025-10-31T00:07:13+00:00,1,0.0,0.0,1.0,1.0,1.0,400000.0,1,0.0,1,base
0x1363c7ff51ccce10258a7f7bddd63baab6aaf678,4272,1,2025-11-13T00:37:19+00:00,2026-07-01T20:26:43+00:00,30,0.0112,0.0153,0.6288,0.8662,0.1845,5000.0,2624,230.83,296,base
0x136431c4f313d43f4ca6542a91bf43bb11c44533,125,1,2025-11-14T06:07:01+00:00,2026-01-01T10:32:21+00:00,2,0.0,0.0,0.9965,1.0,0.728,20000000.0,5,48.18,4,base
0x13684bd2b18b06fb8930b4d7b708bfe764a15877,1,1,2025-11-11T21:04:25+00:00,2025-11-11T21:04:25+00:00,1,0.0,0.0,1.0,1.0,1.0,1000.0,1,0.0,1,base
0x1375899da0b1cfeaffab7b49ff185fe98902df01,1,1,2025-11-23T05:26:23+00:00,2025-11-23T05:26:23+00:00,1,0.0,0.0,1.0,1.0,1.0,320.0,1,0.0,1,base
0x13a79919f9878ebd3d172304573255556dcb7fcf,124,1,2025-11-14T06:08:13+00:00,2026-01-01T10:33:15+00:00,1,0.0,0.0,1.0,1.0,0.7339,20000000.0,4,48.18,4,base
0x13a9e3ee4a25c3c72d67f42044438aabc54f2b96,411,1,2025-11-06T07:09:59+00:00,2026-01-20T21:10:31+00:00,135,0.0,0.0,0.1372,0.2394,0.5523,1035000.0,4,75.58,56,base
0x13bfc43fbcd63c4644bbb672a8d13a3b550eb9a7,2000,0,2026-05-13T10:53:51+00:00,2026-07-02T19:13:35+00:00,39,0.0,0.0,0.0541,0.1082,0.5,2000.0,3,50.35,1000,base
0x13c155ec47fb0a8e3e745b830c97692859fbc5e0,1996,0,2025-10-18T08:48:45+00:00,2026-07-03T02:06:07+00:00,9,0.0,0.0,0.6683,0.9365,0.3768,30000.0,116,257.72,774,base
0x13c4b0d91f60ace3c31736de1618a5a22d6d2466,128,1,2026-04-04T00:44:13+00:00,2026-07-02T13:21:07+00:00,4,0.0,0.0,0.5212,0.9973,0.1406,50000.0,45,89.53,6,base
0x13d576e33f3f071a77380e4f682391e404a94662,1351,1,2026-03-12T21:29:55+00:00,2026-06-17T08:06:09+00:00,1,0.0,0.0,1.0,1.0,0.0007,6555150.0,1351,96.44,85,base
0x13db4caf175f23f1429c2df6b333350c24705192,3301,1,2026-05-05T13:10:33+00:00,2026-07-03T04:00:25+00:00,1,0.0,0.0,1.0,1.0,0.0009,20241832.0,3282,58.62,105,base
0x13e060adcc6f4b731da8382b333027b8b2bff707,261,1,2026-06-19T15:06:17+00:00,2026-07-02T23:20:11+00:00,9,0.0,0.0,0.6057,0.7691,0.6398,50000.0,5,13.34,140,base
0x14075b1378e377ae624fcba1d3af7030315c7851,1,1,2025-10-26T02:14:47+00:00,2025-10-26T02:14:47+00:00,1,0.0,0.0,1.0,1.0,1.0,50322.0,1,0.0,1,base
0x140f59f9f007e3ccf300f413490c84e989baa285,26,1,2026-06-09T16:00:15+00:00,2026-06-11T06:21:01+00:00,23,0.0,0.0,0.1431,0.2113,0.3462,200000.0,8,1.6,13,base
0x141c1c8df39837f7b838f07345c9714f7ce41e56,137,1,2026-05-10T14:19:41+00:00,2026-06-30T17:22:15+00:00,1,0.0,0.0,1.0,1.0,0.9708,2500000.0,4,51.13,54,base
0x1452af43065628a82464bafb8ceba13481db1fce,69,1,2026-04-20T18:47:27+00:00,2026-04-20T19:23:01+00:00,69,0.0,0.0,0.0304,0.0516,0.0145,441442583.0,69,0.02,69,base
0x145e95367d1524505bf44e9589a34b1ea62983c5,2000,0,2025-10-31T07:31:27+00:00,2025-12-24T07:22:17+00:00,103,0.0,0.0,0.4985,0.5075,0.996,29000.0,2,53.99,1000,base
0x14849afa040edeee524a40c52b877fe1b6e6c2c5,123,1,2026-06-01T20:15:13+00:00,2026-07-03T03:22:39+00:00,66,0.0,0.0,0.1858,0.2575,0.7561,69000.0,5,31.3,21,base
0x14a91ec86ec31c951dcf7f8d3af366a1e3496463,2,1,2026-06-09T04:10:15+00:00,2026-06-29T00:36:23+00:00,1,0.0,0.0,1.0,1.0,0.5,600000.0,2,19.85,1,base
0x14ba1c95af3d79d4d2b1fd43d53dd1b1923db8ec,1,1,2026-06-06T12:45:53+00:00,2026-06-06T12:45:53+00:00,1,0.0,0.0,1.0,1.0,1.0,40000.0,1,0.0,1,base
0x14c17463537e0d9c847005c49001b37bb87510eb,5,1,2026-05-22T11:55:59+00:00,2026-05-29T15:41:53+00:00,5,0.0,0.0,0.21,0.41,0.6,106940000.0,3,7.16,3,base
0x14ca2791f2a6c0725de56103966a0bbb593e8ca7,2000,0,2026-01-06T23:04:33+00:00,2026-04-23T16:17:13+00:00,1,0.0,0.0,1.0,1.0,0.014,50.0,1780,106.72,268,base
0x14ea414c061b3bde04419eeeb73a24418ff2d1c4,1,1,2025-11-11T19:08:25+00:00,2025-11-11T19:08:25+00:00,1,0.0,0.0,1.0,1.0,1.0,4000000.0,1,0.0,1,base
0x15061e5cd0bc3c4ea2b2e453a81dd1b41965eac1,977,1,2025-11-01T21:27:25+00:00,2025-11-02T07:52:09+00:00,977,0.0,0.0,0.001,0.0021,0.9857,1000000.0,2,0.43,789,base
0x150947b4105275c794b90051cc16f51960ad0852,12,1,2025-11-11T18:39:09+00:00,2025-12-04T06:12:33+00:00,1,0.0,0.0,1.0,1.0,0.1667,54.0,11,22.48,2,base
0x15179876c595922999c2d5dc7c23cc7711fe799a,553,1,2026-02-28T04:25:15+00:00,2026-06-17T12:49:51+00:00,14,0.0,0.0,0.9175,0.9939,0.4973,10000.0,20,109.35,144,base
0x1538726707212f4db3eb67cec0910422a310475c,750,1,2026-05-13T18:36:27+00:00,2026-07-02T19:05:37+00:00,19,0.0,0.0,0.524,0.8287,0.5467,3000.0,9,50.02,148,base
0x154b1006435e5cfe2206e7777c1003f9438119b1,2000,0,2025-12-18T12:38:25+00:00,2026-06-29T10:03:49+00:00,43,0.0,0.0,0.08,0.149,0.7685,10000.0,2,192.89,481,base
0x15648bc25be96fbef9479424a7db3592cdec5b2c,1,1,2026-05-21T15:22:15+00:00,2026-05-21T15:22:15+00:00,1,0.0,0.0,1.0,1.0,1.0,10000.0,1,0.0,1,base
0x1568d5414a1c93e2f76b73d90f68242cd8b36aa9,1316,0,2025-10-31T12:43:49+00:00,2025-11-28T03:58:59+00:00,1,0.0,0.0,1.0,1.0,0.7865,100000.0,2,27.64,276,base
0x158d20e7c3bca1d20ac37e7e2399f7f4aeafadf4,2000,0,2025-11-05T12:04:15+00:00,2025-11-28T04:02:59+00:00,1,0.0,0.0,1.0,1.0,0.9995,100000.0,2,22.67,526,base
0x158e90dd58fbe897ed8c244f472febee37283d00,2000,0,2026-04-20T10:31:15+00:00,2026-07-01T09:43:11+00:00,3,0.0,0.0,0.5059,0.9996,0.753,10000.0,4,71.97,753,base
0x158ffffd5a1f3b9aff346799285bd27a975fc1cb,29,1,2026-06-05T15:46:45+00:00,2026-07-03T03:50:27+00:00,7,0.0,0.0,0.4801,0.6844,0.1724,980000.0,17,27.5,5,base
0x159be9e316bc5fac8ce05aec4eaae46e8f8a4908,30,1,2026-04-28T11:36:39+00:00,2026-07-02T07:17:31+00:00,3,0.1,0.0287,0.8758,0.9713,0.4667,100000.0,3,64.82,7,base
0x15b64d8a75ef50618f5ff514a71a534e4eeee796,655,1,2025-11-02T06:21:25+00:00,2025-11-04T06:03:19+00:00,1,0.0,0.0,1.0,1.0,1.0,1000000.0,1,1.99,372,base
0x15f9aa89b44fc1344bd35a6fa00c2c33d594e894,3,1,2026-04-25T08:51:41+00:00,2026-04-26T11:32:15+00:00,1,0.0,0.0,1.0,1.0,0.3333,60000.0,3,1.11,2,base
0x1610311958988e0f8ef1119cde66c97e1e613ed9,2,1,2026-05-25T16:25:35+00:00,2026-05-25T16:26:31+00:00,1,0.0,0.0,1.0,1.0,1.0,110000.0,1,0.0,2,base
0x161dbdd73d025e9aedd4918a67c28e5bf9a87fb9,1092,1,2026-05-28T01:25:09+00:00,2026-07-03T01:22:29+00:00,7,0.0,0.0,0.6903,0.8907,0.0412,58668.0,291,36.0,439,base
0x164329ab7baa05b366e75b75b830e65330d3312c,560,1,2026-03-12T10:30:29+00:00,2026-06-17T09:43:21+00:00,6,0.0,0.0,0.9179,0.9564,0.3946,10000.0,61,96.97,21,base
0x1664530dc2a1ca350b1dbad1fc1f1a70c90fe4de,365,1,2026-05-08T19:50:09+00:00,2026-07-01T19:20:29+00:00,13,0.0027,0.0007,0.7139,0.8971,0.2384,200000.0,11,53.98,60,base
0x166c733710dd3fbdc56b09a955b2f4c74f84bf37,5,1,2026-05-16T09:32:05+00:00,2026-05-16T09:32:25+00:00,1,0.0,0.0,1.0,1.0,1.0,60000.0,1,0.0,5,base
0x1677383a7bec2cf618fc98aef68b757bcfc37f27,798,1,2026-05-19T07:41:59+00:00,2026-07-02T08:09:11+00:00,6,0.0,0.0,0.7581,0.9253,0.2043,10500.0,46,44.02,291,base
0x169bf49c6ee5a179190121ab8d180b50e31683d1,190,1,2026-05-12T09:22:29+00:00,2026-07-02T03:50:23+00:00,8,0.0,0.0,0.4609,0.902,0.2526,100000.0,8,50.77,41,base
0x16a6216b77257a0e2a39a5a26b0dd7bf09105b32,1,1,2026-06-08T02:08:07+00:00,2026-06-08T02:08:07+00:00,1,0.0,0.0,1.0,1.0,1.0,10000.0,1,0.0,1,base
0x16b5fe729f2ca544b309844f75e8429ab45151ae,101,1,2026-04-16T06:13:03+00:00,2026-07-01T19:49:43+00:00,8,0.0,0.0,0.4498,0.878,0.5149,10000.0,4,76.57,11,base
0x16f452f90aced51f6ebd0b790eca12d196e42085,41,1,2026-02-03T04:44:25+00:00,2026-06-22T04:20:37+00:00,9,0.0,0.0,0.4788,0.6534,0.8049,2000.0,5,138.98,16,base
0x1700ab33c5aa161897593e3a1dbf2cf1e1dbda50,178,1,2026-03-31T09:16:17+00:00,2026-06-30T05:39:43+00:00,4,0.0,0.0,0.7811,0.9828,0.0787,110000.0,45,90.85,8,base
0x173b668cb8d84352d3f67b39f8b4e9a9cd5ab833,4,1,2026-06-03T10:34:45+00:00,2026-06-16T02:35:45+00:00,1,0.0,0.0,1.0,1.0,0.75,10000.0,2,12.67,1,base
0x1752fc6d0244099ec75caf1276e22208542dde70,2,1,2026-06-17T02:59:11+00:00,2026-06-29T09:23:13+00:00,1,0.0,0.0,1.0,1.0,1.0,980000.0,1,12.27,1,base
0x177eeabf2e5dc7b832138acdfd0f90f2a98637c7,1,1,2026-01-02T12:37:59+00:00,2026-01-02T12:37:59+00:00,1,0.0,0.0,1.0,1.0,1.0,500000000.0,1,0.0,1,base
0x179a862703a4adfb29896552df9e307980d19285,1,1,2026-01-24T23:39:05+00:00,2026-01-24T23:39:05+00:00,1,1.0,1.0,1.0,1.0,1.0,1000000.0,1,0.0,1,base
0x17a138db33c31c4cf001d2e135d02e5c1c534f27,1,1,2026-05-28T11:49:55+00:00,2026-05-28T11:49:55+00:00,1,0.0,0.0,1.0,1.0,1.0,10000.0,1,0.0,1,base
0x17cf15d61026b4cdd26cff6042f8e7d2e0ca5e8d,60,1,2026-03-21T11:40:27+00:00,2026-07-01T04:42:33+00:00,11,0.0,0.0,0.884,0.9669,0.75,10000.0,9,101.71,8,base
0x17e7e9b6839914a29a17a88170d7054c6e44848f,2,1,2026-04-14T08:53:05+00:00,2026-04-16T00:22:45+00:00,1,0.0,0.0,1.0,1.0,0.5,740000.0,2,1.65,1,base
0x182a09f73aeac9ee2f28742ec73d72afc811e24f,5,1,2026-05-16T17:40:21+00:00,2026-05-16T17:41:43+00:00,1,0.0,0.0,1.0,1.0,1.0,60000.0,1,0.0,5,base
0x184105dd4cf0dd72402e68bf12c144ab3cc1799d,1171,0,2025-10-31T12:43:53+00:00,2025-11-28T03:52:05+00:00,1,0.0,0.0,1.0,1.0,0.7711,100000.0,2,27.63,271,base
0x1885a439e7b1db07664fac6bcc24840bd7d527a8,124,1,2026-05-01T12:52:11+00:00,2026-06-30T18:47:41+00:00,10,0.0,0.0,0.1366,0.26,0.4194,100000.0,14,60.25,10,base
0x1888192fac6a69e4cd7d078ec4bcf6f24f7c767b,99,1,2026-05-21T04:23:21+00:00,2026-07-03T03:22:11+00:00,11,0.0,0.0,0.454,0.7205,0.2929,20000.0,10,42.96,23,base
0x1892f72fdb3a966b2ad8595aa5f7741ef72d6085,2000,0,2026-02-10T12:52:27+00:00,2026-06-22T19:42:09+00:00,91,0.0,0.0,0.0609,0.1202,0.008,10000.0,1983,132.28,500,base
0x19090254e3f12024312589c1505befc854dd0ba3,2000,0,2026-04-05T12:17:21+00:00,2026-06-23T14:26:31+00:00,2,0.0,0.0,1.0,1.0,0.4585,10000.0,78,79.09,116,base
0x191751c5fbd3784db6a7c0cb134967c4d049c685,2000,0,2025-10-27T10:16:41+00:00,2025-10-29T13:34:59+00:00,1001,0.0,0.0,0.0155,0.0305,1.0,1000000.0,1,2.14,1555,base
0x191aee992898a3ab526ad2707fdc2cc2b46da820,859,1,2025-10-24T19:39:49+00:00,2026-07-02T22:30:33+00:00,338,0.0,0.0,0.1401,0.2684,0.8056,10000.0,110,251.12,89,base
0x191eaf1d2134aacc2d7209ef5df077e4f134af34,404,1,2026-04-03T15:38:17+00:00,2026-07-01T04:11:03+00:00,8,0.0,0.0,0.9925,0.9984,0.6188,100000.0,9,88.52,131,base
0x1959d220bc95ad94722eb34bee99839228ccc648,1,1,2026-05-12T00:55:01+00:00,2026-05-12T00:55:01+00:00,1,0.0,0.0,1.0,1.0,1.0,700000.0,1,0.0,1,base
0x19a78b27a28ed93c3c914878bde7f2f843afaea8,402,1,2026-03-11T14:59:01+00:00,2026-07-02T15:40:57+00:00,12,0.0,0.0,0.9411,0.97,0.8731,1000.0,7,113.03,248,base
0x19b1614ee8272178d09cddc892faa2c8ccb91268,41,1,2026-01-03T22:38:31+00:00,2026-06-17T01:55:47+00:00,9,0.0,0.0,0.4146,0.6341,1.0,5000.0,1,164.14,11,base
0x19c4de9fcd5ec6fb1c25b9ee1d70e60648ced8f4,13,1,2025-11-11T17:27:23+00:00,2025-12-02T16:50:37+00:00,1,0.0,0.0,1.0,1.0,0.0769,191.0,13,20.97,2,base
0x19d19435eee8c12cff867870fccf7cc96bb3e0b8,6,1,2025-11-13T15:57:07+00:00,2025-12-03T01:13:23+00:00,1,0.0,0.0,1.0,1.0,0.1667,392.0,6,19.39,1,base
0x1a0c324ef0be93061d14156a6fb38e27bec7178c,5,1,2025-10-29T00:58:43+00:00,2025-10-30T12:37:11+00:00,1,0.0,0.0,1.0,1.0,1.0,500000.0,1,1.49,3,base
0x1a0c5213f7a29e2189c9405bcbf0a6ab1dba1466,1,1,2025-11-12T11:08:57+00:00,2025-11-12T11:08:57+00:00,1,0.0,0.0,1.0,1.0,1.0,1000.0,1,0.0,1,base
0x1a42db8d61d7d42897d49be0bed42bb9d1ff5a57,5,1,2026-05-05T10:37:01+00:00,2026-05-05T10:45:57+00:00,1,0.0,0.0,1.0,1.0,1.0,60000.0,1,0.01,5,base
0x1a5d1990397f6c1395517b83414628854bbd7dcd,2000,0,2025-11-05T12:04:15+00:00,2025-11-28T03:53:57+00:00,1,0.0,0.0,1.0,1.0,0.9995,100000.0,2,22.66,501,base
0x1a844d3d724f3ef0c04e39918ceab8cc4fa368d1,2,1,2026-04-13T04:23:03+00:00,2026-04-14T10:52:47+00:00,1,0.0,0.0,1.0,1.0,0.5,40000.0,2,1.27,1,base
0x1aa17f1402cc7b717756ba65ca7ce99eaabd3071,1,1,2026-02-02T13:27:09+00:00,2026-02-02T13:27:09+00:00,1,0.0,0.0,1.0,1.0,1.0,500000000.0,1,0.0,1,base
0x1aa476f4b62b9dffd4d217c6ec6f3ef1cb0b462d,2000,0,2025-10-30T16:21:07+00:00,2025-10-31T14:10:27+00:00,735,0.0,0.0,0.006,0.0095,0.9995,1000000.0,2,0.91,1000,base
0x1ad38cb2fd055b9fcd65664c62fcd322de1a6d43,10,1,2025-11-11T07:40:39+00:00,2025-12-02T16:12:09+00:00,1,0.0,0.0,1.0,1.0,0.1,32277.0,10,21.36,1,base
0x1af9bac167ffba9e083e481bc576cd28d988e141,1326,0,2025-10-31T12:42:23+00:00,2025-11-28T03:59:43+00:00,1,0.0,0.0,1.0,1.0,0.7504,100000.0,2,27.64,295,base
0x1b43981f3ab6f259483b8a3eba664e1db727b2b4,1287,0,2025-10-31T12:43:37+00:00,2025-11-28T03:44:37+00:00,1,0.0,0.0,1.0,1.0,0.7879,100000.0,2,27.63,309,base
0x1b45490fe9ddfe39da7a2803e96a37cd3e4fc021,1,1,2026-04-23T07:55:57+00:00,2026-04-23T07:55:57+00:00,1,0.0,0.0,1.0,1.0,1.0,60000.0,1,0.0,1,base
0x1b4b309a7e658629e2144c65508cb712f8085055,43,1,2026-04-23T12:12:37+00:00,2026-06-23T18:03:29+00:00,5,0.0,0.0,0.48,0.8667,0.4651,2000.0,3,61.24,9,base
0x1b64a52f7a1cccfe257821222458fba0f091cbce,1,1,2026-04-30T04:28:47+00:00,2026-04-30T04:28:47+00:00,1,0.0,0.0,1.0,1.0,1.0,500000.0,1,0.0,1,base
0x1b90c4dd88203ee648dd6868a7ddf530595536ce,12,1,2025-11-11T17:18:47+00:00,2025-12-04T04:45:13+00:00,1,0.0,0.0,1.0,1.0,0.0833,279.0,12,22.48,2,base
0x1bb5dabe390cf04bf743175a1b57a55ce288ae7f,149,1,2025-11-02T13:30:21+00:00,2026-06-23T14:18:53+00:00,46,0.0,0.0,0.1745,0.255,1.0,1000.0,1,233.03,35,base
0x1be773bfb9dd3b1506971552372a92576c9ce382,99,1,2025-10-27T04:27:17+00:00,2025-10-28T03:57:29+00:00,33,0.0,0.0,0.4239,0.5326,0.9293,4204000.0,2,0.98,84,base
0x1bf63c7cd03127193c70cae983277e6a5f96309a,8,1,2025-12-15T19:05:55+00:00,2025-12-15T22:40:03+00:00,1,0.0,0.0,1.0,1.0,0.125,178926726.0,8,0.15,8,base
0x1bf6b8313383685b277ccb88003e42f9c098889d,920,1,2025-11-13T01:12:55+00:00,2025-11-28T03:52:05+00:00,1,0.0,0.0,1.0,1.0,1.0,100000.0,1,15.11,308,base
0x1c15f67f9e2cfa714c6e6a9243cf14b0f18b8ac7,5,1,2026-05-21T17:55:39+00:00,2026-05-21T17:57:51+00:00,1,0.0,0.0,1.0,1.0,1.0,30000.0,1,0.0,5,base
0x1c164c49102be1798ec7e86b332853100f31ba5e,1,1,2025-11-07T10:01:15+00:00,2025-11-07T10:01:15+00:00,1,0.0,0.0,1.0,1.0,1.0,1000.0,1,0.0,1,base
0x1c233157caf59768b0503268dbbd647e51ee644a,3,1,2026-06-19T09:13:37+00:00,2026-06-29T12:35:31+00:00,2,0.0,0.0,0.9153,1.0,0.6667,100000.0,2,10.14,1,base
0x1c327dbe53fc13ed6ceb6899d974e1c93d15fb58,55,1,2026-05-14T03:21:23+00:00,2026-06-30T07:44:39+00:00,7,0.0,0.0,0.2329,0.4439,0.1818,300000.0,17,47.18,7,base
0x1c5ccb6929718aad299495f64d71320207fdbb3d,1069,1,2025-10-31T15:03:07+00:00,2025-11-28T04:02:39+00:00,1,0.0,0.0,1.0,1.0,1.0,1000000.0,1,27.54,361,base
0x1c680703d6cf7dfc9feabb5aa28e64b869ddb3bc,126,1,2026-03-11T01:35:03+00:00,2026-06-22T04:07:03+00:00,13,0.0,0.0,0.2846,0.5662,0.5,5000.0,4,103.11,13,base
0x1c71d8edd98dc1c07631bc133a9274ec83ad982e,1498,1,2025-10-25T14:52:45+00:00,2025-10-25T16:23:29+00:00,70,0.0,0.0,0.1806,0.3304,0.6969,100.0,2,0.06,1498,base
0x1c80e87b2757d5cdef2d274ed063303248d5341a,2,1,2025-10-31T00:06:55+00:00,2025-10-31T00:19:29+00:00,1,0.0,0.0,1.0,1.0,1.0,400000.0,1,0.01,2,base
0x1c8c5413e2c98d5d2e3c3296e19e8b1aa2f99458,253,1,2025-10-31T13:51:51+00:00,2025-11-03T04:44:31+00:00,1,0.0,0.0,1.0,1.0,1.0,100000000.0,1,2.62,103,base
0x1c9a7bd6922ff703510b35358960614decbc4a86,6,1,2026-04-03T19:42:59+00:00,2026-04-24T09:58:45+00:00,1,0.0,0.0,1.0,1.0,0.5,10000000.0,3,20.59,1,base
0x1ce4fc1ce7919641b7ee67c7f44613b6f123cd53,6,1,2025-11-24T18:08:05+00:00,2025-12-01T13:55:57+00:00,1,0.0,0.0,1.0,1.0,0.1667,258.0,6,6.82,1,base
0x1cec447da1915f018bd74006ff6d695468b68dd4,2305,1,2026-05-20T16:21:13+00:00,2026-07-03T03:53:37+00:00,1,0.0,0.0,1.0,1.0,0.0009,28629494.0,2294,43.48,77,base
0x1d1b81247c407521e2a01f3e21514870dcf1620f,182,1,2026-06-25T18:54:11+00:00,2026-07-03T02:57:51+00:00,26,0.0,0.0,0.8275,0.9061,0.4066,10000.0,11,7.34,32,base
0x1d227115e38b99354b6852013d555e4107fe3c95,1,1,2026-07-01T12:42:33+00:00,2026-07-01T12:42:33+00:00,1,0.0,0.0,1.0,1.0,1.0,10000.0,1,0.0,1,base
0x1d857539966b02120cb11a2c82a9a46115fdc79c,3,1,2026-05-18T17:15:21+00:00,2026-05-18T17:15:51+00:00,1,0.0,0.0,1.0,1.0,1.0,60000.0,1,0.0,3,base
0x1d957e0b7f32d5fba96005293f4c1a5e03e54e6a,1,1,2026-06-10T10:48:15+00:00,2026-06-10T10:48:15+00:00,1,0.0,0.0,1.0,1.0,1.0,10000.0,1,0.0,1,base
0x1dbcabdb1c4fb21c9642642143133dcfbd4c4e3d,170,1,2026-03-21T01:55:43+00:00,2026-06-14T07:05:39+00:00,4,0.0,0.0,0.9955,0.9978,0.0941,90000.0,48,85.22,8,base
0x1e1557ef4dee4cdb23592399f28bed9030fbef02,9,1,2026-03-12T14:25:45+00:00,2026-03-15T12:21:19+00:00,6,0.0,0.0,0.9903,0.9967,0.3333,10000.0,5,2.91,4,base
0x1e15e64e815473385b571deec7bce4f0cc262817,71,1,2026-06-02T08:14:57+00:00,2026-07-03T01:12:59+00:00,42,0.0,0.0,0.1268,0.1831,1.0,10000.0,1,30.71,22,base
0x1e2a451bc0a86cf95d8e482c6d136150a13e5a5a,14,1,2025-11-18T22:26:33+00:00,2025-12-03T12:00:01+00:00,1,0.0,0.0,1.0,1.0,0.0714,183.0,14,14.56,3,base
0x1e3fdb6092538627d7db5ef9b789c27f985f3d4f,1,1,2025-10-29T00:57:39+00:00,2025-10-29T00:57:39+00:00,1,0.0,0.0,1.0,1.0,1.0,500000.0,1,0.0,1,base
0x1e4b5cd7a158be252abddd647d0cbc8fce790654,129,1,2025-11-10T15:03:01+00:00,2026-01-01T10:23:15+00:00,2,0.0,0.0,0.9976,1.0,0.7054,20000000.0,9,51.81,4,base
0x1e54dd08e5fd673d3f96080b35d973f0eb840353,2000,0,2025-12-15T21:39:25+00:00,2026-06-12T19:49:21+00:00,16,0.0,0.0,0.6411,0.8943,0.418,10000.0,14,178.92,991,base
0x1e64e04a0db3219b6057ffd49762b9febd5c5944,1,1,2025-11-07T10:14:05+00:00,2025-11-07T10:14:05+00:00,1,0.0,0.0,1.0,1.0,1.0,1000.0,1,0.0,1,base
0x1e8e93cb91778e5b1a3639706789195a838960f8,2000,0,2025-11-12T00:11:41+00:00,2026-07-03T03:52:49+00:00,234,0.0,0.0,0.0112,0.0218,0.441,150000.0,9,233.15,883,base
0x1eadd166b6d8918b0b24268d61069f4cb5d50808,6,1,2025-10-28T13:40:09+00:00,2025-10-30T02:36:53+00:00,1,1.0,1.0,1.0,1.0,1.0,1000.0,1,1.54,4,base
0x1ed98b87f835624cb68bb6d7b63d54d3e76e0ca7,1,1,2025-10-28T11:23:53+00:00,2025-10-28T11:23:53+00:00,1,0.0,0.0,1.0,1.0,1.0,100000.0,1,0.0,1,base
0x1ef8eaef5e908ab6d5d801f737933b33b535e251,1,1,2025-10-28T02:02:47+00:00,2025-10-28T02:02:47+00:00,1,0.0,0.0,1.0,1.0,1.0,100000.0,1,0.0,1,base
0x1f0130669ca6fd02e025a984cc038f139df19a2f,2000,0,2026-06-09T14:01:01+00:00,2026-07-03T04:03:45+00:00,29,0.0,0.0,0.9701,0.9835,0.353,100.0,26,23.59,717,base
0x1f93d79a6884efee10bb49a06277a3a95e802f00,184,1,2025-11-10T14:37:13+00:00,2026-01-01T10:22:21+00:00,39,0.0,0.0,0.77,0.7882,0.5217,20000000.0,23,51.82,6,base
0x1fe34f70d45b2ca06a237c06ecf46fd3510d9eb2,188,1,2026-03-31T08:49:23+00:00,2026-06-10T15:23:43+00:00,3,0.0,0.0,0.988,0.996,0.0851,90000.0,53,71.27,10,base
0x201556005086a166daf5ae153fcbaa3228882b79,1,1,2026-05-13T06:08:49+00:00,2026-05-13T06:08:49+00:00,1,0.0,0.0,1.0,1.0,1.0,10000.0,1,0.0,1,base
0x2016dc45cf7cb004554f6a9105679b8ed742cbc2,1,1,2025-11-11T20:21:35+00:00,2025-11-11T20:21:35+00:00,1,0.0,0.0,1.0,1.0,1.0,1000.0,1,0.0,1,base
0x20243036fed1e865597cd8c85de9696c8440db18,2000,0,2025-11-05T12:04:15+00:00,2025-11-28T03:58:03+00:00,1,0.0,0.0,1.0,1.0,0.9995,100000.0,2,22.66,468,base
0x2038b375c38375a297625e3e0a3e3b954d9431d8,407,1,2026-03-31T06:08:11+00:00,2026-06-22T02:05:33+00:00,3,0.0,0.0,0.9526,0.9792,0.5848,10000.0,42,82.83,33,base
0x20402de54ccad09cd4030a97a6b4efc082afcc2d,1,1,2025-11-11T20:21:29+00:00,2025-11-11T20:21:29+00:00,1,0.0,0.0,1.0,1.0,1.0,1000.0,1,0.0,1,base
0x208c9e5fe1d925e88db5ff23153f0ec2fb091e0e,21,1,2026-06-02T10:59:09+00:00,2026-06-24T06:41:27+00:00,7,0.0,0.0,0.2365,0.4028,0.2381,110000.0,10,21.82,5,base
0x20992371f85e235d4bfba2fca1148d09c87a1368,34,1,2026-05-15T01:43:15+00:00,2026-06-29T07:45:13+00:00,8,0.0,0.0,0.4851,0.7525,0.6765,20000.0,2,45.25,6,base
0x20bce0a39b6a07300706635885fab6bdea47422f,1,1,2026-06-30T19:42:55+00:00,2026-06-30T19:42:55+00:00,1,0.0,0.0,1.0,1.0,1.0,10000.0,1,0.0,1,base
0x20beffad24499e9b3d45dd0971b1d6afb0ae925d,156,1,2026-05-13T13:38:07+00:00,2026-07-02T10:57:13+00:00,55,0.0,0.0,0.3303,0.4614,0.7628,5000.0,4,49.89,49,base
0x20c84933f3ffacff1c0b4d713b059377a9ef5fd1,42,1,2025-11-03T22:13:47+00:00,2026-06-21T05:04:35+00:00,16,0.0,0.0,0.9901,0.9916,0.8571,1000.0,3,229.29,8,base
0x20d2b29e5464808bb08c4c40cd0a06d5ffeabeef,1,1,2026-04-21T05:53:09+00:00,2026-04-21T05:53:09+00:00,1,0.0,0.0,1.0,1.0,1.0,10000.0,1,0.0,1,base
0x211ade81461b6d6191e6f33c237db851f4305fa5,5,1,2026-05-08T05:50:09+00:00,2026-05-08T05:58:39+00:00,1,0.0,0.0,1.0,1.0,0.8,60000.0,2,0.01,5,base
0x21482443b3b5228410e5cc85b7abfac2d2197930,1,1,2026-04-21T01:08:15+00:00,2026-04-21T01:08:15+00:00,1,0.0,0.0,1.0,1.0,1.0,260000.0,1,0.0,1,base
0x2160e8cc180d65a369e7e70a93f46c1176685135,3,1,2026-04-21T13:13:57+00:00,2026-04-23T04:56:05+00:00,1,0.0,0.0,1.0,1.0,0.3333,60000.0,3,1.65,1,base
0x217e5fe265eb78b29067bf8324ef03a7d8e167c4,473,1,2026-06-11T15:45:51+00:00,2026-07-03T03:47:39+00:00,137,0.0,0.0,0.1237,0.174,0.8097,3000.0,6,21.5,60,base
0x2181bd38ad88815bf1450d6833cecac91c96ac18,2,1,2026-01-25T23:03:27+00:00,2026-01-26T16:17:17+00:00,1,0.0,0.0,1.0,1.0,0.5,591627928.0,2,0.72,1,base
0x21af1185734d213d45c6236146fb81e2b0e8b821,87,1,2025-06-27T03:42:17+00:00,2025-11-06T06:53:41+00:00,2,0.0,0.0,0.9788,1.0,0.069,271556.0,57,132.13,9,base
0x21b32b7d95887d4590b5c359f2e404f66f870410,3,1,2026-05-15T11:11:29+00:00,2026-06-09T12:12:25+00:00,2,0.0,0.0,0.8068,1.0,0.3333,256000000.0,3,25.04,2,base
0x21ba2c2f9cb292cf72360776389099dd0e9a3ae0,86,1,2026-06-21T17:41:03+00:00,2026-07-03T00:12:31+00:00,6,0.0,0.0,0.8801,0.9486,0.5349,2000.0,6,11.27,34,base
0x21bce104282d6a089539c34addde152d42a02d0e,1669,1,2026-03-02T04:42:31+00:00,2026-07-01T05:32:13+00:00,35,0.0,0.0,0.6422,0.7803,0.9599,1000.0,12,121.03,374,base
0x21bded8d7b0cfc3cc71ed6a8ee1daae64bfc3f18,127,1,2025-11-10T15:08:45+00:00,2026-01-01T10:24:21+00:00,1,0.0,0.0,1.0,1.0,0.7165,20000000.0,7,51.8,4,base
0x21c12b9c0c2da649e72f19f250b70903784bd0b4,40,1,2026-03-29T02:41:21+00:00,2026-06-13T19:47:49+00:00,8,0.0,0.0,0.575,0.7,1.0,10000.0,1,76.71,19,base
0x21c69e61d1125dc5d3c0b6e6b0c56f7702824738,2,1,2026-05-24T19:39:37+00:00,2026-05-24T19:41:13+00:00,1,0.0,0.0,1.0,1.0,0.5,10000.0,2,0.0,2,base
0x21dd37e3e4ea6ccc0a5c98a4944702ede6e7be10,2000,0,2026-02-01T13:33:45+00:00,2026-07-02T08:40:51+00:00,895,0.0,0.0,0.0527,0.079,0.847,5000000.0,21,150.8,895,base
0x21dfc81726538fcfd7dfb5e4d14aab4475ef8694,706,1,2025-10-26T14:16:43+00:00,2026-06-24T01:00:05+00:00,47,0.0014,0.0014,0.413,0.5925,0.9972,10000.0,3,240.45,70,base
0x21ed5b91b28418202642a321d4050b7018ed938f,189,1,2026-01-21T23:28:45+00:00,2026-06-26T17:57:23+00:00,14,0.0,0.0,0.6954,0.7863,0.5926,1000000.0,4,155.77,55,base
0x21f49e39e58c58c0d4d393503c520a3bbb72020a,1,1,2026-05-25T02:32:19+00:00,2026-05-25T02:32:19+00:00,1,0.0,0.0,1.0,1.0,1.0,10000.0,1,0.0,1,base
0x2215fcc35675b50bf805bc60170176044f625164,8,1,2026-06-04T07:02:27+00:00,2026-06-14T10:13:15+00:00,1,0.0,0.0,1.0,1.0,0.875,10000.0,2,10.13,2,base
0x224ac70a0476f207a0b75818408a6836b3060804,10,1,2026-01-05T03:23:01+00:00,2026-01-05T03:23:19+00:00,10,0.0,0.0,0.1,0.2,1.0,50000.0,1,0.0,10,base
0x22911730c7081a23e1f631fee088845495111087,31,1,2026-05-07T07:08:59+00:00,2026-06-26T13:30:13+00:00,20,0.0,0.0,0.5158,0.6189,0.5161,1000000.0,7,50.26,9,base
0x229ceee6dddb0851e42222969eff4e0e91aa0dbe,54,1,2025-10-27T23:20:45+00:00,2025-11-03T22:07:43+00:00,41,0.0185,0.0,0.5577,0.698,0.4815,1000.0,27,6.95,28,base
0x22a2e19bdbe9f3ffef652fcbc3cdd0f67147ef38,109,1,2026-03-01T05:17:13+00:00,2026-06-23T14:10:41+00:00,7,0.0,0.0,0.2586,0.5074,0.6972,1000.0,2,114.37,27,base
0x22a724185c6940239ac3260ebe591c41f986181b,5,1,2026-05-15T01:59:15+00:00,2026-05-15T02:04:27+00:00,1,0.0,0.0,1.0,1.0,1.0,60000.0,1,0.0,5,base
0x22dbc92b3d871e460d0c3ee767c1a086c9caf68f,1,1,2026-04-05T15:41:17+00:00,2026-04-05T15:41:17+00:00,1,0.0,0.0,1.0,1.0,1.0,10000.0,1,0.0,1,base
0x22de39071d40fbfdc0962c34c593fb863da75df6,123,1,2026-06-26T10:32:37+00:00,2026-07-03T04:03:47+00:00,63,0.0,0.0,0.161,0.2119,0.8293,20000.0,4,6.73,31,base
0x22ede64b1c395d20a06f7df72a523bc7331dda43,71,1,2026-01-13T19:02:03+00:00,2026-03-03T04:00:33+00:00,1,0.0,0.0,1.0,1.0,0.1268,15000000.0,40,48.37,9,base
0x22fa37aca3206d3032fec3f7c97edbbefb729b4c,8,1,2026-05-29T13:17:01+00:00,2026-06-04T23:26:21+00:00,1,0.0,0.0,1.0,1.0,0.875,10000.0,2,6.42,3,base
0x2305b8375b5591f0ef893265c626cf57fa88b65e,3,1,2026-05-03T17:00:29+00:00,2026-05-29T02:56:31+00:00,1,0.0,0.0,1.0,1.0,0.3333,600000.0,3,25.41,1,base
0x23235431e67bd0ed66233e3195f12df79e0239c1,17,1,2026-03-16T09:17:27+00:00,2026-06-23T13:43:31+00:00,5,0.0,0.0,0.9902,0.9979,0.1765,20000000.0,13,99.18,4,base
0x2326a34d0d5508952b71470ca33a08e1ecec9d43,5,1,2026-05-15T21:43:05+00:00,2026-05-15T21:44:19+00:00,1,0.0,0.0,1.0,1.0,1.0,60000.0,1,0.0,5,base
0x232727519e838b25e17cb0177322e634a82ac6f9,404,1,2026-04-02T07:07:09+00:00,2026-06-26T00:40:23+00:00,1,0.0,0.0,1.0,1.0,0.6782,10000.0,77,84.73,33,base
0x234864febc3ad18fc99620c576729bdebfb62bcb,263,1,2026-04-09T11:59:47+00:00,2026-07-03T00:50:43+00:00,84,0.0,0.0,0.1064,0.2101,0.5019,1000.0,7,84.54,62,base
0x2367a3919969e8bc13c46e62932d1630d5ada5bd,1,1,2025-10-30T23:10:33+00:00,2025-10-30T23:10:33+00:00,1,0.0,0.0,1.0,1.0,1.0,1000000.0,1,0.0,1,base
0x237371f8b372a02b58fb430eb564b7c5cb936f75,652,1,2026-04-23T18:31:27+00:00,2026-06-23T18:54:47+00:00,15,0.0,0.0,0.2196,0.4226,0.5951,1000.0,5,61.02,63,base
0x2383fd140375d542d6d3ae98dc2911bf02b9fbf1,2000,0,2025-11-08T10:43:59+00:00,2025-11-09T04:25:45+00:00,542,0.0,0.0,0.018,0.0309,0.972,1000000.0,2,0.74,1935,base
0x23a66138a8e86673a1d77697fcc7681b64a93b04,1,1,2026-04-02T07:37:31+00:00,2026-04-02T07:37:31+00:00,1,0.0,0.0,1.0,1.0,1.0,260000.0,1,0.0,1,base
0x23d931f95831cee50b5f5edf4d0e88270f6c8411,461,1,2026-05-20T15:32:13+00:00,2026-07-02T18:07:53+00:00,43,0.0,0.0,0.2859,0.568,0.8677,10000.0,7,43.11,146,base
0x23dd212673be4f7713189881ab53dd58ea6ca0bb,1,1,2026-04-23T09:55:59+00:00,2026-04-23T09:55:59+00:00,1,0.0,0.0,1.0,1.0,1.0,60000.0,1,0.0,1,base
0x23f1bb9b7227fd4da8a720225cfa094ba2a2606a,7,1,2026-02-25T11:08:15+00:00,2026-03-23T07:11:23+00:00,1,0.0,0.0,1.0,1.0,0.7143,100000000.0,3,25.84,1,base
0x23f670caa73fd66cf5c5927faf7a6f8fa61fcaab,19,1,2025-11-17T21:54:05+00:00,2025-12-03T22:47:37+00:00,1,0.0,0.0,1.0,1.0,0.0526,726.0,19,16.04,4,base
0x244ffbc6494a5e5c38496a2b6646c60c086bcab9,2590,1,2026-04-14T03:34:09+00:00,2026-07-03T04:01:59+00:00,54,0.005,0.0179,0.771,0.7889,0.9965,10000.0,8,80.02,281,base
0x2461392b378301c118988896b1edae15072fc439,2000,0,2025-10-25T05:42:15+00:00,2025-10-29T06:57:57+00:00,43,0.0,0.0,0.3651,0.4481,0.988,100000.0,4,4.05,998,base
0x247aedb5987a98cd9b5b345e6cac9cfcc66df955,12,1,2026-04-30T04:44:55+00:00,2026-06-14T06:03:11+00:00,2,0.0,0.0,0.8571,1.0,0.9167,100000.0,2,45.05,2,base
0x2488c553fb6514099dc825e4360f507c44d88f31,13,1,2025-11-12T07:24:47+00:00,2025-12-04T06:34:21+00:00,1,0.0,0.0,1.0,1.0,0.0769,352.0,13,21.96,2,base
0x2489e2d8c275326e52d72db91c686ce4c6e37a0f,136,1,2026-06-13T01:08:41+00:00,2026-07-01T06:14:45+00:00,40,0.0,0.0,0.7303,0.8903,0.2426,20000.0,18,18.21,33,base
0x24b477ba3d5d0674c03d057e2e3ce91fec66e5c9,79,1,2025-10-27T23:44:59+00:00,2025-11-03T22:15:15+00:00,55,0.0,0.0,0.1568,0.3013,0.5316,1000.0,36,6.94,49,base
0x24ce1e39d514e235bf1245694686ed3aea711005,1,1,2026-03-31T15:06:01+00:00,2026-03-31T15:06:01+00:00,1,0.0,0.0,1.0,1.0,1.0,620000.0,1,0.0,1,base
0x24d231d18e12b657002ac544de31952760ec4979,23,1,2026-06-03T15:07:57+00:00,2026-06-20T07:54:29+00:00,7,0.0,0.0,0.3349,0.4946,0.2609,150000.0,13,16.7,8,base
0x24d86b64a47b3d18ffd69435d8a5838bfa81a624,1,1,2026-05-25T11:43:55+00:00,2026-05-25T11:43:55+00:00,1,0.0,0.0,1.0,1.0,1.0,10000.0,1,0.0,1,base
0x24facafeb49b4e3facf0b3e69604a2f4640c9bf2,1235,1,2026-04-24T14:35:49+00:00,2026-07-03T03:31:19+00:00,159,0.0,0.0,0.4103,0.6062,0.587,1000.0,8,69.54,203,base
0x24fe6d494ae5eb70b9dc61a08d2dcb100837cc70,2000,0,2025-11-23T15:29:39+00:00,2025-11-28T04:02:01+00:00,1,0.0,0.0,1.0,1.0,1.0,100000.0,1,4.52,521,base
0x252db923376a28a8160a14e8580b7cfcf7f55976,1,1,2025-11-07T10:31:17+00:00,2025-11-07T10:31:17+00:00,1,0.0,0.0,1.0,1.0,1.0,1000.0,1,0.0,1,base
0x2533e086f63c62cdb9354f1addada80e31aff233,71,1,2026-05-08T23:41:23+00:00,2026-06-11T04:13:05+00:00,9,0.0,0.0,0.1523,0.262,0.338,150000.0,14,33.19,17,base
0x2534c23b0a7bbf68666c853bf54722629587cdd1,62,1,2025-10-27T23:19:55+00:00,2025-11-03T22:16:47+00:00,49,0.0,0.0,0.4794,0.5616,0.4677,1000.0,33,6.96,33,base
0x254a0e18f16c40ed2df3096cf7364d788bed083d,1,1,2026-04-21T04:34:57+00:00,2026-04-21T04:34:57+00:00,1,0.0,0.0,1.0,1.0,1.0,10000.0,1,0.0,1,base
0x25668fc2a098057ad6621a9dc6f126a23a554938,5,1,2026-06-09T06:55:35+00:00,2026-06-13T02:23:03+00:00,1,0.0,0.0,1.0,1.0,1.0,10000.0,1,3.81,1,base
0x2580556bebc20bf4ef1054704d1f3b3d57078e87,37,1,2025-11-19T16:11:03+00:00,2026-06-19T04:56:25+00:00,16,0.027,0.0444,0.2667,0.4,0.7838,50000.0,2,211.53,9,base
0x25a996d578829a671c747508c5b0521295b596c8,5,1,2026-04-26T11:01:05+00:00,2026-04-28T13:51:05+00:00,1,0.0,0.0,1.0,1.0,1.0,60000.0,1,2.12,3,base
0x25dedc3166b22eaab05aa65fe18af9aff35f9ca7,2,1,2026-06-15T12:12:57+00:00,2026-06-16T06:52:25+00:00,1,0.0,0.0,1.0,1.0,0.5,10000.0,2,0.78,1,base
0x25ed717c72ee305ecbb3eb398371bec967c7f2ac,5,1,2025-11-10T17:43:59+00:00,2025-11-10T17:48:55+00:00,1,0.0,0.0,1.0,1.0,1.0,1000.0,1,0.0,5,base
0x25f3f8518fcca98a99ea08c02e15b5309144be5a,1,1,2026-04-26T16:07:29+00:00,2026-04-26T16:07:29+00:00,1,0.0,0.0,1.0,1.0,1.0,50000.0,1,0.0,1,base
0x25fc36613c2f353d7388ff21c1114fa7008a2899,2,1,2025-11-12T09:28:25+00:00,2025-11-23T09:10:01+00:00,1,0.0,0.0,1.0,1.0,0.5,473.0,2,10.99,1,base
0x260e18591371a6e7a3da0ac5f9d47ff06508b61f,46,1,2026-06-01T14:19:45+00:00,2026-06-21T05:03:41+00:00,6,0.0,0.0,0.5,0.7756,0.5652,30000.0,8,19.61,12,base
0x260fbe1ec46968ee02e5b972507d7bb7f09f82b0,1210,1,2026-05-25T05:30:25+00:00,2026-07-03T02:47:09+00:00,106,0.0,0.0,0.5535,0.7353,0.1992,1000.0,23,38.89,203,base
0x262700f2ee1458df9bb71ae6e7807924dace4451,1,1,2025-12-24T03:36:19+00:00,2025-12-24T03:36:19+00:00,1,0.0,0.0,1.0,1.0,1.0,2000.0,1,0.0,1,base
0x26338ad8ef7da7dbaeece6e16abd916baf132223,4493,1,2026-04-25T20:27:41+00:00,2026-06-30T20:18:57+00:00,14,0.0,0.0,0.6256,0.9908,0.241,59.0,2449,65.99,758,base
0x263571041e091f3db7aa10eccee21432446d72a7,1,1,2026-05-06T02:24:29+00:00,2026-05-06T02:24:29+00:00,1,0.0,0.0,1.0,1.0,1.0,10000.0,1,0.0,1,base
0x2646c377ea6d171e230fa64d0377466746969dfb,404,1,2026-02-07T09:44:11+00:00,2026-06-30T15:56:21+00:00,20,0.0,0.0,0.3936,0.5886,0.3119,10000.0,7,143.26,58,base
0x264f79fdb67714db31e383e733aa1db5f6f37a91,31,1,2026-05-25T18:57:45+00:00,2026-06-25T13:54:45+00:00,8,0.0,0.0,0.4898,0.6531,0.9355,10000.0,2,30.79,10,base
0x2667cb8d201c88d81548ae649bfaa8d86b4859b8,82,1,2025-07-28T23:05:51+00:00,2025-08-10T14:49:39+00:00,76,0.0122,0.0126,0.0378,0.063,0.9634,10000000.0,3,12.66,14,base
0x2670b922ef37c7df47158725c0cc407b5382293f,1600,1,2026-03-25T18:54:31+00:00,2026-07-03T03:29:27+00:00,115,0.0,0.0,0.2166,0.3134,0.8631,10000.0,10,99.36,51,base
0x26b354827942a0802552e433d357c78d78d2e987,176,1,2025-11-18T17:06:23+00:00,2026-06-23T14:40:13+00:00,23,0.0,0.0,0.3879,0.4997,0.8352,100000.0,5,216.9,26,base
0x26b38245ad5fb54f4618c92cfd850b2e8754a9b0,306,1,2026-03-19T12:22:19+00:00,2026-06-04T09:46:39+00:00,5,0.0,0.0,0.8689,0.9873,0.1209,100000.0,76,76.89,15,base
0x26bbf0f6bc7a6492e4029327f2ef7c1363f9b4f6,123,1,2026-04-20T19:50:01+00:00,2026-06-23T15:07:25+00:00,10,0.0,0.0,0.2927,0.4959,1.0,10000.0,1,63.8,68,base
0x26e4f8d6629d24564564c262815ef2d0039202b0,45,1,2026-04-05T18:03:01+00:00,2026-06-19T14:42:15+00:00,2,0.0,0.0,0.6404,1.0,0.8667,1000.0,3,74.86,22,base
0x27359b3d5081b5cd150dce32b4580c9cb79100be,7,1,2026-04-19T01:32:05+00:00,2026-06-10T03:28:37+00:00,1,0.0,0.0,1.0,1.0,0.4286,150000.0,5,52.08,1,base
0x274a1e66972780f61176f2e25c49d8c1b8d925b0,44,1,2026-02-06T15:07:03+00:00,2026-06-04T18:52:03+00:00,9,0.0,0.0,0.5,0.7604,0.6818,10000.0,3,118.16,11,base
0x274b2611b6e637638f96cc32109922b0d92ed78a,1,1,2026-06-29T22:28:25+00:00,2026-06-29T22:28:25+00:00,1,0.0,0.0,1.0,1.0,1.0,10000.0,1,0.0,1,base
0x275771a0aeb2b058728dbcd39170cb294e5ce316,2,1,2026-03-06T16:05:37+00:00,2026-03-08T00:27:19+00:00,1,0.0,0.0,1.0,1.0,0.5,100000000.0,2,1.35,1,base
0x27599d824bbb4f506f985af865d840f61ba848c8,2000,0,2025-11-01T05:43:05+00:00,2026-01-12T09:40:55+00:00,162,0.0,0.0,0.02,0.0395,1.0,100000.0,1,72.17,1000,base
0x276c5dca140291c9083513355b39f0dd8776eb01,266,1,2026-02-03T04:15:01+00:00,2026-06-14T17:19:01+00:00,34,0.0,0.0,0.5117,0.6728,0.688,10000.0,6,131.54,38,base
0x27753037882b16ce9cf17b77c2b3621f702f8882,2,1,2025-10-30T01:41:19+00:00,2025-10-30T13:22:49+00:00,1,0.0,0.0,1.0,1.0,1.0,500000.0,1,0.49,2,base
0x2793a916ddc38ea5e26c4d1576d31aaec229d696,2442,1,2025-11-02T04:58:59+00:00,2025-11-02T13:11:55+00:00,1192,0.0,0.0,0.0017,0.0035,0.5115,1000000.0,15,0.34,2442,base
0x27e7fdcc23b6c1b91337eeedeb8f1439b766d8bc,1,1,2026-05-01T07:52:47+00:00,2026-05-01T07:52:47+00:00,1,0.0,0.0,1.0,1.0,1.0,100000.0,1,0.0,1,base
0x27e8869c765c4acb8e3c791b0eb632526d21fe90,1,1,2026-05-15T16:13:11+00:00,2026-05-15T16:13:11+00:00,1,0.0,0.0,1.0,1.0,1.0,5000000.0,1,0.0,1,base
0x27efee9a9870e3c957f9b54e5a842e049cbff004,1,1,2025-10-28T03:51:35+00:00,2025-10-28T03:51:35+00:00,1,0.0,0.0,1.0,1.0,1.0,100000.0,1,0.0,1,base
0x27f1ca0cf425f3a64dd6d7a95f75f8f5907bf72f,127,1,2025-11-10T15:09:29+00:00,2026-01-01T10:24:33+00:00,1,0.0,0.0,1.0,1.0,0.7165,20000000.0,7,51.8,4,base
0x27f2ffd93d8ac4cf13141390b104db8abb1e841a,1,1,2026-06-02T23:54:59+00:00,2026-06-02T23:54:59+00:00,1,0.0,0.0,1.0,1.0,1.0,2285472.0,1,0.0,1,base
0x28420b549be2a36f7c7c059240fc1fd1d70d5702,326,1,2026-05-08T03:21:51+00:00,2026-06-21T18:09:29+00:00,43,0.0,0.0,0.0533,0.1011,0.0798,480000.0,155,44.62,42,base
0x284af3601e54fabc57c5fbd634c21820e299c90c,1,1,2025-11-06T15:20:25+00:00,2025-11-06T15:20:25+00:00,1,0.0,0.0,1.0,1.0,1.0,1000.0,1,0.0,1,base
0x284c49f3a65e691221f7ff4dbd1fffcce134e104,71,1,2025-10-27T23:42:55+00:00,2025-11-03T22:19:17+00:00,49,0.0141,0.0,0.1917,0.3203,0.5493,1000.0,32,6.94,32,base
0x287b7bf6124d42f7ca0a5e7f74bc4243f5cbc732,1,1,2025-12-16T08:56:51+00:00,2025-12-16T08:56:51+00:00,1,0.0,0.0,1.0,1.0,1.0,1000000000.0,1,0.0,1,base
0x28d455d70a3d2d2adf50f8a966483341f365a5a7,120,1,2025-11-17T01:28:11+00:00,2025-12-31T15:34:01+00:00,2,0.0,0.0,0.9929,1.0,0.75,20000000.0,5,44.59,4,base
0x28dc25bf88bf06fc0a3af1747d1aa4a21f313ed0,29,1,2026-06-09T14:10:55+00:00,2026-06-21T15:33:57+00:00,3,0.0,0.0,0.8353,0.9451,0.5517,10000.0,5,12.06,10,base
0x28f369806b6d1dd48f53efd85d71aa313c7cbcbc,10,1,2025-11-13T05:28:31+00:00,2025-12-02T15:07:41+00:00,1,0.0,0.0,1.0,1.0,0.2,65.0,9,19.4,1,base
0x28ff8d6664b9a612acd26e9bb04b737c8b887cd6,6,1,2026-05-26T16:34:25+00:00,2026-06-11T13:19:25+00:00,1,0.0,0.0,1.0,1.0,0.1667,200000.0,6,15.86,1,base
0x29273a33aaf39670ff8271aba9251f099cbe771a,1,1,2025-10-27T09:06:05+00:00,2025-10-27T09:06:05+00:00,1,0.0,0.0,1.0,1.0,1.0,162.0,1,0.0,1,base
0x29322ea7ecb34aa6164cb2ddeb9ce650902e4f60,2000,0,2026-02-20T06:49:31+00:00,2026-07-03T03:36:01+00:00,172,0.0,0.0,0.3146,0.5183,0.395,10000.0,7,132.87,457,base
0x2940abe6cee08195d3e8ba8104894581358e8a09,124,1,2025-11-14T06:07:41+00:00,2026-01-01T10:32:53+00:00,1,0.0,0.0,1.0,1.0,0.7339,20000000.0,4,48.18,4,base
0x295bd155ea274b4955395724012cf7e8d4d478d2,7,1,2026-05-26T12:32:21+00:00,2026-06-04T00:50:53+00:00,1,0.0,0.0,1.0,1.0,0.8571,10000.0,2,8.51,1,base
0x297766959cf016afedba42a43d86a5d902d21296,1,1,2025-11-07T13:03:23+00:00,2025-11-07T13:03:23+00:00,1,0.0,0.0,1.0,1.0,1.0,1000.0,1,0.0,1,base
0x29ce2755fc98952528c2eb7f2fb9e496dec0f88c,1,1,2026-05-25T03:12:33+00:00,2026-05-25T03:12:33+00:00,1,0.0,0.0,1.0,1.0,1.0,110000.0,1,0.0,1,base
0x29d7122eb8b37206f71b318200469a9189ca274c,7,1,2026-06-04T09:58:39+00:00,2026-06-16T02:18:51+00:00,1,0.0,0.0,1.0,1.0,0.8571,10000.0,2,11.68,1,base
0x29ef82b3cf12c6e71fcfc4cc40678e1b02f95a91,111,1,2025-10-27T03:09:57+00:00,2026-06-23T16:01:59+00:00,8,0.0,0.0,0.7068,0.9319,0.8198,200000.0,2,239.54,34,base
0x29f1ec7447eb9f1d385588932917ebd483084fa7,32,1,2025-10-27T23:44:21+00:00,2025-11-03T22:50:39+00:00,26,0.0,0.0,0.5472,0.7058,0.0938,1000.0,28,6.96,29,base
0x2a0021ee12ef45601fea0b16ecc00e759e846ae3,1,1,2025-11-11T19:11:35+00:00,2025-11-11T19:11:35+00:00,1,0.0,0.0,1.0,1.0,1.0,4000000.0,1,0.0,1,base
0x2a02ec1256daed3cc2422f87df5c00f68846acd4,1854,0,2025-11-01T10:08:19+00:00,2025-11-28T03:54:59+00:00,1,0.0,0.0,1.0,1.0,1.0,1000000.0,1,26.74,370,base
0x2a1f0724765f5266f447cf8ba3a61a7fa7b25c35,102,1,2026-05-26T14:43:43+00:00,2026-06-14T03:37:11+00:00,50,0.0,0.0,0.0509,0.0931,0.0588,1000000.0,67,18.54,46,base
0x2a47e248ee3b5f3e680b5f6b5832e5ef1206b7e3,140,1,2026-01-23T04:06:29+00:00,2026-06-25T01:55:13+00:00,29,0.0,0.0,0.2571,0.5071,1.0,1000.0,1,152.91,20,base
0x2a4c2e75610c210d9fc5800d588702a3193efe3c,3,1,2025-10-28T10:44:51+00:00,2025-10-30T01:12:11+00:00,1,1.0,1.0,1.0,1.0,0.6667,1.0,2,1.6,1,base
0x2a5075a5b7d8e652f2d6e103e1dd4130aae0f089,2000,0,2025-10-24T13:04:13+00:00,2025-10-29T12:20:49+00:00,383,0.0,0.0,0.076,0.1245,1.0,1000000.0,1,4.97,1000,base
0x2a835a505d4ea32372cc420d2663b885ce089453,416,1,2025-11-09T04:00:23+00:00,2026-07-02T13:40:35+00:00,110,0.0,0.0,0.8665,0.9344,0.7812,10000.0,18,235.4,28,base
0x2a8fd2c21fcf42d5705010d266266c6c3cbc4cbb,9,1,2025-11-11T20:34:51+00:00,2025-12-04T08:06:03+00:00,1,0.0,0.0,1.0,1.0,0.1111,410.0,9,22.48,1,base
0x2a9d83aaa5d4985ef4b958629468fef4f6e86231,1347,0,2025-10-31T12:42:13+00:00,2025-11-28T03:58:57+00:00,1,0.0,0.0,1.0,1.0,0.7602,100000.0,2,27.64,295,base
0x2aa59f30f4eea0e7406721d29de7f6012570df25,2000,0,2025-11-23T15:29:39+00:00,2025-11-28T04:02:01+00:00,1,0.0,0.0,1.0,1.0,1.0,100000.0,1,4.52,540,base
0x2ae7542f91ae6ba1761422c817d35d8ddaf77e9d,271,1,2025-11-11T01:07:59+00:00,2026-01-01T10:28:15+00:00,68,0.0,0.0,0.5993,0.616,0.3395,20000000.0,24,51.39,7,base
0x2b000a173227d53cfa2407ac48cd13137251b4a8,2000,0,2025-11-23T15:29:41+00:00,2025-11-28T04:02:37+00:00,1,0.0,0.0,1.0,1.0,1.0,100000.0,1,4.52,533,base
0x2b0d2dc5241be689a70355dcba8439ded3e20953,1,1,2026-06-05T03:10:41+00:00,2026-06-05T03:10:41+00:00,1,0.0,0.0,1.0,1.0,1.0,40000.0,1,0.0,1,base
0x2b60e27be6bf979de4ed769838a8ddbb8afe7392,244,1,2026-06-04T11:31:09+00:00,2026-07-03T04:08:13+00:00,92,0.0,0.0,0.1753,0.3019,0.918,5000.0,3,28.69,49,base
0x2b6d4988db4723e6908db86ab2b8dfbc51fc32c5,5432,1,2026-05-29T01:41:37+00:00,2026-07-03T04:05:41+00:00,246,0.0,0.0,0.5794,0.6832,0.305,1000.0,53,35.1,776,base
0x2ba62f69b18fa2fc4a01fd0b8c14219f7913c51c,244,1,2025-10-25T14:57:31+00:00,2025-10-25T19:28:07+00:00,27,0.0,0.0,0.2353,0.4019,0.8566,10000000.0,2,0.19,244,base
0x2bb72231eed303cc91a462a1fa738b42b6a9ac6d,2000,0,2026-04-17T21:36:35+00:00,2026-06-28T12:02:11+00:00,49,0.0,0.0,0.5588,0.6729,0.4985,1000.0,6,71.6,1000,base
0x2bc07be9c73492e283ebec0c6706102e55befc93,1040,1,2025-11-02T06:56:13+00:00,2025-11-28T03:54:23+00:00,1,0.0,0.0,1.0,1.0,1.0,1000000.0,1,25.87,354,base
0x2bd0aec63aa0fb17219fe7c7ea0f0b7d64b87625,2000,0,2026-03-27T17:29:55+00:00,2026-06-18T06:06:47+00:00,31,0.0,0.0,0.2933,0.4673,0.503,1000.0,12,82.53,502,base
0x2bd0d37ad5aeb2645708d9fbfb1e24579caec141,1,1,2026-07-01T18:01:57+00:00,2026-07-01T18:01:57+00:00,1,0.0,0.0,1.0,1.0,1.0,10000.0,1,0.0,1,base
0x2be7d5bfbe7bdbb63e5c83f3a663aa05b29f77cb,68,1,2026-04-20T18:47:35+00:00,2026-04-20T19:22:39+00:00,68,0.0,0.0,0.0213,0.0415,0.0147,562619625.0,68,0.02,68,base
0x2c241195dd94ebc926e08649dbf27e8ea6e50b09,1,1,2025-11-07T13:00:53+00:00,2025-11-07T13:00:53+00:00,1,0.0,0.0,1.0,1.0,1.0,1000.0,1,0.0,1,base
0x2c42e7ea941756b0953be52a34fb696305d90412,1,1,2025-12-08T15:38:29+00:00,2025-12-08T15:38:29+00:00,1,0.0,0.0,1.0,1.0,1.0,10000.0,1,0.0,1,base
0x2c4b1329e955d4eaa1437d7f265e0422bb8d3313,8,1,2026-05-05T15:48:15+00:00,2026-05-25T04:58:17+00:00,1,0.0,0.0,1.0,1.0,0.125,60000.0,8,19.55,1,base
0x2c6be964d6effce6a4adc69ba5916ef764a8f203,406,1,2025-11-10T15:30:15+00:00,2026-01-01T10:29:29+00:00,84,0.0,0.0,0.4235,0.4414,0.2315,20000000.0,25,51.79,11,base
0x2c802dc0699378a22b1d303055305bf291de3d87,32,1,2026-06-03T23:25:29+00:00,2026-06-03T23:26:53+00:00,32,0.0,0.0,0.1071,0.2019,0.0312,5612349.0,32,0.0,32,base
0x2cc97f5fbc5f5a22b014d08999cafb63a6c407bd,808,1,2026-03-16T09:28:03+00:00,2026-07-02T13:21:05+00:00,8,0.0012,0.0,0.7946,0.9669,0.3874,10000.0,100,108.16,28,base
0x2ccf912fa3598e8cf0393ff782316212c65c8ec4,268,1,2025-11-10T15:33:57+00:00,2026-01-01T10:31:41+00:00,68,0.0,0.0,0.5913,0.6095,0.3507,20000000.0,19,51.79,7,base
0x2cef1a7dfbbd0a702548e71c8f875988a068daf5,2,1,2026-04-25T08:46:07+00:00,2026-04-26T07:02:05+00:00,1,0.0,0.0,1.0,1.0,0.5,60000.0,2,0.93,1,base
0x2d0e8557bd066a76125ac506af4b8ef6d520bd0e,3,1,2026-03-17T15:20:13+00:00,2026-03-17T18:59:53+00:00,1,0.0,0.0,1.0,1.0,1.0,10000.0,1,0.15,3,base
0x2d0fa73a83699029b1608ab17e12792f1b31c734,646,1,2025-11-02T06:21:25+00:00,2025-11-04T06:03:19+00:00,1,0.0,0.0,1.0,1.0,1.0,1000000.0,1,1.99,373,base
0x2d14771682abdbd16cc9b9625634f11218de89a0,1,1,2025-11-11T18:49:23+00:00,2025-11-11T18:49:23+00:00,1,0.0,0.0,1.0,1.0,1.0,100000.0,1,0.0,1,base
0x2d1a8aa47340e76e872cbc43cf6b429c80dc4174,4,1,2026-04-17T17:40:39+00:00,2026-04-21T03:43:05+00:00,1,0.0,0.0,1.0,1.0,0.25,649000.0,4,3.42,2,base
0x2d3af92df6129878509f152e531e1bec2b34c423,179,1,2026-06-26T07:16:53+00:00,2026-07-03T03:39:37+00:00,61,0.0,0.0,0.6365,0.6578,0.3687,4000.0,10,6.85,48,base
0x2d3f2374b48c4010177a52c2e8208e4340282913,15,1,2026-06-01T01:26:21+00:00,2026-06-17T02:49:19+00:00,1,0.0,0.0,1.0,1.0,0.7333,10000.0,4,16.06,4,base
0x2d5349ec8ed433c063eba3deb77a387add88d8a3,1,1,2025-10-28T10:40:41+00:00,2025-10-28T10:40:41+00:00,1,0.0,0.0,1.0,1.0,1.0,100000.0,1,0.0,1,base
0x2d5de05b890db6c661c5c992d042606994a30042,130,1,2025-11-10T14:36:33+00:00,2026-01-01T10:22:41+00:00,1,0.0,0.0,1.0,1.0,0.7077,20000000.0,9,51.82,4,base
0x2d7e20590279a77de8ebb6ef28cc7b140f35390f,5,1,2026-05-15T00:41:55+00:00,2026-05-15T00:46:09+00:00,1,0.0,0.0,1.0,1.0,1.0,60000.0,1,0.0,5,base
0x2d972790de1ba8ed516925e473ab112b83794a40,3,1,2026-06-09T04:09:33+00:00,2026-06-14T01:16:19+00:00,1,0.0,0.0,1.0,1.0,0.3333,300000.0,3,4.88,1,base
0x2dd94d7cb82cb882e7599f020661a77adf9fdaf7,124,1,2026-04-10T14:26:51+00:00,2026-07-01T03:14:41+00:00,34,0.0,0.0,0.4147,0.65,0.8065,10000.0,2,81.53,14,base
0x2df1aec598a104fc15e80c0b60e50c497559a980,93,1,2026-06-12T05:21:55+00:00,2026-06-27T18:57:19+00:00,78,0.0,0.0,0.172,0.1828,1.0,2000.0,1,15.57,77,base
0x2e177bfda216af3b522dc15dd10c02b238c68a22,1,1,2025-11-07T13:02:15+00:00,2025-11-07T13:02:15+00:00,1,0.0,0.0,1.0,1.0,1.0,1000.0,1,0.0,1,base
0x2e3917c507cd2f8d77cf0be57d9de4a00ebd7b65,2,1,2026-05-26T16:55:21+00:00,2026-05-26T16:55:55+00:00,1,0.0,0.0,1.0,1.0,0.5,10000.0,2,0.0,2,base
0x2e3ab1b1519fdd3270cffb23ea72dfb858cb7720,155,1,2025-10-27T01:33:17+00:00,2026-06-23T02:48:37+00:00,54,0.0,0.0,0.1613,0.2903,1.0,1000000.0,1,239.05,147,base
0x2e457c7251d10bcf97639a8be3ccfe861afa7697,2,1,2025-10-29T01:24:53+00:00,2025-10-30T13:09:37+00:00,1,0.0,0.0,1.0,1.0,1.0,500000.0,1,1.49,1,base
0x2e72fa7c2f6ee084dde88eed79cc6a49d0a788ba,8,1,2025-10-30T15:18:55+00:00,2025-11-03T05:30:15+00:00,1,0.0,0.0,1.0,1.0,0.75,1000.0,2,3.59,6,base
0x2e77bd054327568024ec8e0633406cbe2ce02ddd,67,1,2025-12-12T10:32:43+00:00,2026-05-28T13:30:27+00:00,2,0.0,0.0,0.88,1.0,0.8358,10000000.0,3,167.12,12,base
0x2e87ae5ab4d061c1213c70dd58b0cfb9c955753d,460,1,2026-05-06T20:00:11+00:00,2026-07-03T01:18:15+00:00,16,0.0,0.0,0.7239,0.8261,1.0,10000.0,1,57.22,199,base
0x2e9be76f7a90b796f3b33f6b2056e0b869a6e86c,2000,0,2025-10-31T07:40:37+00:00,2025-11-02T00:11:39+00:00,122,0.0,0.0,0.0735,0.138,1.0,1000000.0,1,1.69,1000,base
0x2e9d5ae3b6e41892b7a642ff81b91b6c1efb2f99,4,1,2025-10-28T09:53:31+00:00,2025-10-30T00:12:51+00:00,1,1.0,1.0,1.0,1.0,1.0,10000.0,1,1.6,2,base
0x2ea515be7dfdb274cb5d65328518094dfe4a933a,364,1,2025-10-28T02:46:13+00:00,2025-10-29T19:46:15+00:00,56,0.5,0.4992,0.4992,0.5543,0.5,9970000.0,2,1.71,322,base
0x2ea72806a7ba339c5e99c670bf967354fd4852f3,1,1,2025-11-11T18:31:19+00:00,2025-11-11T18:31:19+00:00,1,0.0,0.0,1.0,1.0,1.0,1000.0,1,0.0,1,base
0x2ea82c7997b15c9f5a30fb702b79b87b3c94d15c,1,1,2026-04-29T08:30:37+00:00,2026-04-29T08:30:37+00:00,1,0.0,0.0,1.0,1.0,1.0,400000000.0,1,0.0,1,base
0x2eb80b9c0408ae0acdafb29a5f769c51402fe80f,10,1,2025-11-16T13:00:47+00:00,2025-12-04T08:17:19+00:00,1,0.0,0.0,1.0,1.0,0.1,397.0,10,17.8,1,base
0x2ebba00ed8a9f5795f5870801b1dabc5f4bd5169,33,1,2026-05-09T08:50:33+00:00,2026-06-03T12:19:49+00:00,1,0.0,0.0,1.0,1.0,0.3636,10000.0,6,25.15,5,base
0x2ebc005320ad70490eebbd752eaeef08e0a881c2,8,1,2026-06-22T13:15:19+00:00,2026-07-01T06:14:39+00:00,4,0.0,0.0,0.5217,0.8261,0.625,980000.0,4,8.71,3,base
0x2ec4545f96a24876764bf2b04d54e66a1351be71,2276,1,2026-02-11T04:01:05+00:00,2026-07-02T10:00:23+00:00,83,0.0,0.0,0.2654,0.3856,0.9152,10000.0,6,141.25,379,base
0x2ed5ee00568db0acaf29041b475c0633a92585ef,369,1,2026-04-27T06:52:55+00:00,2026-06-07T12:57:39+00:00,360,0.0,0.0,0.0062,0.0114,0.393,40000.0,13,41.25,50,base
0x2eeebaf2046fc213f037ece8bad699c855318863,128,1,2025-11-11T01:17:53+00:00,2026-01-01T10:26:57+00:00,2,0.0,0.0,0.998,1.0,0.7188,20000000.0,8,51.38,4,base
0x2eef36bd4ef5c6520b520e407eb8acd9e56881f5,131,1,2025-11-10T14:36:25+00:00,2026-01-01T10:22:35+00:00,1,0.0,0.0,1.0,1.0,0.7023,20000000.0,10,51.82,4,base
0x2efb2316ca9d0768eb3e0f71d41038b40b49df1d,10,1,2026-04-19T01:55:25+00:00,2026-06-10T03:28:31+00:00,1,0.0,0.0,1.0,1.0,0.3,100000.0,6,52.06,1,base
0x2f1241c0b04ecb2e23e857e8a6b1bf60040102b2,1,1,2026-04-30T04:28:11+00:00,2026-04-30T04:28:11+00:00,1,0.0,0.0,1.0,1.0,1.0,500000.0,1,0.0,1,base
0x2f4577c117fd3b1d2cc4295946cf0abb6754018c,1,1,2026-05-23T01:56:15+00:00,2026-05-23T01:56:15+00:00,1,0.0,0.0,1.0,1.0,1.0,100000.0,1,0.0,1,base
0x2f6f88722f27a6c21de8c5739ca9bce11a3da3c7,3,1,2025-10-30T13:40:53+00:00,2025-11-01T01:06:35+00:00,1,1.0,1.0,1.0,1.0,1.0,10000.0,1,1.48,1,base
0x2f8ef721929ebd4ff0bca2236cdcd99307a3420f,3,1,2026-05-03T17:00:17+00:00,2026-05-18T00:34:07+00:00,1,0.0,0.0,1.0,1.0,0.6667,100000.0,2,14.32,1,base
0x2f9626624a566fec77719ae826d511d34932c3f4,2000,0,2025-12-05T04:51:29+00:00,2026-05-23T19:56:31+00:00,2,0.0,0.0,0.992,1.0,0.9995,10000.0,2,169.63,588,base
0x2fa11d459c8e2855ab69236b165767513bdeda5d,1,1,2026-05-29T18:01:47+00:00,2026-05-29T18:01:47+00:00,1,0.0,0.0,1.0,1.0,1.0,1000.0,1,0.0,1,base
0x2fad0970b4a60aaa93bc2379d67e85f6f612e8e7,1,1,2026-06-02T05:31:57+00:00,2026-06-02T05:31:57+00:00,1,0.0,0.0,1.0,1.0,1.0,40000.0,1,0.0,1,base
0x2fc54c873470ad738307567c721782f76a32c166,25,1,2026-03-28T17:53:09+00:00,2026-07-02T03:29:47+00:00,6,0.0,0.0,0.662,0.993,0.84,5000.0,3,95.4,11,base
0x2fe28ddb76d6147d5888b1b725b0f2237676e7e6,121,1,2026-04-25T01:59:09+00:00,2026-07-02T03:59:11+00:00,14,0.0,0.0,0.5455,0.7355,1.0,10000.0,1,68.08,48,base
0x2fecabdfc849c76fdc28ca13aa0ab392753ef35c,199,1,2026-04-24T23:17:33+00:00,2026-07-03T00:33:17+00:00,23,0.0,0.0,0.5126,0.6533,1.0,10000.0,1,69.05,16,base
0x3000c7b212974e3479f608fb2d7d9788b3126dec,129,1,2025-11-11T01:10:05+00:00,2026-01-01T10:23:41+00:00,2,0.0,0.0,0.9993,1.0,0.7054,20000000.0,9,51.38,4,base
0x30066b7729bdb21253500af2ed66c679fb456855,1,1,2026-04-28T08:35:33+00:00,2026-04-28T08:35:33+00:00,1,0.0,0.0,1.0,1.0,1.0,400000000.0,1,0.0,1,base
0x300f2e067af664dec20d474081577ae76367f026,128,1,2025-11-11T01:13:21+00:00,2026-01-01T10:26:11+00:00,2,0.0,0.0,0.9939,1.0,0.7188,20000000.0,8,51.38,4,base
0x30170f8da079f124cd12f0c2124df027661ecaa7,192,1,2025-11-10T15:32:25+00:00,2026-01-01T10:30:35+00:00,52,0.0,0.0,0.7755,0.7859,0.474,20000000.0,18,51.79,6,base
0x304dcefe091bbceed3e51cb6caf3fdee5bd81a63,1677,0,2025-11-02T06:56:13+00:00,2025-11-28T03:55:03+00:00,1,0.0,0.0,1.0,1.0,1.0,1000000.0,1,25.87,340,base
0x3052a46086e3cb81308ed22a71e5c172b513a66d,194,1,2025-11-10T15:31:41+00:00,2026-01-01T10:30:21+00:00,47,0.0,0.0,0.7747,0.7891,0.4742,20000000.0,18,51.79,6,base
0x3070fbb3803819fb5bdfe9286fdc6325a877fa85,3244,1,2026-05-30T03:20:57+00:00,2026-07-03T00:42:29+00:00,99,0.0,0.0,0.8655,0.9179,0.4149,20000.0,12,33.89,255,base
0x3073640574a365b4b038b0fe8b44ad4291b27898,5,1,2026-05-01T08:06:13+00:00,2026-05-01T08:20:03+00:00,1,0.0,0.0,1.0,1.0,1.0,60000.0,1,0.01,5,base
0x309fd902b4b29905c8493c94a569673e1d6dc0d3,52,1,2026-03-24T06:56:23+00:00,2026-07-01T19:49:45+00:00,8,0.0,0.0,0.9588,0.9794,0.6923,1000.0,5,99.54,13,base
0x30a83c52aa03312ec69d8d17f1c8c01a4628fa2d,316,1,2026-04-16T16:10:21+00:00,2026-05-13T03:21:35+00:00,1,0.0,0.0,1.0,1.0,0.6582,1000000.0,47,26.47,191,base
0x30c2282e7e238a977ec710cf67a5d1e1a1bfe85f,6,1,2026-06-16T21:57:11+00:00,2026-07-02T22:01:11+00:00,2,0.0,0.0,0.6988,1.0,0.3333,254430000.0,5,16.0,3,base
0x30c918c1daa192ff63e92bfeb2800fcb7f72d94e,1,1,2026-05-13T17:18:43+00:00,2026-05-13T17:18:43+00:00,1,0.0,0.0,1.0,1.0,1.0,10000.0,1,0.0,1,base
0x30dd2a469688c1005797ea0b234dc5ee1c62df30,1,1,2025-08-15T09:57:29+00:00,2025-08-15T09:57:29+00:00,1,0.0,0.0,1.0,1.0,1.0,550000.0,1,0.0,1,base
0x3120fb79f48d220704e49ba2df570d233e8f122e,4,1,2026-05-21T18:43:11+00:00,2026-05-21T18:44:51+00:00,1,0.0,0.0,1.0,1.0,1.0,30000.0,1,0.0,4,base
0x31549664de8786ff4c7a7096d206b48525cba50a,8,1,2025-11-11T07:45:37+00:00,2025-12-01T06:17:43+00:00,1,0.0,0.0,1.0,1.0,0.25,64.0,7,19.94,1,base
0x31692fca6ea86c9ca04ffcdf939f5e4ad8f586f4,1,1,2026-03-28T18:13:41+00:00,2026-03-28T18:13:41+00:00,1,0.0,0.0,1.0,1.0,1.0,10000.0,1,0.0,1,base
0x3171c3224e8ca3c3d9701a762d7f6982fe3ab75f,262,1,2025-11-11T01:07:37+00:00,2026-01-01T10:28:05+00:00,72,0.0,0.0,0.6099,0.6252,0.3511,20000000.0,23,51.39,7,base
0x317e72b253de22433c6ec56e07bea60e90330ff9,1,1,2026-03-04T16:14:07+00:00,2026-03-04T16:14:07+00:00,1,0.0,0.0,1.0,1.0,1.0,10000.0,1,0.0,1,base
0x3186f32137889f551d89dd8940ec10af5ce023d1,7,1,2025-11-11T04:17:41+00:00,2025-12-02T13:13:17+00:00,1,0.0,0.0,1.0,1.0,0.1429,260.0,7,21.37,1,base
0x318a4b4764eb37c3fcbce434713128143815fd57,34,1,2026-05-12T18:29:23+00:00,2026-06-23T19:34:25+00:00,8,0.0,0.0,0.2687,0.4478,0.9706,10000.0,2,42.05,8,base
0x318a8bac69c4ec1f9e489ce223b7ce2d719bcd3b,130,1,2026-05-10T13:52:17+00:00,2026-06-30T21:15:25+00:00,11,0.0,0.0,0.7904,0.9122,0.8692,1000.0,9,51.31,52,base
0x318ba8ecab694084d3cdc252cbec17c4df1fef47,1,1,2025-11-10T15:23:01+00:00,2025-11-10T15:23:01+00:00,1,0.0,0.0,1.0,1.0,1.0,1000.0,1,0.0,1,base
0x31c9f4655b7303bc2254abd0e181329a6f406ef4,5,1,2026-05-05T04:57:31+00:00,2026-05-05T05:32:01+00:00,1,0.0,0.0,1.0,1.0,1.0,60000.0,1,0.02,5,base
0x31d9da5528999e222f73579380a476847a8ace71,2000,0,2025-10-30T15:20:17+00:00,2025-11-03T14:45:59+00:00,19,0.0,0.0,0.1737,0.3185,0.958,1000.0,4,3.98,993,base
0x31ed220fcb1e937c6d400a0305cce54884d51108,3,1,2025-10-28T00:40:57+00:00,2025-10-28T12:23:35+00:00,1,0.0,0.0,1.0,1.0,0.6667,100000.0,2,0.49,3,base
0x31facdd5e9d8cb30aa82c3e6daa95e0465fb1d31,9,1,2026-06-07T12:10:59+00:00,2026-06-13T04:35:21+00:00,1,0.0,0.0,1.0,1.0,0.8889,10000.0,2,5.68,2,base
0x32164b42634501bb0ce3d927b360cd28a8697c5a,3,1,2025-11-13T03:36:11+00:00,2025-11-15T03:30:21+00:00,1,0.0,0.0,1.0,1.0,0.3333,255.0,3,2.0,1,base
0x324b7d339de8de5a0cd937128323076a1b5d75b5,2,1,2025-10-27T20:59:41+00:00,2025-10-28T03:32:15+00:00,1,0.0,0.0,1.0,1.0,1.0,100000.0,1,0.27,1,base
0x32503789e49e0dbd1b8d2950e21430b02a336056,1,1,2025-10-31T00:08:53+00:00,2025-10-31T00:08:53+00:00,1,0.0,0.0,1.0,1.0,1.0,400000.0,1,0.0,1,base
0x325bd88797f7d2033349184970f7dd1afbd48aa8,1,1,2026-01-07T20:07:07+00:00,2026-01-07T20:07:07+00:00,1,0.0,0.0,1.0,1.0,1.0,575270010.0,1,0.0,1,base
0x325bdf6f7efab24a2210c48c1b64cab2eae1d430,2000,0,2026-02-02T21:18:37+00:00,2026-07-03T03:35:25+00:00,43,0.0,0.0,0.2257,0.3974,0.49,10000.0,15,150.26,1000,base
0x32677a0970d16c085224e85a6b2bcfb1f1fe9cf3,120,1,2025-11-17T01:28:19+00:00,2025-12-31T15:34:05+00:00,1,0.0,0.0,1.0,1.0,0.75,20000000.0,4,44.59,4,base
0x326bfa0e81e1cedddc9c89efecfb5bcabfc94f5d,1,1,2026-07-01T04:11:23+00:00,2026-07-01T04:11:23+00:00,1,0.0,0.0,1.0,1.0,1.0,1960000.0,1,0.0,1,base
0x326d68317b10bb554899e5fc8a9d9ac19245f9a6,2,1,2025-10-28T01:00:13+00:00,2025-10-28T08:47:13+00:00,1,0.0,0.0,1.0,1.0,1.0,100000.0,1,0.32,2,base
0x32793f68dc2ea26bbc75eb900da120069e8b6d02,47,1,2026-06-13T21:28:33+00:00,2026-07-02T18:48:55+00:00,6,0.0,0.0,0.6596,0.766,1.0,5000.0,1,18.89,21,base
0x328931d883694ac7ea3df5582f848fa3302de5d5,7,1,2026-01-13T16:29:15+00:00,2026-01-28T03:25:19+00:00,1,0.0,0.0,1.0,1.0,0.5714,10000000.0,2,14.46,4,base
0x3291e96b3bff7ed56e3ca8364273c5b4654b2b37,913,1,2025-10-26T19:46:55+00:00,2026-07-01T18:08:19+00:00,153,0.0,0.0,0.4951,0.5907,0.6254,1000.0,70,247.93,80,base
0x32984663a11b9d7634bf35835ae32b5a031637d5,2000,0,2026-04-19T12:47:05+00:00,2026-06-25T01:54:19+00:00,7,0.0,0.0,0.9934,0.9972,0.9985,10000.0,2,66.55,986,base
0x32adc252447b066af6cb8be4154cb6885d968af9,2000,0,2026-05-11T21:48:55+00:00,2026-06-15T07:12:07+00:00,1750,0.0,0.0,0.0029,0.0056,0.091,30000.0,162,34.39,996,base
0x32cbc1f8b5cb60f66d34c7facf95e826c2945a8f,1,1,2025-11-07T10:15:27+00:00,2025-11-07T10:15:27+00:00,1,0.0,0.0,1.0,1.0,1.0,1000.0,1,0.0,1,base
0x32d19f868559ac212555b41c0eb35fb2eecd7877,14,1,2025-10-27T06:02:11+00:00,2025-10-30T22:04:53+00:00,6,0.0,0.0,0.4286,0.5714,1.0,100.0,1,3.67,9,base
0x32d831cd322eb5df497a1a640175a874b5372bf8,742,1,2025-11-05T18:18:19+00:00,2025-12-11T19:56:41+00:00,14,0.0,0.0,0.3143,0.5293,0.5957,1250000.0,2,36.07,308,base
0x330b994869a5c64244f35bca9d7ad7d33c92c7ee,1,1,2026-04-03T16:56:59+00:00,2026-04-03T16:56:59+00:00,1,0.0,0.0,1.0,1.0,1.0,310000.0,1,0.0,1,base
0x338d8649efa45b940d6656030faa58d9d01e6983,17,1,2026-05-02T09:53:17+00:00,2026-06-23T14:12:39+00:00,6,0.0,0.0,0.5882,0.7059,1.0,1000.0,1,52.18,2,base
0x3396ace6eaacafc4ff6b85c766e4272a0f9734b0,2000,0,2025-11-18T06:23:25+00:00,2025-11-20T06:30:07+00:00,500,0.0,0.0,0.0133,0.0266,0.5145,10000.0,2,2.0,1000,base
0x33a7eaf21fa06ac36bd52542b1d08e93bf29b62f,1,1,2025-12-15T00:55:25+00:00,2025-12-15T00:55:25+00:00,1,0.0,0.0,1.0,1.0,1.0,2000.0,1,0.0,1,base
0x33d96b613241ad99b3b7561c3cdbdff02bb13160,1,1,2025-10-29T01:27:59+00:00,2025-10-29T01:27:59+00:00,1,0.0,0.0,1.0,1.0,1.0,500000.0,1,0.0,1,base
0x33e12ebd2a22674cc26e15da6399de25c9f7cb61,1,1,2026-05-01T15:07:21+00:00,2026-05-01T15:07:21+00:00,1,0.0,0.0,1.0,1.0,1.0,300000.0,1,0.0,1,base
0x3413eda8acab4f259c0e107aa06e564a04e61707,5,1,2025-10-28T12:32:27+00:00,2025-10-30T03:22:45+00:00,1,1.0,1.0,1.0,1.0,1.0,1000000.0,1,1.62,3,base
0x3417828c83e8c1e787dc6dbefd79f93e0c13f694,4316,1,2025-11-28T11:42:19+00:00,2025-12-21T20:34:03+00:00,407,0.0,0.0,0.0293,0.0389,0.8063,50000.0,3,23.37,1918,base
0x34226cb61f1dc0a7016bc91e27ec1f9dc319efc8,32,1,2025-10-27T15:41:17+00:00,2025-10-28T01:44:47+00:00,8,0.0,0.0,0.5527,0.739,0.5,1000000.0,2,0.42,31,base
0x3428a11e60ba8a8ab4b9d410d54c5a3ab78de72d,1,1,2026-05-13T09:42:43+00:00,2026-05-13T09:42:43+00:00,1,0.0,0.0,1.0,1.0,1.0,10000.0,1,0.0,1,base
0x345293d9d33f3e6a9c848fc70c68b9f89759e02a,1,1,2026-05-16T17:20:45+00:00,2026-05-16T17:20:45+00:00,1,0.0,0.0,1.0,1.0,1.0,248458265.0,1,0.0,1,base
0x3471dd1f00857cc514f56f24f284c6fc87b2af7e,2,1,2025-10-29T08:59:59+00:00,2025-10-29T09:01:55+00:00,1,0.0,0.0,1.0,1.0,1.0,100000.0,1,0.0,2,base
0x3475712490e45476d716a4ac4030f8dd0c9c66aa,1,1,2025-11-11T20:22:43+00:00,2025-11-11T20:22:43+00:00,1,0.0,0.0,1.0,1.0,1.0,1000.0,1,0.0,1,base
0x347e8c28908528d835e975507d943033ae3b578a,3,1,2025-10-29T13:21:57+00:00,2025-10-31T12:15:45+00:00,1,1.0,1.0,1.0,1.0,1.0,10000.0,1,1.95,1,base
0x348b55330134f49f1e20a625f86c625ad10e6c19,1,1,2026-06-16T09:52:27+00:00,2026-06-16T09:52:27+00:00,1,0.0,0.0,1.0,1.0,1.0,60000.0,1,0.0,1,base
0x348df429bd49a7506128c74ce1124a81b4b7dc9d,2000,0,2026-03-13T08:08:29+00:00,2026-07-02T20:12:47+00:00,30,0.0,0.0,0.3028,0.4817,0.4095,5000.0,28,111.5,619,base
0x3491b5b39f9446a3428022416412cb7a77252cff,2,1,2026-06-06T04:13:11+00:00,2026-06-08T00:42:15+00:00,1,0.0,0.0,1.0,1.0,1.0,100000.0,1,1.85,1,base
0x34a0b5536fee2b0173673f5163c1151c7ca21071,1,1,2026-06-13T01:17:59+00:00,2026-06-13T01:17:59+00:00,1,0.0,0.0,1.0,1.0,1.0,100000.0,1,0.0,1,base
0x34a2c31888db8b2eae797eb4f5eb4f89f09ba801,86,1,2025-12-10T14:34:41+00:00,2026-07-02T14:58:45+00:00,16,0.0,0.0,0.2424,0.4667,0.7093,50000.0,2,204.02,21,base
0x34adda5236c7a2979c1e500dd6665bdbb4db688b,1180,0,2025-11-02T06:14:23+00:00,2025-11-28T03:59:47+00:00,1,0.0,0.0,1.0,1.0,0.7729,100000.0,2,25.91,294,base
0x34b88c0ed74b6fc6e9cafcb09205237e5e1ed66e,4,1,2025-10-28T14:38:03+00:00,2025-10-29T01:40:29+00:00,1,1.0,1.0,1.0,1.0,1.0,10000.0,1,0.46,3,base
0x34d3ed2c5fc6d6a0f25d1aad77193a8aa88a52b5,309,1,2026-03-12T21:34:51+00:00,2026-06-23T15:18:29+00:00,7,0.0,0.0,0.9191,0.9447,0.4013,5000.0,5,102.74,230,base
0x34e66889fdc7df122df38fe25ee314d5c0b67d29,61,1,2025-10-27T23:41:57+00:00,2025-11-03T22:22:09+00:00,47,0.0,0.0,0.3182,0.5787,0.4262,1000.0,35,6.94,35,base
0x34f1940c05963c9625d0b3679a4444a1474f4bae,917,1,2025-11-13T01:25:01+00:00,2025-11-28T03:59:01+00:00,1,0.0,0.0,1.0,1.0,1.0,100000.0,1,15.11,297,base
0x34fc5cad6e2b8bb88d7af4a3a352297457f8aa47,36,1,2026-04-26T04:55:23+00:00,2026-04-30T16:08:29+00:00,1,0.0,0.0,1.0,1.0,0.1944,50000.0,13,4.47,10,base
0x35097cdf02b5e8e810673406f01f54f387d625e2,709,1,2025-11-01T06:15:09+00:00,2025-11-04T06:03:21+00:00,1,0.0,0.0,1.0,1.0,0.9309,1000000.0,2,2.99,382,base
0x350b1d06235b19a84afa2a7feb0020217981375b,2,1,2026-04-13T12:56:19+00:00,2026-04-14T13:07:05+00:00,1,0.0,0.0,1.0,1.0,0.5,740000.0,2,1.01,1,base
0x3527b361d6107d66e1fbfebcb3a69480bd98b8d4,1,1,2025-10-30T23:04:35+00:00,2025-10-30T23:04:35+00:00,1,0.0,0.0,1.0,1.0,1.0,1000000.0,1,0.0,1,base
0x3534f05eec4d38d4f2a7df64077b49588432b05b,2,1,2026-06-02T16:37:41+00:00,2026-06-02T16:38:19+00:00,1,0.0,0.0,1.0,1.0,0.5,10000.0,2,0.0,2,base
0x35458ee3bafb624c882a7133efa4d8eee89581b0,1,1,2026-05-13T00:38:03+00:00,2026-05-13T00:38:03+00:00,1,0.0,0.0,1.0,1.0,1.0,2000.0,1,0.0,1,base
0x358d6ba8ae1ac45357af19772f37cc2975589050,2,1,2026-05-26T09:24:05+00:00,2026-05-26T09:24:41+00:00,1,0.0,0.0,1.0,1.0,0.5,10000.0,2,0.0,2,base
0x35bdde2e5f25418c4a630751603c991138af5253,2000,0,2025-10-28T17:52:35+00:00,2026-06-20T04:58:07+00:00,30,0.0,0.0,0.1395,0.2775,1.0,25000.0,1,234.46,996,base
0x35cd5d08f6c418ac8c035d433fade12f857e7466,3,1,2026-06-08T00:45:53+00:00,2026-06-17T01:16:43+00:00,1,0.0,0.0,1.0,1.0,0.3333,1000000.0,3,9.02,1,base
0x35cfcd16de916c019341b0343106db5cc7b583d3,2,1,2025-10-29T07:50:03+00:00,2025-10-31T04:55:11+00:00,1,1.0,1.0,1.0,1.0,1.0,100000.0,1,1.88,1,base
0x361c3b8fd6fb854939aea2c27eb5d7ddb6ccc8eb,2,1,2026-06-24T04:24:21+00:00,2026-06-29T10:21:33+00:00,1,0.0,0.0,1.0,1.0,1.0,980000.0,1,5.25,1,base
0x361f34111aa4afc4e3bc659e4d0742d6910f54c0,1,1,2025-10-27T20:27:39+00:00,2025-10-27T20:27:39+00:00,1,0.0,0.0,1.0,1.0,1.0,100000.0,1,0.0,1,base
0x362ac2d8dd5f7c53ac116ac83ca6c196e7ad1d36,29,1,2025-10-27T12:45:23+00:00,2025-11-03T21:56:21+00:00,23,0.0345,0.0,0.5885,0.6847,0.2414,1000.0,22,7.38,21,base
0x3651b1e603d703aa1d090160c3b5308110fa0fca,2,1,2025-11-28T05:26:17+00:00,2025-12-04T05:39:37+00:00,1,0.0,0.0,1.0,1.0,0.5,408.0,2,6.01,1,base
0x3676745f2e82c9d5924c199e225e9e64867efa9d,5,1,2026-04-11T20:40:31+00:00,2026-04-11T20:49:05+00:00,1,0.0,0.0,1.0,1.0,1.0,60000.0,1,0.01,5,base
0x36943434b45e7bfa53e600fe750010fd0d4d4871,1,1,2026-05-28T20:02:05+00:00,2026-05-28T20:02:05+00:00,1,0.0,0.0,1.0,1.0,1.0,10000.0,1,0.0,1,base
0x369bf9db1aa335d3d4cd18fa3a8ce4b8fd25111c,4,1,2026-06-22T07:07:49+00:00,2026-06-23T13:36:25+00:00,4,0.0,0.0,0.25,0.5,1.0,4900000.0,1,1.27,3,base
0x36aceef0f1e299b9f39495063dc817951ed5e75e,59,1,2026-04-14T03:09:59+00:00,2026-07-02T14:03:25+00:00,6,0.0,0.0,0.9276,0.9571,0.2881,90000.0,26,79.45,6,base
0x36c536d824930353202dbfabe431c2ae7473b627,1003,1,2025-11-24T02:42:15+00:00,2025-11-28T04:03:21+00:00,1,0.0,0.0,1.0,1.0,1.0,1000000.0,1,4.06,339,base
0x36dc33e13f6a59a6561f1c91c34e3525422c534c,1,1,2026-04-15T23:43:19+00:00,2026-04-15T23:43:19+00:00,1,0.0,0.0,1.0,1.0,1.0,60000.0,1,0.0,1,base
0x3726e75efd9e87f2ab1f846e8f7bc024c3218e1d,1,1,2025-11-07T10:51:59+00:00,2025-11-07T10:51:59+00:00,1,0.0,0.0,1.0,1.0,1.0,1000.0,1,0.0,1,base
0x37643e0af6f070067af62ed7f7eec1ff1aa40ecf,1,1,2025-11-07T10:28:33+00:00,2025-11-07T10:28:33+00:00,1,0.0,0.0,1.0,1.0,1.0,1000.0,1,0.0,1,base
0x37792eb0cde1a78aeff5464f0ee8e5f57891cee7,124,1,2025-11-14T06:07:29+00:00,2026-01-01T10:32:43+00:00,1,0.0,0.0,1.0,1.0,0.7339,20000000.0,4,48.18,4,base
0x377d5357eb29cac8f53065788ac03b51f9103ddc,1,1,2025-11-11T21:08:19+00:00,2025-11-11T21:08:19+00:00,1,0.0,0.0,1.0,1.0,1.0,1000.0,1,0.0,1,base
0x3799ec1f7fce7902a59e9c5bacc6b17133cd5196,4,1,2025-10-27T20:44:53+00:00,2025-10-28T11:57:41+00:00,1,0.0,0.0,1.0,1.0,0.75,100000.0,2,0.63,3,base
0x37c967e26388e87e6c436a816a829ed92e67acb2,4,1,2026-06-02T00:54:55+00:00,2026-06-09T03:50:29+00:00,1,0.0,0.0,1.0,1.0,0.5,100000.0,3,7.12,1,base
0x37cc590f6a424f1f39edf0f9ea74d2d480891019,2,1,2025-10-29T23:58:27+00:00,2025-10-30T00:48:33+00:00,1,0.0,0.0,1.0,1.0,1.0,300000.0,1,0.03,1,base
0x3801cd9bce3130ce1dcce0502bcdf65cabd18d35,2000,0,2025-11-28T00:52:33+00:00,2026-01-21T00:30:25+00:00,4,0.0,0.0,0.4694,0.6746,0.213,20000.0,81,53.98,999,base
0x3803a19280deefe533d177c4a169412bd341101b,1014,1,2026-04-04T19:51:47+00:00,2026-07-03T03:53:31+00:00,99,0.0059,0.0003,0.1531,0.253,0.4004,1000.0,25,89.33,122,base
0x381c4826414becd554664958f0462ccb5c132447,919,1,2025-11-13T01:13:45+00:00,2025-11-28T03:44:01+00:00,1,0.0,0.0,1.0,1.0,1.0,100000.0,1,15.1,284,base
0x382195f033bbff2f6b00ba31a0051c17c44e7d9f,915,1,2025-11-13T01:12:11+00:00,2025-11-28T03:58:59+00:00,1,0.0,0.0,1.0,1.0,1.0,100000.0,1,15.12,301,base
0x382770680fc798f33b8ab1fe3e164fc754bced25,1,1,2026-05-30T19:12:51+00:00,2026-05-30T19:12:51+00:00,1,0.0,0.0,1.0,1.0,1.0,40000.0,1,0.0,1,base
0x38329f3eb15ba1d11190305633f8c7a9fb156b43,128,1,2025-11-10T15:05:17+00:00,2026-01-01T10:23:35+00:00,1,0.0,0.0,1.0,1.0,0.7109,20000000.0,8,51.8,4,base
0x3854dbd81b423a98ae803e5fe7ac611eedea0a0c,221,1,2026-04-04T04:03:41+00:00,2026-04-30T02:20:07+00:00,83,0.0,0.0,0.1859,0.2801,0.2579,80000.0,46,25.93,58,base
0x3863f3611ff0cf23af3983266a8f950610436c2b,128,1,2025-11-10T15:02:39+00:00,2026-01-01T10:23:09+00:00,1,0.0,0.0,1.0,1.0,0.7109,20000000.0,8,51.81,4,base
0x388350088ab992f8de293a6b2575645873d2e47d,1,1,2026-06-03T07:04:53+00:00,2026-06-03T07:04:53+00:00,1,0.0,0.0,1.0,1.0,1.0,40000.0,1,0.0,1,base
0x38945252650b3ce65883bd853e585e4ab496aecb,1,1,2025-12-04T11:16:29+00:00,2025-12-04T11:16:29+00:00,1,0.0,0.0,1.0,1.0,1.0,6879.0,1,0.0,1,base
0x3896b65fcd07430444cd5f7db218515bd2256b27,2000,0,2026-05-02T21:05:37+00:00,2026-06-15T20:08:17+00:00,1858,0.0,0.0,0.0068,0.0129,0.453,10000.0,77,43.96,1000,base
0x3899807f59f4749c56b88b5710ec348c81d3b258,253,1,2025-10-31T13:51:55+00:00,2025-11-03T04:44:37+00:00,1,0.0,0.0,1.0,1.0,1.0,100000000.0,1,2.62,103,base
0x38c063312719220c676e988f0dee14b4ec0e44c8,1500,1,2026-02-23T12:49:05+00:00,2026-07-03T04:00:27+00:00,168,0.0,0.0,0.8182,0.8931,0.594,2000.0,15,129.63,225,base
0x38c9f689274e2fc3ae360744ef88ce212077a584,131,1,2026-05-18T06:02:33+00:00,2026-07-02T02:24:23+00:00,34,0.0,0.0,0.3605,0.5073,0.5649,1000.0,7,44.85,32,base
0x38d9cccc4793d02f2d88ef520f8a68b85c7b5e4b,1,1,2026-04-15T09:32:59+00:00,2026-04-15T09:32:59+00:00,1,0.0,0.0,1.0,1.0,1.0,380000.0,1,0.0,1,base
0x38ea7c4753aff17cfdbc54f9e572904c8ca50c4c,3,1,2026-04-25T19:50:37+00:00,2026-04-26T12:41:01+00:00,1,0.0,0.0,1.0,1.0,0.3333,60000.0,3,0.7,2,base
0x38eb82bec9f95b1ffe2c7a6b915b8514a125fd72,784,1,2025-11-08T13:04:37+00:00,2025-11-15T12:55:49+00:00,168,0.0,0.0,0.2517,0.3668,0.6505,110000.0,4,6.99,339,base
0x38f12c2c5361f70328bff85498253a7bdbea677b,51,1,2025-10-27T23:45:23+00:00,2025-11-03T22:24:15+00:00,40,0.0196,0.0,0.5507,0.6453,0.5686,1000.0,23,6.94,22,base
0x39200897d196993aa58ac9b4feed67b3fb7901d1,1,1,2026-05-17T15:04:29+00:00,2026-05-17T15:04:29+00:00,1,0.0,0.0,1.0,1.0,1.0,10000.0,1,0.0,1,base
0x39225d40c7a7157a838eccdb05d09208d47fd523,111,1,2026-02-14T17:14:39+00:00,2026-07-01T05:10:59+00:00,5,0.0,0.0,0.8175,0.9247,0.3514,50000.0,8,136.5,70,base
0x392a8040b1e204410936d3019b7ddb773172d2e6,1,1,2026-06-10T00:32:35+00:00,2026-06-10T00:32:35+00:00,1,0.0,0.0,1.0,1.0,1.0,10000.0,1,0.0,1,base
0x39341bceaf1f1d2f532dae1bb66b503b7289fece,1,1,2026-04-11T15:54:01+00:00,2026-04-11T15:54:01+00:00,1,0.0,0.0,1.0,1.0,1.0,10000.0,1,0.0,1,base
0x393a5239cf25071873eb3c2ff4dae7aab253288c,2000,0,2025-11-23T15:30:11+00:00,2025-11-28T04:02:01+00:00,1,0.0,0.0,1.0,1.0,1.0,100000.0,1,4.52,550,base
0x39404677918ba6b9e4f7cfcc4ea7d78ac4367647,1,1,2026-05-25T20:54:33+00:00,2026-05-25T20:54:33+00:00,1,0.0,0.0,1.0,1.0,1.0,110000.0,1,0.0,1,base
0x395ae8aac8ac662a2b3406acf7ee1b7c69d81bf7,31,1,2026-05-21T19:18:31+00:00,2026-06-01T04:37:23+00:00,1,0.0,0.0,1.0,1.0,0.8387,10000.0,2,10.39,5,base
0x397b06c977e6e0c2c0b19776e00cb56984ba8abf,1,1,2026-03-18T15:08:53+00:00,2026-03-18T15:08:53+00:00,1,0.0,0.0,1.0,1.0,1.0,1282430000.0,1,0.0,1,base
0x397d69b991eff75b87bc836a3472a9bf97e5f52c,1,1,2025-11-07T13:00:09+00:00,2025-11-07T13:00:09+00:00,1,0.0,0.0,1.0,1.0,1.0,1000.0,1,0.0,1,base
0x39ced1cb242c1f3b35df8f1c10b0192187771682,2,1,2026-02-03T02:32:43+00:00,2026-02-03T11:12:11+00:00,1,0.0,0.0,1.0,1.0,0.5,800000000.0,2,0.36,2,base
0x39d1fbbd388518253228d54d17adc269af1595fb,5,1,2026-05-18T09:54:39+00:00,2026-05-18T10:47:47+00:00,1,0.0,0.0,1.0,1.0,1.0,60000.0,1,0.04,5,base
0x39e10e5f431b26cae3d7d0a39aef86055d015d8c,116,1,2026-05-07T08:15:17+00:00,2026-07-01T05:16:29+00:00,8,0.0,0.0,0.3448,0.6466,1.0,20000.0,1,54.88,21,base
0x39ef12d2fd0ca5b9d1dcb51cdfb36e5853e57706,5,1,2026-05-08T06:57:49+00:00,2026-05-08T07:20:11+00:00,1,0.0,0.0,1.0,1.0,1.0,60000.0,1,0.02,5,base
0x3a07ba7357c5c7a626d2fc0255fed93617933a60,158,1,2026-03-18T15:34:09+00:00,2026-06-13T08:17:15+00:00,6,0.0,0.0,0.9502,0.9994,0.1139,50000.0,32,86.7,9,base
0x3a13db39e5fed07d9af608ebe3cbb656905e2535,2000,0,2025-10-25T16:06:01+00:00,2025-10-27T02:24:23+00:00,29,0.0,0.0,0.0737,0.1378,0.24,100000.0,23,1.43,1000,base
0x3a2d30f58a14aa77dff096fa6d6da999185470a2,2,1,2026-04-22T02:52:43+00:00,2026-04-23T01:08:59+00:00,1,0.0,0.0,1.0,1.0,0.5,60000.0,2,0.93,1,base
0x3a3f924fc047af1f6c3db241566d8df620c386f4,3,1,2026-06-05T22:18:03+00:00,2026-06-17T08:07:39+00:00,1,0.0,0.0,1.0,1.0,0.3333,8200855.0,3,11.41,1,base
0x3a6d17230edc79eefd53d0ccacb374f63866682e,1,1,2026-04-15T14:47:53+00:00,2026-04-15T14:47:53+00:00,1,0.0,0.0,1.0,1.0,1.0,500000.0,1,0.0,1,base
0x3a6ff13c858dc344139edb0549ec7dbd3dc32530,1,1,2025-11-07T10:40:01+00:00,2025-11-07T10:40:01+00:00,1,0.0,0.0,1.0,1.0,1.0,1000.0,1,0.0,1,base
0x3a7292b88471691946d8d8856925e22246bed743,28,1,2026-06-03T22:51:45+00:00,2026-07-01T17:08:25+00:00,12,0.0,0.0,0.5849,0.6415,0.8929,10000.0,2,27.76,7,base
0x3a9a7236236e56d03c2bdfde6d23765eaf191aea,1,1,2026-03-04T16:08:29+00:00,2026-03-04T16:08:29+00:00,1,0.0,0.0,1.0,1.0,1.0,10000.0,1,0.0,1,base
0x3a9e4ff93077d07b4c27df1f61a0933ff2ac990f,4,1,2026-04-30T04:32:01+00:00,2026-05-16T00:44:57+00:00,1,0.0,0.0,1.0,1.0,0.5,100000.0,3,15.84,1,base
0x3aa7700c7a68e3e63645ccfaf4d98aff29ed115d,127,1,2026-03-17T04:12:57+00:00,2026-06-13T02:40:29+00:00,3,0.0,0.0,0.9252,0.9976,0.2835,10000.0,35,87.94,4,base
0x3ac46390d57d36a9a0bd2221635d41901dfd0e35,2000,0,2025-10-29T12:34:35+00:00,2025-11-08T01:48:25+00:00,1,0.0,0.0,1.0,1.0,1.0,250000.0,1,9.55,1000,base
0x3aecc52ed57ff4432f47cbd166cb05b96241f91a,123,1,2025-11-14T06:08:39+00:00,2026-01-01T10:33:37+00:00,1,0.0,0.0,1.0,1.0,0.7317,20000000.0,4,48.18,4,base
0x3b04e52412497fccb94a6530ffa98a45e956f780,5,1,2026-05-31T19:04:47+00:00,2026-06-03T00:59:19+00:00,1,0.0,0.0,1.0,1.0,0.8,10000.0,2,2.25,2,base
0x3b603bff11d244b3d47400398a3235f89fa1344c,3,1,2026-05-08T14:51:55+00:00,2026-05-15T05:49:49+00:00,1,0.0,0.0,1.0,1.0,0.3333,1220000.0,3,6.62,1,base
0x3b730dc017e05ca74994d58263d6243be8097e9c,2,1,2026-02-07T12:01:27+00:00,2026-02-07T12:22:43+00:00,1,0.0,0.0,1.0,1.0,0.5,86990000.0,2,0.01,2,base
0x3b8852cd9846d29d5b7f1927f02c41b3526dcf0f,3,1,2026-06-15T12:13:09+00:00,2026-06-17T08:37:05+00:00,1,0.0,0.0,1.0,1.0,0.3333,10000.0,3,1.85,1,base
0x3b9ce6236f3973ae3f5be1b630c76e5ea1153ae9,92,1,2026-03-08T21:20:01+00:00,2026-06-22T04:23:41+00:00,6,0.0,0.0,0.4504,0.7899,0.6957,50000.0,3,105.29,14,base
0x3bab87e04d68c09326e8689131f6bbb842340cb2,2,1,2026-04-17T17:47:35+00:00,2026-05-17T17:41:31+00:00,1,0.0,0.0,1.0,1.0,0.5,850000.0,2,30.0,1,base
0x3bb4a7046bd79339326c12c6ec496490256152c3,17,1,2025-11-21T09:11:31+00:00,2026-03-02T13:38:09+00:00,5,0.0,0.0,0.875,0.9625,0.5882,1000.0,2,101.19,6,base
0x3bee95763e9ea0acaf59b282653ca29cf6d26340,1,1,2025-11-07T10:39:49+00:00,2025-11-07T10:39:49+00:00,1,0.0,0.0,1.0,1.0,1.0,1000.0,1,0.0,1,base
0x3c0820e2dabd5feae1fd03b78079dee15c7f83d8,1138,1,2026-02-26T08:30:15+00:00,2026-07-02T22:52:11+00:00,65,0.0,0.0,0.5772,0.7615,0.6125,1000.0,30,126.6,183,base
0x3c4425e822b51c9fc817d9b0e868242d8892cd4a,1,1,2026-06-30T17:33:51+00:00,2026-06-30T17:33:51+00:00,1,0.0,0.0,1.0,1.0,1.0,10000.0,1,0.0,1,base
0x3c5f3a6ce224bb89d72f5eb4232ecc27f67b3eea,4492,1,2026-06-03T04:13:27+00:00,2026-07-02T16:20:15+00:00,51,0.0,0.0,0.2208,0.4368,1.0,10000.0,1,29.5,975,base
0x3c72a79f1f8821fa231ba18a77a9446d9eea212f,913,1,2025-10-24T08:59:33+00:00,2025-10-25T05:37:49+00:00,219,0.0033,0.0,0.076,0.125,0.517,1000.0,5,0.86,866,base
0x3c74ce3f8566ff04b312320e7c264a691c409992,826,1,2026-06-04T10:56:53+00:00,2026-07-03T05:13:33+00:00,108,0.0,0.0,0.8949,0.9183,0.4588,1000.0,6,28.76,173,base
0x3c81a9f02e1cac665972ca51bb22e5c9d6cbaf79,1,1,2026-03-21T03:59:43+00:00,2026-03-21T03:59:43+00:00,1,0.0,0.0,1.0,1.0,1.0,10000.0,1,0.0,1,base
0x3c94f5bcb68bcd118f0749bd92bb71a3ac21812d,268,1,2025-11-10T15:27:13+00:00,2026-01-01T10:28:27+00:00,72,0.0,0.0,0.6031,0.6222,0.347,20000000.0,24,51.79,7,base
0x3caafb0ad4230f519820b531d80a40feeed290db,1,1,2026-06-29T10:54:57+00:00,2026-06-29T10:54:57+00:00,1,0.0,0.0,1.0,1.0,1.0,980000.0,1,0.0,1,base
0x3ccbf51a75dfb347ba746d7cb81b47898a6cc125,1,1,2026-06-30T14:30:05+00:00,2026-06-30T14:30:05+00:00,1,0.0,0.0,1.0,1.0,1.0,10000.0,1,0.0,1,base
0x3cd831eacb67c73bb54002668c008b761063bdc3,17,1,2025-10-08T21:25:05+00:00,2026-07-01T05:34:05+00:00,8,0.0,0.0,0.4308,0.6462,0.2941,400000.0,9,265.34,4,base
0x3ce4697a59c116eed246902f45feff9d4c464b1d,1,1,2026-05-22T19:37:15+00:00,2026-05-22T19:37:15+00:00,1,0.0,0.0,1.0,1.0,1.0,10000.0,1,0.0,1,base
0x3d2bc0c92d7e47893b100d888db44f2fc12efaaf,25,1,2026-05-20T10:14:43+00:00,2026-06-24T11:14:41+00:00,6,0.0,0.0,0.2865,0.5011,0.16,250000.0,16,35.04,5,base
0x3d44e1dee133aaed014254bd1ecb95c64ecc964f,1,1,2025-10-28T10:51:39+00:00,2025-10-28T10:51:39+00:00,1,0.0,0.0,1.0,1.0,1.0,100000.0,1,0.0,1,base
0x3da40a9ad36640a2c0f533bac368490095574664,277,1,2026-06-15T10:20:57+00:00,2026-07-03T03:39:05+00:00,115,0.0,0.0,0.2439,0.3577,0.917,1000.0,2,17.72,41,base
0x3db8ce97fe638f19e07705b303532a7ed6bc57bd,1226,1,2026-04-25T04:33:43+00:00,2026-05-26T19:45:19+00:00,1215,0.0,0.0,0.0055,0.0099,0.3108,300000.0,36,31.63,183,base
0x3dcbef58b30fac60a897cd4ed1daed5de33b32e1,2000,0,2026-04-02T11:53:31+00:00,2026-07-03T04:19:21+00:00,155,0.0,0.0,0.6438,0.822,0.895,5000.0,6,91.68,253,base
0x3ddf5ba0e1897874c01bdae3016bfc972907a5d1,10,1,2026-02-20T23:56:19+00:00,2026-02-21T16:05:07+00:00,1,0.0,0.0,1.0,1.0,0.4,100000000.0,6,0.67,9,base
0x3deaa70f75df6fd600c6c7ae8636b3992d80790b,67,1,2026-04-20T18:47:47+00:00,2026-04-20T19:22:49+00:00,67,0.0,0.0,0.0272,0.0471,0.0149,541142512.0,67,0.02,67,base
0x3e1272b420ae23acf04757a73fd8f6d51e4e10f8,4,1,2026-05-07T08:49:09+00:00,2026-05-08T01:11:07+00:00,1,0.0,0.0,1.0,1.0,1.0,60000.0,1,0.68,3,base
0x3e326536f6cd3c89a7c8fe05e6392ec3d085efa8,128,1,2025-11-10T15:18:31+00:00,2026-01-01T10:26:51+00:00,2,0.0,0.0,0.999,1.0,0.7109,20000000.0,8,51.8,4,base
0x3e3f3d8b3442e81662e1464f29e1f06d8d846611,53,1,2026-03-11T06:18:41+00:00,2026-06-18T04:29:07+00:00,6,0.0,0.0,0.6415,0.8302,1.0,10000.0,1,98.92,31,base
0x3e443b38bf685bf83c8331d27c8857f6be0bdbc0,12,1,2025-11-11T05:26:57+00:00,2025-12-02T14:13:15+00:00,1,0.0,0.0,1.0,1.0,0.0833,215.0,12,21.37,1,base
0x3e4707f8fcf8887d76683e74cbfed1ef9fde0920,16,1,2026-05-11T07:33:55+00:00,2026-06-03T11:43:41+00:00,1,0.0,0.0,1.0,1.0,0.6875,10000.0,2,23.17,7,base
0x3e471476509ae234a5546a0805fa5c4b9007c76d,11,1,2025-11-11T06:54:57+00:00,2025-12-01T05:33:27+00:00,1,0.0,0.0,1.0,1.0,0.0909,513.0,11,19.94,1,base
0x3e8ee2f0294388bde8bd10b5a2e8e8ce79f04a53,411,1,2025-11-10T15:29:01+00:00,2026-01-01T10:29:11+00:00,88,0.0,0.0,0.4229,0.4395,0.2336,20000000.0,25,51.79,11,base
0x3e9fdaa7c04dcaabd2a509344c68d170c048fdb8,7,1,2026-05-13T19:38:17+00:00,2026-05-13T20:59:35+00:00,1,0.0,0.0,1.0,1.0,1.0,60000.0,1,0.06,7,base
0x3ea7633bc1fc34d44971208af80964d372f89728,1,1,2026-04-22T03:13:39+00:00,2026-04-22T03:13:39+00:00,1,0.0,0.0,1.0,1.0,1.0,10000000.0,1,0.0,1,base
0x3eb25deb43c0392bf9683bb5fd9871715a37e81c,1,1,2025-10-30T00:17:37+00:00,2025-10-30T00:17:37+00:00,1,0.0,0.0,1.0,1.0,1.0,300000.0,1,0.0,1,base
0x3ec1461619e1456e353019bd7bec901c7e91f43b,1,1,2026-06-30T12:07:47+00:00,2026-06-30T12:07:47+00:00,1,0.0,0.0,1.0,1.0,1.0,10000.0,1,0.0,1,base
0x3ec5dea9805700ca29e8ed4866ed226eccdf1745,1,1,2025-10-28T02:32:51+00:00,2025-10-28T02:32:51+00:00,1,0.0,0.0,1.0,1.0,1.0,100000.0,1,0.0,1,base
0x3ede4dd8048bbcbe5a9126a7b405a615cdadd839,2000,0,2025-11-17T16:54:13+00:00,2026-04-07T23:15:39+00:00,12,0.0,0.0,0.2871,0.5424,0.1555,10000.0,57,141.26,990,base
0x3f0a7f839619d578b8eeed741c26f418b8e98e97,13,1,2026-05-22T21:04:11+00:00,2026-06-06T12:34:59+00:00,1,0.0,0.0,1.0,1.0,0.6923,1000.0,3,14.65,5,base
0x3f1423bb36453abd778987109eca94c15a08146d,3833,1,2026-04-14T04:12:51+00:00,2026-06-19T11:12:53+00:00,1439,0.0,0.0,0.019,0.033,0.1633,60000.0,217,66.29,193,base
0x3f17ae7d36d77ca0b8194144f5763283d17e7955,562,1,2026-04-24T15:56:41+00:00,2026-06-24T15:38:09+00:00,21,0.0,0.0,0.4493,0.621,0.7135,10000.0,5,60.99,225,base
0x3f4cee4c6bad04fcca3138dffdee579ddf17049b,100,1,2026-05-18T13:57:07+00:00,2026-07-01T14:41:15+00:00,15,0.0,0.0,0.6489,0.7994,0.56,5000.0,7,44.03,14,base
0x3fc3bfe0e28824cdc964b8ba3ba97ac3c8d8ffb0,354,1,2026-04-07T14:30:15+00:00,2026-07-03T03:48:05+00:00,50,0.0,0.0,0.0424,0.0819,1.0,1.0,1,86.55,12,base
0x3fee1376dfca4ee59967f0480b976b8df755a0e2,9,1,2026-05-06T10:33:05+00:00,2026-05-29T13:29:39+00:00,1,0.0,0.0,1.0,1.0,0.2222,30000.0,6,23.12,2,base
0x3ff172a6c66b75dcbb74e91e736c5d595f62ea64,3,1,2025-11-23T06:03:09+00:00,2025-12-04T05:14:49+00:00,1,0.0,0.0,1.0,1.0,0.3333,380.0,3,10.97,1,base
0x3ff35e6086c115506beb35c5adf56e4c4995530f,384,1,2026-03-19T04:03:09+00:00,2026-06-03T09:55:49+00:00,4,0.0,0.0,0.987,0.9957,0.0781,100000.0,95,76.24,14,base
0x400d65bb174c546ed92f5d61ce21fbde96b8bacc,60,1,2026-05-08T08:24:33+00:00,2026-07-03T03:47:39+00:00,8,0.0,0.0,0.3741,0.737,0.2333,100000.0,6,55.81,17,base
0x4015655949971877b468534853bf8f9994a3cf91,2,1,2026-06-15T02:59:33+00:00,2026-07-02T00:51:49+00:00,1,0.0,0.0,1.0,1.0,0.5,350000.0,2,16.91,1,base
0x4020806089470a89826cb9fb1f4059150b550004,129,1,2026-05-16T13:40:41+00:00,2026-06-22T21:46:21+00:00,17,0.0,0.0,0.5374,0.7248,0.2868,500000.0,17,37.34,30,base
0x40272e2eac848ea70db07fd657d799bd309329c4,7,1,2025-12-25T08:54:01+00:00,2026-03-05T09:38:09+00:00,2,0.2857,0.0011,0.9989,1.0,0.2857,50000.0,6,70.03,1,base
0x402b79ecb8c09348739e17efc14768066de645fe,106,1,2025-12-13T01:48:23+00:00,2026-04-17T20:29:53+00:00,13,0.0,0.0,0.5076,0.9536,0.2925,1000000.0,31,125.78,13,base
0x4050d63feb82a0b0a913ee4083b2fc9baf6aa434,48,1,2025-11-03T18:38:13+00:00,2025-11-04T17:06:49+00:00,21,0.0,0.0,0.7114,0.7549,0.6875,1000000.0,4,0.94,44,base
0x4053338c7cb38624c0bc23c900f78cf8470b4e38,395,1,2026-04-25T17:11:05+00:00,2026-07-02T10:10:37+00:00,20,0.0,0.0,0.8017,0.9286,0.6608,1000.0,6,67.71,120,base
0x40a8cdd6a10ec1a8cb3dfb2834675e7a2cf4ad8b,2000,0,2026-04-17T10:33:37+00:00,2026-07-03T05:37:45+00:00,67,0.0,0.0,0.0798,0.1062,0.591,5000.0,4,76.79,712,base
0x40ae492ecce20244f450131d9e82d8305dc06a43,2,1,2026-04-25T08:47:23+00:00,2026-04-26T02:08:49+00:00,1,0.0,0.0,1.0,1.0,0.5,60000.0,2,0.72,1,base
0x40b62aa49f4a929760fb2dd0fcb0642f0aa872eb,49,1,2026-06-14T05:07:47+00:00,2026-07-02T21:10:07+00:00,17,0.0,0.0,0.5411,0.6509,0.3265,250000.0,8,18.67,9,base
0x40b70851ee5853363a89e635ad788a56fd409666,749,1,2026-03-19T04:00:07+00:00,2026-07-02T13:21:07+00:00,8,0.0,0.0,0.6812,0.978,0.3885,10000.0,97,105.39,30,base
0x40bf580551f40f33d05ca96a750dbe6fd589bcb0,1,1,2025-12-04T11:25:27+00:00,2025-12-04T11:25:27+00:00,1,0.0,0.0,1.0,1.0,1.0,344.0,1,0.0,1,base
0x4111538eae056e6f521a81ea409bed50d23293b9,63,1,2025-11-25T04:42:13+00:00,2026-06-23T21:44:43+00:00,7,0.0,0.0,0.3333,0.6508,1.0,10000.0,1,210.71,11,base
0x412e0cc06449b9dbbe45fd0bcf7d10370134c866,2000,0,2025-10-27T06:59:35+00:00,2025-10-31T06:46:31+00:00,30,0.0025,0.0025,0.9514,0.9617,0.997,1000000.0,4,3.99,1000,base
0x416c027c9b537c49d6e3fd4ddf8714050ccaff23,20,1,2025-10-26T09:13:43+00:00,2026-06-17T04:07:41+00:00,7,0.05,0.05,0.55,0.65,1.0,1000000.0,1,233.79,11,base
0x418f691013aaa14000d8451fd2ed1980a57426f7,49,1,2026-04-30T04:30:49+00:00,2026-07-03T04:01:03+00:00,18,0.0,0.0,0.1367,0.2627,0.3265,980000.0,12,63.98,14,base
0x419229c67761efe3b3b9072cbd6c6161bbe3a356,1,1,2025-10-27T20:34:25+00:00,2025-10-27T20:34:25+00:00,1,0.0,0.0,1.0,1.0,1.0,100000.0,1,0.0,1,base
0x41adee1eba2c276be5e8cabe0ce523e4dd792170,1574,1,2026-05-07T04:29:27+00:00,2026-07-02T06:08:11+00:00,48,0.0,0.0,0.3581,0.6285,0.906,1000.0,9,56.07,237,base
0x41e11dcc4dc91a5af0064e66dfa17e2e7257a888,2,1,2026-06-03T10:00:43+00:00,2026-06-03T10:01:21+00:00,1,0.0,0.0,1.0,1.0,0.5,10000.0,2,0.0,2,base
0x41f7a833d2c7edcc0dc69d9e4745a1db24f78b4b,1,1,2025-10-28T11:00:03+00:00,2025-10-28T11:00:03+00:00,1,0.0,0.0,1.0,1.0,1.0,100000.0,1,0.0,1,base
0x4200ab5af9e541b6a89eb39eef3140f83d9de8b0,1524,1,2026-04-28T20:20:23+00:00,2026-07-03T05:18:37+00:00,7,0.0,0.0,0.9038,0.986,0.9921,10000.0,4,65.37,263,base
0x42100721ba7a01dfc4a79f295f02c798ab3f15e1,4,1,2026-06-08T13:01:45+00:00,2026-06-29T09:14:03+00:00,1,0.0,0.0,1.0,1.0,0.5,980000.0,3,20.84,2,base
0x42455e0fce06f84a2a76de71793aa228ec7572e1,1,1,2026-05-01T17:36:47+00:00,2026-05-01T17:36:47+00:00,1,0.0,0.0,1.0,1.0,1.0,350000.0,1,0.0,1,base
0x42583eb015ef7b9183a8cb71438fbf4519b9212e,1321,1,2025-10-28T16:37:51+00:00,2025-11-01T07:33:35+00:00,27,0.0,0.0,0.3311,0.4837,0.9478,1000000.0,6,3.62,1047,base
0x4261701a4ddf4625ebfa80ceefb5b3b2b5453b2e,256,1,2026-06-01T16:56:31+00:00,2026-07-03T00:30:17+00:00,8,0.0,0.0,0.9075,0.9997,0.9219,1000.0,14,31.32,28,base
0x4283ab2035c5f52112fe48f39f18085791190a16,2,1,2025-10-28T01:53:23+00:00,2025-10-28T10:27:59+00:00,1,0.0,0.0,1.0,1.0,1.0,100000.0,1,0.36,2,base
0x428b2bc1c24fe86acfbc636c11b125618754ab7e,1,1,2026-06-09T20:53:11+00:00,2026-06-09T20:53:11+00:00,1,0.0,0.0,1.0,1.0,1.0,10000.0,1,0.0,1,base
0x429aa94dd68f6b3509b3d164f4a19d96d22eefc8,3,1,2026-05-13T18:07:57+00:00,2026-05-13T18:08:03+00:00,1,0.0,0.0,1.0,1.0,1.0,1000.0,1,0.0,3,base
0x42c7401ddaf2db018335e9089961a2cbe8521e84,1,1,2026-06-10T06:11:33+00:00,2026-06-10T06:11:33+00:00,1,0.0,0.0,1.0,1.0,1.0,10000.0,1,0.0,1,base
0x42f125bf7d6ca0b2e8dd9edd851b58a87bce7e1c,1,1,2026-04-16T21:20:33+00:00,2026-04-16T21:20:33+00:00,1,0.0,0.0,1.0,1.0,1.0,5000000.0,1,0.0,1,base
0x430f3cae6146342f45053342b0653cb7adbbf488,1,1,2025-11-23T03:35:21+00:00,2025-11-23T03:35:21+00:00,1,0.0,0.0,1.0,1.0,1.0,240.0,1,0.0,1,base
0x431e58fa976e50b0c4a9c8023c8700092d6a0bdd,93,1,2025-10-31T02:26:23+00:00,2026-03-14T17:12:15+00:00,58,0.0,0.0,0.0883,0.1758,0.2796,10000000.0,10,134.62,5,base
0x431f4cfcb932f4c44f82a674589b3fb836300cc2,25,1,2026-05-18T09:32:33+00:00,2026-05-23T13:23:29+00:00,1,0.0,0.0,1.0,1.0,0.44,12000.0,4,5.16,11,base
0x43564da57cb7cbfcf30e01f9e6c01ad2e5891c9f,2,1,2025-10-31T00:09:55+00:00,2025-10-31T00:22:23+00:00,1,0.0,0.0,1.0,1.0,1.0,400000.0,1,0.01,2,base
0x43698f9ac149d327ed0e56082a460b90549e1ce7,1360,1,2026-03-12T21:32:43+00:00,2026-06-17T08:13:23+00:00,1,0.0,0.0,1.0,1.0,0.0015,9724170.0,1358,96.44,85,base
0x439860417871ee23212527b24fb538553ff5af3c,2000,0,2025-10-26T08:02:47+00:00,2025-10-30T14:09:29+00:00,18,0.0,0.0,0.9918,0.9934,0.991,1000000.0,2,4.25,1000,base
0x439c1693ae294cd05ed0d9157e7cf65d4f50b09b,1,1,2026-06-10T21:42:33+00:00,2026-06-10T21:42:33+00:00,1,0.0,0.0,1.0,1.0,1.0,10000.0,1,0.0,1,base
0x43a2a720cd0911690c248075f4a29a5e7716f758,2000,0,2025-11-04T17:42:51+00:00,2026-07-03T04:21:01+00:00,22,0.0,0.0,0.3531,0.6679,0.465,1125.0,8,240.44,931,base
0x43c805cbdaed097dbbcde780d69a5afe80677cb4,2000,0,2025-10-24T17:51:21+00:00,2026-01-11T08:27:15+00:00,963,0.0,0.0,0.1374,0.2748,0.8425,10000.0,3,78.61,997,base
0x43e4da31d3a47b79d6b6c25beaf7b3d70bb3facd,1,1,2026-07-01T11:22:11+00:00,2026-07-01T11:22:11+00:00,1,0.0,0.0,1.0,1.0,1.0,2000.0,1,0.0,1,base
0x43fbed103c70120907e6446a6b1ba15a53ccaaac,1,1,2026-04-15T18:19:37+00:00,2026-04-15T18:19:37+00:00,1,0.0,0.0,1.0,1.0,1.0,10000.0,1,0.0,1,base
0x4414483452702b268d2b8e7de6791e3e75e9113f,441,1,2026-03-13T11:54:23+00:00,2026-06-12T04:23:01+00:00,9,0.0,0.0,0.9939,0.998,0.0816,100000.0,100,90.69,16,base
0x4417f43ca70e31888e16f505e4693583f67b88c2,5,1,2025-10-29T01:09:55+00:00,2025-10-30T13:05:07+00:00,1,0.0,0.0,1.0,1.0,1.0,500000.0,1,1.5,3,base
0x4451fb788a14d02bbf28d017deccce192c7442db,124,1,2025-11-14T06:08:21+00:00,2026-01-01T10:33:21+00:00,1,0.0,0.0,1.0,1.0,0.7339,20000000.0,4,48.18,4,base
0x4458d7ff8869dbcba56b710fc09f17acb170b68c,1,1,2026-05-15T06:20:47+00:00,2026-05-15T06:20:47+00:00,1,0.0,0.0,1.0,1.0,1.0,10000.0,1,0.0,1,base
0x4465825b0ac713aa2fa07ea29023020804a128ee,315,1,2026-06-12T19:53:29+00:00,2026-07-03T02:58:23+00:00,38,0.0,0.0,0.2082,0.3429,0.3905,10000.0,13,20.3,90,base
0x4466d4a84b7c49a6a094ec6eef4a0712d6dd125e,2000,0,2026-05-03T03:00:51+00:00,2026-07-03T00:57:59+00:00,81,0.0,0.0,0.075,0.1358,0.193,5000.0,33,60.91,534,base
0x446e51deab3ae656c99e65369e8ef1148d23d7f7,34,1,2026-06-13T21:28:39+00:00,2026-07-02T08:09:17+00:00,3,0.0,0.0,0.75,0.9,0.9118,5000.0,3,18.44,15,base
0x44a8bf233c2e36131d1e113d8c5153863de893e9,808,1,2026-04-20T20:37:07+00:00,2026-05-23T06:18:59+00:00,450,0.0,0.0,0.1111,0.1811,0.1176,340000.0,156,32.4,301,base
0x44bc7421931357b0247759d1043fa3c51500c865,1,1,2025-11-11T21:07:31+00:00,2025-11-11T21:07:31+00:00,1,0.0,0.0,1.0,1.0,1.0,1000.0,1,0.0,1,base
0x44dc2dceaa22c7ef6b2e2cf2362fd3fb476b7c2c,2000,0,2025-11-07T10:55:07+00:00,2026-07-03T01:53:21+00:00,82,0.0,0.0,0.2899,0.5542,0.8365,20000.0,6,237.62,829,base
0x44e126a731e6ee698d41f3191b4b656ac37b6047,1,1,2026-05-09T11:13:41+00:00,2026-05-09T11:13:41+00:00,1,0.0,0.0,1.0,1.0,1.0,2000000.0,1,0.0,1,base
0x44e861ee4ecd277706f3fa1b282628ab71b5a91a,9,1,2025-11-11T10:12:05+00:00,2025-12-02T18:37:03+00:00,1,0.0,0.0,1.0,1.0,0.1111,244.0,9,21.35,1,base
0x44fba367eef60a271dff93d6c543f31fec1787f5,1,1,2025-11-07T10:12:59+00:00,2025-11-07T10:12:59+00:00,1,0.0,0.0,1.0,1.0,1.0,1000.0,1,0.0,1,base
0x4518ff1e1855be7c27c7ba0fe3f23c24696f2c03,1837,0,2025-11-01T09:38:55+00:00,2025-11-28T03:51:57+00:00,1,0.0,0.0,1.0,1.0,1.0,1000000.0,1,26.76,359,base
0x4519bd75e22bf80924edab66f02842474d58e574,1,1,2026-06-02T02:35:57+00:00,2026-06-02T02:35:57+00:00,1,0.0,0.0,1.0,1.0,1.0,40000.0,1,0.0,1,base
0x4533ee090e4ef2f4f278534bc5f67983ab97086b,2,1,2026-04-22T03:55:51+00:00,2026-04-23T00:52:27+00:00,1,0.0,0.0,1.0,1.0,0.5,60000.0,2,0.87,1,base
0x45731d5cf3a39cb734b9f910cfef07e9004c3d9d,2,1,2025-10-27T21:07:37+00:00,2025-10-28T10:08:53+00:00,1,0.0,0.0,1.0,1.0,1.0,100000.0,1,0.54,1,base
0x45a33ac6db4455460b364a1fc1ae8c489bc644a7,2000,0,2025-10-30T04:43:35+00:00,2025-11-28T04:04:29+00:00,43,0.4775,0.5162,0.5162,0.574,0.6975,100000.0,3,28.97,1000,base
0x45a7967b411d5f96be7fe520bd6a748ae062d9e3,68,1,2026-04-20T18:47:31+00:00,2026-04-20T19:22:35+00:00,68,0.0,0.0,0.0209,0.0416,0.0147,457109146.0,68,0.02,68,base
0x45ac00db8bdd4b837abbbf75888cbdfe6b6d8943,402,1,2025-11-11T19:53:59+00:00,2026-07-02T09:51:27+00:00,202,0.0,0.0,0.6435,0.9155,0.6393,10000.0,4,232.58,134,base
0x45e3931cd308983c8cf0cf53d09e476292876faa,2000,0,2025-10-25T13:50:19+00:00,2025-11-02T14:35:29+00:00,364,0.0,0.0,0.0998,0.1946,0.4965,1000000.0,4,8.03,816,base
0x45f82f6b060804174046c9b420f718ee33a9a098,128,1,2025-11-11T01:09:07+00:00,2026-01-01T10:26:27+00:00,2,0.0,0.0,0.9976,1.0,0.7109,20000000.0,8,51.39,4,base
0x4628c99bbd18620b68b0927af714aeda7fab967f,23,1,2025-11-11T16:18:03+00:00,2026-03-18T02:28:29+00:00,4,0.0,0.0,0.9999,1.0,0.3478,100000.0,7,126.42,9,base
0x46817765879f4b61faeb3cae93de0565e45c8292,1,1,2025-10-30T22:56:49+00:00,2025-10-30T22:56:49+00:00,1,0.0,0.0,1.0,1.0,1.0,1000000.0,1,0.0,1,base
0x4681cf07e32b5df48fb084357d59de45da3fb42a,1,1,2025-11-12T11:09:35+00:00,2025-11-12T11:09:35+00:00,1,0.0,0.0,1.0,1.0,1.0,1000.0,1,0.0,1,base
0x46830a57ca3806ec71b981e063dc39ca2a3c6fb0,528,1,2026-06-13T20:21:33+00:00,2026-07-01T04:57:59+00:00,31,0.0,0.0,0.9296,0.9594,0.2765,5000.0,15,17.36,410,base
0x4689cfc75f4c399c5b1caf942e2f134a71cac2b1,1,1,2026-02-03T17:09:49+00:00,2026-02-03T17:09:49+00:00,1,0.0,0.0,1.0,1.0,1.0,10000.0,1,0.0,1,base
0x469ef7993aac24df60e24c77751eafe62de905bf,1,1,2025-11-07T10:49:27+00:00,2025-11-07T10:49:27+00:00,1,0.0,0.0,1.0,1.0,1.0,1000.0,1,0.0,1,base
0x46b8cabb96f2f4afe660f0338dbb9513cca1f5f6,1,1,2025-10-30T22:57:19+00:00,2025-10-30T22:57:19+00:00,1,0.0,0.0,1.0,1.0,1.0,1000000.0,1,0.0,1,base
0x46ba634261566cf242c853d1f49511f9268ba674,135,1,2026-05-28T20:54:53+00:00,2026-07-01T20:26:47+00:00,10,0.0,0.0,0.4871,0.7748,0.8519,1000.0,3,33.98,79,base
0x46c5c7b9bb4e8034ba951c70b93efda8c7709a28,1,1,2026-02-08T19:11:53+00:00,2026-02-08T19:11:53+00:00,1,0.0,0.0,1.0,1.0,1.0,573000000.0,1,0.0,1,base
0x46cf0e57b5548199e5fc5adbb8b01826c656f277,1,1,2026-06-09T04:10:01+00:00,2026-06-09T04:10:01+00:00,1,0.0,0.0,1.0,1.0,1.0,550000.0,1,0.0,1,base
0x46d0315966e9ab4a82211e391cd0970be06995ac,1,1,2025-11-07T10:12:47+00:00,2025-11-07T10:12:47+00:00,1,0.0,0.0,1.0,1.0,1.0,1000.0,1,0.0,1,base
0x46e3c750afb2ca611399f27018ec064a51a23135,1,1,2025-11-07T10:17:51+00:00,2025-11-07T10:17:51+00:00,1,0.0,0.0,1.0,1.0,1.0,1000.0,1,0.0,1,base
0x472e7f3127ded30abb31e0af57b6ba08cc57660e,55,1,2025-10-27T23:43:49+00:00,2025-11-03T22:04:19+00:00,43,0.0182,0.0,0.1732,0.3422,0.5273,1000.0,27,6.93,26,base
0x472fd137d08457884b16c1fa02e229c5b4126934,53,1,2025-10-27T23:20:07+00:00,2025-11-03T22:49:41+00:00,47,0.0,0.0,0.3163,0.5123,0.5849,1000.0,23,6.98,22,base
0x4734b7aedd10c8df61c11f0dcba04cced8135413,1,1,2026-04-30T04:29:45+00:00,2026-04-30T04:29:45+00:00,1,0.0,0.0,1.0,1.0,1.0,250000.0,1,0.0,1,base
0x474bedc39654bb55e84ec6701011a2f618e7849f,127,1,2025-11-10T15:09:37+00:00,2026-01-01T10:24:39+00:00,1,0.0,0.0,1.0,1.0,0.7165,20000000.0,7,51.8,4,base
0x475436ef0a97286081d0fc2a762ad6296949327b,566,1,2026-06-19T20:48:55+00:00,2026-07-03T04:25:17+00:00,1,0.0,0.0,1.0,1.0,0.0035,17294345.0,564,13.32,53,base
0x4770d3ca32082c24133834d5894413bbc24496f5,20,1,2025-11-06T12:34:41+00:00,2025-12-03T05:17:47+00:00,1,0.0,0.0,1.0,1.0,0.05,733.0,20,26.7,1,base
0x478278864f4e31d0ac5cf2bc1c26c96c5609d57f,1342,0,2025-10-31T12:42:15+00:00,2025-11-28T03:59:47+00:00,1,0.0,0.0,1.0,1.0,0.7578,100000.0,2,27.64,296,base
0x478946178f4e962283b4d82580e58b0cb515593c,3,1,2025-12-05T19:06:45+00:00,2026-03-10T10:08:21+00:00,1,0.0,0.0,1.0,1.0,0.6667,10000000000.0,2,94.63,1,base
0x478d04a018f04b90267060747501d4fa175d418d,1,1,2025-11-07T09:04:01+00:00,2025-11-07T09:04:01+00:00,1,0.0,0.0,1.0,1.0,1.0,1000.0,1,0.0,1,base
0x4795294d38e66913422d32dc3c4acf199762d221,2,1,2025-10-28T02:11:01+00:00,2025-10-28T11:20:11+00:00,1,0.0,0.0,1.0,1.0,1.0,100000.0,1,0.38,2,base
0x47bd1b5dd86fdec100fa8f899a43f5e04fbfa824,216,1,2026-01-08T13:24:29+00:00,2026-06-21T05:16:17+00:00,6,0.0,0.0,0.5968,0.8701,0.4444,10000.0,8,163.66,94,base
0x47bf3dc6daea8bda5568fd7e9843c42ca49783b4,1,1,2026-04-02T06:38:29+00:00,2026-04-02T06:38:29+00:00,1,0.0,0.0,1.0,1.0,1.0,750150000.0,1,0.0,1,base
0x47c1a1378e9251d6e291bbad34b17dc50ccf277e,5,1,2026-05-08T05:37:29+00:00,2026-05-08T05:45:31+00:00,1,0.0,0.0,1.0,1.0,1.0,60000.0,1,0.01,5,base
0x47d3394c7234714e4b9e9b74827c12be847f9dda,3468,1,2026-02-10T11:27:07+00:00,2026-07-03T04:28:09+00:00,42,0.0,0.0,0.1538,0.2662,0.2736,1000000.0,18,142.71,447,base
0x47e41abe279f6ac4e3e9bfb371cb0734a7353a1a,1,1,2026-07-01T11:16:23+00:00,2026-07-01T11:16:23+00:00,1,0.0,0.0,1.0,1.0,1.0,10000.0,1,0.0,1,base
0x47ed3359fc21b754dd2573bc508d7e17698fe2c5,1364,1,2026-03-12T21:30:37+00:00,2026-06-22T19:40:53+00:00,1,0.0,0.0,1.0,1.0,0.0015,7746530.0,1363,101.92,83,base
0x47f7a44252836ef693393870a0d3c9bcd4b07544,30,1,2025-10-28T10:37:51+00:00,2026-06-21T05:00:33+00:00,7,0.0,0.0,0.8127,0.9448,0.2333,8250.0,12,235.77,24,base
0x47fe1c4272e7bb0c538dc9f0eea41404eef39e6f,128,1,2025-11-10T15:07:41+00:00,2026-01-01T10:24:11+00:00,2,0.0,0.0,0.999,1.0,0.7109,20000000.0,8,51.8,4,base
0x480b5a88239fc88a8369e9a5448bd5e095bef121,129,1,2025-11-11T01:09:45+00:00,2026-01-01T10:23:19+00:00,2,0.0,0.0,0.998,1.0,0.7054,20000000.0,9,51.38,4,base
0x480cd46e6fade651a0437deadda53d5c8e7d846a,190,1,2026-05-22T09:35:49+00:00,2026-07-02T16:26:23+00:00,20,0.0,0.0,0.3164,0.4543,0.4316,2000.0,28,41.29,36,base
0x486e78dccdaacfb4d58329db926e4f4f00da787c,1,1,2026-06-11T07:49:41+00:00,2026-06-11T07:49:41+00:00,1,0.0,0.0,1.0,1.0,1.0,500000.0,1,0.0,1,base
0x4892aeaaf4386720286b46b2a04de5d62eeb9e69,1,1,2025-11-10T22:19:31+00:00,2025-11-10T22:19:31+00:00,1,0.0,0.0,1.0,1.0,1.0,100000.0,1,0.0,1,base
0x489d69939b4aca357f630055e351a81f1fbb7fb6,1,1,2026-06-29T17:45:55+00:00,2026-06-29T17:45:55+00:00,1,0.0,0.0,1.0,1.0,1.0,4945000.0,1,0.0,1,base
0x48adf6e37f9b31dc2aad0462c5862b5422c736b8,488,1,2026-02-11T04:15:41+00:00,2026-06-13T00:02:03+00:00,6,0.0,0.0,0.6908,0.9017,0.1742,50000.0,29,121.82,122,base
0x48d8622004b735fe543faddfeccc9bb2ca6c42ad,17,1,2026-04-09T16:02:15+00:00,2026-05-18T18:19:35+00:00,1,0.0,0.0,1.0,1.0,0.3529,80000.0,6,39.1,1,base
0x48e218ea47aa464eaf9f8a7763c6945b8259cc18,5,1,2026-05-17T00:36:25+00:00,2026-05-17T00:37:35+00:00,1,0.0,0.0,1.0,1.0,1.0,60000.0,1,0.0,5,base
0x48ebf769b80ffa1c83a00459adbdf5556ef49a3a,2000,0,2025-10-24T11:26:09+00:00,2025-11-28T23:13:53+00:00,51,0.006,0.006,0.3815,0.659,1.0,10000.0,1,35.49,977,base
0x4908913a4206514372d6555355d7ff94369e5724,1,1,2026-05-25T15:21:47+00:00,2026-05-25T15:21:47+00:00,1,0.0,0.0,1.0,1.0,1.0,110000.0,1,0.0,1,base
0x491ff90cd400d3a907ce870cc356d0299e18f4a1,1,1,2025-10-28T11:37:55+00:00,2025-10-28T11:37:55+00:00,1,0.0,0.0,1.0,1.0,1.0,100000.0,1,0.0,1,base
0x4944c8ec15e70bb6ccc452b819053a440bcc4bf3,2000,0,2025-07-21T13:54:07+00:00,2026-06-22T15:32:21+00:00,909,0.0,0.0,0.096,0.1728,0.02,105000.0,1211,336.07,696,base
0x49678ae1d9c2128ca01050c87f19de9501348f49,5,1,2026-06-10T07:18:31+00:00,2026-06-17T01:17:21+00:00,1,0.0,0.0,1.0,1.0,0.2,200000.0,5,6.75,1,base
0x496bb04dc719228ac648d298e9559256cedd8f95,1,1,2026-01-01T19:18:23+00:00,2026-01-01T19:18:23+00:00,1,0.0,0.0,1.0,1.0,1.0,300000000.0,1,0.0,1,base
0x49820901d3685af2b61dea9e65ddefb724319af7,4,1,2025-10-28T12:33:13+00:00,2025-10-30T03:15:23+00:00,1,1.0,1.0,1.0,1.0,1.0,10000.0,1,1.61,2,base
0x4998826282f1a3027b74a977b1c270bd336e3c4d,1,1,2026-04-23T14:09:13+00:00,2026-04-23T14:09:13+00:00,1,0.0,0.0,1.0,1.0,1.0,1500000000.0,1,0.0,1,base
0x499e321a64fdb9b1577cafe89ef5d262aeba9af9,1,1,2025-10-28T02:29:39+00:00,2025-10-28T02:29:39+00:00,1,0.0,0.0,1.0,1.0,1.0,100000.0,1,0.0,1,base
0x49b1f1c4fdf3baed551f3726a1c4540a5e443c37,5,1,2025-11-10T21:17:45+00:00,2025-11-10T21:23:51+00:00,1,0.0,0.0,1.0,1.0,1.0,1000.0,1,0.0,5,base
0x49b41b6dfb13c002cab4c606cecfb4aa806ca3ab,1,1,2026-04-16T04:37:17+00:00,2026-04-16T04:37:17+00:00,1,0.0,0.0,1.0,1.0,1.0,60000.0,1,0.0,1,base
0x49b63376d851e1e0b6b90d009234792a2913bdb4,1,1,2026-01-01T16:58:13+00:00,2026-01-01T16:58:13+00:00,1,0.0,0.0,1.0,1.0,1.0,990000000.0,1,0.0,1,base
0x49b7945ebe2e10fb7a012f97095c3120e9753a35,46,1,2026-06-10T16:27:25+00:00,2026-06-30T15:19:01+00:00,6,0.0,0.0,0.8585,0.9245,0.6739,10000.0,2,19.95,10,base
0x49c96c14bbfcfe072b785d774236f1775475bb90,8,1,2026-01-09T12:40:23+00:00,2026-02-27T12:38:13+00:00,1,0.0,0.0,1.0,1.0,0.25,10000000.0,6,49.0,3,base
0x49d3b71a646d3029e2adab5494436b63184eb196,645,1,2025-11-02T06:21:25+00:00,2025-11-04T06:03:17+00:00,1,0.0,0.0,1.0,1.0,1.0,1000000.0,1,1.99,367,base
0x49d7e04750eb21604ed1bdd8355977a35408f5a9,146,1,2026-04-14T11:49:33+00:00,2026-07-01T06:38:03+00:00,5,0.0,0.0,0.3282,0.6565,0.9041,100.0,3,77.78,132,base
0x49e2b74f424393117431cad4a4b3a93ecbb13415,9,1,2026-06-09T10:46:19+00:00,2026-06-20T04:59:23+00:00,2,0.0,0.0,0.6667,1.0,1.0,10000.0,1,10.76,3,base
0x49e60fedb6490c095be7c521849bed4f0c04f2d8,15,1,2025-11-17T19:14:31+00:00,2025-12-04T05:22:55+00:00,1,0.0,0.0,1.0,1.0,0.0667,709.0,15,16.42,3,base
0x49ef46bda2288e1ebc9dfe3a21d8a9154ab14cd5,2000,0,2025-10-30T20:25:09+00:00,2026-06-12T04:42:17+00:00,394,0.003,0.0026,0.0026,0.0051,0.8045,1000.0,2,224.35,1000,base
0x49fa078e71010f13a7a9dafc6890d06dc8db1fe7,1,1,2026-03-04T15:35:47+00:00,2026-03-04T15:35:47+00:00,1,0.0,0.0,1.0,1.0,1.0,10000.0,1,0.0,1,base
0x4a0e4940f13dc0a6e22bb43e180ecbb9b177dd66,124,1,2025-11-14T06:07:57+00:00,2026-01-01T10:33:05+00:00,1,0.0,0.0,1.0,1.0,0.7339,20000000.0,4,48.18,4,base
0x4a146191ac0a0e10e5939b6c47d52bbd32d2cdb7,265,1,2025-11-10T15:33:37+00:00,2026-01-01T10:31:25+00:00,69,0.0,0.0,0.592,0.6085,0.3547,20000000.0,21,51.79,7,base
0x4a47b25c90ea79e32b043d9ee282826587187ca5,44,1,2026-02-19T18:31:49+00:00,2026-07-01T05:27:35+00:00,11,0.25,0.0497,0.4702,0.5695,0.5455,50000.0,4,131.46,9,base
0x4a4e71f56360092ad40bb2c37b72af5eb9fed4e7,121,1,2025-11-17T01:27:57+00:00,2026-01-01T10:33:43+00:00,2,0.0,0.0,0.9922,1.0,0.7521,20000000.0,5,45.38,4,base
0x4a5a906161c26b411e5e0553a73ba80f8836cb7d,639,1,2025-11-02T06:21:25+00:00,2025-11-04T06:03:19+00:00,1,0.0,0.0,1.0,1.0,1.0,1000000.0,1,1.99,362,base
0x4a5de9fdc3772a28703f320026ac0e07443c3857,1,1,2026-07-01T12:48:05+00:00,2026-07-01T12:48:05+00:00,1,0.0,0.0,1.0,1.0,1.0,10000.0,1,0.0,1,base
0x4a631c7590bc301e3ef8ac92fa1e110ce9cea7fc,1,1,2026-01-02T18:39:03+00:00,2026-01-02T18:39:03+00:00,1,0.0,0.0,1.0,1.0,1.0,975000000.0,1,0.0,1,base
0x4a82f147c8a4339409c9097adc1eedfd56e85bfe,122,1,2026-06-12T00:41:17+00:00,2026-07-03T02:24:55+00:00,28,0.0,0.0,0.7137,0.7675,0.2787,20000.0,14,21.07,41,base
0x4a93e231f0998adf9970a6f232a14b378da7ca72,1,1,2025-11-07T10:00:21+00:00,2025-11-07T10:00:21+00:00,1,0.0,0.0,1.0,1.0,1.0,1000.0,1,0.0,1,base
0x4aa71443a5f62a1f5bddaf05f3bdec2b08cad3ce,1,1,2025-11-07T09:55:27+00:00,2025-11-07T09:55:27+00:00,1,0.0,0.0,1.0,1.0,1.0,1000.0,1,0.0,1,base
0x4aabe17c239ef71c3a26ba7c2b3e0aebbfc1df26,889,1,2026-03-30T22:31:35+00:00,2026-07-03T04:27:29+00:00,216,0.0,0.0,0.2672,0.3491,0.7942,1000000.0,15,94.25,82,base
0x4ab21d49320cd8c17c9ad07a6947d4896faac74c,16,1,2026-06-30T13:30:47+00:00,2026-06-30T17:02:09+00:00,16,0.0,0.0,0.0625,0.125,1.0,980000.0,1,0.15,16,base
0x4abaddb462d9d82cfa3eb3bb45adf4b8af889630,24,1,2026-02-27T17:11:29+00:00,2026-07-01T09:45:29+00:00,4,0.0,0.0,0.9229,0.9795,0.2917,50000000.0,11,123.69,5,base
0x4b1683872786d72516fbebfc061bfac550e271d2,209,1,2026-02-27T06:21:59+00:00,2026-06-21T04:12:35+00:00,6,0.0,0.0,0.9239,0.9883,0.1866,1500.0,24,113.91,32,base
0x4b237bce97dac060f0aa10c8674e04902c43da07,53,1,2025-10-27T23:42:51+00:00,2025-11-03T22:23:33+00:00,41,0.0,0.0,0.3183,0.4934,0.5472,1000.0,25,6.94,24,base
0x4b2a045803c07a475f1ed8d4653be0d5063989a3,1,1,2026-04-17T04:21:15+00:00,2026-04-17T04:21:15+00:00,1,0.0,0.0,1.0,1.0,1.0,60000.0,1,0.0,1,base
0x4b2ba3e210295569399426dee99d2862ef56ed23,7,1,2026-06-06T17:52:51+00:00,2026-06-12T02:05:25+00:00,1,0.0,0.0,1.0,1.0,0.8571,10000.0,2,5.34,1,base
0x4b74cda2aa9604fd1fca2aca06d8e70ead607fa4,11,1,2025-11-11T22:04:05+00:00,2025-12-03T09:56:17+00:00,1,0.0,0.0,1.0,1.0,0.0909,350.0,11,21.49,1,base
0x4b85b19e2811e320c4c34c58a88145d5d4d6fc0d,38,1,2025-11-14T15:40:13+00:00,2026-06-23T16:57:27+00:00,12,0.0,0.0,0.1842,0.3421,1.0,10000.0,1,221.05,4,base
0x4bba6c8fd1586707db5e366b05047f7869c0f1e0,191,1,2025-11-10T15:32:03+00:00,2026-01-01T10:30:29+00:00,42,0.0,0.0,0.778,0.7901,0.4869,20000000.0,16,51.79,6,base
0x4c02babdaaa5e739cf763c87eed9be7588c760f3,1,1,2026-05-13T10:36:11+00:00,2026-05-13T10:36:11+00:00,1,0.0,0.0,1.0,1.0,1.0,10000.0,1,0.0,1,base
0x4c15cf7ccd50964ce823d204b34fff1c265e2633,2000,0,2025-10-25T09:04:25+00:00,2026-06-20T05:11:01+00:00,1880,0.0,0.0,0.0225,0.0305,1.0,1000000.0,1,237.84,1000,base
0x4c1a4fce51fea51f128a01cce8becb106d391155,49,1,2026-05-13T14:50:03+00:00,2026-07-02T06:12:53+00:00,16,0.0,0.0,0.2625,0.4551,0.3061,100000.0,8,49.64,6,base
0x4c34489c1f0901695320c6429dd9c69dd51102d9,72,1,2026-06-01T21:04:25+00:00,2026-07-03T04:03:09+00:00,31,0.0,0.0,0.1982,0.3153,0.5833,1000.0,3,31.29,16,base
0x4c3b0b1cab290300bd5a36ad5f33a607acbd7ac3,225,1,2025-06-24T11:00:15+00:00,2026-07-02T20:30:07+00:00,15,0.0,0.0,0.3081,0.6069,0.9511,50000.0,2,373.4,34,base
0x4c950a088843185ddd3e691e9a4fcbfb94a02689,1,1,2026-03-21T04:20:21+00:00,2026-03-21T04:20:21+00:00,1,0.0,0.0,1.0,1.0,1.0,370000.0,1,0.0,1,base
0x4cace3f74bdea349a1024c5d03bd6bcd9a6ba08c,1,1,2026-06-25T18:15:17+00:00,2026-06-25T18:15:17+00:00,1,0.0,0.0,1.0,1.0,1.0,10000.0,1,0.0,1,base
0x4cb0b83a1b9324667f766983d6fff602fb8808fa,1,1,2026-05-01T11:43:41+00:00,2026-05-01T11:43:41+00:00,1,0.0,0.0,1.0,1.0,1.0,350000.0,1,0.0,1,base
0x4cd3ebc3b05137a40165e59345d2e620cbbc3498,1,1,2025-12-02T16:25:11+00:00,2025-12-02T16:25:11+00:00,1,0.0,0.0,1.0,1.0,1.0,200000.0,1,0.0,1,base
0x4cde5510521b74f2212577034f07729aceec25b2,8,1,2026-05-12T00:13:45+00:00,2026-05-25T04:55:39+00:00,1,0.0,0.0,1.0,1.0,0.625,60000.0,2,13.2,5,base
0x4ce88238f669d04351937420c931988e464a975a,38,1,2026-06-19T10:59:37+00:00,2026-07-01T05:20:21+00:00,5,0.0,0.0,0.5889,0.8222,0.6842,30000.0,2,11.76,24,base
0x4cec5b72f8415ed875d56b2a2cde3df7d87d31dc,3,1,2025-10-28T13:51:31+00:00,2025-10-30T02:12:09+00:00,1,1.0,1.0,1.0,1.0,1.0,1000.0,1,1.51,1,base
0x4d2d3682b2d00b51850465b3b73a32d2de0f2823,27,1,2026-06-11T01:30:59+00:00,2026-07-03T04:22:19+00:00,7,0.0,0.0,0.261,0.4878,0.2222,100000.0,14,22.12,7,base
0x4d2f581db80621dbbabcbac2a34bb80676573dba,1,1,2025-10-31T15:24:27+00:00,2025-10-31T15:24:27+00:00,1,0.0,0.0,1.0,1.0,1.0,2000000.0,1,0.0,1,base
0x4d4c0edb16acf9f5e9be757baaf5ae64d571c670,1,1,2026-05-11T18:38:03+00:00,2026-05-11T18:38:03+00:00,1,0.0,0.0,1.0,1.0,1.0,2000.0,1,0.0,1,base
0x4d7d842536de9eb491ae2300126b3cdde7b0ade3,26,1,2026-05-20T00:36:45+00:00,2026-07-03T01:22:55+00:00,20,0.0,0.0,0.4839,0.6774,0.8462,10000.0,2,44.03,6,base
0x4d85068addc1d3a5c04a81191eb2a705c89d97d0,5,1,2026-02-03T12:08:03+00:00,2026-02-19T00:13:53+00:00,1,0.0,0.0,1.0,1.0,0.2,100000000.0,5,15.5,3,base
0x4d9cb62e2d445570277bbde66d33ce998dc9b915,1,1,2026-06-06T09:07:25+00:00,2026-06-06T09:07:25+00:00,1,0.0,0.0,1.0,1.0,1.0,40000.0,1,0.0,1,base
0x4da5e221b0bc15a5ce42d600fcda41c89286363b,5,1,2025-11-10T21:19:07+00:00,2025-11-10T21:24:55+00:00,1,0.0,0.0,1.0,1.0,1.0,1000.0,1,0.0,5,base
0x4df66b6c140778fe0717880a7c6dde5ea53acdea,363,1,2026-06-21T22:31:23+00:00,2026-07-03T04:25:19+00:00,143,0.0,0.0,0.1583,0.311,0.3499,10000.0,8,11.25,88,base
0x4dff19ebae58a1a736d0ec020835ead62c94b2a4,67,1,2026-04-20T18:47:43+00:00,2026-04-20T19:22:47+00:00,67,0.0,0.0,0.0272,0.047,0.0149,535799522.0,67,0.02,67,base
0x4e000c420c84e232db22b625b4e28576ac5e4c92,3,1,2025-10-28T10:19:51+00:00,2025-10-30T00:44:17+00:00,1,1.0,1.0,1.0,1.0,1.0,10000.0,1,1.6,1,base
0x4e2ef8df36a74b168333e92686018c3b3fb2e3e7,516,1,2025-12-06T04:47:37+00:00,2026-06-20T04:11:09+00:00,14,0.0,0.0,0.7359,0.8063,0.9186,200000.0,5,195.97,67,base
0x4e312f5ebecefc1b59baabd5a13cb4d3c0352d5d,1165,0,2025-11-02T06:14:23+00:00,2025-11-28T03:44:37+00:00,1,0.0,0.0,1.0,1.0,0.7708,100000.0,2,25.9,258,base
0x4e3c5f741ffd8186d493a97352833ce3b36d8e72,1,1,2026-04-23T14:26:27+00:00,2026-04-23T14:26:27+00:00,1,0.0,0.0,1.0,1.0,1.0,10000.0,1,0.0,1,base
0x4e583fc97d853963f23fe2d535e77f7750d58844,11,1,2026-01-25T13:26:29+00:00,2026-02-19T11:54:31+00:00,1,0.0,0.0,1.0,1.0,0.1818,12000000.0,9,24.94,2,base
0x4e58d53457c5e6df9ce39a0718071b9df55bd246,1,1,2026-01-01T16:04:17+00:00,2026-01-01T16:04:17+00:00,1,0.0,0.0,1.0,1.0,1.0,330000000.0,1,0.0,1,base
0x4e9bce2547a9491b09ed092c433b19888e665edb,2000,0,2025-10-27T08:21:29+00:00,2025-11-28T04:04:27+00:00,26,0.7215,0.9461,0.9461,0.961,0.57,10000.0,3,31.82,1000,base
0x4ea76a7d7ad1dc8fd8e1a8bcf9f6800b562a9d4e,26,1,2026-05-28T08:40:21+00:00,2026-06-18T00:46:57+00:00,6,0.0,0.0,0.2384,0.4327,0.1923,250000.0,14,20.67,7,base
0x4eb7b4ddd14c21115890aa71efb4608373f212e5,6,1,2026-05-29T16:25:05+00:00,2026-06-03T00:15:01+00:00,1,0.0,0.0,1.0,1.0,0.8333,10000.0,2,4.33,1,base
0x4ed0e65b400d115a21d21a5e2d9a63e3b2718034,1493,1,2026-04-11T01:13:41+00:00,2026-07-03T04:19:11+00:00,5,0.0,0.0,0.99,0.996,1.0,10000.0,1,83.13,260,base
0x4f055e7893fbffdff249f14cb141c9a7a3e13f66,3,1,2026-05-05T03:08:27+00:00,2026-06-04T00:41:11+00:00,1,0.0,0.0,1.0,1.0,1.0,100000.0,1,29.9,1,base
0x4f11c8c9a3aa2b6c643de7e7eda71511c1c8b79d,1,1,2026-03-04T15:44:21+00:00,2026-03-04T15:44:21+00:00,1,0.0,0.0,1.0,1.0,1.0,10000.0,1,0.0,1,base
0x4f180b7752993b785be84ebbb15ce99c97a926a1,75,1,2025-11-27T19:57:15+00:00,2026-06-10T14:15:03+00:00,16,0.0,0.0,0.1861,0.2924,0.3867,1000.0,28,194.76,34,base
0x4f238458128b024e4027199b11f5c234fe9366a5,124,1,2025-11-14T06:07:35+00:00,2026-01-01T10:32:47+00:00,1,0.0,0.0,1.0,1.0,0.7339,20000000.0,4,48.18,4,base
0x4f4beb658084d7bd7ea0b6f74dbf6e99f93d422d,2000,0,2025-10-28T18:23:37+00:00,2026-07-03T04:30:57+00:00,501,0.0,0.0,0.059,0.11,0.5075,50000.0,7,247.42,253,base
0x4f5695d12c30eae448c5f38023b12572e483453c,36,1,2025-11-30T13:03:57+00:00,2025-12-16T16:32:05+00:00,1,0.0,0.0,1.0,1.0,0.25,10000.0,21,16.14,8,base
0x4fb61d4ff677ee7b4f8d49f3fa78b9323556ba59,1,1,2026-05-13T03:07:31+00:00,2026-05-13T03:07:31+00:00,1,0.0,0.0,1.0,1.0,1.0,10000.0,1,0.0,1,base
0x5021185435642f82f12ebbf34c65e5b06236665e,2,1,2025-11-12T03:26:31+00:00,2025-11-23T04:30:43+00:00,1,0.0,0.0,1.0,1.0,0.5,262.0,2,11.04,1,base
0x5036b25f4a371896a01387f1cb55e717fa36a135,4,1,2026-01-05T15:09:53+00:00,2026-01-26T13:15:39+00:00,1,0.0,0.0,1.0,1.0,0.75,10000000.0,2,20.92,2,base
0x5043622abaf2fd42ddee15fc3234903ae4969359,20,1,2026-05-18T09:38:33+00:00,2026-05-23T13:25:39+00:00,1,0.0,0.0,1.0,1.0,0.5,12000.0,3,5.16,10,base
0x504882319f9009578dc83cad1fe9f452ed423a40,85,1,2025-12-19T06:24:19+00:00,2026-06-21T04:12:35+00:00,28,0.0,0.0,0.6403,0.712,0.5294,10000000.0,5,183.91,11,base
0x5054acbbdd6aed95231cbe833f7bf1db7c248bff,352,1,2025-12-03T07:50:17+00:00,2025-12-09T09:10:59+00:00,13,0.0,0.0,0.1774,0.3486,0.9545,5000000.0,5,6.06,140,base
0x505eed850a17c41cb0aa10a7e51c360d4b0c1662,1164,1,2025-10-28T23:12:35+00:00,2025-10-29T00:07:37+00:00,256,0.0,0.0,0.0206,0.0411,0.7629,50000000.0,3,0.04,1002,base
0x5062c72ef2c8720c634aacc8760c69901d527030,3,1,2026-04-19T01:54:51+00:00,2026-06-05T00:40:37+00:00,1,0.0,0.0,1.0,1.0,0.6667,100000.0,2,46.95,1,base
0x50ab2018c06c6e4eaa9ba52057eb55ed284912fc,4785,1,2026-06-05T01:30:43+00:00,2026-07-03T04:00:37+00:00,99,0.0,0.0,0.6152,0.8677,0.3601,100000.0,17,28.1,969,base
0x50d584def5f0c3ffb43c7860da52c2ff6eb44367,128,1,2025-11-11T01:13:35+00:00,2026-01-01T10:26:21+00:00,2,0.0,0.0,0.9966,1.0,0.7188,20000000.0,8,51.38,4,base
0x50dc1e8cba11d1d30011271cff992d44e4c67008,2000,0,2025-11-23T15:30:11+00:00,2025-11-28T04:02:55+00:00,1,0.0,0.0,1.0,1.0,1.0,100000.0,1,4.52,556,base
0x50f24a07c3345057dbf335becd74b91044c2d8bc,269,1,2025-11-10T15:28:31+00:00,2026-01-01T10:28:49+00:00,68,0.0,0.0,0.5975,0.6141,0.3494,20000000.0,25,51.79,7,base
0x513087820af94a7f4d21bc5b68090f3080022e0e,17,1,2026-02-19T19:32:43+00:00,2026-03-21T00:27:47+00:00,5,0.0,0.0,0.3204,0.5318,0.1765,10000000.0,15,29.2,4,base
0x5138ffeb7065fedb465b3c1daace737ab29ecb45,1367,1,2026-03-12T21:32:25+00:00,2026-06-10T18:01:05+00:00,1,0.0,0.0,1.0,1.0,0.0007,6392805.0,1367,89.85,88,base
0x514e32453eead219911d3c8852e068ce43a9d505,4,1,2026-04-20T12:57:53+00:00,2026-04-23T02:42:31+00:00,1,0.0,0.0,1.0,1.0,0.25,60000.0,4,2.57,1,base
0x515e7bce44baa5f6e42d16d4b5f27768e7f2f8cc,813,1,2026-02-18T07:21:29+00:00,2026-07-03T04:27:25+00:00,96,0.0,0.0,0.6428,0.7628,0.369,50000.0,13,134.88,189,base
0x517fa696527ce322bd36b10a6afca26f64db30e6,7,1,2026-04-19T13:50:13+00:00,2026-05-08T11:17:01+00:00,7,0.0,0.0,0.1849,0.3697,0.5714,50485000.0,4,18.89,2,base
0x51888ca7fc5d60357a95a1c86260af18e331322d,2000,0,2025-11-05T12:04:15+00:00,2025-11-28T04:02:01+00:00,1,0.0,0.0,1.0,1.0,0.9995,100000.0,2,22.67,514,base
0x519393a43a365563264bbde346aac4e67ad2c7f6,125,1,2025-12-09T12:35:53+00:00,2025-12-14T21:48:35+00:00,1,0.0,0.0,1.0,1.0,0.28,297000000.0,12,5.38,71,base
0x51a0e9db9d1e11b2f5487508f8f2427e69da260e,1,1,2026-05-17T08:59:45+00:00,2026-05-17T08:59:45+00:00,1,0.0,0.0,1.0,1.0,1.0,10000.0,1,0.0,1,base
0x51a5d238d80c42b2a83421f85a27e85d2e248787,5,1,2026-05-06T16:22:51+00:00,2026-05-06T16:24:05+00:00,1,0.0,0.0,1.0,1.0,1.0,60000.0,1,0.0,5,base
0x5217f656a80f639c8f3022a0fe0ad72e6ef9897b,3,1,2025-10-29T23:04:29+00:00,2025-10-30T23:29:13+00:00,1,0.0,0.0,1.0,1.0,0.6667,300000.0,2,1.02,2,base
0x522dd89213d56006c55411ae8b2633ecd4d12698,5,1,2025-10-28T14:35:43+00:00,2025-10-30T00:04:41+00:00,1,0.0,0.0,1.0,1.0,1.0,10000.0,1,1.4,3,base
0x523eff3db03938eaa31a5a6fbd41e3b9d23edde5,126,1,2026-05-30T17:00:09+00:00,2026-06-04T01:57:37+00:00,30,0.0,0.0,0.2511,0.3346,0.4683,100000.0,5,4.37,119,base
0x524e9896171bc1f846bbdcfb3488b3b064202d97,175,1,2025-10-31T11:04:13+00:00,2025-10-31T15:16:11+00:00,1,0.0,0.0,1.0,1.0,1.0,30000000.0,1,0.17,175,base
0x525e3578bb0cf06e0911009056fc4f8125fa7cdd,3,1,2026-04-27T15:42:13+00:00,2026-06-13T11:51:43+00:00,1,0.0,0.0,1.0,1.0,0.3333,5000000.0,3,46.84,1,base
0x52848ecb5f52c28080b74c545a92a7cc228a2086,1342,1,2025-10-27T10:42:33+00:00,2025-10-29T21:20:57+00:00,9,0.0,0.0,0.2336,0.4505,0.3696,100000.0,4,2.44,1097,base
0x52ab53912d37759b2ad364f22dd06b16714b6c06,1200,1,2026-04-30T21:24:55+00:00,2026-07-03T03:23:37+00:00,57,0.0,0.0,0.7302,0.8259,0.3808,50000.0,12,63.25,202,base
0x52e29e0d2aa49bfbfc548c0a9f2196f4aa51f3ea,2000,0,2026-02-19T19:38:43+00:00,2026-07-03T03:20:57+00:00,171,0.0,0.0,0.1689,0.2557,0.3345,5000.0,7,133.32,330,base
0x52e64c77bd7eb6c249791a6e4815de319f68e859,2000,0,2025-10-26T11:43:11+00:00,2025-10-30T07:36:55+00:00,1,0.0,0.0,1.0,1.0,1.0,1000000.0,1,3.83,1000,base
0x52e6d9b8fd9f3cd60f6e92f0750ee1dd43a62260,127,1,2025-11-10T15:08:23+00:00,2026-01-01T10:24:17+00:00,1,0.0,0.0,1.0,1.0,0.7165,20000000.0,7,51.8,4,base
0x52f4f36214c80270453bcece09eeff8298a737b7,5,1,2025-11-10T17:43:37+00:00,2025-11-10T17:48:51+00:00,1,0.0,0.0,1.0,1.0,1.0,1000.0,1,0.0,5,base
0x53257df5f44eaf0b2b2ad79b7d9173da2276c81f,5,1,2026-05-25T15:18:39+00:00,2026-06-03T02:24:13+00:00,1,0.0,0.0,1.0,1.0,0.8,10000.0,2,8.46,1,base
0x535cb97ea531d75a6d2251ee10b5909aa2b6ca12,128,1,2025-11-10T15:03:47+00:00,2026-01-01T10:23:25+00:00,1,0.0,0.0,1.0,1.0,0.7109,20000000.0,8,51.81,4,base
0x535cd628e0259efede608d82df09b5a255bbf646,4,1,2026-06-01T09:01:33+00:00,2026-06-03T00:14:19+00:00,1,0.0,0.0,1.0,1.0,0.75,10000.0,2,1.63,2,base
0x53be7770c8d4c733740c9139cbbe50b5146a2f8f,75,1,2026-04-25T19:42:39+00:00,2026-06-01T06:09:29+00:00,1,0.0,0.0,1.0,1.0,0.44,10000.0,12,36.44,5,base
0x53e41dfb3ca6754cb5d2bd79bbc23eef8d91fb9c,5,1,2026-05-06T18:07:09+00:00,2026-05-06T18:28:57+00:00,1,0.0,0.0,1.0,1.0,1.0,60000.0,1,0.02,5,base
0x5420a8c35d0a2b184b68655abe07f3da9983a98b,5,1,2025-11-07T09:20:45+00:00,2025-11-07T09:21:07+00:00,1,0.0,0.0,1.0,1.0,1.0,1000.0,1,0.0,5,base
0x54270a849afc8d503568410ef56c445d720f0f09,1,1,2026-03-25T09:16:13+00:00,2026-03-25T09:16:13+00:00,1,0.0,0.0,1.0,1.0,1.0,10000.0,1,0.0,1,base
0x542793a5f0e26fc6b7ec17653c14d010fcdcf089,135,1,2026-04-19T07:16:33+00:00,2026-04-19T07:30:59+00:00,135,0.0,0.0,0.0077,0.0153,0.0074,1457774438.0,135,0.01,135,base
0x542e22758e0d24d8990d013c3f473745cb14e44c,1,1,2026-05-18T04:45:19+00:00,2026-05-18T04:45:19+00:00,1,0.0,0.0,1.0,1.0,1.0,10000.0,1,0.0,1,base
0x548fc289526ab2f0391d562a723cda64bbf1abc4,158,1,2026-05-30T09:21:07+00:00,2026-06-23T01:20:39+00:00,9,0.0,0.0,0.3508,0.6551,0.3418,1000.0,35,23.67,54,base
0x549c82e6bfc54bdae9a2073744cbc2af5d1fc6d1,184,1,2026-05-14T15:08:31+00:00,2026-07-02T20:05:47+00:00,34,0.0,0.0,0.7682,0.8318,0.9511,20000.0,2,49.21,105,base
0x54c4018d9db8880476fd222cc9a64d24d145ebfc,495,1,2026-03-16T09:13:39+00:00,2026-06-13T09:08:13+00:00,6,0.0,0.0,0.9648,0.9865,0.3758,10000.0,70,89.0,18,base
0x54d6c2c08e10f1a1d3da88df513bbe9bcf1a4afa,460,1,2026-05-04T16:06:41+00:00,2026-07-03T03:46:41+00:00,122,0.0,0.0,0.0483,0.0939,0.7913,50000.0,4,59.49,69,base
0x54dbbbbbc00227409065574a0f0a1756d14fb9dc,1,1,2025-11-23T07:21:35+00:00,2025-11-23T07:21:35+00:00,1,0.0,0.0,1.0,1.0,1.0,193.0,1,0.0,1,base
0x550064810b937cac35c5dbed8bbe746dcbb777dc,4,1,2026-06-01T14:50:07+00:00,2026-06-22T07:14:23+00:00,2,0.0,0.0,0.9492,1.0,0.5,100000.0,3,20.68,1,base
0x550075d9104868c895d8688e77795d2016ae5bf0,1,1,2026-06-17T16:57:05+00:00,2026-06-17T16:57:05+00:00,1,0.0,0.0,1.0,1.0,1.0,10000.0,1,0.0,1,base
0x551d1ae84d8bdd8755ee8bbbb880894da9881916,5,1,2026-05-11T13:27:07+00:00,2026-05-11T13:50:49+00:00,1,0.0,0.0,1.0,1.0,1.0,60000.0,1,0.02,5,base
0x5551aecaf350390a6c0c5c02731fe6e8d6fb2967,748,1,2025-10-31T15:18:03+00:00,2025-11-04T06:03:19+00:00,1,0.0,0.0,1.0,1.0,0.9291,1000000.0,2,3.61,412,base
0x555fdc47eabbbc0f5855c26a16ba38b21438e4ac,2000,0,2025-11-23T15:31:45+00:00,2025-11-28T03:59:01+00:00,1,0.0,0.0,1.0,1.0,1.0,100000.0,1,4.52,537,base
0x55754d4d5e84e41c71b10ee543de660e9fca2caa,1,1,2025-11-01T14:07:57+00:00,2025-11-01T14:07:57+00:00,1,0.0,0.0,1.0,1.0,1.0,10000.0,1,0.0,1,base
0x5581441dcbf68c794f38039e05a2c2bd37d3cbb2,3,1,2025-10-28T09:48:43+00:00,2025-10-30T00:06:37+00:00,1,1.0,1.0,1.0,1.0,1.0,1000000.0,1,1.6,1,base
0x558fffc567ac45a18be15c687b2383c7fb0ce1ce,270,1,2025-11-10T15:33:13+00:00,2026-01-01T10:31:03+00:00,76,0.0,0.0,0.5894,0.6016,0.3481,20000000.0,25,51.79,7,base
0x55d2b9b12ac964a5444f8293ecb3b148a3f4f1dd,913,1,2025-10-28T17:46:13+00:00,2025-11-03T18:26:31+00:00,642,0.0,0.0,0.0187,0.0366,0.954,10000000.0,4,6.03,811,base
0x56150318a27cbdf65a490687f5adca5deba8a574,197,1,2026-05-29T21:38:27+00:00,2026-06-23T20:03:29+00:00,1,0.0,0.0,1.0,1.0,0.8426,10000.0,12,24.93,25,base
0x561c4da95339bf6606e4528f8069424657b5893c,1,1,2026-05-18T08:25:45+00:00,2026-05-18T08:25:45+00:00,1,0.0,0.0,1.0,1.0,1.0,2000.0,1,0.0,1,base
0x5622912cc90de831c5fcec5eb65e10fb3892c75d,232,1,2025-10-24T11:38:07+00:00,2026-06-28T02:40:03+00:00,53,0.6121,0.6036,0.6036,0.6444,0.944,1000000.0,3,246.63,80,base
0x56348373a69d06b2ee81cae55ec42dcdcbfd74bb,1329,0,2025-10-31T12:42:25+00:00,2025-11-28T03:59:53+00:00,1,0.0,0.0,1.0,1.0,0.7622,100000.0,2,27.64,288,base
0x5645adddbc508716e7e9545aa715db4a501cdea2,1,1,2026-05-28T17:00:29+00:00,2026-05-28T17:00:29+00:00,1,0.0,0.0,1.0,1.0,1.0,40000.0,1,0.0,1,base
0x5665dd319d92ebf1ce6ac2e86f05158d2bee51d9,8,1,2025-11-13T03:22:01+00:00,2025-11-29T15:19:11+00:00,1,0.0,0.0,1.0,1.0,0.125,352.0,8,16.5,1,base
0x567f5e217e44046e4399986c3ecbbc6e1aed172d,1,1,2025-11-07T09:58:49+00:00,2025-11-07T09:58:49+00:00,1,0.0,0.0,1.0,1.0,1.0,1000.0,1,0.0,1,base
0x56838d619fdb6df7f42a88908915542cd4171e89,22,1,2026-05-06T08:45:35+00:00,2026-06-03T10:38:17+00:00,1,0.0,0.0,1.0,1.0,0.5,50000.0,9,28.08,2,base
0x568eb29964eeed6242154d848e6bd3c7ffece7ad,254,1,2025-10-27T15:56:29+00:00,2025-10-27T17:14:33+00:00,85,0.0,0.0,0.311,0.4291,1.0,1000000.0,1,0.05,254,base
0x56b306ef0cb4a5806a1a8c60467b98401cc739fa,203,1,2025-11-01T21:40:11+00:00,2025-11-10T15:17:55+00:00,56,0.0,0.0,0.3989,0.5266,0.6995,1000000.0,2,8.73,192,base
0x56e7d49acc6b65a0f1f4c248220dceda88c38cfe,12,1,2026-05-10T21:47:07+00:00,2026-06-03T11:23:33+00:00,1,0.0,0.0,1.0,1.0,0.6667,10000.0,2,23.57,4,base
0x57210b95ecbfd6f2ee74d77830228b48d1878867,427,1,2026-01-28T14:42:13+00:00,2026-07-03T04:27:19+00:00,111,0.0,0.0,0.3433,0.5885,0.8806,1000.0,8,155.57,91,base
0x5729441ecc2905e4daedbc8c1a904f9aa42d531b,128,1,2025-11-11T01:17:45+00:00,2026-01-01T10:25:37+00:00,2,0.0,0.0,0.9959,1.0,0.7188,20000000.0,8,51.38,4,base
0x5740826f5d25de923b4695e011a27ba0f7c24866,1,1,2026-05-31T04:49:43+00:00,2026-05-31T04:49:43+00:00,1,0.0,0.0,1.0,1.0,1.0,40000.0,1,0.0,1,base
0x576643c338272d3ff1410d463041297d4800e03e,8,1,2026-05-25T23:54:37+00:00,2026-06-03T02:44:03+00:00,1,0.0,0.0,1.0,1.0,0.875,10000.0,2,8.12,2,base
0x5770e66181984aa8510777790016b64aeda4f8b2,190,1,2026-02-15T03:30:25+00:00,2026-07-03T03:34:27+00:00,29,0.0,0.0,0.4975,0.5879,0.9684,2000.0,2,138.0,41,base
0x5771ea77bc1ca79560a3542363d957f9a9fc8684,121,1,2025-11-17T01:28:03+00:00,2026-01-01T10:33:49+00:00,1,0.0,0.0,1.0,1.0,0.7521,20000000.0,4,45.38,4,base
0x577a0dd94d3df2d22ac32ffd535513e8e3757d58,1,1,2026-06-30T00:36:31+00:00,2026-06-30T00:36:31+00:00,1,0.0,0.0,1.0,1.0,1.0,600000.0,1,0.0,1,base
0x578b0dda9b4c1d3153e36b25498501d272c0815b,61,1,2026-05-16T15:12:23+00:00,2026-06-03T05:18:51+00:00,1,0.0,0.0,1.0,1.0,0.4918,10000.0,6,17.59,5,base
0x5795d7b6df3f13e51a3f9c856c77639408ef5330,7,1,2026-06-08T07:09:57+00:00,2026-06-13T01:46:11+00:00,1,0.0,0.0,1.0,1.0,0.8571,10000.0,2,4.78,2,base
0x57a6b0547557ed5817d5988ce30fc4729aef0ed7,8,1,2026-04-21T21:15:45+00:00,2026-04-21T21:16:13+00:00,8,0.0,0.0,0.1293,0.2549,0.125,50625363354.0,8,0.0,8,base
0x57f7e0c9716c68e19e13a817ab53e49979ef2595,10,1,2025-11-12T06:05:51+00:00,2025-12-04T04:58:55+00:00,1,0.0,0.0,1.0,1.0,0.1,8846.0,10,21.95,1,base
0x580a22a5c3a9c599f345859557daa02836e8ae2f,267,1,2025-11-10T15:27:35+00:00,2026-01-01T10:28:33+00:00,72,0.0,0.0,0.598,0.6124,0.3558,20000000.0,22,51.79,7,base
0x58157cfaa167b0d15d41d692930fc6a6e338046a,1,1,2025-10-28T02:28:51+00:00,2025-10-28T02:28:51+00:00,1,0.0,0.0,1.0,1.0,1.0,100000.0,1,0.0,1,base
0x5851e16e33c42ca7fd023b80be4b19f1f7767cf2,1,1,2026-05-11T13:29:39+00:00,2026-05-11T13:29:39+00:00,1,0.0,0.0,1.0,1.0,1.0,10000.0,1,0.0,1,base
0x5872ab1961400cfd20867e15a3461032aa3978bd,128,1,2025-11-10T15:22:07+00:00,2026-01-01T10:27:43+00:00,3,0.0,0.0,0.9932,0.998,0.7031,20000000.0,9,51.8,4,base
0x5875de39c373d040ac167da2cf5f3a788ce24ace,1741,0,2025-10-31T15:01:11+00:00,2025-11-28T03:50:37+00:00,1,0.0,0.0,1.0,1.0,1.0,1000000.0,1,27.53,372,base
0x5887ada4058db7293727bf05b81d4fe76da44638,1,1,2026-05-02T06:55:37+00:00,2026-05-02T06:55:37+00:00,1,0.0,0.0,1.0,1.0,1.0,100000.0,1,0.0,1,base
0x5887f01868a85f3b251b447f4d71e50f21dff5a7,10,1,2025-11-11T05:16:51+00:00,2025-12-02T14:06:37+00:00,1,0.0,0.0,1.0,1.0,0.1,334.0,10,21.37,1,base
0x5889149e38e7655915b9e999dba154c22ca19cd3,2,1,2026-06-01T12:27:19+00:00,2026-06-01T12:27:59+00:00,1,0.0,0.0,1.0,1.0,0.5,10000.0,2,0.0,2,base
0x588931e8a5d4aa8b072b297f555214e8c4f0be98,68,1,2026-05-11T22:36:01+00:00,2026-06-21T05:16:31+00:00,7,0.0,0.0,0.4118,0.6618,1.0,10000.0,1,40.28,28,base
0x58bdad5e654691ac5ed4631758f3d8da00666b6c,74,1,2026-05-31T12:31:07+00:00,2026-07-02T10:29:27+00:00,17,0.0,0.0,0.4659,0.6212,0.8649,3000.0,3,31.92,33,base
0x58be3eb5c86dacfc6ac71fad3aad8a7d07eeb391,178,1,2025-12-03T09:42:13+00:00,2026-06-21T04:08:01+00:00,8,0.0,0.0,0.3771,0.5996,0.7135,100000.0,3,199.77,30,base
0x58e632fa698383820ffc22156352c9836790e2c0,131,1,2026-04-22T08:56:11+00:00,2026-06-23T16:51:31+00:00,6,0.0,0.0,0.583,0.8834,0.8015,20000.0,2,62.33,18,base
0x58f42c60dfe9b662b9e573c13358e5d773790699,357,1,2026-05-28T05:16:25+00:00,2026-07-01T04:43:05+00:00,11,0.0,0.0,0.3051,0.5882,0.535,1000.0,5,33.98,139,base
0x590ac39e6e3963de445beb48c5d3b82dae0bcfc4,1,1,2025-10-28T12:11:07+00:00,2025-10-28T12:11:07+00:00,1,0.0,0.0,1.0,1.0,1.0,1000000.0,1,0.0,1,base
0x59285a11fe0c4e3e4eeea361bd0b524894284ddd,126,1,2026-03-13T17:10:41+00:00,2026-06-08T12:10:57+00:00,11,0.0,0.0,0.9461,0.9817,0.127,90000.0,49,86.79,10,base
0x59292d3c052f4e8888416ea1068a7dcaea71ff7d,2,1,2025-10-29T01:28:07+00:00,2025-10-30T13:10:35+00:00,1,0.0,0.0,1.0,1.0,1.0,500000.0,1,1.49,1,base
0x5931a791520a11a6b5660be22de675723db509d1,1,1,2026-05-12T23:33:49+00:00,2026-05-12T23:33:49+00:00,1,0.0,0.0,1.0,1.0,1.0,10000.0,1,0.0,1,base
0x59477bca9fee01232096e27b4f349b5118a0f655,85,1,2026-05-11T11:30:11+00:00,2026-06-24T02:30:33+00:00,3,0.0,0.0,0.8252,0.9709,0.6588,3000.0,3,43.63,31,base
0x5973a8d185766ec58fc7c27a8b5759e3a7b5a3bc,126,1,2025-11-14T06:08:27+00:00,2026-01-01T10:33:27+00:00,3,0.0,0.0,0.9867,0.9937,0.7302,20000000.0,5,48.18,4,base
0x59a031c4e545e9c7314e18237fcb1fa39ad29ccc,1,1,2025-11-01T04:06:59+00:00,2025-11-01T04:06:59+00:00,1,0.0,0.0,1.0,1.0,1.0,1000000.0,1,0.0,1,base
0x59a35233502dfd65f02c8b09f988ffdfc2bc64c4,134,1,2025-11-10T14:08:19+00:00,2026-01-01T10:22:27+00:00,3,0.0,0.0,0.9946,1.0,0.6866,20000000.0,13,51.84,4,base
0x59dc4e72ff68bd2fdcf904f7dea50ba34369c9dd,311,1,2026-04-07T14:50:19+00:00,2026-07-03T01:21:21+00:00,50,0.0,0.0,0.0418,0.0804,1.0,1.0,1,86.44,10,base
0x5a2352461a10f06de43a35709624a87b73ef5b47,1,1,2025-10-31T19:22:15+00:00,2025-10-31T19:22:15+00:00,1,0.0,0.0,1.0,1.0,1.0,1000000.0,1,0.0,1,base
0x5a4bde518ccc3871d3eea421ff8c3dc12493828c,1,1,2026-05-13T21:55:41+00:00,2026-05-13T21:55:41+00:00,1,0.0,0.0,1.0,1.0,1.0,10000.0,1,0.0,1,base
0x5a78ace5dd133316c8aaf7e156fbfc57e1209cf9,42,1,2026-06-11T11:41:53+00:00,2026-06-24T01:41:17+00:00,6,0.0,0.0,0.88,0.9467,0.7143,1000.0,2,12.58,11,base
0x5a86eb6dcf948a10bad1498d853257899077a838,1,1,2025-10-29T01:10:07+00:00,2025-10-29T01:10:07+00:00,1,0.0,0.0,1.0,1.0,1.0,500000.0,1,0.0,1,base
0x5a8b662ed4e0d8d399c2159913d2962a9f5c4bd1,1,1,2025-10-28T14:26:19+00:00,2025-10-28T14:26:19+00:00,1,1.0,1.0,1.0,1.0,1.0,10000.0,1,0.0,1,base
0x5a9a85acfb7d258133052cfc04495dba5c330ed7,97,1,2025-10-27T11:52:37+00:00,2025-10-27T13:05:13+00:00,42,0.0,0.0,0.2975,0.4835,0.3402,100000000.0,5,0.05,97,base
0x5abad121dabb983e663fb8d08fea3dcf745af005,90,1,2026-04-11T21:41:51+00:00,2026-07-01T03:24:23+00:00,14,0.0,0.0,0.722,0.8069,0.8,10000.0,6,80.24,11,base
0x5ac3154e71510d243de8e2993e22666cfd3cf3c5,1,1,2026-05-20T10:04:09+00:00,2026-05-20T10:04:09+00:00,1,0.0,0.0,1.0,1.0,1.0,10000.0,1,0.0,1,base
0x5ac477023b6b4d4c0db100579132f2da0ae41f0b,1,1,2025-10-28T11:35:51+00:00,2025-10-28T11:35:51+00:00,1,0.0,0.0,1.0,1.0,1.0,100000.0,1,0.0,1,base
0x5ace32b004ee1a9f5e6a74e0d41969aeb49f1ac3,1,1,2026-05-12T09:12:33+00:00,2026-05-12T09:12:33+00:00,1,0.0,0.0,1.0,1.0,1.0,10000.0,1,0.0,1,base
0x5adb99dcabbecc69b88a210b20c5ecad696e1d73,3785,1,2026-02-20T17:49:31+00:00,2026-07-03T00:09:35+00:00,9,0.0,0.0,0.4897,0.7621,0.8349,100000.0,2,132.26,457,base
0x5aecaf716497549784b5933ac3eb611202c546f3,5,1,2026-05-20T06:18:45+00:00,2026-05-20T09:34:13+00:00,1,0.0,0.0,1.0,1.0,1.0,40000.0,1,0.14,5,base
0x5b2af92d0a38f71814d7a638f691279eeda30090,164,1,2025-11-22T20:15:37+00:00,2026-03-26T10:47:47+00:00,10,0.0,0.0,0.8407,0.8938,0.3049,999000.0,11,123.61,29,base
0x5b30e6d93f5c50f92159394547b586b4e0047628,2000,0,2025-10-24T08:56:45+00:00,2025-10-29T07:19:33+00:00,104,0.003,0.0052,0.2758,0.4393,0.505,1000000.0,4,4.93,1000,base
0x5b413f212cf40a226d7594fed315cf339e2545a8,2000,0,2025-11-23T15:29:41+00:00,2025-11-28T04:02:37+00:00,1,0.0,0.0,1.0,1.0,1.0,100000.0,1,4.52,512,base
0x5b567a667ab7bd09de417b9f7a55a767c40496f0,2000,0,2026-04-20T23:23:01+00:00,2026-07-03T03:30:43+00:00,104,0.0,0.0,0.5326,0.7323,0.495,3000.0,4,73.17,711,base
0x5b64abae37676253aa4b0d62d91df2c4f533c55d,2,1,2026-05-05T01:39:39+00:00,2026-05-05T01:54:31+00:00,1,0.0,0.0,1.0,1.0,0.5,80000.0,2,0.01,2,base
0x5b82a593008a71fadad2d69bf44505e03318d58a,1,1,2026-04-18T09:16:19+00:00,2026-04-18T09:16:19+00:00,1,0.0,0.0,1.0,1.0,1.0,860000.0,1,0.0,1,base
0x5b861725ef744a7b1f615f2c75d552ddc5b16d2a,1,1,2026-04-30T07:07:43+00:00,2026-04-30T07:07:43+00:00,1,0.0,0.0,1.0,1.0,1.0,500000.0,1,0.0,1,base
0x5b86e24a6de8c0d2321143a3fd810ef5391f9067,22,1,2026-04-10T01:06:55+00:00,2026-06-30T18:47:07+00:00,7,0.0,0.0,0.55,0.75,0.9091,100000.0,2,81.74,6,base
0x5b9acf47eda712cdc7ec4b499646f6c236d880c7,128,1,2026-02-06T06:58:13+00:00,2026-06-30T07:24:57+00:00,91,0.0,0.0,0.1056,0.1747,0.3438,10000000.0,28,144.02,9,base
0x5ba9355a10611ed4339526472a59befed3549bad,200,1,2025-11-21T17:03:01+00:00,2026-06-19T04:15:49+00:00,6,0.0,0.0,0.9043,0.9569,0.955,500000.0,2,209.47,35,base
0x5bc37677a9f1e91131cf180198be24a5b03617ed,1,1,2025-11-11T19:20:19+00:00,2025-11-11T19:20:19+00:00,1,0.0,0.0,1.0,1.0,1.0,1000.0,1,0.0,1,base
0x5bf8b3107f111565229dabdbf8d6ed2e1c8e5986,2000,0,2025-10-31T12:03:31+00:00,2025-11-15T13:34:51+00:00,2000,0.0,0.0,0.0005,0.001,1.0,1000000.0,1,15.06,997,base
0x5c4c55925f413f803c41f50af18efc3e601334f0,4000,1,2025-10-24T18:20:09+00:00,2025-10-28T03:12:13+00:00,602,0.8427,0.8256,0.8256,0.8353,0.9965,4000000.0,3,3.37,2697,base
0x5c4cbda254769fc234c61dd5ce1bac2fcfe105a7,8,1,2026-05-25T08:00:47+00:00,2026-06-01T00:56:03+00:00,1,0.0,0.0,1.0,1.0,0.75,50000.0,3,6.71,2,base
0x5c6b3a3dae296d3cef50fef96afc73410959a6db,42,1,2026-04-21T12:45:11+00:00,2026-06-24T13:05:05+00:00,6,0.0,0.0,0.8215,0.933,0.3333,10000.0,6,64.01,10,base
0x5c73af8b418c4bed948579cd56742dcb4ca0dd1e,889,1,2025-11-13T01:12:13+00:00,2025-11-28T04:00:03+00:00,1,0.0,0.0,1.0,1.0,1.0,100000.0,1,15.12,294,base
0x5c94ffd985b177933434660eb04cbc868c1ce80b,52,1,2026-01-22T06:37:45+00:00,2026-01-23T20:11:19+00:00,46,0.0,0.0,0.2381,0.4014,0.6154,1000000.0,16,1.56,39,base
0x5c98ba4ec76846bba70f0d60e01b985e2b1684cf,1,1,2025-11-07T10:35:01+00:00,2025-11-07T10:35:01+00:00,1,0.0,0.0,1.0,1.0,1.0,1000.0,1,0.0,1,base
0x5c98e2448d11dbb8a64914daa0c6804cea495b85,76,1,2026-04-09T07:40:49+00:00,2026-07-03T04:18:55+00:00,20,0.0,0.0,0.3065,0.5763,0.5,10000.0,6,84.86,15,base
0x5cf2570a5b2ab46d0d9396737ec601c7da506d5a,2000,0,2025-11-28T00:52:27+00:00,2026-01-20T19:43:07+00:00,4,0.0,0.0,0.5337,0.7081,0.2945,20000.0,80,53.79,999,base
0x5d0138a9326f7b75940874ac0a36625c127a062c,1,1,2026-06-30T08:17:15+00:00,2026-06-30T08:17:15+00:00,1,0.0,0.0,1.0,1.0,1.0,10000.0,1,0.0,1,base
0x5d025c8d10a98e4d37dbaa62f2179b8c73ea570e,1936,0,2025-11-01T09:37:17+00:00,2025-11-28T04:03:17+00:00,1,0.0,0.0,1.0,1.0,1.0,1000000.0,1,26.77,384,base
0x5d4315ea0f515569d532dd1d8ffbad656c08ac84,321,1,2025-10-29T06:32:11+00:00,2025-11-06T11:34:09+00:00,11,0.0187,0.4242,0.4242,0.7188,0.7601,1000000.0,4,8.21,142,base
0x5d516257b0ddf2e0d4e315bf0bc96611b399d648,1035,1,2025-10-31T15:05:07+00:00,2025-11-28T04:02:31+00:00,1,0.0,0.0,1.0,1.0,1.0,1000000.0,1,27.54,347,base
0x5d51ecc50813e0937a5c43be298e9146796ad60d,1453,1,2026-05-11T12:54:13+00:00,2026-07-03T02:05:49+00:00,65,0.0,0.0,0.5503,0.7283,0.6263,20000.0,4,52.55,666,base
0x5d5e0cf1cd611ff6f08e9c5a11cd068ab9b63085,84,1,2026-05-26T13:43:43+00:00,2026-07-01T20:51:11+00:00,24,0.0,0.0,0.6917,0.7519,0.9881,100000.0,2,36.3,21,base
0x5d6471f229d09a2b3af33ae82af68d1ac157c0aa,130,1,2026-05-08T11:07:07+00:00,2026-06-08T12:58:33+00:00,5,0.0,0.0,0.9372,0.9614,0.5077,50000.0,11,31.08,9,base
0x5d6df6b10c54617dac4bf9993ad9fa384b7b36d3,2000,0,2026-04-25T14:52:39+00:00,2026-06-21T04:26:25+00:00,168,0.0,0.0,0.0189,0.0287,0.5095,100000.0,3,56.57,969,base
0x5d9e1518890e7d4b3d816f094a31d6488d6929f3,124,1,2025-11-14T06:06:25+00:00,2026-01-01T10:31:53+00:00,1,0.0,0.0,1.0,1.0,0.7339,20000000.0,4,48.18,4,base
0x5d9e2fb561f328efe416bee327393a5aae9399c2,1,1,2026-06-25T03:13:03+00:00,2026-06-25T03:13:03+00:00,1,0.0,0.0,1.0,1.0,1.0,10000.0,1,0.0,1,base
0x5da66d663d8388d2bc085b165d22d4798e51aecb,2000,0,2025-10-26T20:31:05+00:00,2025-11-01T02:52:53+00:00,117,0.0,0.0,0.0529,0.1058,0.882,100.0,5,5.27,999,base
0x5daa8588fb20408cac58ec45fd13b660f00dce3e,1,1,2025-10-28T02:37:51+00:00,2025-10-28T02:37:51+00:00,1,0.0,0.0,1.0,1.0,1.0,100000.0,1,0.0,1,base
0x5dbaacff0bf40fa40778d6e99a91811168d2f3cb,144,1,2025-12-22T19:42:07+00:00,2026-06-18T05:50:53+00:00,16,0.0,0.0,0.2181,0.4103,0.9514,10000.0,4,177.42,14,base
0x5dbe7f1d70b39918df996a9316983c4601c61fe3,1,1,2026-05-06T02:24:09+00:00,2026-05-06T02:24:09+00:00,1,0.0,0.0,1.0,1.0,1.0,100000.0,1,0.0,1,base
0x5dc07c4d3ffb01d0dd511efa7ea47490b089a933,6,1,2026-05-27T05:05:41+00:00,2026-06-01T02:29:49+00:00,1,0.0,0.0,1.0,1.0,1.0,10000.0,1,4.89,1,base
0x5dcb1e6f82dd9609505d6f634cd7fd489f3d2814,3,1,2026-03-05T16:59:05+00:00,2026-03-05T17:01:09+00:00,2,0.0,0.0,0.595,1.0,0.3333,18182839064.0,3,0.0,3,base
0x5deb094e8c0100615454c677c5607a438d40e4d7,58,1,2025-10-28T18:05:13+00:00,2025-10-29T18:29:51+00:00,1,1.0,1.0,1.0,1.0,0.2241,1000000.0,31,1.02,57,base
0x5dfe7e88f2efcb5ed39708150fbf9fe21de40dfe,1,1,2026-03-04T15:45:45+00:00,2026-03-04T15:45:45+00:00,1,0.0,0.0,1.0,1.0,1.0,10000.0,1,0.0,1,base
0x5dfea6a8a59a72bdaa0f9513cb112cf76375f71e,1,1,2025-10-06T09:58:41+00:00,2025-10-06T09:58:41+00:00,1,0.0,0.0,1.0,1.0,1.0,12706.0,1,0.0,1,base
0x5e01f4a8ee37a9ebc97a2da95114866fb2a9f7d0,1,1,2026-06-05T02:17:03+00:00,2026-06-05T02:17:03+00:00,1,0.0,0.0,1.0,1.0,1.0,500000.0,1,0.0,1,base
0x5e04d4bc0a077c2727d4e542629606923aa55fff,24,1,2025-10-28T14:16:25+00:00,2025-11-01T08:16:01+00:00,3,0.2083,0.0,0.9999,1.0,0.5,10000.0,4,3.75,12,base
0x5e06debcebf46bb3482223440fef29948e325ee6,3,1,2026-05-27T00:35:43+00:00,2026-06-01T05:12:03+00:00,1,0.0,0.0,1.0,1.0,0.6667,10000.0,2,5.19,1,base
0x5e3fdb2bcd47815d636e95b59f92891c68b7a8d3,10,1,2025-11-11T08:14:51+00:00,2025-12-02T16:46:53+00:00,1,0.0,0.0,1.0,1.0,0.1,298.0,10,21.36,1,base
0x5e50d23ec14ea4436582029a25313e5048e01d10,2000,0,2025-10-24T18:29:17+00:00,2026-06-18T05:47:45+00:00,41,0.0,0.0,0.7253,0.8872,0.496,20000.0,5,236.47,1000,base
0x5e5b7e3f85f1f60dcd1098f849979d34eabc264c,1,1,2026-05-22T11:34:59+00:00,2026-05-22T11:34:59+00:00,1,0.0,0.0,1.0,1.0,1.0,10000.0,1,0.0,1,base
0x5e709929a4ab69ec3a8811d03417869059bc4eb9,48,1,2026-05-16T18:26:09+00:00,2026-06-29T05:22:55+00:00,11,0.0,0.0,0.4452,0.88,0.8333,10000.0,4,43.46,9,base
0x5e8e57be8d6ac22f823d2f0d314f32925ff63539,30,1,2026-02-06T03:57:11+00:00,2026-02-08T17:18:41+00:00,16,0.0333,0.0333,0.2667,0.4333,1.0,10000000.0,1,2.56,21,base
0x5e99d070447e7fb61754168af7156e94b0ba192b,12,1,2026-05-20T16:20:23+00:00,2026-05-23T00:13:23+00:00,1,0.0,0.0,1.0,1.0,0.5,5000.0,4,2.33,6,base
0x5ece036c047ebcc5299e0e82e2ea615ffcddeb05,405,1,2025-11-10T15:29:09+00:00,2026-01-01T10:29:17+00:00,86,0.0,0.0,0.424,0.4396,0.242,20000000.0,27,51.79,10,base
0x5f114bb1b71f78fcc601ecc479978d685f2d468a,2000,0,2026-04-07T13:56:13+00:00,2026-07-03T05:44:37+00:00,1,0.0,0.0,1.0,1.0,0.0055,0.0,1952,86.66,148,base
0x5f48c3ee2a23c5279a565731124f0a55bebce903,8,1,2026-01-14T10:08:09+00:00,2026-01-22T02:34:53+00:00,1,0.0,0.0,1.0,1.0,0.125,12521843.0,8,7.69,2,base
0x5f4d04a2543857693d00324672e3991093840444,1,1,2025-10-30T23:18:51+00:00,2025-10-30T23:18:51+00:00,1,0.0,0.0,1.0,1.0,1.0,1000000.0,1,0.0,1,base
0x5f5d6fcb315871c26f720dc6fef17052dd984359,2000,0,2026-02-19T12:32:31+00:00,2026-06-14T04:10:45+00:00,53,0.0,0.0,0.5803,0.7576,0.349,10000.0,10,114.65,254,base
0x5f6549124eacbb88dea6ec9fb3df4d483f7060db,127,1,2025-11-10T15:20:27+00:00,2026-01-01T10:27:19+00:00,1,0.0,0.0,1.0,1.0,0.7165,20000000.0,7,51.8,4,base
0x5f6f07f4f45a3f1dc06cf3c6c24ac1d2231e1905,1,1,2026-03-25T21:53:35+00:00,2026-03-25T21:53:35+00:00,1,0.0,0.0,1.0,1.0,1.0,292686947.0,1,0.0,1,base
0x5f7254f252ef9b9f92b6b4f2cf91205ed7a96c7a,296,1,2026-06-24T14:44:15+00:00,2026-07-02T15:54:13+00:00,5,0.0,0.0,0.7725,0.988,0.9561,10000.0,4,8.05,138,base
0x5f7ad2c9b4e8a1f6d3b5e9c7a2f4b8d1ae6cf3eb,5,1,2025-11-03T05:51:11+00:00,2025-11-03T06:34:25+00:00,5,0.0,0.0,0.2,0.4,1.0,1000.0,1,0.03,5,base
0x5fc1e7c05ac87f490e5f7cf42cc29a78e2d83ba6,40,1,2026-01-25T13:22:13+00:00,2026-05-30T14:57:13+00:00,1,0.0,0.0,1.0,1.0,0.025,2056683.0,40,125.07,3,base
0x5fd3e2915b3a726db50b6ff60f281f59a591ab3c,323,1,2026-04-07T17:44:41+00:00,2026-07-01T12:21:39+00:00,50,0.0,0.0,0.0341,0.0681,1.0,1.0,1,84.78,9,base
0x5feb3281d7e81ea5e55aaea96639daaca5d601c1,24,1,2026-02-13T12:56:05+00:00,2026-06-29T09:59:53+00:00,9,0.0,0.0,0.4167,0.5833,1.0,30000.0,1,135.88,2,base
0x600cf286a275cdfa607317ee6d7821417868d12b,55,1,2025-10-27T23:40:13+00:00,2025-11-03T22:13:01+00:00,44,0.0,0.0,0.1529,0.2864,0.4182,1000.0,31,6.94,32,base
0x60135017ceff518ef95de8d1a5f67a81da8a0a83,1,1,2026-03-21T10:10:21+00:00,2026-03-21T10:10:21+00:00,1,0.0,0.0,1.0,1.0,1.0,10000.0,1,0.0,1,base
0x6013d764502369012df405a21c7dcbb6efd1507b,147,1,2025-12-23T18:25:05+00:00,2026-07-02T19:23:57+00:00,14,0.0,0.0,0.4282,0.7213,0.4558,2000.0,14,191.04,47,base
0x60390b93088568680ece9add9ca4ea2088d6536c,7,1,2026-06-03T17:03:01+00:00,2026-06-16T02:00:15+00:00,1,0.0,0.0,1.0,1.0,0.8571,10000.0,2,12.37,1,base
0x60423e4743f7750c6001bbd1dd0f9ee4dfb7eebf,2000,0,2025-10-26T09:31:53+00:00,2025-10-27T09:47:49+00:00,355,0.0,0.0,0.083,0.1295,1.0,1000000.0,1,1.01,1000,base
0x6067bd33795680303a2fb7d313255be9851efe8b,8,1,2025-11-06T07:44:25+00:00,2025-11-16T07:50:41+00:00,1,0.0,0.0,1.0,1.0,0.125,300.0,8,10.0,1,base
0x609015bbe5adcb0e4e636221dbc6ac19f1c9b95a,1,1,2026-03-25T05:09:51+00:00,2026-03-25T05:09:51+00:00,1,0.0,0.0,1.0,1.0,1.0,20000.0,1,0.0,1,base
0x60a3d80e3bfacdc12c251029103611f9d6e82914,6,1,2026-05-27T17:04:27+00:00,2026-06-04T15:36:45+00:00,1,0.0,0.0,1.0,1.0,0.3333,30000.0,5,7.94,2,base
0x60a85c9b610e74d7398bad56344e1e1353a635f8,175,1,2025-10-31T11:04:21+00:00,2025-10-31T15:16:41+00:00,1,0.0,0.0,1.0,1.0,1.0,30000000.0,1,0.18,175,base
0x60c402878efcecae5733a88075328aa2320c39be,48,1,2026-05-17T16:18:19+00:00,2026-06-30T16:08:39+00:00,7,0.0,0.0,0.5355,0.9071,0.3958,50000.0,5,43.99,12,base
0x60c7bea797345b2fe8fd5db1ca15695faec5f0ac,126,1,2026-05-02T13:30:23+00:00,2026-06-28T16:06:57+00:00,5,0.0,0.0,0.3175,0.5794,1.0,10000.0,1,57.11,8,base
0x60cebd83b02171548d4541bf0e81fbb63706d04a,3,1,2025-10-28T10:38:31+00:00,2025-10-30T00:10:39+00:00,1,1.0,1.0,1.0,1.0,1.0,10000.0,1,1.56,1,base
0x60d236776c4df74a0dcc86a1fd0de4a50da75271,3,1,2026-01-01T20:07:55+00:00,2026-01-02T22:18:01+00:00,1,0.0,0.0,1.0,1.0,0.3333,6000000.0,3,1.09,2,base
0x60de0b93a0476f326ef92c7ba82e699110b26488,5,1,2026-05-28T02:27:23+00:00,2026-06-03T02:03:07+00:00,1,0.0,0.0,1.0,1.0,1.0,10000.0,1,5.98,2,base
0x6117c4bcd0eb329f52dcfb4d85d4c332bab6c194,1,1,2026-07-01T11:15:05+00:00,2026-07-01T11:15:05+00:00,1,0.0,0.0,1.0,1.0,1.0,10000.0,1,0.0,1,base
0x612236ba5700d52b81ea551dfd8fe9e46328c53a,2,1,2026-05-25T10:54:21+00:00,2026-05-25T10:55:43+00:00,1,0.0,0.0,1.0,1.0,0.5,10000.0,2,0.0,2,base
0x6125f97c8e6bacd27b4191e98deb0f32459ea38e,101,1,2026-03-13T13:55:57+00:00,2026-06-23T14:54:55+00:00,10,0.0,0.0,0.6634,0.8416,1.0,10000.0,1,102.04,8,base
0x6127b277f2f1c872f41a31a8b7e013690fd53a01,3,1,2025-10-28T11:01:51+00:00,2025-10-30T02:38:29+00:00,1,1.0,1.0,1.0,1.0,1.0,10000.0,1,1.65,1,base
0x6146918655a1836c9dfb5023d519bf57e23d8c52,3,1,2025-10-28T09:53:35+00:00,2025-10-30T00:17:21+00:00,1,1.0,1.0,1.0,1.0,1.0,1000000.0,1,1.6,1,base
0x61710d4ebb9bdeb1585461a76aa275700d90428e,2000,0,2025-11-13T12:41:39+00:00,2025-11-15T13:27:09+00:00,248,0.0,0.0,0.0347,0.0688,0.656,1000000.0,2,2.03,1000,base
0x617122b245c776a6b83a1f2821617819e2d38f6b,28,1,2026-06-27T16:00:55+00:00,2026-07-02T13:58:09+00:00,3,0.0357,0.0422,0.9367,0.9789,0.75,100000.0,3,4.91,13,base
0x617c91c4435a0a6f856a00d7d25d29682688d24e,7,1,2026-06-09T06:44:49+00:00,2026-06-16T04:46:11+00:00,1,0.0,0.0,1.0,1.0,1.0,10000.0,1,6.92,1,base
0x6191a890dbb25dd0e623621867d77e520cd276ca,185,1,2025-11-24T08:25:45+00:00,2026-01-28T02:27:39+00:00,96,0.0,0.0,0.4283,0.7062,0.3243,1000.0,23,64.75,35,base
0x6195fbe39f01af7a4785b6c888649b62acf4c92b,5,1,2026-05-12T22:26:31+00:00,2026-05-12T22:29:07+00:00,1,0.0,0.0,1.0,1.0,1.0,60000.0,1,0.0,5,base
0x61b7eaefcac5e896d922d132c15894900a0e0f82,508,1,2025-10-25T21:54:29+00:00,2025-10-26T19:01:11+00:00,481,0.0,0.0,0.0472,0.0531,1.0,1000000.0,1,0.88,504,base
0x61bacf6493953d24a7a5255e1c34281d85d60f4b,4,1,2025-10-27T00:45:49+00:00,2025-10-27T02:11:41+00:00,1,0.0,0.0,1.0,1.0,1.0,9970.0,1,0.06,4,base
0x61d8e97f68feae22ca735e681c0dbd0ed17fa2e8,499,1,2025-12-01T21:27:47+00:00,2025-12-24T14:52:11+00:00,1,0.0,0.0,1.0,1.0,0.0681,544500000.0,215,22.73,78,base
0x61fe3cd50c8f9c2288b6b74db9dc0d548092f462,3,1,2025-11-08T09:02:21+00:00,2025-11-12T03:25:49+00:00,1,0.0,0.0,1.0,1.0,0.3333,358.0,3,3.77,1,base
0x621429d75dae56e58cb7c500ab8c953c0aa89756,2,1,2026-05-06T02:55:43+00:00,2026-06-12T10:43:53+00:00,1,0.0,0.0,1.0,1.0,0.5,100000000.0,2,37.33,1,base
0x628985396c9331068d1fd1f13fae7d70ca4b8699,2,1,2026-05-29T10:52:43+00:00,2026-05-29T10:53:17+00:00,1,0.0,0.0,1.0,1.0,0.5,10000.0,2,0.0,2,base
0x62be57e5e3c9d919df5983dc3d52d7f7ee78d878,7,1,2026-06-04T08:24:37+00:00,2026-06-16T02:15:45+00:00,1,0.0,0.0,1.0,1.0,0.8571,10000.0,2,11.74,1,base
0x62d06df9495ed7811b3e22e059f7b18dba13093d,675,1,2026-03-12T16:54:35+00:00,2026-06-17T00:52:25+00:00,13,0.0,0.0,0.9599,0.9808,0.2993,10000.0,88,96.33,22,base
0x62e978931be7e67084c8998106fc30afcde0ff35,1,1,2026-04-29T05:23:37+00:00,2026-04-29T05:23:37+00:00,1,0.0,0.0,1.0,1.0,1.0,10000.0,1,0.0,1,base
0x6302d9e6dbb22fec3c350551568bb39b4b35ad57,2000,0,2026-01-14T05:37:31+00:00,2026-07-03T04:00:41+00:00,227,0.0,0.0,0.2311,0.3077,0.825,10000.0,16,169.93,154,base
0x6315ed05cf6d66fd1013bcc7ec82958185ca55fd,1072,1,2025-10-31T15:05:09+00:00,2025-11-28T03:51:45+00:00,1,0.0,0.0,1.0,1.0,1.0,1000000.0,1,27.53,382,base
0x631e240fe781083a5571552ce82036d96b158696,638,1,2026-02-18T12:26:07+00:00,2026-06-16T23:50:15+00:00,28,0.0,0.0,0.4357,0.8339,1.0,100000.0,1,118.48,165,base
0x63242a4ea82847b20e506b63b0e2e2eff0cc6cb0,2,1,2026-01-18T00:07:19+00:00,2026-02-18T23:44:29+00:00,2,0.0,0.0,0.8399,1.0,0.5,32799925.0,2,31.98,1,base
0x633c8aa9031eaa59a5b0c5180f9614443bb9f16d,64,1,2025-10-27T23:19:47+00:00,2025-11-03T22:06:37+00:00,48,0.0,0.0,0.3109,0.5077,0.4844,1000.0,31,6.95,33,base
0x634be4c9ad7a9121115ed40584f1fefaa87120b6,128,1,2025-11-11T01:13:59+00:00,2026-01-01T10:25:17+00:00,2,0.0,0.0,0.9963,1.0,0.7188,20000000.0,8,51.38,4,base
0x634d2c0b7be1a0f3ab499de194790d42f965373e,2,1,2025-11-23T03:55:25+00:00,2025-12-04T02:43:23+00:00,1,0.0,0.0,1.0,1.0,0.5,227.0,2,10.95,1,base
0x638bffd6b420f8db17c2958086701888344fc41d,6,1,2026-04-10T19:00:05+00:00,2026-04-10T19:31:37+00:00,3,0.0,0.0,0.3906,0.7012,0.1667,66360777793.0,6,0.02,6,base
0x6393f0ae5c5b2add76a5960ba29c5403f8c995e7,1,1,2025-11-11T18:31:49+00:00,2025-11-11T18:31:49+00:00,1,0.0,0.0,1.0,1.0,1.0,1000.0,1,0.0,1,base
0x63ae98f3363b346a94fcc1cbcb621f1c2b1fcddc,344,1,2026-05-17T08:07:17+00:00,2026-07-02T19:23:39+00:00,11,0.0,0.0,0.3138,0.5459,0.875,2000.0,4,46.47,94,base
0x63f103304ed9f0f1b47b90b10b30e47b639c46c9,1,1,2026-05-18T04:04:15+00:00,2026-05-18T04:04:15+00:00,1,0.0,0.0,1.0,1.0,1.0,269000000.0,1,0.0,1,base
0x64220095b0f987ee782962aec2fe0554d75c248b,5,1,2026-05-19T01:34:37+00:00,2026-05-19T02:37:27+00:00,1,0.0,0.0,1.0,1.0,1.0,60000.0,1,0.04,5,base
0x642fa3116a46550ef8e4252280baa9d35ceaea8e,59,1,2026-05-15T23:17:23+00:00,2026-06-01T04:34:07+00:00,1,0.0,0.0,1.0,1.0,0.4746,10000.0,6,16.22,5,base
0x6438eecb0cfd68f94ffc4acfe036dbbaf7001361,2000,0,2025-10-27T21:21:59+00:00,2025-10-29T03:43:01+00:00,27,0.5,0.4992,0.4992,0.5994,0.496,997.0,8,1.26,832,base
0x643c4398aae849d90a2194ffeadaff7788d02c96,1,1,2025-10-28T04:16:25+00:00,2025-10-28T04:16:25+00:00,1,0.0,0.0,1.0,1.0,1.0,100000.0,1,0.0,1,base
0x644ba104e6baaf45c6e683382b7875eb90e8be07,2,1,2026-05-12T11:43:51+00:00,2026-05-12T11:52:23+00:00,1,0.0,0.0,1.0,1.0,0.5,9900000.0,2,0.01,2,base
0x6462f8f301bd08c206ee611aa00015ba41acc1d0,106,1,2026-01-18T21:00:23+00:00,2026-06-16T18:49:13+00:00,42,0.0,0.0,0.3448,0.4493,0.566,250000.0,6,148.91,8,base
0x64842cd797198143a8ff191e4bdbde7e0fbf7f6d,18,1,2026-05-29T11:27:21+00:00,2026-07-01T05:22:17+00:00,4,0.0,0.0,0.8983,0.9322,0.5556,100000.0,3,32.75,4,base
0x648aacf9b7b485e2c61d620b4a1a178cd022f48f,1,1,2026-05-10T14:11:25+00:00,2026-05-10T14:11:25+00:00,1,0.0,0.0,1.0,1.0,1.0,200000.0,1,0.0,1,base
0x64ad7562bd7b1e5b767c7389de3525a7261896c1,3,1,2026-04-25T08:47:09+00:00,2026-04-26T13:27:53+00:00,1,0.0,0.0,1.0,1.0,0.3333,50000.0,3,1.19,2,base
0x64cab97f0fe3ab02f99d5f04734da6dd3aa19def,1,1,2026-06-29T12:22:03+00:00,2026-06-29T12:22:03+00:00,1,0.0,0.0,1.0,1.0,1.0,980000.0,1,0.0,1,base
0x65008fcb26ce56da9c53122458b06cf84b7368dd,221,1,2025-10-24T17:15:55+00:00,2026-06-24T03:01:35+00:00,80,0.0,0.0,0.1931,0.3397,0.5837,1000000.0,3,242.41,70,base
0x6503fb61705eb6b3c57ee1ab88a1a75a6ee01869,29,1,2026-05-21T12:36:43+00:00,2026-06-05T19:30:23+00:00,6,0.0,0.0,0.3871,0.7097,0.931,50000.0,2,15.29,11,base
0x654b5e8eace9122dda1cc867c25d5ed9b1a6b63c,1,1,2025-10-29T23:49:13+00:00,2025-10-29T23:49:13+00:00,1,0.0,0.0,1.0,1.0,1.0,300000.0,1,0.0,1,base
0x654d13b64c57c79c456fc8e7ee59dd9b72161e61,1593,1,2026-04-16T20:43:15+00:00,2026-04-30T21:28:57+00:00,1,0.0,0.0,1.0,1.0,0.9987,1000000.0,3,14.03,1588,base
0x655f7d8a538896616b61f8aa37c741783ef8920b,5,1,2026-05-16T00:11:53+00:00,2026-05-16T00:13:11+00:00,1,0.0,0.0,1.0,1.0,1.0,60000.0,1,0.0,5,base
0x657badc86c3169505435dc4db34803cdd91446e0,57,1,2025-11-20T19:17:57+00:00,2026-02-09T18:28:59+00:00,14,0.0,0.0,0.6917,0.8264,0.2281,100000.0,25,80.97,6,base
0x65939eb4815f9d3458a8a4c0e2c4b60e6dd73405,1,1,2026-06-03T23:01:59+00:00,2026-06-03T23:01:59+00:00,1,0.0,0.0,1.0,1.0,1.0,40000.0,1,0.0,1,base
0x659f5d307922105a911e1d657f3d2f62b8daa436,8,1,2026-06-07T21:53:27+00:00,2026-06-13T02:27:49+00:00,1,0.0,0.0,1.0,1.0,0.875,10000.0,2,5.19,2,base
0x65a71bbd297b0ef8e4bfe5852ea39a27366e53e4,43,1,2026-04-24T15:15:35+00:00,2026-04-29T16:53:31+00:00,5,0.0,0.0,0.5974,0.9599,0.1395,60000.0,20,5.07,14,base
0x65b262c8fe76dad477633490b6c1956d13ced7df,1,1,2026-06-04T20:28:19+00:00,2026-06-04T20:28:19+00:00,1,0.0,0.0,1.0,1.0,1.0,10000.0,1,0.0,1,base
0x65b63204cf8a968459afb4a92656274afd6ddfc7,7,1,2026-05-24T20:24:33+00:00,2026-06-03T05:28:35+00:00,1,0.0,0.0,1.0,1.0,0.8571,10000.0,2,9.38,1,base
0x65d0758bc7938af707d76a02a64b0e3adae5218a,1,1,2026-05-25T03:49:09+00:00,2026-05-25T03:49:09+00:00,1,0.0,0.0,1.0,1.0,1.0,110000.0,1,0.0,1,base
0x65ebff802ac5ee9ffeb90e92a95f9c745fec2400,264,1,2025-11-10T15:28:23+00:00,2026-01-01T10:28:45+00:00,66,0.0,0.0,0.5973,0.6123,0.3598,20000000.0,25,51.79,7,base
0x66268791b55e1f5fa585d990326519f101407257,197,1,2026-04-28T14:49:31+00:00,2026-07-03T00:18:35+00:00,20,0.0,0.0,0.7126,0.8015,0.7868,6000.0,2,65.4,47,base
0x6634eaccbf5a4c2913718c84f7478c58f34dc0a5,1,1,2026-01-02T22:44:31+00:00,2026-01-02T22:44:31+00:00,1,0.0,0.0,1.0,1.0,1.0,510000000.0,1,0.0,1,base
0x666095380e4c243708ab9c21d63ec75c7eadc011,1,1,2026-04-03T16:38:09+00:00,2026-04-03T16:38:09+00:00,1,0.0,0.0,1.0,1.0,1.0,505965702.0,1,0.0,1,base
0x666491658dbb493b10888644ac9b3a173b72ef61,129,1,2025-11-10T15:20:59+00:00,2026-01-01T10:27:25+00:00,3,0.0,0.0,0.9933,0.9987,0.7054,20000000.0,9,51.8,4,base
0x6665325b1f4c6d92bafca1c9a42312ca804be94e,1,1,2025-11-07T13:03:03+00:00,2025-11-07T13:03:03+00:00,1,0.0,0.0,1.0,1.0,1.0,1000.0,1,0.0,1,base
0x668add9213985e7fd613aec87767c892f4b9df1c,37,1,2026-06-12T17:44:49+00:00,2026-07-02T05:43:53+00:00,6,0.4865,0.3059,0.4196,0.7255,0.4324,20000.0,6,19.5,19,base
0x6697d5548c32fb99520c2398d43446fb7816aefd,1,1,2025-11-23T06:48:11+00:00,2025-11-23T06:48:11+00:00,1,0.0,0.0,1.0,1.0,1.0,235.0,1,0.0,1,base
0x66ba89fc4a6acedcf8288f7f2d236158431e05e9,2,1,2026-02-04T11:27:47+00:00,2026-02-04T11:28:19+00:00,1,0.0,0.0,1.0,1.0,0.5,500000000.0,2,0.0,2,base
0x66c12fe6a224dfdc31ee4d95e7768c5ff08aab0b,6,1,2026-02-03T12:34:39+00:00,2026-04-10T15:10:13+00:00,1,0.0,0.0,1.0,1.0,0.1667,35262487.0,6,66.11,2,base
0x66c40946b0dffd04be467e18309857307ecd37cb,2000,0,2025-10-24T19:17:17+00:00,2026-07-03T04:29:43+00:00,2,0.999,0.9998,0.9998,1.0,0.5,10000.0,2,251.38,271,base
0x66d36a576d9bedc037808f4a674cd59efd7f2b99,1,1,2025-11-10T22:28:33+00:00,2025-11-10T22:28:33+00:00,1,0.0,0.0,1.0,1.0,1.0,100000.0,1,0.0,1,base
0x66d4c2843f5f34843bd95f61460cb7265cbccb39,1,1,2026-05-26T06:36:11+00:00,2026-05-26T06:36:11+00:00,1,0.0,0.0,1.0,1.0,1.0,110000.0,1,0.0,1,base
0x66d6fae84b642b10953a73903b840a840471ca35,1,1,2026-06-30T09:31:43+00:00,2026-06-30T09:31:43+00:00,1,0.0,0.0,1.0,1.0,1.0,10000.0,1,0.0,1,base
0x66d7c2f952362bfb24fd7f02a9bec9c754ea83bc,2948,1,2026-04-14T21:40:05+00:00,2026-07-02T20:38:23+00:00,53,0.0,0.0,0.3689,0.7286,0.2636,108001.0,27,78.96,330,base
0x66d7eb447d2642d02edf4b9f7131206cfccb057c,26,1,2026-02-23T12:00:01+00:00,2026-06-16T18:51:45+00:00,5,0.0,0.0,0.4469,0.6425,0.6538,100000.0,2,113.29,5,base
0x66e40b41ec14105d89efa718c223a6175e6347f7,1976,0,2025-11-01T09:54:45+00:00,2025-11-28T04:02:29+00:00,1,0.0,0.0,1.0,1.0,1.0,1000000.0,1,26.76,375,base
0x66fa4d79ca84016b42352be33c908dd812952ec8,2000,0,2025-07-19T11:36:35+00:00,2026-06-23T14:52:23+00:00,74,0.0,0.0,0.5594,0.6842,0.567,10000.0,12,339.14,804,base
0x66fe4806cd41bcd308c9d2f6815aef6b2e38f9a3,31,1,2026-01-02T16:02:37+00:00,2026-04-09T23:46:51+00:00,3,0.0,0.0,0.9963,1.0,0.5161,31130000.0,9,97.32,17,base
0x67021a09d1cd520aa79ade388b53478b519bf737,1,1,2026-06-29T10:38:43+00:00,2026-06-29T10:38:43+00:00,1,0.0,0.0,1.0,1.0,1.0,980000.0,1,0.0,1,base
0x6708b690d93ffecb6ee09f00905e94d7386acfb4,2000,0,2025-11-23T15:31:55+00:00,2025-11-28T04:02:01+00:00,1,0.0,0.0,1.0,1.0,1.0,100000.0,1,4.52,513,base
0x67117b1ff315095f870df6523b3b8341b0063cde,9,1,2026-04-22T05:34:23+00:00,2026-06-22T08:11:21+00:00,2,0.0,0.0,0.9897,1.0,0.2222,20000000.0,7,61.11,1,base
0x6714bc80c674e6e01300ea0d24fde3a7f05aa85e,194,1,2026-05-27T00:51:07+00:00,2026-06-27T07:45:19+00:00,5,0.0,0.0,0.7474,0.9536,1.0,10000.0,1,31.29,54,base
0x6715833330ff43c7b4ca6cf1d95ff2321996318a,3,1,2025-11-28T04:13:53+00:00,2025-12-04T11:47:51+00:00,1,0.0,0.0,1.0,1.0,0.3333,349.0,3,6.32,2,base
0x671e9400266f99c5cb63661392a07c205e1accea,3362,1,2026-03-10T06:19:41+00:00,2026-07-03T03:05:01+00:00,7,0.0,0.0,0.9872,0.9937,0.4146,20000.0,5,114.86,264,base
0x6720d282676f8bcf74763bd92492eef4b5214a88,406,1,2025-11-10T15:30:23+00:00,2026-01-01T10:29:35+00:00,86,0.0,0.0,0.4221,0.4445,0.2315,20000000.0,25,51.79,11,base
0x672658492401f7043e658ae01a72c7eab9c63da6,2,1,2026-06-18T10:38:21+00:00,2026-06-29T14:16:39+00:00,1,0.0,0.0,1.0,1.0,1.0,980000.0,1,11.15,1,base
0x672f5ec05394e91975ca083941da9e5d73db1d1e,2000,0,2025-11-23T15:29:41+00:00,2025-11-28T04:02:01+00:00,1,0.0,0.0,1.0,1.0,1.0,100000.0,1,4.52,556,base
0x6739722f54586de9f448d1a7a306ed5da69d2e68,1,1,2026-03-18T19:06:33+00:00,2026-03-18T19:06:33+00:00,1,0.0,0.0,1.0,1.0,1.0,30000.0,1,0.0,1,base
0x674a6c77813fc690966b239e8c46fca63039aa95,1366,1,2026-02-25T00:18:15+00:00,2026-07-03T04:23:53+00:00,178,0.0,0.0,0.1186,0.2216,0.5622,100000.0,14,128.17,79,base
0x67786f840644b8680d6d88ecf2e5bbd1bf7c6a9b,189,1,2025-10-24T18:31:45+00:00,2025-10-25T14:43:57+00:00,54,0.0423,0.0,0.1862,0.2621,0.7672,10000000.0,2,0.84,174,base
0x677bf1b1c02d27b71b01d31a909ccd39e6d03136,1,1,2026-06-12T04:10:15+00:00,2026-06-12T04:10:15+00:00,1,0.0,0.0,1.0,1.0,1.0,100000.0,1,0.0,1,base
0x6780d8769813e98723d060e3198ed60483739103,128,1,2025-11-11T01:13:29+00:00,2026-01-01T10:26:17+00:00,2,0.0,0.0,0.9956,1.0,0.7188,20000000.0,8,51.38,4,base
0x67976cebb5266b50a08c0dcb676e03baf305e3a2,185,1,2026-06-03T18:56:29+00:00,2026-07-02T14:18:37+00:00,39,0.0,0.0,0.2811,0.4432,1.0,1000000.0,1,28.81,16,base
0x6799567aa32f07c29fd98a251863aa441c68732b,174,1,2025-10-31T11:04:45+00:00,2025-10-31T15:17:01+00:00,1,0.0,0.0,1.0,1.0,1.0,30000000.0,1,0.18,174,base
0x67cd43fcfce8ab2d6477a1f6bf8dff67aa5e86e1,256,1,2025-11-17T00:51:09+00:00,2026-07-02T19:20:23+00:00,32,0.0,0.0,0.2612,0.4904,0.6797,10000.0,4,227.77,37,base
0x67de382f38d6d7936d9af01599a55e75244fea15,4,1,2026-04-23T17:29:43+00:00,2026-05-30T04:27:49+00:00,1,0.0,0.0,1.0,1.0,0.25,950000.0,4,36.46,1,base
0x67efe69763fb98f1b71ffba3d940333227d8a260,1,1,2026-05-24T18:49:29+00:00,2026-05-24T18:49:29+00:00,1,0.0,0.0,1.0,1.0,1.0,110000.0,1,0.0,1,base
0x68226a46f09a3a8c8fccb0308bf67ff4753a5415,1,1,2025-10-28T02:02:21+00:00,2025-10-28T02:02:21+00:00,1,0.0,0.0,1.0,1.0,1.0,100000.0,1,0.0,1,base
0x6822db535c45f1ce276220ecc947df930ddc3f23,4,1,2026-06-03T03:03:13+00:00,2026-06-09T03:55:19+00:00,1,0.0,0.0,1.0,1.0,0.75,100000.0,2,6.04,1,base
0x68396bd35874695ad86cd29410bd80a550991a2b,2000,0,2026-05-14T21:10:57+00:00,2026-07-02T03:13:23+00:00,629,0.0,0.0,0.052,0.073,0.9065,3000.0,2,48.25,840,base
0x687e3217668dde7c32478a3f2613750c8bd505e9,145,1,2026-04-21T14:51:37+00:00,2026-06-09T01:01:41+00:00,13,0.0,0.0,0.3655,0.5379,1.0,20000.0,1,48.42,54,base
0x6896b35274cd9bc724aee4d84505987fb2dac8f2,5,1,2025-11-01T06:27:43+00:00,2025-11-10T15:57:13+00:00,2,0.0,0.0,0.9991,1.0,0.4,100000.0,3,9.4,2,base
0x689a6a3889f3148e7cd6dcfdd0717677a2ce23bd,12,1,2025-11-11T20:34:29+00:00,2025-12-03T08:16:11+00:00,1,0.0,0.0,1.0,1.0,0.0833,302.0,12,21.49,2,base
0x6903137346e107db2ccd8e8827649cfc810b12f8,1,1,2026-05-17T08:20:23+00:00,2026-05-17T08:20:23+00:00,1,0.0,0.0,1.0,1.0,1.0,10000.0,1,0.0,1,base
0x691c2d25679110c8d3151a59dbffd74cfd5ec390,8,1,2025-10-28T11:28:47+00:00,2025-10-30T06:42:31+00:00,3,0.25,0.25,0.375,0.75,1.0,1000000.0,1,1.8,3,base
0x692dce6b2876854fa9d348bfbfd9c1c4de6c07dd,145,1,2026-06-16T23:07:01+00:00,2026-07-03T02:57:57+00:00,51,0.0,0.0,0.324,0.419,0.8621,10000.0,4,16.16,46,base
0x69645ba6276e0005c3cdf3b5aa2c3f8a9cefe81c,2,1,2026-04-30T08:59:53+00:00,2026-05-09T19:49:41+00:00,1,0.0,0.0,1.0,1.0,0.5,350000.0,2,9.45,1,base
0x69e16642447717e0dd4a412c779bc8642a72e15f,198,1,2026-04-15T18:10:25+00:00,2026-05-20T12:42:45+00:00,85,0.0,0.0,0.138,0.2307,0.1919,500000.0,147,34.77,37,base
0x69ef61afc3aa356e1ac97347119d75cbdabef534,140,1,2025-11-05T04:28:11+00:00,2026-03-23T15:07:09+00:00,3,0.3,0.5267,0.5267,0.979,0.2857,9990.0,22,138.44,14,base
0x6a0a10ffd285c971b841bee8892878c0d583bf67,87,1,2025-11-19T15:49:29+00:00,2026-06-10T06:09:25+00:00,8,0.0,0.0,0.5082,0.8033,0.0345,3539.0,69,202.6,19,base
0x6a0ba16cc8ff59cb471f473afb745b2c6d1b1b67,1,1,2025-10-28T02:24:39+00:00,2025-10-28T02:24:39+00:00,1,0.0,0.0,1.0,1.0,1.0,100000.0,1,0.0,1,base
0x6a1fe26d54ab0d3e1e3168f2e0c0cda5cc0a0a4a,2000,0,2025-10-28T09:39:39+00:00,2026-06-23T16:50:55+00:00,349,0.0,0.0,0.1112,0.204,0.304,10000.0,27,238.3,622,base
0x6a3bf3a90594287756765210a98969ec1bc0cded,2,1,2025-11-13T01:12:23+00:00,2025-11-13T01:13:01+00:00,1,0.0,0.0,1.0,1.0,1.0,100000.0,1,0.0,2,base
0x6a4515f7b2946aeb09f6a280087e4c925c735aa2,5,1,2026-05-08T15:23:47+00:00,2026-05-08T15:30:31+00:00,1,0.0,0.0,1.0,1.0,1.0,60000.0,1,0.0,5,base
0x6a5e7d954f49712abf3f873f037ec845b7b8c666,2000,0,2026-02-17T08:41:23+00:00,2026-06-22T20:49:55+00:00,106,0.0,0.0,0.4723,0.5014,0.9945,1000.0,3,125.51,986,base
0x6a667a72d3d36d95421474019aa46f0308d643fc,2000,0,2026-05-21T21:02:23+00:00,2026-07-01T17:37:25+00:00,32,0.0,0.0,0.8,0.8308,0.474,1000.0,9,40.86,763,base
0x6a748d6d63cb61c58f5e37616231bd124d89eaf9,1,1,2026-03-05T18:12:29+00:00,2026-03-05T18:12:29+00:00,1,0.0,0.0,1.0,1.0,1.0,21299596233.0,1,0.0,1,base
0x6a80789240408afbc5d6a1ab26e3142db634b088,1,1,2026-06-14T15:06:21+00:00,2026-06-14T15:06:21+00:00,1,0.0,0.0,1.0,1.0,1.0,250000.0,1,0.0,1,base
0x6a82fe3f9471fdf7c8987b482737a44084dfe2cb,302,1,2026-04-07T18:38:33+00:00,2026-07-02T05:57:31+00:00,50,0.0,0.0,0.0397,0.0728,1.0,1.0,1,85.47,12,base
0x6ad8d0f9de90b830f475c83fb8cb89b0d7d83b02,58,1,2025-10-27T23:31:39+00:00,2025-11-03T21:59:13+00:00,46,0.0345,0.0,0.3797,0.5536,0.6379,1000.0,21,6.94,33,base
0x6adb3bab5730852eb53987ea89d8e8f16393c200,1,1,2025-06-19T01:26:49+00:00,2025-06-19T01:26:49+00:00,1,0.0,0.0,1.0,1.0,1.0,100000.0,1,0.0,1,base
0x6b0c34bd70595ade3d771352632228f538c80c18,1,1,2026-04-23T07:04:35+00:00,2026-04-23T07:04:35+00:00,1,0.0,0.0,1.0,1.0,1.0,2000.0,1,0.0,1,base
0x6b3cb250a069ff3dbd2d0b8cb907616c650a0a6a,4,1,2026-04-30T01:28:09+00:00,2026-05-02T00:05:57+00:00,1,0.0,0.0,1.0,1.0,0.5,80000.0,3,1.94,2,base
0x6b3e6bc9f83d751d7373609433d83399294bc736,61,1,2025-11-25T18:59:31+00:00,2026-06-09T01:45:49+00:00,6,0.0,0.0,0.5576,0.7189,0.6393,50000.0,2,195.28,19,base
0x6b635e9e22f9bc0c09f084c85e4f27fdd5101da8,1,1,2026-06-13T11:53:55+00:00,2026-06-13T11:53:55+00:00,1,0.0,0.0,1.0,1.0,1.0,10000.0,1,0.0,1,base
0x6b94463672607bee320d05c4aa46395f9bfef026,1,1,2026-06-04T08:26:13+00:00,2026-06-04T08:26:13+00:00,1,0.0,0.0,1.0,1.0,1.0,10000.0,1,0.0,1,base
0x6ba6e916f1ae2ed4c653583f5b0936b529e8aca9,3,1,2026-05-01T13:20:49+00:00,2026-06-06T12:15:53+00:00,1,0.0,0.0,1.0,1.0,0.3333,1000000.0,3,35.95,2,base
0x6bafa2a0e498e38bd69be4a70597996156de9ab0,658,1,2025-10-31T15:21:27+00:00,2025-11-05T03:36:39+00:00,1,0.0,0.0,1.0,1.0,0.9985,1000000.0,2,4.51,373,base
0x6bb4fa21c8f678293c28ab729610f8e371ff26ac,1,1,2025-11-23T09:47:49+00:00,2025-11-23T09:47:49+00:00,1,0.0,0.0,1.0,1.0,1.0,394.0,1,0.0,1,base
0x6c0752c09e7f6fa6526fcdf40e456a159ebb5621,2000,0,2026-05-04T16:07:37+00:00,2026-07-03T04:31:13+00:00,44,0.0,0.0,0.5024,0.9854,0.3315,20000.0,21,59.52,727,base
0x6c32b527876e168be02a343437fc6d19beef69ba,1,1,2026-05-28T17:59:29+00:00,2026-05-28T17:59:29+00:00,1,0.0,0.0,1.0,1.0,1.0,10000.0,1,0.0,1,base
0x6c3a74b312c198a0bf91b5070a57cfe47b3ba1fa,1,1,2026-06-10T12:14:41+00:00,2026-06-10T12:14:41+00:00,1,0.0,0.0,1.0,1.0,1.0,10000.0,1,0.0,1,base
0x6c43bf43c3efb122c35a05843bd0d39e8cc66358,279,1,2026-04-30T07:35:11+00:00,2026-07-03T00:54:05+00:00,6,0.0,0.0,0.9003,0.9259,0.3548,150000.0,10,63.72,48,base
0x6c68bfa4813a316c0e52d437864427884e35913c,1,1,2025-10-29T13:27:27+00:00,2025-10-29T13:27:27+00:00,1,0.0,0.0,1.0,1.0,1.0,500000.0,1,0.0,1,base
0x6ca3b21d18e2b60291413c99dd6969c43d26c3d2,797,1,2025-12-16T22:06:13+00:00,2026-06-24T14:43:27+00:00,7,0.0,0.0,0.3095,0.5726,0.8745,1000.0,3,189.69,73,base
0x6cc05fc0c7a5024860ed9f32ae62c1482258cb54,41,1,2026-05-04T22:40:05+00:00,2026-06-22T04:30:01+00:00,8,0.3415,0.2857,0.3265,0.6122,0.9512,20000.0,2,48.24,8,base
0x6d02e3f7c68e7492cc5474ef8ce17dedfd11df89,149,1,2026-05-28T00:08:19+00:00,2026-07-01T05:20:09+00:00,13,0.0,0.0,0.236,0.4574,0.8859,10000.0,6,34.22,26,base
0x6d14609a7f2be7877853e5deeca312ac83ef937e,1,1,2026-02-27T05:00:09+00:00,2026-02-27T05:00:09+00:00,1,0.0,0.0,1.0,1.0,1.0,10000.0,1,0.0,1,base
0x6d27486790ce5918f1bc68be3fccc25304d09d31,2000,0,2025-11-04T14:15:33+00:00,2026-07-03T03:55:49+00:00,8,0.0,0.0,0.4941,0.9798,0.999,1.0,3,240.57,969,base
0x6d4e7efb88dec105939b972c98c353304ced6751,11,1,2026-02-21T19:47:15+00:00,2026-05-07T21:55:21+00:00,5,0.0,0.0,0.4556,0.6834,0.2727,19000000.0,7,75.09,4,base
0x6d56ae86a68f20ca2fb79cfcc0dde2918c575a96,1,1,2025-10-28T02:01:05+00:00,2025-10-28T02:01:05+00:00,1,0.0,0.0,1.0,1.0,1.0,100000.0,1,0.0,1,base
0x6d6e695b09861467c7d462f5aaf31cf3540b9192,2000,0,2026-03-27T03:26:07+00:00,2026-07-03T04:31:09+00:00,107,0.0,0.0,0.3357,0.4566,0.8595,7000.0,13,98.05,733,base
0x6d7595fbef65b2910d7dd236c459f17fc4fa481b,13,1,2026-05-01T05:54:25+00:00,2026-06-21T04:45:23+00:00,4,0.0,0.0,0.3846,0.6923,1.0,10000.0,1,50.95,4,base
0x6d91adf2c545047cbbc5b37a5f457cce081b48d3,334,1,2026-04-28T01:14:47+00:00,2026-06-23T03:49:09+00:00,16,0.0,0.0,0.3947,0.6289,0.1826,50000.0,13,56.11,49,base
0x6d922489a6adde4d483a24be49442fd8c4768fab,15,1,2026-04-14T11:47:27+00:00,2026-06-17T10:21:07+00:00,4,0.0,0.0,0.4371,0.7462,0.3333,20000000.0,11,63.94,2,base
0x6d980e4008b4e1d1452c809a67c837d8bd5c7db0,1,1,2026-05-12T18:15:05+00:00,2026-05-12T18:15:05+00:00,1,0.0,0.0,1.0,1.0,1.0,10000.0,1,0.0,1,base
0x6d9ee9e8fbe2a3591a017f009fcc27593be4358e,3,1,2025-10-28T10:36:07+00:00,2025-10-30T00:14:39+00:00,1,1.0,1.0,1.0,1.0,1.0,10000.0,1,1.57,1,base
0x6df50087728a903945d1f38c0dc1615d00a62d66,5,1,2026-05-11T08:17:51+00:00,2026-05-11T08:31:13+00:00,1,0.0,0.0,1.0,1.0,0.8,60000.0,2,0.01,5,base
0x6e0865bd7e9839955c927d6bb5869a9feb558dbe,17,1,2026-02-12T04:36:11+00:00,2026-06-28T02:21:05+00:00,9,0.0,0.0,0.3895,0.764,0.4118,10000.0,4,135.91,9,base
0x6e1cdbbbc6e6fb422af89b2e47fb553b725ad728,33,1,2026-04-24T23:38:49+00:00,2026-06-29T10:31:15+00:00,6,0.0,0.0,0.4937,0.9784,0.5455,5000.0,3,65.45,10,base
0x6e3184c204e596ded89e8a5693b602097f4ab687,1881,1,2026-01-30T09:12:11+00:00,2026-07-01T11:03:09+00:00,80,0.0,0.0,0.2035,0.3406,0.8506,10000.0,8,152.08,81,base
0x6e3b115a536d3de1f052f0d915fc2bc38b554fe6,1,1,2026-05-24T23:04:39+00:00,2026-05-24T23:04:39+00:00,1,0.0,0.0,1.0,1.0,1.0,110000.0,1,0.0,1,base
0x6e424410c85a6bff2e1a6b215548f36b36e9752d,2,1,2025-11-23T03:50:35+00:00,2025-12-04T02:37:09+00:00,1,0.0,0.0,1.0,1.0,0.5,250.0,2,10.95,1,base
0x6e4dfbe49858e9cb93162352d75dbd1e409a7737,786,1,2026-04-22T19:45:55+00:00,2026-07-03T03:59:25+00:00,11,0.0,0.0,0.6274,0.7755,0.5483,20000.0,5,71.34,72,base
0x6e7b3ed4325a7e5c75f117baf67f61168b278e83,6,1,2026-04-04T02:45:53+00:00,2026-04-04T03:24:25+00:00,1,0.0,0.0,1.0,1.0,0.8333,60000.0,2,0.03,6,base
0x6e85e38986a38fb4067407bf8fa6aedc1dcac4be,7,1,2025-11-15T05:18:25+00:00,2025-12-02T15:37:55+00:00,1,0.0,0.0,1.0,1.0,0.1429,301.0,7,17.43,1,base
0x6e8b64638b24c6d625b045dd353120d850064e2e,2000,0,2026-04-13T13:20:13+00:00,2026-07-03T04:34:53+00:00,184,0.0,0.0,0.5026,0.5955,0.376,2000.0,11,80.64,186,base
0x6e8e3ae86c92caee3facf67e98af79b20003bfe5,24,1,2026-04-28T06:21:31+00:00,2026-06-26T00:40:21+00:00,1,0.0,0.0,1.0,1.0,0.2917,10000000.0,8,58.76,4,base
0x6ede3258bce2ef32f9bb614c781818b4efd0e765,25,1,2026-05-23T18:59:05+00:00,2026-06-25T10:26:43+00:00,9,0.0,0.0,0.36,0.62,0.8,1000.0,3,32.64,5,base
0x6ee49a7872844397fb52870cc07b308ffadc9427,624,1,2026-02-26T04:54:17+00:00,2026-06-23T14:41:27+00:00,20,0.0,0.0,0.9049,0.9498,0.2885,50000.0,9,117.41,94,base
0x6ee869b0546ba19ce03a2e1bb057196a6cec71d4,1,1,2026-03-19T11:17:35+00:00,2026-03-19T11:17:35+00:00,1,0.0,0.0,1.0,1.0,1.0,290800000.0,1,0.0,1,base
0x6f2473816ffea040ee69b52cf3f16865c50a759e,1,1,2026-04-18T12:15:23+00:00,2026-04-18T12:15:23+00:00,1,0.0,0.0,1.0,1.0,1.0,860000.0,1,0.0,1,base
0x6f4ee8b226bf7b3df45c55ec10505edc7cb68488,51,1,2025-12-13T03:32:31+00:00,2026-06-29T22:33:17+00:00,19,0.0,0.0,0.544,0.6736,0.6471,1000000.0,3,198.79,10,base
0x6f6224aafa69c70d6c371141f8ec6b0465915a76,1,1,2026-05-13T17:15:41+00:00,2026-05-13T17:15:41+00:00,1,0.0,0.0,1.0,1.0,1.0,10000.0,1,0.0,1,base
0x6f9cdbe9e61a758f329fa26b833974c289ed7a1a,5,1,2026-05-31T23:01:53+00:00,2026-06-03T00:51:27+00:00,1,0.0,0.0,1.0,1.0,0.8,10000.0,2,2.08,2,base
0x6fb363e4f39d980ff44ee3fe4670715d97003a60,1,1,2026-03-04T18:03:29+00:00,2026-03-04T18:03:29+00:00,1,0.0,0.0,1.0,1.0,1.0,10000.0,1,0.0,1,base
0x702ba46435d1e55b18440100bc81eb055574875e,37,1,2026-04-20T22:15:57+00:00,2026-07-01T01:27:25+00:00,9,0.0,0.0,0.3582,0.6567,0.5946,1000.0,2,71.13,11,base
0x70324f823bb202f1c38efdb90a78fabf3afce26d,1,1,2026-05-27T02:28:45+00:00,2026-05-27T02:28:45+00:00,1,0.0,0.0,1.0,1.0,1.0,40000.0,1,0.0,1,base
0x704fff4edba6585926af97ccb5573d465d30c043,7,1,2026-04-19T14:21:31+00:00,2026-04-23T05:56:25+00:00,1,0.0,0.0,1.0,1.0,0.2857,500000.0,6,3.65,3,base
0x7070bac27803f76ad580067d032c1cfd9e2739a3,1,1,2026-04-18T09:29:21+00:00,2026-04-18T09:29:21+00:00,1,0.0,0.0,1.0,1.0,1.0,860000.0,1,0.0,1,base
0x7076fd15046aaf4dcf8ff22d734a0ec081a28cc0,1066,1,2025-10-31T15:04:45+00:00,2025-11-28T03:36:31+00:00,1,0.0,0.0,1.0,1.0,1.0,1000000.0,1,27.52,349,base
0x70b5b14a97a00b460229c58938738574946fc268,2000,0,2025-10-26T21:10:23+00:00,2025-10-29T01:51:35+00:00,39,0.498,0.4992,0.4992,0.6289,0.4425,1000.0,7,2.2,998,base
0x70b5be0797c1b24facf61c9b8bec9483f8d7d45d,1815,0,2025-11-02T06:01:21+00:00,2025-11-28T03:55:21+00:00,1,0.0,0.0,1.0,1.0,1.0,1000000.0,1,25.91,363,base
0x70cd77d24fd0fc7d545bdfc622237baa80554f9b,165,1,2026-03-31T12:19:05+00:00,2026-06-30T05:41:45+00:00,4,0.0,0.0,0.8993,0.97,0.0667,10000.0,47,90.72,11,base
0x70da5f2a851fb936eff8207f2733b0914cc44b7d,1380,1,2025-10-24T17:44:47+00:00,2026-06-28T00:35:09+00:00,139,0.0043,0.0058,0.0097,0.0195,0.7449,40200000.0,2,246.28,887,base
0x70df019c30dade42fcc46d5decdd62b4fdfe748b,1,1,2026-01-01T16:08:39+00:00,2026-01-01T16:08:39+00:00,1,0.0,0.0,1.0,1.0,1.0,450000000.0,1,0.0,1,base
0x70fb857d15b8867e5eff0c20e61ebf7d8b9d5d9c,5,1,2026-06-06T14:27:55+00:00,2026-06-10T01:36:25+00:00,1,0.0,0.0,1.0,1.0,0.8,10000.0,2,3.46,1,base
0x71033ab6ed376a0b53d1826ea632ddfec96b3661,262,1,2026-05-06T18:38:35+00:00,2026-07-03T03:19:29+00:00,33,0.0,0.0,0.1232,0.2436,0.5763,100000.0,5,57.36,52,base
0x7105bb039be0375e46b032912ae8e698c26ae396,1,1,2026-05-26T00:54:39+00:00,2026-05-26T00:54:39+00:00,1,0.0,0.0,1.0,1.0,1.0,110000.0,1,0.0,1,base
0x711c032f1fb7d72e77a010c50111fde730c34385,10,1,2026-05-12T00:54:59+00:00,2026-07-03T00:54:03+00:00,1,0.0,0.0,1.0,1.0,0.5,100000.0,6,52.0,1,base
0x71290e6ad72f45fc2defab42db7f59daa7bd4883,1,1,2026-06-04T12:09:05+00:00,2026-06-04T12:09:05+00:00,1,0.0,0.0,1.0,1.0,1.0,40000.0,1,0.0,1,base
0x715136a0fc0cd7e2ee3bb79fcec222d349ae6c5c,5,1,2026-04-26T13:18:33+00:00,2026-04-26T13:22:41+00:00,1,0.0,0.0,1.0,1.0,1.0,60000.0,1,0.0,5,base
0x7177ed1fcf2f8e69ade2da195985737177c3de48,1390,1,2026-03-24T07:20:25+00:00,2026-06-12T00:48:07+00:00,217,0.0,0.0,0.3885,0.4399,0.4554,10000.0,27,79.73,73,base
0x7192ebb0e1f918047affafae2fd2410be9dc9732,7,1,2026-05-13T02:39:45+00:00,2026-07-01T14:39:15+00:00,2,0.0,0.0,0.9999,1.0,0.2857,1000000.0,6,49.5,1,base
0x7194ec1f397bb6c02c82a2d8eb57d32443fc5164,75,1,2026-05-28T07:21:53+00:00,2026-06-28T00:56:51+00:00,5,0.0,0.0,0.3851,0.75,0.8,10000.0,4,30.73,31,base
0x71a2ced2074f418f4e68a0a196ff3c1e59beb32e,89,1,2026-02-13T23:40:47+00:00,2026-06-28T16:15:33+00:00,5,0.0112,0.0118,0.9624,0.9741,0.7753,5000.0,3,134.69,10,base
0x71d6e4ac4891beb8df57d34d5d3f15ef0a75c24f,1,1,2026-06-29T08:50:37+00:00,2026-06-29T08:50:37+00:00,1,0.0,0.0,1.0,1.0,1.0,2940000.0,1,0.0,1,base
0x71e3fe214a770274a561ca2da35465e4b5b5cb13,5,1,2026-06-15T10:14:23+00:00,2026-06-25T10:29:59+00:00,1,0.0,0.0,1.0,1.0,0.4,500000.0,4,10.01,1,base
0x72109494fa9459c595c70f8658136700813847b7,5,1,2026-05-10T12:22:29+00:00,2026-05-10T12:34:23+00:00,1,0.0,0.0,1.0,1.0,1.0,60000.0,1,0.01,5,base
0x7231f07d4ef62b9bdfce8f0ae4b9ff1c5c133230,1372,1,2026-04-09T14:50:41+00:00,2026-06-26T19:23:31+00:00,183,0.0,0.0,0.0275,0.0411,0.1859,80000.0,90,78.19,123,base
0x727be5064acd1b4183c7da9fa12254590182910a,1,1,2025-11-12T11:07:49+00:00,2025-11-12T11:07:49+00:00,1,0.0,0.0,1.0,1.0,1.0,1000.0,1,0.0,1,base
0x72cb06ef488f9b712d7e0320e1833a044c95c5cd,1,1,2026-05-09T05:29:09+00:00,2026-05-09T05:29:09+00:00,1,0.0,0.0,1.0,1.0,1.0,100000.0,1,0.0,1,base
0x72cb3ce78db20bd3caebd62188ee75b6d0bce0d2,2000,0,2025-11-05T12:04:15+00:00,2025-11-28T03:54:39+00:00,1,0.0,0.0,1.0,1.0,0.9995,100000.0,2,22.66,487,base
0x733d47e131f90a23376f9c79e3f4ad276e9f929b,1,1,2026-04-21T21:03:35+00:00,2026-04-21T21:03:35+00:00,1,0.0,0.0,1.0,1.0,1.0,10000.0,1,0.0,1,base
0x73441f20d2f370518916800347861b17188d9414,1,1,2025-11-13T01:12:23+00:00,2025-11-13T01:12:23+00:00,1,0.0,0.0,1.0,1.0,1.0,100000.0,1,0.0,1,base
0x7353a2227e82170ec8b6036cd97b6f93e3235cfd,15,1,2025-12-08T11:11:19+00:00,2026-06-16T09:43:27+00:00,13,0.0,0.0,0.2143,0.2857,0.9333,100000000.0,2,189.94,2,base
0x7362b94b23ce9f6cf9ec8e08d0f00582b048b696,2000,0,2025-12-22T12:53:13+00:00,2026-05-16T12:52:43+00:00,51,0.0,0.0,0.2011,0.2585,0.481,50000.0,7,145.0,522,base
0x736de25f19140f2cc7fc30e00061cdf656321bf0,1,1,2025-11-07T10:34:53+00:00,2025-11-07T10:34:53+00:00,1,0.0,0.0,1.0,1.0,1.0,1000.0,1,0.0,1,base
0x7375ccf83284dc51e2ad6d208668277cef367ad9,5,1,2025-10-28T12:22:37+00:00,2025-10-29T00:17:17+00:00,1,1.0,1.0,1.0,1.0,0.6,10000.0,3,0.5,3,base
0x739539ff269eceb780c047435deeb0575354d43c,1810,0,2025-11-02T06:01:21+00:00,2025-11-28T04:02:33+00:00,1,0.0,0.0,1.0,1.0,1.0,1000000.0,1,25.92,365,base
0x73b914054c2acda79174414ccd6eeadf61ebafa0,1,1,2026-05-25T13:23:17+00:00,2026-05-25T13:23:17+00:00,1,0.0,0.0,1.0,1.0,1.0,1000.0,1,0.0,1,base
0x73cb416e2866ede00c2754a60596e6ee11c53add,1,1,2026-04-25T09:00:37+00:00,2026-04-25T09:00:37+00:00,1,0.0,0.0,1.0,1.0,1.0,60000.0,1,0.0,1,base
0x73cfbf9a5463c474dc7203ff97e4faf0715d3509,1,1,2026-05-28T05:54:27+00:00,2026-05-28T05:54:27+00:00,1,0.0,0.0,1.0,1.0,1.0,10000.0,1,0.0,1,base
0x7425c6698349f07391a76c21fe519f340ed39aad,4,1,2026-05-31T05:39:45+00:00,2026-06-03T00:37:19+00:00,1,0.0,0.0,1.0,1.0,0.75,10000.0,2,2.79,1,base
0x742acb97ae40dfccd041282639988238b866a1bd,1,1,2026-05-09T11:04:11+00:00,2026-05-09T11:04:11+00:00,1,0.0,0.0,1.0,1.0,1.0,100000.0,1,0.0,1,base
0x7454fa5a4b3ef96e3e12bdec1705ae36f13d9c97,3,1,2026-03-01T06:47:51+00:00,2026-03-01T06:55:25+00:00,1,0.0,0.0,1.0,1.0,1.0,9820.0,1,0.01,3,base
0x74733f414eb3f6a325ef7f7c3e6346e156ea67b3,2,1,2026-04-22T19:17:49+00:00,2026-04-23T05:15:01+00:00,1,0.0,0.0,1.0,1.0,0.5,60000.0,2,0.41,1,base
0x74def10569e283168c905601b752c2cea1a08b92,1,1,2026-05-28T16:46:57+00:00,2026-05-28T16:46:57+00:00,1,0.0,0.0,1.0,1.0,1.0,2500000.0,1,0.0,1,base
0x74ea051ff53fdb15b6c97820c9f243cced7f874e,38,1,2026-01-22T00:11:33+00:00,2026-01-22T01:21:23+00:00,32,0.0,0.0,0.0505,0.101,0.2895,500000000.0,14,0.05,38,base
0x74f130ef93437a69effa2f50aed23f7ef55c409d,3,1,2026-04-13T23:32:35+00:00,2026-04-15T16:17:55+00:00,1,0.0,0.0,1.0,1.0,0.6667,80000.0,2,1.7,1,base
0x75113dcf8ce34f0338440d40270e420f8c1762b8,47,1,2026-05-15T06:39:09+00:00,2026-06-24T02:27:35+00:00,12,0.0,0.0,0.1489,0.2553,1.0,3000.0,1,39.83,4,base
0x75290136a94ccb0f8241287e6d25704c06618ef6,1287,0,2025-11-02T06:14:23+00:00,2025-11-28T03:58:59+00:00,1,0.0,0.0,1.0,1.0,0.7855,100000.0,2,25.91,294,base
0x752b7c359358258e46ae51c0fe3beb2b72dc6a28,24,1,2026-05-21T16:28:57+00:00,2026-06-01T03:24:29+00:00,1,0.0,0.0,1.0,1.0,0.8333,10000.0,2,10.46,4,base
0x754bd2a6799e766b1e2b9f1ae7fbdc0ced96ef13,118,1,2026-06-23T02:31:01+00:00,2026-07-01T23:17:03+00:00,9,0.0,0.0,0.4977,0.6744,0.4068,2000.0,22,8.87,58,base
0x755b73115791902d46a75f4722b09cca395ba35d,1,1,2026-06-15T16:49:09+00:00,2026-06-15T16:49:09+00:00,1,0.0,0.0,1.0,1.0,1.0,50000.0,1,0.0,1,base
0x756ce0a5a7eec76df65dc00489cab5874f2968b9,1,1,2025-10-28T04:23:05+00:00,2025-10-28T04:23:05+00:00,1,0.0,0.0,1.0,1.0,1.0,100000.0,1,0.0,1,base
0x758d2532ff6a304d1a0c2fdf46264590e4ef0637,1992,0,2025-10-18T02:09:37+00:00,2026-07-02T17:18:19+00:00,147,0.0,0.0,0.0594,0.1188,0.3012,10000.0,42,257.63,129,base|polygon
0x75a6f372011fa73d8dea36c4d86b7dad4493e79e,537,1,2026-06-21T20:15:39+00:00,2026-07-01T04:56:45+00:00,5,0.0,0.0,0.6056,0.8769,0.486,50000.0,21,9.36,125,base
0x75ab322c53be1ad013cc5fabc0c9539841a6c154,1,1,2025-11-06T15:20:17+00:00,2025-11-06T15:20:17+00:00,1,0.0,0.0,1.0,1.0,1.0,1000.0,1,0.0,1,base
0x75bb1cdd38c2ed174a26efa1a12a4bafa26a01ba,381,1,2026-04-29T17:51:23+00:00,2026-07-02T20:14:37+00:00,114,0.0,0.0,0.1,0.186,0.7717,1990000.0,5,64.1,66,base
0x75db9a0da707cec776639622d4a157f8f6ddc30f,50,1,2026-03-17T14:33:33+00:00,2026-06-13T17:16:31+00:00,3,0.0,0.0,0.9852,1.0,0.22,10000.0,21,88.11,5,base
0x75ddd3c42eace13c59ea0cd1141b886a1c70d2a5,1588,1,2026-02-24T23:15:47+00:00,2026-07-02T16:00:09+00:00,77,0.0,0.0,0.2721,0.3978,0.3243,250000.0,9,127.7,142,base
0x75dfd1e9b5c5a963d2e2109c52705b7f2255944f,104,1,2025-10-31T08:06:09+00:00,2025-10-31T10:46:39+00:00,1,0.0,0.0,1.0,1.0,0.9231,10000000.0,4,0.11,104,base
0x75f7da61b70fa365d90ec50bfa97233ea1ece4ef,1,1,2026-05-28T09:46:31+00:00,2026-05-28T09:46:31+00:00,1,0.0,0.0,1.0,1.0,1.0,10000.0,1,0.0,1,base
0x7606616882d093e88ed6352a7cba4f591bfef522,1,1,2026-06-01T20:11:55+00:00,2026-06-01T20:11:55+00:00,1,0.0,0.0,1.0,1.0,1.0,10000.0,1,0.0,1,base
0x76145061b6804913627fd300d3c74fe461f1d150,11,1,2026-05-15T04:06:19+00:00,2026-06-02T03:33:43+00:00,1,0.0,0.0,1.0,1.0,0.2727,60000.0,6,17.98,2,base
0x7642cced89398bd638d9ee2f82da8cd3fc01ada1,39,1,2026-05-12T18:46:05+00:00,2026-06-09T20:13:57+00:00,6,0.0,0.0,0.7442,0.8837,0.9744,1000.0,2,28.06,25,base
0x7662e00f8ab4c362166e1ff649ff6c2a638c80ad,99,1,2026-06-14T18:32:01+00:00,2026-07-02T23:01:11+00:00,7,0.0,0.0,0.3334,0.6438,0.1919,58000.0,41,18.19,34,base
0x7670dcbd00c2b2a2bcbea06d49202736e95e2a1c,52,1,2025-10-27T11:43:29+00:00,2025-11-03T21:44:33+00:00,35,0.0,0.0,0.8469,0.8919,0.5385,1000.0,23,7.42,21,base
0x7673d1b75f0f94e4d8d22f9b2d64d0550cb385df,20,1,2026-03-05T00:37:17+00:00,2026-04-07T22:00:33+00:00,1,0.0,0.0,1.0,1.0,0.25,1000000099.0,15,33.89,4,base
0x7677a0ec93c75b540dada06e9f1952c950ee2dbb,2000,0,2026-04-08T01:45:03+00:00,2026-06-30T22:03:31+00:00,6,0.0,0.0,0.984,0.992,1.0,1000.0,1,83.85,451,base
0x76af2b4fcec7d78e393e4c969a0d5c74bcfc230e,7,1,2026-06-08T03:38:25+00:00,2026-06-14T04:44:09+00:00,1,0.0,0.0,1.0,1.0,0.7143,10000.0,3,6.05,1,base
0x76d5d847b2df928a842b47794a7943c3dfc434a1,127,1,2025-11-10T15:06:13+00:00,2026-01-01T10:23:47+00:00,1,0.0,0.0,1.0,1.0,0.7165,20000000.0,7,51.8,4,base
0x76e1b023aaa5379ec45a3d046d7a83a89c173581,33,1,2026-05-07T06:27:55+00:00,2026-06-30T09:08:19+00:00,6,0.0,0.0,0.5315,0.7382,0.2727,10000.0,18,54.11,13,base
0x76f15a092c7ddac99b2276e9289f061fa1244c45,1029,1,2025-10-25T13:54:39+00:00,2026-06-28T09:33:53+00:00,35,0.0,0.0,0.2915,0.5831,1.0,1000000.0,1,245.82,477,base
0x77227f59a0473cc6dfe5468cb8a11c9a9b5488d7,727,1,2025-11-01T05:55:27+00:00,2025-11-04T06:03:17+00:00,1,0.0,0.0,1.0,1.0,0.9409,1000000.0,2,3.01,403,base
0x7741cc46ca5cfdee3ace477b3945f35ce422fe0a,2,1,2025-10-28T04:09:15+00:00,2025-10-28T10:40:59+00:00,1,0.0,0.0,1.0,1.0,1.0,100000.0,1,0.27,2,base
0x7756f1b7d82ca5dbf3e9ac61fdf20308c51f5f49,27,1,2025-12-24T00:57:35+00:00,2026-01-21T19:06:59+00:00,6,0.0,0.0,0.5059,0.6912,0.4074,5000000.0,9,28.76,8,base
0x7784486915fe4679d285cf253e08313532ddc0b0,80,1,2025-12-11T21:41:39+00:00,2026-06-28T00:03:51+00:00,7,0.0,0.0,0.65,0.9125,1.0,10000.0,1,198.1,24,base
0x77917c49071c9affcae9d25c1a48e5f201c410b0,3,1,2025-11-25T17:21:09+00:00,2025-12-02T07:17:21+00:00,1,0.0,0.0,1.0,1.0,0.3333,405.0,3,6.58,1,base
0x77a1f96694cf205c559eeb8b9c6adf87c8ce501a,1,1,2026-06-30T09:44:29+00:00,2026-06-30T09:44:29+00:00,1,0.0,0.0,1.0,1.0,1.0,980000.0,1,0.0,1,base
0x77b3c5b842e75979d4b5cbd1909814d147d53373,2,1,2026-06-02T18:27:03+00:00,2026-06-04T09:13:39+00:00,1,0.0,0.0,1.0,1.0,0.5,400000.0,2,1.62,1,base
0x77d207c2df988f82d99681522709533c070d67dd,1,1,2025-11-07T13:03:59+00:00,2025-11-07T13:03:59+00:00,1,0.0,0.0,1.0,1.0,1.0,1000.0,1,0.0,1,base
0x77f1bf5d1452ffe534b4c087c350002bf5742ecf,1,1,2026-05-22T14:19:35+00:00,2026-05-22T14:19:35+00:00,1,0.0,0.0,1.0,1.0,1.0,10000.0,1,0.0,1,base
0x77f3c9bcb898ad1d30e9a336e2cc3108d88d6c09,77,1,2026-02-09T01:07:55+00:00,2026-07-01T11:06:41+00:00,20,0.0,0.0,0.1818,0.3117,1.0,10000.0,1,142.42,14,base
0x77fb7f4fa41ea6dcdaa9ff41156a8f1aadf4f1d2,1,1,2026-04-27T20:27:13+00:00,2026-04-27T20:27:13+00:00,1,0.0,0.0,1.0,1.0,1.0,10000.0,1,0.0,1,base
0x78143cc8921f98084a16801a6c3fb6bbd938a14a,47,1,2025-11-05T05:16:23+00:00,2026-06-22T04:54:25+00:00,13,0.0213,0.0227,0.4318,0.5455,0.8723,10000.0,2,228.98,18,base
0x7827db6188826f33da7c234ff75916eadca00a0f,53,1,2026-02-18T04:59:19+00:00,2026-06-24T16:21:15+00:00,43,0.0,0.0,0.0943,0.1321,1.0,5000000.0,1,126.47,6,base
0x786a0db0c2110951baf55e419b57412ed29ba1b0,167,1,2025-11-20T03:13:43+00:00,2026-06-23T14:48:37+00:00,10,0.0,0.0,0.2754,0.5269,1.0,10000.0,1,215.48,29,base
0x7872c948f7c8b5a3d47ba4370486462af9ccb54c,91,1,2025-10-25T12:50:03+00:00,2025-10-27T07:17:57+00:00,33,0.033,0.0159,0.2269,0.295,0.4396,10000000.0,7,1.77,57,base
0x787371f535904d347233bcb147a439bd06f77b99,78,1,2025-10-12T07:26:21+00:00,2026-04-09T10:27:23+00:00,13,0.0,0.0,0.4168,0.8285,0.4103,1000000.0,12,179.13,17,base
0x787eb7eebb1acceb0bef25de72fc3d842b46d4de,1,1,2025-10-30T23:15:31+00:00,2025-10-30T23:15:31+00:00,1,0.0,0.0,1.0,1.0,1.0,1000000.0,1,0.0,1,base
0x78be17a8eda8f82b59f6e4d7d7d1c80e386112f1,9,1,2025-11-11T04:07:31+00:00,2025-12-02T13:05:11+00:00,1,0.0,0.0,1.0,1.0,0.1111,174.0,9,21.37,1,base
0x78beebc8136321a1e037d0c7cd508ebc9591f620,1105,1,2025-10-30T16:04:57+00:00,2025-11-01T15:56:37+00:00,102,0.0,0.0,0.1167,0.2072,1.0,20000000.0,1,1.99,855,base
0x78efe6f85ea581613ee6be8ac3e8cf5439a6125a,1,1,2026-02-24T18:52:03+00:00,2026-02-24T18:52:03+00:00,1,0.0,0.0,1.0,1.0,1.0,31621595.0,1,0.0,1,base
0x78f993378ff7890daac1689f79e7db2291e73928,2000,0,2026-05-29T15:51:23+00:00,2026-07-01T08:38:09+00:00,10,0.0,0.0,0.3405,0.5945,1.0,100000.0,1,32.7,986,base
0x78fcc256cf8585241e9f165c274bef9472d23c5c,1,1,2025-10-28T11:21:47+00:00,2025-10-28T11:21:47+00:00,1,0.0,0.0,1.0,1.0,1.0,100000.0,1,0.0,1,base
0x793a60ee30556e4129ed8515447745f2b8739fa2,11,1,2026-05-02T15:27:45+00:00,2026-06-29T06:23:05+00:00,1,0.0,0.0,1.0,1.0,0.2727,5000000.0,6,57.62,3,base
0x79627f5ed4d168e45396adb55bcd66101daadf9a,1,1,2025-10-28T02:00:37+00:00,2025-10-28T02:00:37+00:00,1,0.0,0.0,1.0,1.0,1.0,100000.0,1,0.0,1,base
0x797d17c4df742772287322cf0ba40be7d9873737,369,1,2025-11-01T09:43:31+00:00,2025-11-06T08:50:41+00:00,65,0.0,0.0,0.4562,0.5372,0.6856,500000.0,12,4.96,216,base
0x798249d6d64dcc7e210fa4fb70a6e3918e0a333a,127,1,2025-11-11T01:09:15+00:00,2026-01-01T10:26:33+00:00,1,0.0,0.0,1.0,1.0,0.7165,20000000.0,7,51.39,4,base
0x7995f522536878c0ae0b70d8260db4bc6b07ed71,407,1,2025-10-26T02:13:53+00:00,2025-10-26T07:43:59+00:00,114,0.0,0.0,0.0541,0.1007,1.0,10000000.0,1,0.23,407,base
0x79dc34c3951876e3fe91b32b26c55aa0ef0bfd66,20,1,2026-05-17T17:15:11+00:00,2026-06-23T22:37:27+00:00,1,0.0,0.0,1.0,1.0,0.9,2500000.0,2,37.22,15,base
0x79dc34e41b2b591078d3de222c43ecaabd52fccb,218,1,2026-05-08T15:40:37+00:00,2026-06-25T19:39:07+00:00,42,0.0,0.0,0.445,0.5229,1.0,10000.0,1,48.17,22,base
0x79e16ca5c26a174cbf6a849cdd45984f1c93251d,1,1,2025-10-31T00:22:29+00:00,2025-10-31T00:22:29+00:00,1,0.0,0.0,1.0,1.0,1.0,400000.0,1,0.0,1,base
0x79e58aced23e758c46774fe46411ed4f560ca22d,4,1,2026-05-19T00:50:31+00:00,2026-06-01T10:50:51+00:00,1,0.0,0.0,1.0,1.0,0.75,100000.0,2,13.42,1,base
0x79e999e2f9d5417f2803f1d88602ab1ea4323881,217,1,2026-06-10T19:31:31+00:00,2026-06-27T22:34:27+00:00,8,0.0,0.0,0.7543,0.9437,0.3733,10000.0,13,17.13,81,base
0x7a3725154a2e6468f9549334394802e9e2822c2a,148,1,2026-05-26T13:50:17+00:00,2026-06-29T14:21:37+00:00,22,0.0,0.0,0.3801,0.5661,0.0676,70000.0,39,34.02,22,base
0x7a61bea3bd54292e91230f8ace204beb39b536c4,1707,0,2025-10-31T15:02:43+00:00,2025-11-28T04:02:31+00:00,1,0.0,0.0,1.0,1.0,1.0,1000000.0,1,27.54,364,base
0x7a641d17b063ffb6f4c15ab8b97661c534cb60ed,128,1,2025-11-10T15:15:21+00:00,2026-01-01T10:25:27+00:00,2,0.0,0.0,0.998,1.0,0.7109,20000000.0,8,51.8,4,base
0x7a8170d28a4f63937dc683837e2c63d845ea0770,1,1,2025-10-31T15:12:07+00:00,2025-10-31T15:12:07+00:00,1,0.0,0.0,1.0,1.0,1.0,1000000.0,1,0.0,1,base
0x7a8ea69d3bf52a8a1f84159cf84b3a0319cd782c,7,1,2025-11-16T05:23:59+00:00,2025-12-04T05:20:17+00:00,1,0.0,0.0,1.0,1.0,0.1429,354.0,7,18.0,2,base
0x7aae280febfea2196b003c3b811395a11bb8248c,1,1,2026-04-18T09:23:37+00:00,2026-04-18T09:23:37+00:00,1,0.0,0.0,1.0,1.0,1.0,860000.0,1,0.0,1,base
0x7ab2c8e0d937f2139a4cd1834f6c40b6c1881471,1,1,2026-03-20T06:44:37+00:00,2026-03-20T06:44:37+00:00,1,0.0,0.0,1.0,1.0,1.0,10000.0,1,0.0,1,base
0x7ab481f3741aedf5ef326627dc4f61e947bfe76e,29,1,2025-10-27T14:26:13+00:00,2025-10-27T14:49:55+00:00,8,0.0,0.0,0.3176,0.5348,0.7241,50000000.0,4,0.02,29,base
0x7b03e2d2da6cf824d3e0ea9b57b90155d3a466e1,9,1,2025-11-13T08:05:07+00:00,2025-12-02T17:51:41+00:00,1,0.0,0.0,1.0,1.0,0.1111,299.0,9,19.41,1,base
0x7b0925467860ae07cc7a3ed7ce9044304e897331,1,1,2025-11-07T13:02:27+00:00,2025-11-07T13:02:27+00:00,1,0.0,0.0,1.0,1.0,1.0,1000.0,1,0.0,1,base
0x7b291c0a610f0f7ce47345d56b6eaecbfe8f13b7,2000,0,2025-11-05T12:04:15+00:00,2025-11-28T04:02:01+00:00,1,0.0,0.0,1.0,1.0,0.9995,100000.0,2,22.67,508,base
0x7b390424b3e211c0739585778de97ae719ccd137,2182,1,2026-02-22T23:11:37+00:00,2026-06-22T04:50:05+00:00,12,0.0,0.0,0.8362,0.9251,0.9908,1000.0,2,119.24,753,base
0x7b3fe9333e0186b3998805d1408665284b0bb11e,129,1,2025-11-10T15:00:55+00:00,2026-01-01T10:22:47+00:00,1,0.0,0.0,1.0,1.0,0.7054,20000000.0,9,51.81,4,base
0x7b5ab33dff31b69bcf0ddba0b11f22ffc3eb4576,1,1,2025-11-12T02:00:29+00:00,2025-11-12T02:00:29+00:00,1,0.0,0.0,1.0,1.0,1.0,450.0,1,0.0,1,base
0x7b616018a1895e9c6a53d526a996c90f4a609792,2,1,2026-06-04T00:44:55+00:00,2026-06-09T03:54:03+00:00,1,0.0,0.0,1.0,1.0,0.5,200000.0,2,5.13,1,base
0x7b8034d60426ce987fcdfd7446be527021f3f855,32,1,2025-11-09T23:03:57+00:00,2025-11-18T02:26:53+00:00,2,0.0,0.0,0.9375,1.0,1.0,10000000.0,1,8.14,23,base
0x7b81d5b94bb0ba9f3d8d109c757392b9873ad9fb,270,1,2025-11-10T15:33:07+00:00,2026-01-01T10:30:59+00:00,73,0.0,0.0,0.5892,0.6091,0.3444,20000000.0,23,51.79,7,base
0x7bafa37a71254e496e7e47a8a139e719683a34c2,18,1,2026-02-10T06:33:11+00:00,2026-03-11T10:00:15+00:00,2,0.0,0.0,0.9657,1.0,0.2778,1000.0,12,29.14,11,base
0x7bb8009a8ab0c46a616afa5769cbab52dce77a73,3630,1,2026-04-14T06:39:39+00:00,2026-06-11T01:59:55+00:00,3436,0.0,0.0,0.0016,0.0031,0.3248,40000.0,41,57.81,355,base
0x7bcd1f84a601f941e883892992a73ce87d7ca2d9,131,1,2026-05-18T19:37:19+00:00,2026-07-02T21:49:15+00:00,14,0.0,0.0,0.329,0.6477,0.4122,20000.0,8,45.09,37,base
0x7bf5180cbb1707149ac0f26fa936f1aa2608c585,1,1,2025-11-07T10:33:15+00:00,2025-11-07T10:33:15+00:00,1,0.0,0.0,1.0,1.0,1.0,1000.0,1,0.0,1,base
0x7bfc0af640eb6738277fa3f557b8eb9abcfe0adb,2,1,2025-10-29T02:14:25+00:00,2025-10-30T00:17:17+00:00,1,1.0,1.0,1.0,1.0,1.0,10000.0,1,0.92,1,base
0x7bfde0863884de4cefb02fbbf5071c1b3e8e92af,4,1,2026-05-31T23:12:21+00:00,2026-06-05T07:28:37+00:00,2,0.0,0.0,0.6515,1.0,0.25,100000.0,4,4.34,2,base
0x7bfe7671ec7c36a7ba0f5273d4623b743ccab8d7,1,1,2026-03-20T07:19:19+00:00,2026-03-20T07:19:19+00:00,1,0.0,0.0,1.0,1.0,1.0,10000.0,1,0.0,1,base
0x7c032f410d3c5f3d53a0f16dd7d5019a49a7fa93,1,1,2026-05-25T06:04:15+00:00,2026-05-25T06:04:15+00:00,1,0.0,0.0,1.0,1.0,1.0,110000.0,1,0.0,1,base
0x7c6a0381df170e40deb4a62bfb3ad4bc0d152540,6,1,2025-11-06T09:18:09+00:00,2025-11-12T05:46:33+00:00,1,0.0,0.0,1.0,1.0,0.1667,197.0,6,5.85,1,base
0x7c74a9d43ea339f76dacc7bdce9e6edf0f033bcb,517,1,2026-06-01T13:51:39+00:00,2026-06-03T23:22:21+00:00,41,0.0,0.0,0.0965,0.1783,0.4836,5000.0,112,2.4,348,base
0x7c99d328833a2f1918859f5b10548c6067fc0739,1,1,2025-11-07T10:31:21+00:00,2025-11-07T10:31:21+00:00,1,0.0,0.0,1.0,1.0,1.0,1000.0,1,0.0,1,base
0x7ca55e665bbc5da7159e3490b13e5897093b5503,5,1,2026-05-19T08:31:01+00:00,2026-05-19T08:33:43+00:00,1,0.0,0.0,1.0,1.0,1.0,40000.0,1,0.0,5,base
0x7cf3853ab9b299e5394a23978daec4a9e0913981,47,1,2025-12-24T15:21:43+00:00,2026-06-22T04:15:07+00:00,10,0.0,0.0,0.2979,0.4894,1.0,500.0,1,179.54,10,base
0x7cf45cd775bdf31a5a96fa0a5805df0b610d87ff,120,1,2026-06-17T22:18:05+00:00,2026-06-26T20:43:41+00:00,5,0.0,0.0,0.5,0.8542,0.7333,5000.0,4,8.93,83,base
0x7d042f78593b22309bcbc0ba10a27ff50133277c,1,1,2025-10-28T00:59:59+00:00,2025-10-28T00:59:59+00:00,1,0.0,0.0,1.0,1.0,1.0,100000.0,1,0.0,1,base
0x7d0d2ec76abe7e4a0356205e926000fd09f28ee6,124,1,2025-11-14T06:06:31+00:00,2026-01-01T10:31:59+00:00,1,0.0,0.0,1.0,1.0,0.7339,20000000.0,4,48.18,4,base
0x7d14657fb8e51b2984c9115279665395a406b243,5,1,2026-05-18T20:50:03+00:00,2026-05-18T20:54:25+00:00,1,0.0,0.0,1.0,1.0,1.0,60000.0,1,0.0,5,base
0x7d20c5e7bd892aabee66bf8fbbc50534bccb64c8,397,1,2025-11-10T15:30:53+00:00,2026-01-01T10:29:45+00:00,84,0.0,0.0,0.4297,0.4519,0.2393,20000000.0,24,51.79,10,base
0x7d2ceb7a0e0c39a3d0f7b5b491659fde4bb7bcfe,2000,0,2025-11-01T17:40:59+00:00,2026-07-03T04:40:09+00:00,506,0.0,0.0,0.0919,0.1473,0.5015,100000.0,6,243.46,287,base
0x7d429ecbdce5ff516d6e0a93299cbba97203f2d3,250,1,2025-11-14T16:24:33+00:00,2025-12-07T08:44:27+00:00,7,0.0,0.0,0.492,0.72,1.0,1000000.0,1,22.68,60,base
0x7d5a228c351cc4728880a198763ad8356a9a5edb,2000,0,2025-10-27T15:32:43+00:00,2025-11-03T18:29:19+00:00,292,0.0,0.0,0.0476,0.0721,0.9955,1000000.0,2,7.12,844,base
0x7d6fede4acf258c154be47940d01f445968a311d,1,1,2026-06-30T13:12:55+00:00,2026-06-30T13:12:55+00:00,1,0.0,0.0,1.0,1.0,1.0,10000.0,1,0.0,1,base
0x7d9a95c46d50231016f12a79c5bdea2936570b05,279,1,2025-12-07T16:23:23+00:00,2026-06-29T05:33:25+00:00,9,0.0,0.0,0.5842,0.8674,1.0,200000.0,1,203.55,59,base
0x7d9d1821d15b9e0b8ab98a058361233e255e405d,2000,0,2025-05-25T03:43:25+00:00,2026-05-12T16:49:51+00:00,261,0.008,0.0066,0.3773,0.4239,0.3905,30000.0,11,352.55,784,base
0x7dad3c4b635392fcb2d43b740ff1cc01934300a1,746,1,2025-11-01T05:56:23+00:00,2025-11-04T06:03:19+00:00,1,0.0,0.0,1.0,1.0,0.937,1000000.0,2,3.0,405,base
0x7db948c8911b8abf46bec30fdce3b2a3160bbac8,4,1,2025-10-28T12:06:31+00:00,2025-10-30T00:17:45+00:00,1,1.0,1.0,1.0,1.0,0.5,1000000.0,2,1.51,2,base
0x7dc1f6301f94c4dc30f18a8ae192c9d9dac9832a,1,1,2026-05-19T08:25:05+00:00,2026-05-19T08:25:05+00:00,1,0.0,0.0,1.0,1.0,1.0,10000.0,1,0.0,1,base
0x7dc6990ea2dc2629ac33e510442daa7bc59e0404,1,1,2025-11-07T13:00:49+00:00,2025-11-07T13:00:49+00:00,1,0.0,0.0,1.0,1.0,1.0,1000.0,1,0.0,1,base
0x7dcdf50e9c5be73a963180206c51f04dff884a2f,194,1,2025-11-10T15:32:31+00:00,2026-01-01T10:30:41+00:00,50,0.0,0.0,0.7727,0.7834,0.4794,20000000.0,16,51.79,5,base
0x7dd5be069f2d2ead75ec7c3423b116ff043c2629,2000,0,2026-02-07T14:45:59+00:00,2026-07-03T04:07:09+00:00,61,0.0,0.0,0.7068,0.8381,0.5535,1000.0,20,145.56,515,base
0x7de2d94f9bd93ce8fa2eed8e1821e50a0e15cd90,63,1,2025-10-27T23:22:03+00:00,2025-11-03T22:18:57+00:00,46,0.0,0.0,0.2572,0.4419,0.6349,1000.0,24,6.96,23,base
0x7e076b7b38b388f44176e494e7407952800c9765,9,1,2025-11-11T09:02:15+00:00,2025-12-02T17:03:09+00:00,1,0.0,0.0,1.0,1.0,0.1111,9799.0,9,21.33,1,base
0x7e0eac109ccaed7163a50a9895799acd32b39f98,3,1,2025-10-30T00:11:57+00:00,2025-10-31T00:13:11+00:00,1,0.0,0.0,1.0,1.0,0.3333,300000.0,3,1.0,2,base
0x7e3eca1f0fdfa31918722f0c6e531bdbd54311fd,56,1,2025-10-27T23:19:39+00:00,2025-11-03T22:05:55+00:00,44,0.0,0.0,0.7429,0.7976,0.5,1000.0,28,6.95,28,base
0x7e4047e1a0ae18d7476b7d9c0a5b59d053a1fda3,1,1,2026-06-10T11:43:05+00:00,2026-06-10T11:43:05+00:00,1,0.0,0.0,1.0,1.0,1.0,10000.0,1,0.0,1,base
0x7e5aef00050aa844995d0f879df6111a0e6876f8,1,1,2025-10-28T02:22:31+00:00,2025-10-28T02:22:31+00:00,1,0.0,0.0,1.0,1.0,1.0,100000.0,1,0.0,1,base
0x7e5af504234a9a992009b4de3f5ca9c4fe0db5be,371,1,2026-04-07T15:36:41+00:00,2026-07-03T00:50:39+00:00,50,0.0,0.0,0.0404,0.0755,1.0,1.0,1,86.38,11,base
0x7e67204eea076e8803b5753e5441ba0e62be13a4,3579,1,2026-04-18T19:39:01+00:00,2026-07-03T04:19:05+00:00,12,0.0,0.0,0.9612,0.9908,1.0,3000.0,1,75.36,775,base
0x7e740ddce70408f000e50cfb8d0cb55245863f51,9,1,2026-05-09T04:09:11+00:00,2026-05-16T00:12:09+00:00,1,0.0,0.0,1.0,1.0,0.2222,70000.0,8,6.84,2,base
0x7ea1bb15c6d91827a37697c75b2eeee930c0c188,423,1,2025-12-06T02:01:59+00:00,2026-01-14T17:36:15+00:00,49,0.0118,0.0118,0.3673,0.5,0.9976,1000000.0,2,39.65,70,base
0x7ea2dcb09b3ebcfb9ee1195c9587f944d8067bc9,11,1,2026-02-20T13:50:49+00:00,2026-03-18T13:33:37+00:00,2,0.0909,0.0909,0.9091,1.0,1.0,10000.0,1,25.99,5,base
0x7ea3744231b5cbd450975ea77f7f456b4ba3500c,1311,0,2025-10-31T12:43:51+00:00,2025-11-28T03:52:51+00:00,1,0.0,0.0,1.0,1.0,0.791,100000.0,2,27.63,284,base
0x7ec14b9f999bfd03abec37c870fe78f7dd4de7e3,12,1,2025-11-11T22:47:59+00:00,2025-12-03T10:41:39+00:00,1,0.0,0.0,1.0,1.0,0.0833,175.0,12,21.5,2,base
0x7ed531c91a2ebffdd0a72569ce0f6628420318db,166,1,2026-03-19T18:39:15+00:00,2026-06-13T17:01:29+00:00,3,0.0,0.0,0.9998,1.0,0.8253,10000.0,23,85.93,20,base
0x7ee6afae12a02d35c5e8a37ae2f2ec2e1b2f3604,3,1,2026-05-11T13:25:43+00:00,2026-05-11T13:26:23+00:00,1,0.0,0.0,1.0,1.0,0.6667,60000.0,2,0.0,3,base
0x7eedc5c1f38c3a7833dfe8a5458e3b44422f65a7,2,1,2025-11-12T06:44:27+00:00,2025-11-23T06:57:19+00:00,1,0.0,0.0,1.0,1.0,0.5,345.0,2,11.01,1,base
0x7f1e8ada9f03b292865ddf4d9737319af6963a86,50,1,2026-01-20T11:06:05+00:00,2026-06-08T20:09:41+00:00,7,0.0,0.0,0.6505,0.8842,0.7,16000.0,6,139.38,12,base
0x7f219652fa3bde3d5c0cd30f0c0cfd87dfc4c605,4,1,2026-05-12T09:09:39+00:00,2026-06-25T09:40:15+00:00,2,0.0,0.0,0.6897,1.0,0.5,500000000.0,3,44.02,1,base
0x7f33b3c113915a0f2981070553ba9538c0f90171,287,1,2026-05-08T16:47:31+00:00,2026-07-02T21:14:31+00:00,44,0.0,0.0,0.2774,0.4737,0.2857,40000.0,15,55.19,40,base
0x7f6fa471726c35321b58704bd2a440d405767bfd,1082,1,2026-03-21T23:30:27+00:00,2026-06-29T05:22:01+00:00,112,0.0,0.0,0.1093,0.1557,0.9741,3000.0,2,99.24,564,base
0x7f72a02c682e908d46a5677fe937cdb612d94a3b,143,1,2025-10-28T10:31:31+00:00,2026-05-06T05:47:13+00:00,7,0.0,0.0,0.5666,0.9583,0.8392,1000.0,12,189.8,88,base
0x7f74ce6d34ee0180f0217a16ce05f3b91272570f,3524,1,2026-05-22T10:53:57+00:00,2026-07-02T06:18:03+00:00,19,0.0,0.0,0.3364,0.5469,0.2639,20000.0,11,40.81,905,base
0x7f7c9bff1ddf2817641740962a9872e6421ebbfc,72,1,2026-06-21T23:10:59+00:00,2026-07-02T01:43:37+00:00,28,0.0,0.0,0.2562,0.333,0.3472,250000.0,4,10.11,17,base
0x7f9d1a879750168b8f4a59734b1262d1778fdb5a,1479,1,2025-09-19T18:34:07+00:00,2026-04-08T19:06:05+00:00,1046,0.2765,0.2358,0.2358,0.2371,0.4672,420000000.0,16,201.02,564,base
0x7fa403339dd367f41eba84f3c1425b357c01a0b5,9,1,2026-05-25T22:43:57+00:00,2026-06-01T02:35:39+00:00,1,0.0,0.0,1.0,1.0,0.8889,10000.0,2,6.16,2,base
0x7fa8ac4b42fd0c97ca983bc73135edbea5bd6ab2,948,1,2026-05-05T13:34:05+00:00,2026-06-10T17:06:29+00:00,9,0.0,0.0,0.4965,0.6244,0.3344,20000.0,16,36.15,205,base
0x7fc5b3212de51b9ad569aeb43c1027166897aaed,5,1,2025-11-10T18:02:59+00:00,2025-11-10T18:10:51+00:00,1,0.0,0.0,1.0,1.0,1.0,1000.0,1,0.01,5,base
0x7fd1ef5339337481d7a1028367f598eb444f3652,1,1,2026-06-08T05:03:47+00:00,2026-06-08T05:03:47+00:00,1,0.0,0.0,1.0,1.0,1.0,40000.0,1,0.0,1,base
0x7fd421c6d200279a9935200a9c4b6249ff5ff260,129,1,2025-11-11T01:14:33+00:00,2026-01-01T10:23:31+00:00,2,0.0,0.0,0.9959,1.0,0.7132,20000000.0,9,51.38,4,base
0x7fd666849405ab08b942d7a0936a2eda5bd34924,590,1,2025-10-31T18:58:19+00:00,2025-11-17T06:10:53+00:00,18,0.4831,0.499,0.499,0.9391,0.2814,50000.0,88,16.47,168,base
0x7fd8ec2db00cdc26d52fc1547d4fb9ebd9c4d446,3,1,2026-06-01T12:17:51+00:00,2026-06-03T04:26:47+00:00,1,0.0,0.0,1.0,1.0,0.6667,10000.0,2,1.67,1,base
0x7fdab6c4a6a01f0170563c33340a569ff9fdd86b,3,1,2025-10-28T18:48:15+00:00,2025-10-30T02:44:25+00:00,1,1.0,1.0,1.0,1.0,1.0,1000000.0,1,1.33,1,base
0x7fe437880171f5ee268c0553b9b0ac15b0e3bbc5,5,1,2026-01-14T23:52:57+00:00,2026-01-15T03:42:23+00:00,1,0.0,0.0,1.0,1.0,0.4,5000000.0,4,0.16,4,base
0x7fe8569649758ce2b965fbc6acda2a1e23a1d2c0,28,1,2026-05-29T00:58:33+00:00,2026-06-19T05:26:57+00:00,5,0.0,0.0,0.5335,0.749,0.5,5000.0,5,21.19,25,base
0x7ff34f8a910a8268fbec9feb941556513a3994d1,12,1,2025-11-12T07:23:31+00:00,2025-12-04T07:30:59+00:00,1,0.0,0.0,1.0,1.0,0.0833,11923.0,12,22.01,1,base
0x8008639993d305eaf408f185ab22eed814746f5f,179,1,2025-10-26T18:32:19+00:00,2026-04-29T02:31:57+00:00,163,0.0,0.0,0.0223,0.0447,1.0,10000000.0,1,184.33,100,base
0x80238a1c73367591bf17e2f4dbac652e479b077a,20,1,2025-11-26T18:42:31+00:00,2026-06-17T21:02:21+00:00,5,0.0,0.0,0.6393,0.7635,0.75,1000000.0,6,203.1,5,base
0x803a7c684b60520b1c5390ad8ac89fb4876fc282,1,1,2026-06-07T11:04:09+00:00,2026-06-07T11:04:09+00:00,1,0.0,0.0,1.0,1.0,1.0,324457586.0,1,0.0,1,base
0x80437842a9b6d7257d0bbf1fbc8571121ac225a8,915,1,2026-05-21T11:18:11+00:00,2026-07-03T03:53:55+00:00,19,0.0,0.0,0.3144,0.5034,0.4055,1000.0,11,42.69,82,base
0x80740d6d970ec62e3db3ed06ac0e6e4ac4e0e89c,29,1,2026-03-16T06:56:39+00:00,2026-06-30T12:55:33+00:00,4,0.0,0.0,0.8275,0.9306,0.1379,500000.0,16,106.25,5,base
0x809220c5079bcc14fee46b0c46cfd3033e2152b8,5,1,2026-05-03T16:58:15+00:00,2026-05-03T17:29:29+00:00,1,0.0,0.0,1.0,1.0,1.0,60000.0,1,0.02,5,base
0x80a206e414e842936b5981068f4db1c54e8263c7,4,1,2026-03-25T23:37:01+00:00,2026-03-27T10:16:55+00:00,1,0.0,0.0,1.0,1.0,0.25,150000000.0,4,1.44,2,base
0x80add3b20f9ff37d877594c7aaa7cd3534ab2ede,93,1,2025-12-19T08:55:17+00:00,2026-06-25T14:13:03+00:00,6,0.0,0.0,0.5591,0.9419,0.2473,20000.0,8,188.22,45,base
0x80b4c333c8a7998c8080677a670fb1792bc6e143,6,1,2026-05-26T07:55:01+00:00,2026-06-03T03:36:25+00:00,1,0.0,0.0,1.0,1.0,0.8333,10000.0,2,7.82,1,base
0x80cdd5832b89f771cc4377d47b59b0667279f788,1,1,2025-11-07T12:58:59+00:00,2025-11-07T12:58:59+00:00,1,0.0,0.0,1.0,1.0,1.0,1000.0,1,0.0,1,base
0x80d8e7aab55acd0666e656c62f3581e4811d8f5f,3,1,2026-04-21T06:52:49+00:00,2026-04-23T04:01:37+00:00,1,0.0,0.0,1.0,1.0,0.3333,60000.0,3,1.88,1,base
0x81101b7138738cb92455de355bfd4aac7ce1dda4,1,1,2026-03-21T05:41:17+00:00,2026-03-21T05:41:17+00:00,1,0.0,0.0,1.0,1.0,1.0,10000.0,1,0.0,1,base
0x812a20116cbd407db6b537936a2632efd8340567,1,1,2026-05-26T02:11:11+00:00,2026-05-26T02:11:11+00:00,1,0.0,0.0,1.0,1.0,1.0,100000.0,1,0.0,1,base
0x814ea4250d7499502eead386634d345016b9434f,506,1,2025-11-17T09:47:05+00:00,2025-11-17T15:21:41+00:00,225,0.0,0.0,0.0059,0.0119,1.0,1000000.0,1,0.23,506,base
0x81832eede3a4ad96cb3d7ca09977636d912fd3d5,847,1,2026-05-12T11:03:29+00:00,2026-07-03T04:10:09+00:00,22,0.0,0.0,0.6082,0.7261,0.5384,1000.0,11,51.71,138,base
0x81c4143ee57906239718de4a904bff00436fa1c1,20,1,2026-06-22T11:48:09+00:00,2026-07-01T02:20:27+00:00,17,0.0,0.0,0.2494,0.4514,0.75,980000.0,5,8.61,8,base
0x81d66d42620f4ab9c1edd48299e030d17aef490e,2000,0,2025-10-26T05:49:09+00:00,2025-10-28T14:42:09+00:00,591,0.0,0.0,0.1858,0.302,0.865,100.0,5,2.37,1000,base
0x81eb7910120805c698900dc898002af87ec5fb6e,1,1,2026-05-23T15:42:47+00:00,2026-05-23T15:42:47+00:00,1,0.0,0.0,1.0,1.0,1.0,10000.0,1,0.0,1,base
0x81f628dd1f2546dffc5024e63bf9cb89c991a068,1,1,2026-05-14T19:03:59+00:00,2026-05-14T19:03:59+00:00,1,0.0,0.0,1.0,1.0,1.0,10000.0,1,0.0,1,base
0x82016c81b147409ee858552521eb1bc92d7ffdd2,7,1,2026-06-04T22:43:13+00:00,2026-06-14T10:15:57+00:00,1,0.0,0.0,1.0,1.0,0.8571,10000.0,2,9.48,1,base
0x821788f7cb911a6e97a0611d5f8f138ee3ea3af9,7,1,2026-06-07T10:07:41+00:00,2026-06-13T02:45:23+00:00,1,0.0,0.0,1.0,1.0,0.8571,10000.0,2,5.69,1,base
0x8255fd2ea1d0af0a36fe6b39692a9857af30c03f,1,1,2025-10-28T02:35:45+00:00,2025-10-28T02:35:45+00:00,1,0.0,0.0,1.0,1.0,1.0,100000.0,1,0.0,1,base
0x826333ccf16546177d1554c0cbb6d71e6d40dbd3,4,1,2025-10-29T23:16:59+00:00,2025-10-31T00:12:09+00:00,1,0.0,0.0,1.0,1.0,0.75,300000.0,2,1.04,2,base
0x827a5baac67ec4f194bc9edbaab65e925134005b,3,1,2025-10-29T23:42:41+00:00,2025-10-30T01:22:51+00:00,1,0.0,0.0,1.0,1.0,1.0,300000.0,1,0.07,2,base
0x82999d082f3a9435587db7ebaf23637d4a472fef,914,1,2025-11-13T01:12:59+00:00,2025-11-28T03:52:11+00:00,1,0.0,0.0,1.0,1.0,1.0,100000.0,1,15.11,295,base
0x82af24818d23d92d79c978d96e93a414b8f32441,1,1,2026-06-12T04:10:05+00:00,2026-06-12T04:10:05+00:00,1,0.0,0.0,1.0,1.0,1.0,250000.0,1,0.0,1,base
0x82b17d0bb4de9ae6c3491257b60e8245e70acd7b,409,1,2026-05-20T14:42:53+00:00,2026-07-02T10:30:11+00:00,16,0.0,0.0,0.9839,0.9908,0.868,1000.0,3,42.82,31,base
0x830b6faca096f04f0c165d2e6c710462ead4a8b9,2,1,2025-10-28T13:43:45+00:00,2025-10-29T12:47:57+00:00,1,1.0,1.0,1.0,1.0,1.0,20000.0,1,0.96,1,base
0x83240485b70e5c820e5f180533fc6156470cfd0e,2000,0,2025-10-29T22:35:41+00:00,2026-06-18T04:15:47+00:00,209,0.0,0.0,0.4965,0.5005,1.0,10000.0,1,231.24,996,base
0x8349f818febb9ce4cbb30a9360808a3d04b7ff5f,81,1,2026-05-15T09:56:37+00:00,2026-06-03T08:29:23+00:00,1,0.0,0.0,1.0,1.0,0.4938,10000.0,6,18.94,7,base
0x834b189a1c087d0af169a905454979952f59e8ac,47,1,2026-06-28T18:34:47+00:00,2026-07-03T02:27:31+00:00,13,0.0,0.0,0.8835,0.8932,0.8085,10000.0,3,4.33,20,base
0x8364bc963a144f2804be45e23210e2c81bc9acc9,374,1,2026-02-22T14:50:27+00:00,2026-06-18T18:48:59+00:00,29,0.0,0.0,0.2135,0.3523,0.3235,200000.0,33,116.17,55,base
0x837e1951edbaf3945e9b35f0a3abb5c6cdce37d2,1157,0,2025-10-31T12:43:51+00:00,2025-11-28T03:59:01+00:00,1,0.0,0.0,1.0,1.0,0.7666,100000.0,2,27.64,282,base
0x83821cd12274f7ca1fe9f31bbef81f2103a4777e,4,1,2025-10-01T11:07:35+00:00,2025-10-01T11:12:27+00:00,1,0.0,0.0,1.0,1.0,0.25,64000000.0,4,0.0,4,base
0x83abe8e4c5cd41e1e42142cbef241c31910a13fe,3,1,2025-11-23T04:50:23+00:00,2025-12-04T03:49:31+00:00,1,0.0,0.0,1.0,1.0,0.3333,454.0,3,10.96,1,base
0x83c5e4f620a47ac7b086bd06e2696f6ac9b9fcc3,1,1,2026-06-08T07:15:43+00:00,2026-06-08T07:15:43+00:00,1,0.0,0.0,1.0,1.0,1.0,10000.0,1,0.0,1,base
0x83c5eb305447caa8d351abee2294bbcfa13b0fdc,3,1,2026-06-11T01:20:55+00:00,2026-07-03T00:54:55+00:00,1,0.0,0.0,1.0,1.0,0.3333,200000.0,3,21.98,1,base
0x83e76647cf1dae6b7e225eb5e2eaff9608bb3074,18,1,2026-01-26T14:15:35+00:00,2026-02-25T19:13:45+00:00,1,0.0,0.0,1.0,1.0,0.1111,11000000.0,15,30.21,5,base
0x83eb18c7b6db212d3dfad7938b055c68e6f9f2f5,1,1,2026-03-18T19:58:27+00:00,2026-03-18T19:58:27+00:00,1,0.0,0.0,1.0,1.0,1.0,10000.0,1,0.0,1,base
0x83f59373c4f506f20f452f161cf65faaf7309b48,1,1,2026-06-01T10:29:59+00:00,2026-06-01T10:29:59+00:00,1,0.0,0.0,1.0,1.0,1.0,800000.0,1,0.0,1,base
0x843a36356dca2a613bff680063233d15d7e58248,5,1,2025-11-10T17:12:33+00:00,2025-11-10T17:19:05+00:00,1,0.0,0.0,1.0,1.0,1.0,1000.0,1,0.0,5,base
0x8472e3cc3118287ed6fc88cda90a2186ee2490a1,1281,0,2025-11-01T03:54:15+00:00,2025-11-28T03:58:57+00:00,1,0.0,0.0,1.0,1.0,0.7471,100000.0,2,27.0,292,base
0x8498905e4f4bf19ba33552046fe4c496c33ac51c,201,1,2026-05-25T05:23:47+00:00,2026-06-04T15:10:03+00:00,200,0.0,0.0,0.007,0.0141,0.5274,110000.0,6,10.41,80,base
0x84b0452cc752630b2b2fe316499951d156880e8b,7,1,2026-05-26T08:40:43+00:00,2026-06-01T03:59:17+00:00,1,0.0,0.0,1.0,1.0,0.8571,10000.0,2,5.8,1,base
0x84e4bf33e7d1dfd896b1220e79233897158ce19d,9,1,2025-11-11T09:51:01+00:00,2025-12-02T18:14:43+00:00,1,0.0,0.0,1.0,1.0,0.1111,355.0,9,21.35,1,base
0x84fdbcdee54ad44fb36b656f852b78f504a79be7,195,1,2025-11-10T15:32:37+00:00,2026-01-01T10:30:47+00:00,49,0.0,0.0,0.7702,0.7815,0.4667,20000000.0,16,51.79,6,base
0x8553670d4b9302a6c6499707e1ad742bd941f930,303,1,2026-04-07T15:42:43+00:00,2026-07-02T14:20:15+00:00,50,0.0,0.0,0.0396,0.0726,1.0,1.0,1,85.94,11,base
0x85557c90027354eaeffe9ee4b4f4014818d8d3e1,67,1,2026-05-01T01:57:53+00:00,2026-07-01T05:22:05+00:00,7,0.0,0.0,0.6018,0.9192,0.4478,5000.0,4,61.14,13,base
0x857940defcc75244290d7ec735061ea85859db0f,1,1,2025-10-30T22:51:23+00:00,2025-10-30T22:51:23+00:00,1,0.0,0.0,1.0,1.0,1.0,1000000.0,1,0.0,1,base
0x8581784d3e598cca3482375cff2409ac9dd8c402,1842,1,2026-04-28T01:22:31+00:00,2026-07-02T20:40:15+00:00,36,0.0,0.0,0.498,0.7372,0.0782,101000.0,1190,65.8,447,base
0x85987108d0d3541aa8154a381bddc341b07628a9,2,1,2026-05-17T05:14:39+00:00,2026-05-17T05:14:47+00:00,1,0.0,0.0,1.0,1.0,1.0,5000000.0,1,0.0,2,base
0x85b3777e0c08067cc1cf5d1856fe33f803adaef3,755,1,2025-11-01T05:54:55+00:00,2025-11-04T06:03:17+00:00,1,0.0,0.0,1.0,1.0,0.9192,1000000.0,2,3.01,414,base
0x85b47b40455ab2bd7921f76dce841b48c82d627c,2000,0,2026-05-21T16:51:21+00:00,2026-07-03T04:02:35+00:00,4,0.0,0.0,0.6798,0.9619,0.044,33260.0,818,42.47,565,base
0x8634ec8de71f71dbea121132d719f33c01ecf8d7,4,1,2025-10-31T14:45:47+00:00,2025-11-20T21:36:13+00:00,2,0.0,0.0,0.625,1.0,0.75,100000000.0,2,20.29,2,base
0x86410e8410d07ead059264e639e9351a04f2d851,1,1,2026-05-28T19:22:29+00:00,2026-05-28T19:22:29+00:00,1,0.0,0.0,1.0,1.0,1.0,30000.0,1,0.0,1,base
0x8655520b4b19187038ac9a4f560da0979cc1e95c,50,1,2026-06-23T11:30:43+00:00,2026-07-02T19:53:21+00:00,20,0.0,0.0,0.08,0.14,1.0,1000.0,1,9.35,21,base
0x86753f789ab86d3adbe006fa8251a0511206727b,1,1,2025-10-31T20:26:15+00:00,2025-10-31T20:26:15+00:00,1,0.0,0.0,1.0,1.0,1.0,1000000.0,1,0.0,1,base
0x8689c7353ada96279a0454ead5a36f6d206d1b30,2,1,2025-11-12T06:20:25+00:00,2025-11-23T06:37:49+00:00,1,0.0,0.0,1.0,1.0,0.5,241.0,2,11.01,1,base
0x868a4fefe553503e1b2e3749e626b9c7cf8d212d,7,1,2026-05-25T06:46:29+00:00,2026-06-03T06:13:05+00:00,1,0.0,0.0,1.0,1.0,0.8571,10000.0,2,8.98,1,base
0x86a2622937e791afd93163aed58a752c3c4c4920,2000,0,2025-10-26T14:26:11+00:00,2025-10-28T07:42:11+00:00,228,0.0,0.0,0.009,0.0175,1.0,10000000.0,1,1.72,1032,base
0x86a6cb5b6fd0dce94d2f7d3ab5f32211cb6a0f55,77,1,2025-10-27T23:32:53+00:00,2025-11-03T22:50:05+00:00,56,0.013,0.0,0.4507,0.56,0.5584,1000.0,35,6.97,47,base
0x86b32abe7d4dc47769b2834e79d1b29a1649e71d,1,1,2026-03-18T19:59:31+00:00,2026-03-18T19:59:31+00:00,1,0.0,0.0,1.0,1.0,1.0,10000.0,1,0.0,1,base
0x86bb2185dc90c1708cc94cbb2c7c790f2c9a5cbe,3,1,2025-10-28T09:54:03+00:00,2025-10-30T06:16:41+00:00,1,1.0,1.0,1.0,1.0,1.0,10000.0,1,1.85,1,base
0x86ec8572b511d492580a1014b5fe2859c0b56eb2,4,1,2025-11-13T16:47:51+00:00,2025-11-28T10:20:23+00:00,1,0.0,0.0,1.0,1.0,0.25,298.0,4,14.73,1,base
0x86fa14c0edcaa2966e1c2c7a1eb20bea0af09537,2000,0,2025-12-02T23:07:53+00:00,2026-04-18T14:26:47+00:00,122,0.0,0.0,0.0753,0.1092,0.9975,1000.0,4,136.64,998,base
0x87001feae6d10a68cf5b11f91c92a3e12c76b1b9,1,1,2026-04-30T02:20:27+00:00,2026-04-30T02:20:27+00:00,1,0.0,0.0,1.0,1.0,1.0,2700000000.0,1,0.0,1,base
0x87012727063fc18f15de4becac6688c9411550ab,1,1,2026-04-05T06:38:09+00:00,2026-04-05T06:38:09+00:00,1,0.0,0.0,1.0,1.0,1.0,1310000.0,1,0.0,1,base
0x871aece29fe5f4d3e208dbed596fe57f58a0b82c,1,1,2026-06-25T18:06:27+00:00,2026-06-25T18:06:27+00:00,1,0.0,0.0,1.0,1.0,1.0,10000.0,1,0.0,1,base
0x87238b76dbd8d1d4e789f31fd183f88492b8f5ee,2000,0,2025-10-30T00:54:21+00:00,2025-11-01T16:01:01+00:00,1233,0.0,0.0,0.0557,0.0986,0.9915,100000.0,3,2.63,1000,base
0x872718ac8033bd6a3ec20f944e00ece9ec47c19a,124,1,2025-11-14T06:07:09+00:00,2026-01-01T10:32:25+00:00,1,0.0,0.0,1.0,1.0,0.7339,20000000.0,4,48.18,4,base
0x872d321c5a6123c40b01441c8c84f08bfe356423,1,1,2026-05-30T21:49:27+00:00,2026-05-30T21:49:27+00:00,1,0.0,0.0,1.0,1.0,1.0,40000.0,1,0.0,1,base
0x873f87d6a2b5126e950c03ec03e3d7b82d91bf1d,104,1,2025-11-18T14:52:21+00:00,2025-12-17T03:56:01+00:00,7,0.0,0.0,0.4574,0.798,0.7212,10000.0,19,28.54,52,base
0x87458a084bd9730532e49f948deda089254daeb6,3,1,2025-10-28T10:23:37+00:00,2025-10-30T01:15:17+00:00,1,1.0,1.0,1.0,1.0,1.0,100000.0,1,1.62,1,base
0x8755a2faf86c9e3758450d703f8bbcada343c62e,2000,0,2026-02-01T22:03:05+00:00,2026-07-03T04:30:05+00:00,37,0.0,0.0,0.7138,0.7631,0.9045,20000.0,24,151.27,879,base
0x876567f9b7a4bf1ccfce8c851cf6f172fafbc325,2000,0,2026-05-23T19:15:43+00:00,2026-07-03T03:04:55+00:00,1,0.0,0.0,1.0,1.0,0.9995,9999.0,2,40.33,1000,base
0x877227e8acf23fadf54f9b4d10312ec388ba181c,11,1,2026-05-21T07:33:45+00:00,2026-06-04T23:26:27+00:00,1,0.0,0.0,1.0,1.0,0.5455,10000.0,2,14.66,5,base
0x878533ac28c5ff837a7b17c82f867d39280667cc,4625,1,2025-10-24T14:20:19+00:00,2025-10-28T07:11:25+00:00,580,0.0002,0.0002,0.0805,0.1135,0.9101,1000000.0,3,3.7,4365,base
0x8787431ad2ccceed79298450fc5e5479ee09ba12,30,1,2026-05-10T06:29:33+00:00,2026-06-03T10:57:03+00:00,1,0.0,0.0,1.0,1.0,0.5,10000.0,4,24.19,5,base
0x87a6cd8c67649cb1c2221d87fedc3fcf2b22b359,1411,1,2026-04-25T06:24:41+00:00,2026-05-21T15:56:05+00:00,1168,0.0,0.0,0.0031,0.0062,0.1935,300000.0,119,26.4,294,base
0x87b0f7c83de15d5154dbb178cd88b05808d52c36,646,1,2025-10-31T15:19:37+00:00,2025-11-04T06:03:17+00:00,1,0.0,0.0,1.0,1.0,0.9985,1000000.0,2,3.61,367,base
0x87c8b4629cf67abe83185d034a910e86fe4deb86,2,1,2026-06-02T22:47:43+00:00,2026-06-02T22:48:47+00:00,1,0.0,0.0,1.0,1.0,0.5,10000.0,2,0.0,2,base
0x87f1d896e39f0629c7a391d255364ed9c4a47da0,67,1,2026-03-19T20:47:41+00:00,2026-06-30T23:14:05+00:00,52,0.0,0.0,0.2143,0.3432,0.3582,50000000.0,7,103.1,7,base
0x880ae37b0d51b9c51c809bba8d2ef9fdffee7fd1,445,1,2026-06-08T20:18:15+00:00,2026-07-01T13:20:05+00:00,13,0.0,0.0,0.6202,0.8831,1.0,400000.0,1,22.71,88,base
0x880cf6de58b19364ab83cc7c3b44ebe0202a6903,1,1,2026-04-27T10:24:23+00:00,2026-04-27T10:24:23+00:00,1,0.0,0.0,1.0,1.0,1.0,2000.0,1,0.0,1,base
0x880eae2ba5c2ca395727ecf9d3e5c97087ed97d5,2000,0,2025-11-05T12:04:15+00:00,2025-11-28T04:02:11+00:00,1,0.0,0.0,1.0,1.0,0.9995,100000.0,2,22.67,508,base
0x881103ea1cef8f8434c68eca099ce894f42ad64e,270,1,2025-11-10T15:33:43+00:00,2026-01-01T10:31:31+00:00,74,0.0,0.0,0.5899,0.6093,0.3407,20000000.0,24,51.79,7,base
0x882059ed94c15594bc5f4a4e74c8f97bebe260ff,255,1,2025-10-31T13:51:47+00:00,2025-11-03T04:44:53+00:00,1,0.0,0.0,1.0,1.0,1.0,100000000.0,1,2.62,103,base
0x8824fa48593fecb761be9be6299965992ede8cfe,1,1,2026-01-01T23:45:55+00:00,2026-01-01T23:45:55+00:00,1,0.0,0.0,1.0,1.0,1.0,360000000.0,1,0.0,1,base
0x88824a16de29720efd3a9f39d894e31decde8320,2,1,2025-10-28T00:10:53+00:00,2025-10-28T08:52:17+00:00,2,0.0,0.0,0.5,1.0,1.0,100000.0,1,0.36,2,base
0x88e44527207595a68114acc76bb4e4b1cedb7522,1,1,2026-05-10T10:00:17+00:00,2026-05-10T10:00:17+00:00,1,0.0,0.0,1.0,1.0,1.0,100000.0,1,0.0,1,base
0x891279b74ead29c025db6e0baf107d17bcd2179c,1708,0,2025-10-31T15:02:45+00:00,2025-11-28T03:45:31+00:00,1,0.0,0.0,1.0,1.0,1.0,1000000.0,1,27.53,351,base
0x891999ee5fe30fd266a43e881572adc00a28fe4d,4,1,2026-06-08T00:53:49+00:00,2026-06-11T04:59:35+00:00,1,0.0,0.0,1.0,1.0,0.75,10000.0,2,3.17,1,base
0x892e4feed0128f11d486fd451aff4a78171c8748,2000,0,2025-10-30T05:35:29+00:00,2025-12-03T02:00:13+00:00,14,0.0455,0.0045,0.8657,0.9754,0.471,240000.0,11,33.85,937,base
0x894da4c9f416b7ec965ad9cf5d4de12982c52174,22,1,2026-06-23T14:00:35+00:00,2026-06-30T13:24:39+00:00,19,0.0,0.0,0.25,0.3,0.5,1960000.0,3,6.98,13,base
0x89764c3ded721c29999a237cf935a34e1c8edf97,434,1,2025-12-07T01:12:33+00:00,2026-06-23T15:30:03+00:00,12,0.0,0.0,0.7338,0.86,0.8871,10000.0,3,198.6,67,base
0x897720c5b19f93f3194990d0121d3a64783bbab8,426,1,2025-11-10T15:09:57+00:00,2026-01-01T10:56:57+00:00,126,0.0,0.0,0.9845,0.9847,0.2559,20000000.0,163,51.82,260,base
0x899b5dbb64194fb05bddc50555e6b4d812558802,26,1,2026-01-17T14:48:51+00:00,2026-01-28T13:23:59+00:00,8,0.0,0.0,0.2873,0.5173,0.5769,3000000.0,11,10.94,8,base
0x89dbcc655ebaa2a5118edfab9c636f5e05b4fc81,8,1,2025-11-14T04:53:43+00:00,2025-12-02T14:59:49+00:00,1,0.0,0.0,1.0,1.0,0.125,316.0,8,18.42,1,base
0x89e00520c13021ffb1fe66dee90be876dff51629,6,1,2026-06-09T03:23:07+00:00,2026-06-14T01:14:39+00:00,1,0.0,0.0,1.0,1.0,0.5,10000.0,4,4.91,1,base
0x89ef04819466e171154df1bbc043f7abc58dd18b,1068,1,2025-11-02T06:56:13+00:00,2025-11-28T03:45:01+00:00,1,0.0,0.0,1.0,1.0,1.0,1000000.0,1,25.87,376,base
0x89f2871e1c4c531e95764bc34c270c313ffef7e2,1,1,2026-05-25T16:47:49+00:00,2026-05-25T16:47:49+00:00,1,0.0,0.0,1.0,1.0,1.0,10000.0,1,0.0,1,base
0x89f5baa2caa63fdc008baf5c6e713e89a225e84f,57,1,2025-11-30T04:14:29+00:00,2026-06-10T17:38:29+00:00,7,0.0,0.0,0.6434,0.8671,0.8947,10000.0,5,192.56,39,base
0x89fde966216e7150772caeff45f71fa58fe0a331,2,1,2025-11-12T05:33:35+00:00,2025-11-23T06:06:29+00:00,1,0.0,0.0,1.0,1.0,0.5,240.0,2,11.02,1,base
0x8a0c098e896fa309828a35ce714403d23cbbcf3a,3,1,2026-05-07T15:20:15+00:00,2026-06-17T07:09:59+00:00,1,0.0,0.0,1.0,1.0,0.3333,100000.0,3,40.66,1,base
0x8a1b494b05ef0f90c9f2c4ccd019f46e228b807c,1,1,2026-04-17T09:48:09+00:00,2026-04-17T09:48:09+00:00,1,0.0,0.0,1.0,1.0,1.0,950000.0,1,0.0,1,base
0x8a36f293c6b8ec08d88f2c384d4f5a615175b5e9,1007,1,2025-10-31T15:07:27+00:00,2025-11-28T04:00:21+00:00,1,0.0,0.0,1.0,1.0,1.0,1000000.0,1,27.54,360,base
0x8a58e4088625f80229c7216919a184ce2483266a,1858,0,2025-10-31T14:28:27+00:00,2025-11-28T03:36:33+00:00,1,0.0,0.0,1.0,1.0,1.0,1000000.0,1,27.55,371,base
0x8a598a28a435fe44d31854251b1c88d0781ea822,4434,1,2026-04-21T16:43:39+00:00,2026-07-03T04:19:03+00:00,25,0.0,0.0,0.9495,0.9826,0.6691,2000.0,16,72.48,806,base
0x8a612938261134a94a917bd570eeb07656f94cdd,1,1,2025-10-28T02:39:45+00:00,2025-10-28T02:39:45+00:00,1,0.0,0.0,1.0,1.0,1.0,100000.0,1,0.0,1,base
0x8afd8b4f5d86efaec684f308c54a999cd8803933,3,1,2026-04-13T12:00:59+00:00,2026-04-15T06:06:47+00:00,1,0.0,0.0,1.0,1.0,0.3333,60000.0,3,1.75,1,base
0x8b01f4e279021439745b725e07092bb0e3325498,1,1,2026-03-21T09:02:03+00:00,2026-03-21T09:02:03+00:00,1,0.0,0.0,1.0,1.0,1.0,10000.0,1,0.0,1,base
0x8b02d2e03ea8b683ceb8e38cf08ce935c67aa1cd,1,1,2026-05-13T09:21:21+00:00,2026-05-13T09:21:21+00:00,1,0.0,0.0,1.0,1.0,1.0,10000.0,1,0.0,1,base
0x8b136387abd2f3e7ab6786fd1f07f2336639099d,1,1,2026-01-01T17:11:59+00:00,2026-01-01T17:11:59+00:00,1,0.0,0.0,1.0,1.0,1.0,1000000000.0,1,0.0,1,base
0x8b29dabd6fbb5a09dacbc7978eaed66a8540721d,2000,0,2026-03-27T19:12:51+00:00,2026-07-01T08:39:19+00:00,645,0.0,0.0,0.0904,0.1759,0.88,90000.0,11,95.56,487,base
0x8b54d7c94ec068790e3ab8213991931f1707fbae,7,1,2026-03-08T15:55:11+00:00,2026-03-12T06:50:47+00:00,1,0.0,0.0,1.0,1.0,0.2857,100000000.0,6,3.62,2,base
0x8b91d3ed06620c192301d245ebf02b877c9cb79e,4,1,2026-05-01T15:19:27+00:00,2026-05-01T15:22:55+00:00,1,0.0,0.0,1.0,1.0,1.0,60000.0,1,0.0,4,base
0x8b91f56c0440144ecd619ce78f110938b40f76a6,2,1,2025-10-13T07:05:41+00:00,2025-10-18T09:32:07+00:00,1,0.0,0.0,1.0,1.0,1.0,720000000.0,1,5.1,1,base
0x8bb01be35fb4ec9ddaa2c74650cf3dcb9d994e5a,263,1,2025-11-10T15:25:01+00:00,2026-01-01T10:28:11+00:00,70,0.0,0.0,0.6059,0.6196,0.3498,20000000.0,23,51.79,7,base
0x8c05121c9617f8960cf5b7451103192f32de8dde,2497,1,2026-02-13T04:34:05+00:00,2026-06-22T04:11:15+00:00,9,0.0,0.0,0.8669,0.9702,0.2743,10000.0,8,128.98,1038,base
0x8c0ee8fc4aa3a5034a662c45c4443c911a1d3c83,1665,0,2025-10-31T15:02:59+00:00,2025-11-28T04:02:33+00:00,1,0.0,0.0,1.0,1.0,1.0,1000000.0,1,27.54,341,base
0x8c913b70db8facdadc37bc2530559dbe879b95b5,43,1,2025-12-12T10:29:51+00:00,2026-06-21T05:02:25+00:00,5,0.0,0.0,0.4651,0.7209,1.0,100000.0,1,190.77,11,base
0x8c95dbb340cee1768270df7124afb24ebc5dc310,35,1,2026-04-22T05:39:13+00:00,2026-07-02T03:20:05+00:00,14,0.0,0.0,0.3301,0.5728,0.5143,50000.0,2,70.9,3,base
0x8ca6f995ef28271fe250d06ebb9b7c26085bb684,2000,0,2025-10-29T15:40:35+00:00,2025-10-29T19:47:01+00:00,176,0.0045,0.0045,0.064,0.1155,1.0,10000000.0,1,0.17,2000,base
0x8d0663bbb967ebf1c047405a888ddf865f3e8854,86,1,2026-06-11T23:11:17+00:00,2026-07-01T04:11:29+00:00,10,0.0,0.0,0.824,0.9416,0.1163,150000.0,27,19.21,29,base
0x8d32c6a3ee3fb8a8b4c5378f7c5a26cc320a853f,72,1,2026-04-24T23:59:21+00:00,2026-07-02T05:13:39+00:00,11,0.0,0.0,0.4232,0.6869,0.4583,30000.0,7,68.22,8,base
0x8d4ba8349a7fcd068f91faf74c87d23a3d27c268,3,1,2026-04-28T09:36:35+00:00,2026-04-28T09:43:15+00:00,1,0.0,0.0,1.0,1.0,0.6667,60000.0,2,0.0,3,base
0x8d5b7fd6c5daff4c8579f30ac8d1ca5f6afd4c87,1,1,2026-05-28T07:43:53+00:00,2026-05-28T07:43:53+00:00,1,0.0,0.0,1.0,1.0,1.0,10000.0,1,0.0,1,base
0x8d80ff1313177da1efddd4d299d805cffeba43f4,2000,0,2025-10-29T12:34:41+00:00,2025-11-08T01:48:25+00:00,1,0.0,0.0,1.0,1.0,1.0,250000.0,1,9.55,1000,base
0x8d8251a787e608229c386fa24842bb7a3a72f67c,1,1,2026-04-17T02:41:09+00:00,2026-04-17T02:41:09+00:00,1,0.0,0.0,1.0,1.0,1.0,60000.0,1,0.0,1,base
0x8d8fa42584a727488eeb0e29405ad794a105bb9b,2000,0,2025-10-26T03:29:17+00:00,2026-06-17T04:12:47+00:00,1332,0.0005,0.9901,0.9901,0.9937,0.995,10000.0,4,234.03,1000,base
0x8d9dfb36ecc5e4a1b125d1885faae87918a600f3,1,1,2025-10-31T00:08:23+00:00,2025-10-31T00:08:23+00:00,1,0.0,0.0,1.0,1.0,1.0,400000.0,1,0.0,1,base
0x8da0e2bdaac91c50239d10aa979b6029efc404e5,42,1,2025-10-27T07:52:25+00:00,2025-10-27T14:10:01+00:00,3,0.0,0.0,0.8301,0.9281,0.619,1000000.0,4,0.26,42,base
0x8e23f563d52150ab96b092bbc28b19654ff33164,1,1,2026-05-13T20:01:51+00:00,2026-05-13T20:01:51+00:00,1,0.0,0.0,1.0,1.0,1.0,10000.0,1,0.0,1,base
0x8e4a7aeeeaab1358f529acc52dd0d46b57dd1bb1,2,1,2026-06-16T20:22:27+00:00,2026-06-29T09:35:53+00:00,1,0.0,0.0,1.0,1.0,1.0,980000.0,1,12.55,1,base
0x8e4b195c14f20e1ba4c40234f471e1781f293b45,1500,1,2025-10-27T08:59:05+00:00,2026-07-01T10:29:51+00:00,147,0.0007,0.0008,0.1908,0.2696,0.5007,2000000.0,7,247.06,516,base
0x8e50fccbf00672b2f6ded53a20fe5bd6fe80de3a,1,1,2025-11-07T13:02:03+00:00,2025-11-07T13:02:03+00:00,1,0.0,0.0,1.0,1.0,1.0,1000.0,1,0.0,1,base
0x8e5a534e912c2d2d05a150827be9d3385a31b6aa,401,1,2025-11-10T15:30:31+00:00,2026-01-01T10:29:39+00:00,83,0.0,0.0,0.4236,0.44,0.2369,20000000.0,26,51.79,10,base
0x8e7237d203b907ad0551ef62c1cca5bd1e42ee53,1,1,2025-10-28T02:27:05+00:00,2025-10-28T02:27:05+00:00,1,0.0,0.0,1.0,1.0,1.0,100000.0,1,0.0,1,base
0x8e7575824f2e8921673ba26907a1a15c79f7460a,3,1,2025-10-29T01:03:09+00:00,2025-10-30T01:42:47+00:00,1,0.0,0.0,1.0,1.0,1.0,500000.0,1,1.03,2,base
0x8e7769d440b3460b92159dd9c6d17302b036e2d6,2000,0,2025-11-26T14:15:47+00:00,2026-07-03T04:39:27+00:00,23,0.0,0.0,0.6522,0.8172,0.052,1000000.0,1344,218.6,277,base
0x8ea3abeb64098fdc5f09fd3fe2e4c855c9480a2a,5,1,2025-11-13T16:41:25+00:00,2025-11-30T13:09:43+00:00,1,0.0,0.0,1.0,1.0,0.2,314.0,5,16.85,1,base
0x8eb5f5e8b4bfc05615ca41b2699123cd6dc92ef1,183,1,2025-10-25T06:24:03+00:00,2025-10-25T18:15:43+00:00,41,0.0219,0.0219,0.1639,0.2678,1.0,10000000.0,1,0.49,183,base
0x8edce529182ec8b4bfc30ad5f6e3807514b14401,1,1,2026-05-15T04:06:35+00:00,2026-05-15T04:06:35+00:00,1,0.0,0.0,1.0,1.0,1.0,10000.0,1,0.0,1,base
0x8ee7c76fcb175dd0f9e7fc240f6828ecb226e90c,250,1,2026-01-13T08:14:07+00:00,2026-06-11T01:06:15+00:00,15,0.0,0.0,0.2248,0.4389,0.496,40000.0,9,148.7,44,base
0x8eef0e8b6a65911f848976388c26b3ccda4ab601,200,1,2026-05-10T15:19:41+00:00,2026-07-01T07:01:15+00:00,12,0.0,0.0,0.6935,0.817,0.305,2000.0,9,51.65,37,base
0x8f39b7da8ff3eba4191456bbf2b14e92144e3598,1754,0,2025-10-31T15:01:15+00:00,2025-11-28T03:45:03+00:00,1,0.0,0.0,1.0,1.0,1.0,1000000.0,1,27.53,335,base
0x8f76148bc562d29d82a1afa94d4f27ea28478cda,7,1,2026-05-30T23:15:35+00:00,2026-06-05T02:17:33+00:00,1,0.0,0.0,1.0,1.0,0.8571,10000.0,2,5.13,1,base
0x8f841706d880bb7f873cbcb0961618fd5bcba99c,9,1,2025-11-11T12:48:29+00:00,2025-12-01T04:51:35+00:00,1,0.0,0.0,1.0,1.0,0.1111,361.0,9,19.67,1,base
0x8fa0711a5ffb70175c6780e1a4f98d6e753ad8af,4,1,2026-06-06T06:44:17+00:00,2026-06-09T03:20:21+00:00,1,0.0,0.0,1.0,1.0,0.75,10000.0,2,2.86,1,base
0x8fc4006534801c17a3368075a1fb3b3c511edb1f,120,1,2026-05-18T20:27:23+00:00,2026-07-01T15:48:53+00:00,45,0.0,0.0,0.2926,0.3444,0.7417,5000.0,5,43.81,37,base
0x8fcf8b04150af1ed0404b5a830e520054d741bcd,76,1,2025-10-27T12:55:13+00:00,2025-11-03T22:07:59+00:00,51,0.0,0.0,0.3451,0.6612,0.5395,1000.0,34,7.38,46,base
0x8fd17cbd48d93a2235543e1194034bb06b7909c3,1,1,2026-04-15T17:20:11+00:00,2026-04-15T17:20:11+00:00,1,0.0,0.0,1.0,1.0,1.0,1200000.0,1,0.0,1,base
0x8fe9046e9b2e5a11c160ca9ded12c517558d2775,219,1,2026-04-10T01:15:27+00:00,2026-06-11T15:19:47+00:00,8,0.0,0.0,0.6012,0.9315,0.7169,30000.0,11,62.59,52,base
0x9000eb8409c0c5934e0183fb39bd9379272675b3,114,1,2025-11-28T23:09:13+00:00,2025-12-15T07:38:31+00:00,2,0.0,0.0,0.7326,1.0,0.8947,10000.0,6,16.35,23,base
0x904624fd8c17a60a00bd47dfee375181dc237073,3,1,2025-10-28T12:09:25+00:00,2025-10-30T00:56:43+00:00,1,1.0,1.0,1.0,1.0,0.6667,1000000.0,2,1.53,1,base
0x904b86a8e0cfd328d44f6cb858246e00319b80bb,10,1,2025-11-10T16:47:05+00:00,2025-11-10T17:03:31+00:00,1,0.0,0.0,1.0,1.0,1.0,1000.0,1,0.01,10,base
0x908b2cc89a2387f754ba3c80aedb06f3457436aa,1889,1,2026-04-21T16:18:49+00:00,2026-06-23T17:04:07+00:00,8,0.0,0.0,0.9483,0.977,0.5167,5000.0,4,63.03,927,base
0x909d27b90635d66c401e6db5ee44de81e78955a8,91,1,2026-04-21T16:44:49+00:00,2026-04-27T19:57:37+00:00,56,0.0,0.0,0.0907,0.1772,0.022,3580000.0,90,6.13,48,base
0x90a03b43b39305439c49897e181b41a5c98dfb18,2000,0,2025-11-04T00:39:23+00:00,2025-11-12T09:44:53+00:00,5,0.0,0.0,0.6004,0.8087,0.999,1000.0,2,8.38,1000,base
0x90d5c598db78486ba47ba27de2075f30bb95c7e0,32,1,2026-04-14T02:56:11+00:00,2026-04-30T23:52:05+00:00,1,0.0,0.0,1.0,1.0,0.125,50000000.0,23,16.87,7,base
0x9104e66ce1ec4df6d121360a683bd46b89657f1d,4,1,2026-03-05T02:38:35+00:00,2026-06-26T00:56:25+00:00,3,0.0,0.0,0.7769,0.9308,0.25,90000.0,4,112.93,1,base
0x915ec4a2d9f3225dae6a1706adddde6b027c4c96,1986,0,2025-11-01T09:55:09+00:00,2025-11-28T03:50:35+00:00,1,0.0,0.0,1.0,1.0,1.0,1000000.0,1,26.75,365,base
0x9173fc7aca730ae34838f08dfe85d4a608f38c38,2000,0,2026-04-08T02:06:35+00:00,2026-06-22T20:52:33+00:00,5,0.0,0.0,0.9895,0.9965,1.0,1000.0,1,75.78,499,base
0x91983725c0090b4c386f594ee9ccf5f8197fd05d,1,1,2025-11-04T08:20:13+00:00,2025-11-04T08:20:13+00:00,1,1.0,1.0,1.0,1.0,1.0,10.0,1,0.0,1,base
0x91dc14235b624adebceee0bac88778bbacf67f69,1,1,2025-11-12T07:23:21+00:00,2025-11-12T07:23:21+00:00,1,0.0,0.0,1.0,1.0,1.0,305.0,1,0.0,1,base
0x91dd6027140a4c124543474eb0a04fa40c7c8824,196,1,2025-11-10T15:31:33+00:00,2026-01-01T10:30:17+00:00,53,0.0,0.0,0.7668,0.7762,0.4694,20000000.0,16,51.79,6,base
0x91f0be9181da57c36bbf7d5eaa36845fe54f2ae9,273,1,2026-04-13T19:05:09+00:00,2026-04-17T19:52:21+00:00,12,0.0,0.0,0.2321,0.4209,0.033,100000.0,227,4.03,269,base
0x91f777ec7c76abfe1f80818e2cff15a769f9123e,5,1,2026-04-30T08:01:51+00:00,2026-04-30T08:04:41+00:00,1,0.0,0.0,1.0,1.0,1.0,60000.0,1,0.0,5,base
0x920bcb8354a45af41102cbdefcefab129ffba68d,10,1,2025-11-10T16:48:03+00:00,2025-11-10T17:04:09+00:00,1,0.0,0.0,1.0,1.0,1.0,1000.0,1,0.01,10,base
0x921ecfbc9283c7b4caa3d61e3c5b1eb1b57dc73e,1,1,2026-04-21T13:18:39+00:00,2026-04-21T13:18:39+00:00,1,0.0,0.0,1.0,1.0,1.0,30000.0,1,0.0,1,base
0x9226211a5fdc1092468f3a6c36370465f6e1823b,30,1,2026-06-01T17:04:41+00:00,2026-07-01T07:50:25+00:00,7,0.0,0.0,0.3667,0.6,1.0,1000.0,1,29.62,7,base
0x9257cd24721e3c06e9f7655b77c283bcd9652132,2000,0,2025-10-24T00:15:27+00:00,2026-07-02T13:59:21+00:00,38,0.0,0.0,0.3298,0.6392,0.808,10000.0,7,251.57,176,base
0x9273416b22f7cee60c250d3a52f1f9e18de2f246,2,1,2026-06-15T03:23:39+00:00,2026-06-15T03:26:11+00:00,2,0.0,0.0,0.5,1.0,1.0,200000.0,1,0.0,2,base
0x92941a4cdb35cb41f55de0101be212c7b86ed45f,1359,1,2026-03-12T21:34:07+00:00,2026-06-17T07:48:49+00:00,1,0.0,0.0,1.0,1.0,0.0007,5066430.0,1359,96.43,86,base
0x9299ea851fcf213071a6dd94ffcd026834d61023,33,1,2026-05-03T18:44:31+00:00,2026-06-23T19:11:21+00:00,6,0.0,0.0,0.3833,0.6833,0.5152,2000.0,3,51.02,5,base
0x92acc7ee659bbc1ab53ca6d4e956439235f3b413,7,1,2026-06-09T17:53:27+00:00,2026-06-16T05:33:11+00:00,1,0.0,0.0,1.0,1.0,1.0,10000.0,1,6.49,1,base
0x92b1019c9a4bb04a51451576d41f8319a41a499e,6,1,2026-04-08T08:32:35+00:00,2026-04-15T06:03:11+00:00,1,0.0,0.0,1.0,1.0,1.0,1000.0,1,6.9,3,base
0x92e4bce3ecc8001e820602c38015fa95c8d04635,3,1,2025-10-28T13:21:13+00:00,2025-10-30T13:46:03+00:00,1,1.0,1.0,1.0,1.0,0.6667,10000.0,2,2.02,1,base
0x92f4ef4851f3fd5dd60b989a6e08fce481634570,1766,0,2025-10-31T14:30:15+00:00,2025-11-28T04:03:19+00:00,1,0.0,0.0,1.0,1.0,1.0,1000000.0,1,27.56,370,base
0x93053f1e7a5efeda532fe69cbbe43cbec3a0f13f,2000,0,2026-02-16T16:11:03+00:00,2026-07-03T04:18:53+00:00,52,0.0,0.0,0.1638,0.3116,0.7425,10000.0,2,136.51,508,base
0x930feb56fedefbf1f0e50c1950e7bd2e554cbb7a,172,1,2026-02-07T22:00:47+00:00,2026-05-15T15:59:39+00:00,88,0.0,0.0,0.2432,0.3805,0.5988,3362500.0,19,96.75,55,base
0x93109d14f6665a9c9675290d3cd5a6c07bbafdbd,2000,0,2025-10-23T17:28:43+00:00,2025-11-12T18:59:39+00:00,233,0.0,0.0,0.048,0.0891,0.5,100.0,3,20.06,1000,base
0x931cf96a315ba208b7973b9b1d8859822dbca289,3,1,2025-11-13T04:49:11+00:00,2025-11-15T04:34:15+00:00,1,0.0,0.0,1.0,1.0,0.3333,223.0,3,1.99,1,base
0x93248a4217f6767485b5a090c81e0d5923c320a0,7,1,2026-05-28T15:24:43+00:00,2026-06-17T19:03:07+00:00,1,0.0,0.0,1.0,1.0,0.1429,900000.0,7,20.15,1,base
0x9354d4df9e543175b59293e25bf022af0391f334,2,1,2026-04-27T03:06:09+00:00,2026-04-29T05:07:13+00:00,1,0.0,0.0,1.0,1.0,0.5,600000.0,2,2.08,1,base
0x937237e4d123d58c745ba99eefb9e9cac6278d94,10,1,2026-06-02T00:55:05+00:00,2026-07-02T00:51:35+00:00,1,0.0,0.0,1.0,1.0,0.3,50000.0,6,30.0,2,base
0x93862e5b2b1fa10a01772e7e9ca7cdc7deb5ca25,728,1,2026-04-21T17:22:59+00:00,2026-07-02T17:19:17+00:00,152,0.0,0.0,0.1287,0.2275,0.1841,90000.0,18,72.0,34,base
0x93958d39d88eb8372bb9c1c82c0d6c0c332848af,1970,1,2026-03-03T02:50:43+00:00,2026-07-03T04:18:49+00:00,14,0.0,0.0,0.7924,0.8944,0.9797,10000.0,7,122.06,314,base
0x9397f6294e495f2379d17e7fe4c0b0595e32eb3d,1,1,2025-11-23T06:42:17+00:00,2025-11-23T06:42:17+00:00,1,0.0,0.0,1.0,1.0,1.0,412.0,1,0.0,1,base
0x93be890ba397f1e89be48289239eb408fa4ac21e,1,1,2026-06-09T14:36:31+00:00,2026-06-09T14:36:31+00:00,1,0.0,0.0,1.0,1.0,1.0,50000.0,1,0.0,1,base
0x93cfc4c0c504cee99105360c947a186632c30658,648,1,2025-10-31T15:20:05+00:00,2025-11-04T06:03:19+00:00,1,0.0,0.0,1.0,1.0,0.9985,1000000.0,2,3.61,373,base
0x93dac385d925a0531383bed3b14b598bd903a51a,15,1,2026-03-12T12:32:43+00:00,2026-03-29T02:07:11+00:00,9,0.0,0.0,0.5353,0.7494,0.2667,10000.0,8,16.57,2,base
0x93e44be74672a3cb13008973bbc787a670be395f,139,1,2026-04-28T03:30:59+00:00,2026-07-01T09:04:09+00:00,1,0.0,0.0,1.0,1.0,0.2878,1000000.0,31,64.23,116,base
0x93fb99a4ea2134d2d66ea4821df435ccd500fc42,28,1,2026-05-21T08:02:01+00:00,2026-06-14T09:20:53+00:00,6,0.0,0.0,0.2779,0.426,0.1786,200000.0,10,24.05,6,base
0x941328ba462f729d4a0dab895f21bd69ad5b15e0,2000,0,2025-10-25T10:04:07+00:00,2026-06-29T05:26:13+00:00,1119,0.0,0.0,0.0437,0.0571,0.851,10000.0,5,246.81,869,base
0x94179e96f5af02d1f384d7e487af700c46bbf4c1,20,1,2026-05-18T09:38:45+00:00,2026-05-23T13:25:57+00:00,1,0.0,0.0,1.0,1.0,0.5,12000.0,3,5.16,10,base
0x942a90814b561f1d71591d7e5c9bfaa06fed77a7,53,1,2025-10-27T23:41:45+00:00,2025-11-03T22:50:45+00:00,42,0.0189,0.0,0.523,0.6372,0.4906,1000.0,27,6.96,27,base
0x943a3f08363193def16a0909db23d9832d108b51,1,1,2025-10-30T22:58:21+00:00,2025-10-30T22:58:21+00:00,1,0.0,0.0,1.0,1.0,1.0,1000000.0,1,0.0,1,base
0x9448e566cacbcf7539d04999d085e836722adc63,7,1,2026-05-09T18:55:17+00:00,2026-05-15T11:37:25+00:00,1,0.0,0.0,1.0,1.0,0.7143,10000.0,3,5.7,5,base
0x944cd39e88f1e19953f22d0110e322ae2bfed2bc,1301,0,2025-11-02T06:14:23+00:00,2025-11-28T03:59:11+00:00,1,0.0,0.0,1.0,1.0,0.7902,100000.0,2,25.91,292,base
0x9461d9dcc5f18834eedc4c3c4f8900d6ec51440e,2000,0,2026-02-19T15:59:17+00:00,2026-02-19T17:41:45+00:00,1118,0.0,0.0,0.0135,0.024,1.0,1000000.0,1,0.07,2000,base
0x946f341a9fa660aae880fe450e4d9e88ba426ab2,1,1,2026-05-08T14:02:11+00:00,2026-05-08T14:02:11+00:00,1,0.0,0.0,1.0,1.0,1.0,110000.0,1,0.0,1,base
0x948eb1c55fa035f50b1402b0d2f0427dd879a363,2000,0,2025-11-05T12:04:15+00:00,2025-11-28T04:03:15+00:00,1,0.0,0.0,1.0,1.0,0.9995,100000.0,2,22.67,544,base
0x949c038cbf68ef069423faaae3316b26415009fb,180,1,2026-01-14T17:48:25+00:00,2026-01-17T15:59:39+00:00,1,0.0,0.0,1.0,1.0,0.0667,13860000.0,38,2.92,95,base
0x94a7a5594b850edf6a7da47894aefdd3763ec88d,1,1,2025-10-28T11:13:57+00:00,2025-10-28T11:13:57+00:00,1,0.0,0.0,1.0,1.0,1.0,100000.0,1,0.0,1,base
0x94bb050ebbd462673c2456ec52ed2f108aba78a5,10,1,2026-02-20T17:33:51+00:00,2026-03-25T15:18:13+00:00,1,0.0,0.0,1.0,1.0,0.3,20000000.0,7,32.91,7,base
0x94d07d84a1b4099cd6016a3d027aa49adcd5f73c,2000,0,2025-07-21T13:53:57+00:00,2026-03-02T13:11:31+00:00,878,0.0,0.0,0.2632,0.3121,0.0075,9850.0,1863,223.97,728,base
0x954c90740b8247e4b0d4a3f92201167895405555,64,1,2026-06-02T14:17:57+00:00,2026-07-02T18:49:53+00:00,13,0.0,0.0,0.4218,0.6146,0.5625,10000.0,4,30.19,31,base
0x954f4de35a8da5c5d48b5cafd95ddebfac01b17c,21,1,2026-05-07T23:49:07+00:00,2026-05-12T09:21:55+00:00,1,0.0,0.0,1.0,1.0,0.1905,60000.0,6,4.4,4,base
0x955be6ada88ae666d768e6fdc0174f688d4c7d04,1357,0,2025-10-31T12:42:21+00:00,2025-11-28T03:58:57+00:00,1,0.0,0.0,1.0,1.0,0.7612,100000.0,2,27.64,295,base
0x955d86b1d047c2a5d4e81725b11324c4aed054cb,2000,0,2025-10-24T08:22:07+00:00,2025-10-25T09:49:59+00:00,584,0.0,0.0,0.0591,0.1119,0.7245,1000000.0,2,1.06,1000,base
0x956cf15368011ec1a398feafaf302bae3c2b6f15,127,1,2025-11-10T15:15:27+00:00,2026-01-01T10:25:33+00:00,1,0.0,0.0,1.0,1.0,0.7165,20000000.0,7,51.8,4,base
0x957158528e1c6fdade3123b492fafde277f63e7c,23,1,2026-05-23T18:08:13+00:00,2026-06-10T10:25:23+00:00,23,0.0,0.0,0.0886,0.1771,0.5652,100000.0,5,17.68,13,base
0x957e23386da733aeea05b82a778a804421078859,1,1,2025-10-31T00:10:19+00:00,2025-10-31T00:10:19+00:00,1,0.0,0.0,1.0,1.0,1.0,400000.0,1,0.0,1,base
0x958543c5cd9cbde62fd89a0ae63b5f941c6aa98a,5,1,2025-10-29T01:02:41+00:00,2025-10-30T13:02:55+00:00,1,0.0,0.0,1.0,1.0,1.0,500000.0,1,1.5,3,base
0x95865f98d0ff4b8da3bc698fc7e258cb4120e33d,2,1,2026-06-03T05:14:31+00:00,2026-06-03T05:15:59+00:00,1,0.0,0.0,1.0,1.0,0.5,10000.0,2,0.0,2,base
0x958d72e7ff331ab70ab28cea96357f0ab9c2c384,3,1,2026-05-26T00:41:05+00:00,2026-06-14T01:14:33+00:00,1,0.0,0.0,1.0,1.0,0.3333,100000.0,3,19.02,1,base
0x959389b7233d7d7242ddf89cb1a8161e336b526a,26,1,2026-06-19T18:46:03+00:00,2026-06-30T09:02:33+00:00,18,0.0,0.0,0.0763,0.1423,0.2308,980000.0,9,10.59,12,base
0x95976237ece0a454a58c0802884e41d8595d220a,2,1,2025-10-29T23:57:19+00:00,2025-10-30T23:54:59+00:00,1,0.0,0.0,1.0,1.0,0.5,300000.0,2,1.0,1,base
0x95a40cae0d4a893e2f98135fbbfa5b30c4ebaaa9,60,1,2026-06-16T03:59:05+00:00,2026-06-17T03:49:29+00:00,41,0.0,0.0,0.046,0.092,0.6833,980000.0,2,0.99,50,base
0x95c5cec98732caa3f665f3fc282dbd395353f281,2000,0,2025-10-28T04:34:21+00:00,2025-10-30T18:41:41+00:00,22,0.001,0.0007,0.786,0.9176,0.989,10000.0,3,2.59,1000,base
0x96035393181780d84737a21ad21bc22f52bcc714,124,1,2025-11-14T06:06:53+00:00,2026-01-01T10:32:15+00:00,1,0.0,0.0,1.0,1.0,0.7339,20000000.0,4,48.18,4,base
0x9642c05cdf0e99533142b2d402d92e0fc397daca,4,1,2025-10-29T10:31:57+00:00,2025-10-30T13:20:05+00:00,1,0.0,0.0,1.0,1.0,1.0,500000.0,1,1.12,2,base
0x9647bfb708058d8c01d334ee9d193e9dacf7feea,1,1,2025-10-31T19:47:33+00:00,2025-10-31T19:47:33+00:00,1,0.0,0.0,1.0,1.0,1.0,2000000.0,1,0.0,1,base
0x9672982eb001f3c7999b95dee67ad4c5827f5954,1,1,2025-11-07T10:45:43+00:00,2025-11-07T10:45:43+00:00,1,0.0,0.0,1.0,1.0,1.0,1000.0,1,0.0,1,base
0x967f08fc4d3b9651314207f6cd4c7d166b94880c,271,1,2026-06-09T22:33:01+00:00,2026-06-23T16:05:29+00:00,7,0.0,0.0,0.4177,0.7687,0.3653,10000.0,9,13.73,144,base
0x9699f2c2853e92938878e2c7e7cab68401068398,5,1,2025-11-10T18:03:21+00:00,2025-11-10T18:11:09+00:00,1,0.0,0.0,1.0,1.0,1.0,1000.0,1,0.01,5,base
0x96ab8138d1c76338f7b32b92faec0ccc646d111c,1,1,2026-06-01T07:12:07+00:00,2026-06-01T07:12:07+00:00,1,0.0,0.0,1.0,1.0,1.0,10000.0,1,0.0,1,base
0x96b72596f48af3fe7e8f2956b019e30260468f8e,105,1,2025-10-30T14:30:33+00:00,2025-11-18T14:56:05+00:00,81,0.0,0.0,0.0245,0.0488,0.781,53990000.0,4,19.02,17,base
0x96bb08e0616d707e1ee089595bb67c4ae03844cc,408,1,2026-05-04T05:29:19+00:00,2026-07-02T13:21:13+00:00,5,0.0,0.0,0.3525,0.6633,0.5025,10000.0,56,59.33,24,base
0x96c36b8be3dc9020b72e30bbce439788b61dac2b,14,1,2026-03-03T14:20:23+00:00,2026-04-23T11:50:25+00:00,4,0.0,0.0,0.5345,0.861,0.3571,100000.0,8,50.9,6,base
0x96c44eb92ac1eba7c920587a609c47fa270959c3,128,1,2025-11-10T15:06:57+00:00,2026-01-01T10:23:57+00:00,2,0.0,0.0,0.9909,1.0,0.7109,20000000.0,8,51.8,4,base
0x96cb42ccac640e0f0ff569f9107cf552f67a7dc9,274,1,2025-10-25T15:50:19+00:00,2025-10-27T10:42:27+00:00,267,0.0,0.0,0.005,0.01,0.4234,500000000.0,97,1.79,273,base
0x9701d2db3f6852b3bfe95d94ca15af849d627523,239,1,2026-04-19T05:12:45+00:00,2026-04-24T17:33:51+00:00,4,0.0,0.0,0.9613,0.9899,0.3849,100000.0,7,5.51,94,base
0x972a3bb0b7915f113e495e3866beaa7d5b260d70,1,1,2026-05-09T08:33:15+00:00,2026-05-09T08:33:15+00:00,1,0.0,0.0,1.0,1.0,1.0,100000.0,1,0.0,1,base
0x97316fa4730bc7d3b295234f8e4d04a0a4c093e8,2000,0,2025-10-26T23:27:51+00:00,2026-02-19T01:06:47+00:00,21,0.0,0.0,0.1487,0.2973,0.9795,100.0,5,115.07,997,base
0x973a31858f4d2125f48c880542da11a2796f12d6,89,1,2026-06-23T07:00:27+00:00,2026-07-03T00:50:41+00:00,15,0.0,0.0,0.3842,0.6541,0.2697,20000.0,8,9.74,31,base
0x974214b7532b318e0ce34762b6d22ccb76e72060,314,1,2026-01-21T02:20:13+00:00,2026-07-03T03:55:49+00:00,29,0.0,0.0,0.2484,0.4427,1.0,10000.0,1,163.07,33,base
0x97717d86faf7a130561df44a7ce7d2ed16df077e,128,1,2025-11-11T01:13:51+00:00,2026-01-01T10:25:11+00:00,2,0.0,0.0,0.9956,1.0,0.7188,20000000.0,8,51.38,4,base
0x97869c6470c9eae6b1773bb664bec0beb957cc7e,5,1,2026-05-26T17:34:19+00:00,2026-06-01T04:48:57+00:00,1,0.0,0.0,1.0,1.0,0.8,10000.0,2,5.47,2,base
0x9789f0d01d0531b4b5b9e972174febe54ef33dd9,1274,0,2025-10-31T12:43:09+00:00,2025-11-28T03:52:05+00:00,1,0.0,0.0,1.0,1.0,0.7865,100000.0,2,27.63,294,base
0x97e75c80810698d1a9f4df92e9e264b3ce70f13c,128,1,2025-11-11T01:12:57+00:00,2026-01-01T10:25:55+00:00,2,0.0,0.0,0.9953,1.0,0.7188,20000000.0,8,51.38,4,base
0x97ee9ff0762f53361f706fb6687dcdff5b726abc,28,1,2026-03-15T01:37:37+00:00,2026-06-09T20:31:43+00:00,6,0.0,0.0,0.9342,0.9962,0.3214,10000.0,18,86.79,6,base
0x97f7325a637cf36068a09768ae5edd0b4e8e5c28,726,1,2026-05-05T10:57:11+00:00,2026-06-30T04:32:25+00:00,28,0.0,0.0,0.7103,0.7946,0.9904,1000.0,6,55.73,382,base
0x980d545a1d5fe097c3eff77dc004cb661f45d5cc,1,1,2026-05-20T06:47:53+00:00,2026-05-20T06:47:53+00:00,1,0.0,0.0,1.0,1.0,1.0,40000.0,1,0.0,1,base
0x9869da23e699d048e28a95e9d2f4f4a01964d2de,1,1,2026-03-04T16:00:23+00:00,2026-03-04T16:00:23+00:00,1,0.0,0.0,1.0,1.0,1.0,10000.0,1,0.0,1,base
0x98ae5e71e869334aa22e0bd5534eb6d6ee729997,1,1,2026-05-29T05:47:47+00:00,2026-05-29T05:47:47+00:00,1,0.0,0.0,1.0,1.0,1.0,40000.0,1,0.0,1,base
0x98bb313dea293c417d8e0adc2cf4aa88d31a54e9,1,1,2025-11-07T09:48:55+00:00,2025-11-07T09:48:55+00:00,1,0.0,0.0,1.0,1.0,1.0,1000.0,1,0.0,1,base
0x98cd593eebdfd825346d7dbec3c9fc74ccf74c0a,1,1,2026-03-15T14:22:37+00:00,2026-03-15T14:22:37+00:00,1,0.0,0.0,1.0,1.0,1.0,250000000.0,1,0.0,1,base
0x98e74178bfbd97c28c9e2b0046ff39b68bf52f96,35,1,2026-06-24T04:37:39+00:00,2026-06-29T13:10:45+00:00,21,0.0,0.0,0.0833,0.1389,0.9714,980000.0,2,5.36,21,base
0x98ff7cc3a56fd731ad80aea81ea14e0b5a49c136,2,1,2025-10-27T21:00:43+00:00,2025-10-28T03:32:47+00:00,1,0.0,0.0,1.0,1.0,1.0,100000.0,1,0.27,1,base
0x993c1277c6907425b11ac828783b3c33940a6b4d,1,1,2025-11-07T10:40:57+00:00,2025-11-07T10:40:57+00:00,1,0.0,0.0,1.0,1.0,1.0,1000.0,1,0.0,1,base
0x993dff6f979bcf08b7a960c7e5e558971fd73f3c,1872,1,2026-05-19T03:44:33+00:00,2026-06-11T19:14:21+00:00,1859,0.0,0.0,0.0038,0.0075,0.609,40000.0,23,23.65,258,base
0x995c0abdcd2ad76548e5f7deb54d32549b2b781f,787,1,2026-06-08T21:46:25+00:00,2026-07-02T15:30:11+00:00,14,0.0,0.0,0.6177,0.7766,0.9301,1000.0,2,23.74,636,base
0x9968daa62a852dbc6b644fed1fb1add883328c04,45,1,2026-01-13T21:08:29+00:00,2026-05-18T21:08:25+00:00,1,0.0,0.0,1.0,1.0,0.2222,10000000.0,12,125.0,7,base
0x9991a6c50cd5a59c1dd084bbd825238c783a912a,312,1,2025-11-13T23:10:57+00:00,2026-06-21T04:05:47+00:00,6,0.0,0.0,0.8429,0.9199,1.0,100000.0,1,219.2,54,base
0x9a08ec748e5e71387d109a9478d076170f7f722d,78,1,2025-10-27T23:43:15+00:00,2025-11-03T22:51:01+00:00,57,0.0,0.0,0.1887,0.3185,0.5769,1000.0,33,6.96,33,base
0x9a183654e6d982dca571aa7b0e49fbe0d05e985c,394,1,2026-03-17T00:40:29+00:00,2026-06-01T11:52:11+00:00,10,0.0,0.0,0.9908,0.9953,0.1142,100000.0,88,76.47,15,base
0x9a26fb21d29cca768126bea92624cd7e7c339bfb,1,1,2026-05-01T07:53:15+00:00,2026-05-01T07:53:15+00:00,1,0.0,0.0,1.0,1.0,1.0,440000.0,1,0.0,1,base
0x9a2d322e9e2e13f866a97c55ed88fd738b68689b,72,1,2026-05-19T01:19:53+00:00,2026-06-09T07:10:53+00:00,43,0.0,0.0,0.0566,0.1099,0.7778,150000.0,8,21.24,43,base
0x9aa59eaff78e6791cd1e1eb786709730a408124f,941,1,2025-11-13T01:30:13+00:00,2025-11-28T03:52:11+00:00,1,0.0,0.0,1.0,1.0,1.0,100000.0,1,15.1,294,base
0x9aaceabad8e1858b72fcea1665381b168841b2fa,164,1,2026-06-13T21:28:47+00:00,2026-07-02T14:54:21+00:00,6,0.0,0.0,0.6628,0.7954,0.7012,100000.0,3,18.73,93,base
0x9acfdc5a3d6bfbb127615751e0f0e44014e32abf,225,1,2026-05-07T14:51:47+00:00,2026-06-23T12:40:13+00:00,9,0.0,0.0,0.7884,0.8816,0.7644,10000.0,3,46.91,47,base
0x9ae7ed9e46bda09d879df25864a6ca649b4ed078,5,1,2026-05-29T12:04:57+00:00,2026-06-01T05:39:17+00:00,1,0.0,0.0,1.0,1.0,0.6,40000.0,3,2.73,2,base
0x9aeed5d8fa27fb37372219cc0fbd20008a824bf7,5,1,2025-11-10T18:05:19+00:00,2025-11-10T18:11:59+00:00,1,0.0,0.0,1.0,1.0,1.0,1000.0,1,0.0,5,base
0x9af17d607f82b3b22002b4d82efbd1b77f286a7f,1091,1,2026-04-01T02:39:23+00:00,2026-06-28T11:18:03+00:00,3,0.0,0.0,0.9493,0.9982,0.5417,10000.0,102,88.36,49,base
0x9af402f9f20fa31b1b9e186df207c995136ff5dd,2000,0,2025-10-29T15:48:55+00:00,2025-11-03T08:27:25+00:00,41,0.0,0.0,0.114,0.2215,1.0,10000.0,1,4.69,1000,base
0x9b08e3ea058fcb1b36498772efad4e5c5b89299c,5,1,2026-05-31T05:07:19+00:00,2026-06-03T01:04:27+00:00,1,0.0,0.0,1.0,1.0,0.8,10000.0,2,2.83,2,base
0x9b2a67df5d10f48f65591000f4ef372c15dee40b,1,1,2025-10-28T11:59:39+00:00,2025-10-28T11:59:39+00:00,1,0.0,0.0,1.0,1.0,1.0,1000000.0,1,0.0,1,base
0x9b4dc4f56ec94e629252db7990f885a414a26083,2000,0,2025-10-26T00:31:15+00:00,2025-10-26T20:49:41+00:00,310,0.0,0.0,0.077,0.1125,1.0,1000000.0,1,0.85,2000,base
0x9b69fed1e363518f048e93411c180578ee9ba990,1,1,2026-03-23T09:29:27+00:00,2026-03-23T09:29:27+00:00,1,0.0,0.0,1.0,1.0,1.0,100000.0,1,0.0,1,base
0x9b82ce10e74b3e2bc08ab187267043d28ad2252f,1801,0,2025-11-02T06:01:21+00:00,2025-11-28T04:02:35+00:00,1,0.0,0.0,1.0,1.0,1.0,1000000.0,1,25.92,383,base
0x9b8a2786a3df7a7837ccfc4e792e9eb90a36f72f,98,1,2026-06-17T02:26:45+00:00,2026-07-02T15:47:19+00:00,15,0.0,0.0,0.8697,0.9239,0.2857,10000.0,5,15.56,30,base
0x9b8c4094947f997699b13ff16b362607642fa338,298,1,2026-04-16T16:10:25+00:00,2026-06-26T18:49:41+00:00,1,0.0,0.0,1.0,1.0,0.6812,1000000.0,36,71.11,91,base
0x9bb96acb3fd11d8949d862736b96e7e12d319dc4,29,1,2026-05-19T05:59:17+00:00,2026-06-29T21:10:45+00:00,8,0.0,0.0,0.5088,0.6842,0.6552,10000.0,3,41.63,6,base
0x9bd0ae96491f2ba1d962f3a95fdf996778eae14b,1,1,2025-10-29T03:31:59+00:00,2025-10-29T03:31:59+00:00,1,1.0,1.0,1.0,1.0,1.0,10000.0,1,0.0,1,base
0x9bd4581757d37e2aeec38cc257760a00cc6d22e0,10,1,2025-11-11T03:55:19+00:00,2025-12-02T12:52:05+00:00,1,0.0,0.0,1.0,1.0,0.1,264.0,10,21.37,2,base
0x9be6d2ab224e801ee6cd1ba85277cadc714413ca,4332,1,2026-06-20T21:29:53+00:00,2026-06-27T17:43:33+00:00,7,0.0,0.0,0.9987,0.9989,0.9663,1000.0,5,6.84,1951,base
0x9bea314659593ac6651a78931f1c1839737b3f9c,2000,0,2025-11-02T18:09:41+00:00,2025-11-25T12:22:37+00:00,2,0.0,0.0,0.9999,1.0,0.1015,100000.0,1339,22.76,514,base
0x9c6170a4aa7bd89732d3c66febc317031fc9c237,1,1,2026-06-25T13:27:21+00:00,2026-06-25T13:27:21+00:00,1,0.0,0.0,1.0,1.0,1.0,10000.0,1,0.0,1,base
0x9c6fc00f9644d5c74def90fecd5502a5bf00d076,109,1,2025-10-31T07:32:01+00:00,2025-10-31T10:48:15+00:00,2,0.0,0.0,0.9899,1.0,0.8991,10000000.0,4,0.14,109,base
0x9c768177521c9a832b0f8567265ef02e89d0282e,29,1,2026-04-26T07:57:49+00:00,2026-06-23T15:45:37+00:00,6,0.0,0.0,0.5172,0.8621,1.0,100000.0,1,58.32,6,base
0x9c955c40dc98fce89a133f402ffbf94070e6e299,2000,0,2026-06-13T05:10:17+00:00,2026-07-03T05:44:49+00:00,224,0.0,0.0,0.602,0.7566,0.8555,1000.0,2,20.02,1000,base
0x9ca11f04cc1a89abc641a88c97b6f4a7afccfb86,37,1,2026-05-06T12:47:55+00:00,2026-06-22T04:30:55+00:00,6,0.0,0.0,0.5676,0.7027,1.0,1000.0,1,46.65,6,base
0x9ca24114b146e782f7508d8b87a17693cb189821,7,1,2025-11-13T12:44:57+00:00,2025-12-02T20:56:35+00:00,1,0.0,0.0,1.0,1.0,0.1429,259.0,7,19.34,1,base
0x9cd17f8cb4266987c6d7f35c65c3aa8931af0cd2,544,1,2025-10-26T16:06:17+00:00,2025-11-11T23:01:59+00:00,27,0.0772,0.0772,0.3768,0.6397,1.0,15000000.0,1,16.29,214,base
0x9d0c8de6e6f21b939923f7afeb675493a4a33ba8,1,1,2025-11-07T09:04:47+00:00,2025-11-07T09:04:47+00:00,1,0.0,0.0,1.0,1.0,1.0,1000.0,1,0.0,1,base
0x9d19543d7135dd5a74e2d087864e9dc7871d08d3,2000,0,2026-04-14T18:00:13+00:00,2026-06-17T01:16:25+00:00,1780,0.0,0.0,0.0164,0.0287,0.368,10000.0,61,63.3,728,base
0x9d1b8a53316f0eb38291a59709b290112a4eecad,3,1,2025-10-28T11:57:19+00:00,2025-10-30T05:24:53+00:00,1,1.0,1.0,1.0,1.0,1.0,10000.0,1,1.73,1,base
0x9d41bc4566038f604362881fbeaad2d1646aa2a6,6,1,2026-05-29T16:12:43+00:00,2026-06-03T00:43:33+00:00,1,0.0,0.0,1.0,1.0,0.8333,10000.0,2,4.35,1,base
0x9d6b3967dd5342f05a3d692ec25d5ff0356efbe8,1,1,2026-01-19T02:09:05+00:00,2026-01-19T02:09:05+00:00,1,0.0,0.0,1.0,1.0,1.0,100000000.0,1,0.0,1,base
0x9d6d58ac3f55f77a860b35655c5a8f6a3a1aa395,1,1,2026-03-03T04:55:45+00:00,2026-03-03T04:55:45+00:00,1,0.0,0.0,1.0,1.0,1.0,4500427500.0,1,0.0,1,base
0x9d73c0863cafeb353eb53c25d7bc58b8c14a64b7,1,1,2026-06-04T22:54:37+00:00,2026-06-04T22:54:37+00:00,1,0.0,0.0,1.0,1.0,1.0,40000.0,1,0.0,1,base
0x9da0a42e605e97f765de4cae034e2ca823ae3870,7,1,2025-11-25T03:02:25+00:00,2025-12-02T01:27:03+00:00,1,0.0,0.0,1.0,1.0,0.1429,356.0,7,6.93,1,base
0x9da0f9b46bdc03c3932932b5290780df68a7635b,1,1,2026-05-17T13:02:41+00:00,2026-05-17T13:02:41+00:00,1,0.0,0.0,1.0,1.0,1.0,10000.0,1,0.0,1,base
0x9da4260ee4d3169ce985f0ed8e9b2b5ed51c6f8d,2,1,2025-11-12T01:38:11+00:00,2025-11-23T03:15:27+00:00,1,0.0,0.0,1.0,1.0,0.5,269.0,2,11.07,1,base
0x9dba414637c611a16bea6f0796bfcbcbdc410df8,2000,0,2026-02-13T11:39:21+00:00,2026-07-03T05:44:55+00:00,15,0.0,0.0,0.6321,0.7882,0.489,6000.0,5,139.75,1000,base
0x9dc9a48611b53145bfaa3535dbc1d01df89159bd,170,1,2026-05-30T04:14:15+00:00,2026-06-27T23:47:07+00:00,11,0.0,0.0,0.5313,0.6596,0.5176,5000.0,5,28.81,76,base
0x9ddcbd9899585c14d6a3eae45f16e57aa553e746,239,1,2025-10-18T07:23:11+00:00,2025-11-13T03:54:29+00:00,91,0.0837,0.1267,0.3044,0.4311,0.6569,1000000.0,2,25.86,120,base
0x9e0f04ef51aafcda926791d17e9b283f7d70e0d3,1,1,2026-05-25T16:38:43+00:00,2026-05-25T16:38:43+00:00,1,0.0,0.0,1.0,1.0,1.0,110000.0,1,0.0,1,base
0x9e5038e38cf2197b7a410061fe302844e2df03ea,377,1,2025-12-26T22:49:17+00:00,2026-04-18T19:23:03+00:00,265,0.0,0.0,0.0361,0.0528,0.9549,10000000.0,2,112.86,110,base
0x9e6260e35c39d47268ad98c11e7aa72b62e314f5,1,1,2026-05-26T03:41:49+00:00,2026-05-26T03:41:49+00:00,1,0.0,0.0,1.0,1.0,1.0,100000.0,1,0.0,1,base
0x9e6c8b111590ca51f0afde92a241cf280cdf7c0b,22,1,2026-04-17T14:34:35+00:00,2026-06-12T10:58:25+00:00,5,0.0,0.0,0.2624,0.5248,0.1818,100000.0,12,55.85,4,base
0x9ea1a1241202f2f30b5461429d9c37a1ad95aa46,236,1,2025-10-29T09:10:11+00:00,2026-06-03T00:28:13+00:00,17,0.0,0.0,0.7481,0.8133,0.3856,1000.0,11,216.64,144,base
0x9eec195081375fc979283954e9a0955e6e6c9b72,2000,0,2026-05-22T03:36:15+00:00,2026-07-02T17:34:49+00:00,5,0.0,0.0,0.8701,0.9543,0.4945,20000.0,9,41.58,279,base
0x9f05146b2d39b4a7072c571c371d7707954a5d81,563,1,2026-04-29T09:31:49+00:00,2026-06-15T01:27:41+00:00,138,0.0,0.0,0.015,0.0299,0.1083,450000.0,58,46.66,97,base
0x9f14f4927c0dbd1d03d412d4a9c56fac1c8c6f97,2473,1,2026-04-21T20:43:33+00:00,2026-06-12T04:00:29+00:00,9,0.0,0.0,0.858,0.9362,0.262,5000.0,7,51.3,2142,base
0x9f8bd9875b3e0b632a24a3a7c73f7787175e73a2,165,1,2026-02-09T21:11:57+00:00,2026-06-18T06:19:19+00:00,8,0.0121,0.2703,0.3554,0.6284,0.8485,10000.0,3,128.38,85,base
0x9fa20a7671daddeb734881991e12f351b9650379,44,1,2026-05-13T14:53:45+00:00,2026-06-25T02:30:31+00:00,8,0.0,0.0,0.3026,0.5395,0.7273,1000.0,2,42.48,31,base
0x9fb365e4e9385e2a39febad70368267e6f571d9a,2000,0,2026-01-23T18:43:47+00:00,2026-07-01T22:24:55+00:00,1,0.0,0.0,1.0,1.0,0.4675,10000.0,60,159.15,739,base
0x9fead8b19c044c2f404dac38b925ea16adaa2954,38,1,2025-11-15T21:46:13+00:00,2026-06-22T04:07:09+00:00,11,0.2632,0.0493,0.7389,0.7882,0.8684,1000.0,3,218.26,6,base
0xa00051eade0837829f3685d1d58958a98f75c407,3,1,2026-04-20T04:21:39+00:00,2026-04-22T02:09:15+00:00,1,0.0,0.0,1.0,1.0,0.3333,60000.0,3,1.91,1,base
0xa0510c59eed692348abfeb230d5ef644445e3e9a,104,1,2025-10-31T14:16:43+00:00,2026-02-27T13:47:59+00:00,12,0.0192,0.0012,0.7307,0.876,0.5288,100000.0,15,118.98,22,base
0xa0562d347b880f0edfb3a0345a08baa11fbeebe7,1,1,2026-03-28T18:00:09+00:00,2026-03-28T18:00:09+00:00,1,0.0,0.0,1.0,1.0,1.0,30000.0,1,0.0,1,base
0xa05c8d9e988cd23450b702d98b88142f60cac452,92,1,2026-06-03T01:30:37+00:00,2026-07-02T14:46:51+00:00,14,0.0,0.0,0.5625,0.7681,0.4022,50000000.0,4,29.55,19,base
0xa067afbe22747f8377e66215fbcd616aaa3d5617,40,1,2026-05-30T10:08:35+00:00,2026-06-03T08:12:27+00:00,1,0.0,0.0,1.0,1.0,0.975,10000.0,2,3.92,13,base
0xa06d7ba6fd57f323936d1b2b7d9dacb135fcda9f,5,1,2026-02-16T04:44:41+00:00,2026-04-01T14:07:37+00:00,1,0.0,0.0,1.0,1.0,0.4,200000.0,4,44.39,2,base
0xa06e81abf04c8abcbe0761dcadb27575684ff874,1277,0,2025-10-31T12:43:01+00:00,2025-11-28T03:58:57+00:00,1,0.0,0.0,1.0,1.0,0.7823,100000.0,2,27.64,290,base
0xa086a6dc7b1a39ff028150f9117671b0def9ab09,1,1,2026-03-04T16:16:47+00:00,2026-03-04T16:16:47+00:00,1,0.0,0.0,1.0,1.0,1.0,10000.0,1,0.0,1,base
0xa0b4e0276ccbb71566510ff829c5663a62722e10,1,1,2026-05-26T11:36:23+00:00,2026-05-26T11:36:23+00:00,1,0.0,0.0,1.0,1.0,1.0,110000.0,1,0.0,1,base
0xa0db0deba39adf332ab877f43cd360d499910ca6,23,1,2026-05-19T15:37:55+00:00,2026-07-02T07:01:09+00:00,6,0.0,0.0,0.3597,0.5324,0.1739,100000.0,16,43.64,5,base
0xa0f9c380ad1e1be09046319fd907335b2b452b37,96,1,2026-03-11T16:44:25+00:00,2026-06-22T04:53:31+00:00,5,0.0,0.0,0.8646,0.9309,0.5833,2000.0,8,102.51,17,base
0xa112c9c8bf655c678c768b6fd42a1c6fbfed7d60,2000,0,2026-05-12T21:07:45+00:00,2026-07-03T04:54:03+00:00,72,0.0,0.0,0.6559,0.7462,0.7975,10000.0,14,51.32,433,base
0xa13fa60049cda6078dcdf00465afb1ee7a466574,211,1,2025-10-26T21:45:53+00:00,2025-10-27T11:25:13+00:00,129,0.0,0.0,0.0405,0.0809,0.5829,1000000.0,3,0.57,187,base
0xa143842423113557d26610327f393ec3a1fa4339,1,1,2026-04-29T06:18:15+00:00,2026-04-29T06:18:15+00:00,1,0.0,0.0,1.0,1.0,1.0,2000.0,1,0.0,1,base
0xa15728faaea63bd69447bab95d4cd4e81bff083f,956,1,2025-11-13T01:12:55+00:00,2025-11-28T04:00:01+00:00,1,0.0,0.0,1.0,1.0,1.0,100000.0,1,15.12,301,base
0xa18b3d12ae087c8467e85cc5c30217012a176c37,2,1,2025-10-31T00:10:13+00:00,2025-10-31T00:22:43+00:00,1,0.0,0.0,1.0,1.0,1.0,400000.0,1,0.01,2,base
0xa1ddc999aae816d3adc7eb0624701ad88084e915,1619,1,2025-10-26T09:59:59+00:00,2025-10-29T22:32:35+00:00,600,0.0,0.0,0.0515,0.0887,0.7925,1000000.0,3,3.52,1548,base
0xa1f5b4ddcb334f0cc93c984086f67dc262ea507a,852,1,2026-04-14T05:00:33+00:00,2026-06-30T16:10:45+00:00,83,0.0,0.0,0.0593,0.1156,0.081,500000.0,238,77.47,71,base
0xa20eb3df8fe5faecac71f1210af7e27f27f2709b,127,1,2025-11-10T15:14:59+00:00,2026-01-01T10:25:21+00:00,1,0.0,0.0,1.0,1.0,0.7165,20000000.0,7,51.8,4,base
0xa247ff4b7115e8c5c67ad0a295310ae13e6081ea,2000,0,2025-10-27T11:58:03+00:00,2025-11-02T16:36:13+00:00,203,0.0,0.0,0.2687,0.4379,0.4345,1000.0,5,6.19,992,base
0xa24e5808a70c0d9ed645e87c41024a1fb7a558bb,1,1,2026-01-04T16:31:15+00:00,2026-01-04T16:31:15+00:00,1,0.0,0.0,1.0,1.0,1.0,500000000.0,1,0.0,1,base
0xa2533392d89d20af71cdc8d98ee87ce1d9a39836,1,1,2025-11-07T13:00:49+00:00,2025-11-07T13:00:49+00:00,1,0.0,0.0,1.0,1.0,1.0,1000.0,1,0.0,1,base
0xa266d5b995b94363d5730cee69ae7bc4c8b76bca,1581,1,2026-04-14T03:12:39+00:00,2026-05-14T01:01:15+00:00,1470,0.0,0.0,0.0173,0.0318,0.4896,300000.0,73,29.91,274,base
0xa2863aef84587700a423d7d37fbe86004cc027df,573,1,2026-06-12T00:27:35+00:00,2026-06-17T13:47:45+00:00,304,0.0,0.0,0.0161,0.0298,0.719,50000.0,5,5.56,336,base
0xa28e57a0bb98c86a1cc37093d96cb72565736d99,1,1,2026-01-01T16:52:09+00:00,2026-01-01T16:52:09+00:00,1,0.0,0.0,1.0,1.0,1.0,1000000000.0,1,0.0,1,base
0xa29011e347c5657b53abcc1fb35474928a578331,3,1,2025-11-23T05:12:29+00:00,2025-12-04T04:10:57+00:00,1,0.0,0.0,1.0,1.0,0.3333,317.0,3,10.96,1,base
0xa29f27eddf096d31822528dbcb0575b3b06210ba,193,1,2025-11-10T15:31:23+00:00,2026-01-01T10:30:11+00:00,45,0.0,0.0,0.7727,0.7844,0.4767,20000000.0,17,51.79,6,base
0xa2a5890725bb730654b0e530599fbc9ede477e55,2000,0,2025-11-23T15:29:39+00:00,2025-11-28T04:02:01+00:00,1,0.0,0.0,1.0,1.0,1.0,100000.0,1,4.52,546,base
0xa2a82a833888eed3da64ad9749ea39a7a95d9927,51,1,2026-05-19T10:52:05+00:00,2026-06-19T03:43:07+00:00,19,0.0,0.0,0.0869,0.1739,0.2353,150000.0,10,30.7,10,base
0xa2b38ffa6c138efdf925b2f1f63c337637a5e4f0,1936,1,2026-04-04T15:55:49+00:00,2026-07-03T04:55:09+00:00,156,0.0015,0.0016,0.0338,0.0649,0.9923,100000.0,4,89.54,137,base
0xa2b64f5630783e4962bf57c43a9263cb7ab49ac2,7,1,2026-05-26T13:04:59+00:00,2026-06-03T05:46:37+00:00,1,0.0,0.0,1.0,1.0,0.8571,10000.0,2,7.7,1,base
0xa2c36b289198734a9a5c9e4f7e31102d27edf8e7,46,1,2026-03-07T13:01:59+00:00,2026-06-23T16:51:07+00:00,7,0.0,0.0,0.398,0.6088,0.5217,30000.0,4,108.16,8,base
0xa324e75856265eec4fc20cb229a621cafa03991b,1,1,2026-05-26T05:36:39+00:00,2026-05-26T05:36:39+00:00,1,0.0,0.0,1.0,1.0,1.0,110000.0,1,0.0,1,base
0xa3483ad7bed0597bc183f381fbce86e60b362a26,124,1,2025-11-14T06:07:21+00:00,2026-01-01T10:32:35+00:00,1,0.0,0.0,1.0,1.0,0.7339,20000000.0,4,48.18,4,base
0xa3680e0312d60e77d4b930253cc131a6f94d35f4,1,1,2025-10-28T01:31:55+00:00,2025-10-28T01:31:55+00:00,1,0.0,0.0,1.0,1.0,1.0,100000.0,1,0.0,1,base
0xa372ee963676a0aff085b2635c8b7268a3b5812c,127,1,2025-11-10T15:22:15+00:00,2026-01-01T10:27:47+00:00,1,0.0,0.0,1.0,1.0,0.7165,20000000.0,7,51.8,4,base
0xa37b401d1ebea0ee31f073a586581ef1c62d4813,3,1,2026-04-21T13:15:45+00:00,2026-04-23T03:40:33+00:00,1,0.0,0.0,1.0,1.0,0.3333,60000.0,3,1.6,1,base
0xa3babb36564b0383a82c617050306ee30fd18e08,88,1,2026-04-23T17:28:27+00:00,2026-07-01T07:24:57+00:00,41,0.0,0.0,0.39,0.4761,0.4886,990000.0,5,68.58,26,base
0xa3cc2fe1fa2651fb5f48695599b1ff9c542f34b8,1,1,2026-03-04T15:17:23+00:00,2026-03-04T15:17:23+00:00,1,0.0,0.0,1.0,1.0,1.0,10000.0,1,0.0,1,base
0xa3e1855168bc6933627f6b4a57aef6f33e0fc7ad,1,1,2026-01-30T20:52:31+00:00,2026-01-30T20:52:31+00:00,1,0.0,0.0,1.0,1.0,1.0,10000.0,1,0.0,1,base
0xa3f57fbae5606e1bd810f1cd918836eb50691616,1,1,2026-06-04T07:15:07+00:00,2026-06-04T07:15:07+00:00,1,0.0,0.0,1.0,1.0,1.0,40000.0,1,0.0,1,base
0xa40cfd47d2d77e70c8f27d885cc96ad8a16d3b08,1,1,2026-05-20T21:11:17+00:00,2026-05-20T21:11:17+00:00,1,0.0,0.0,1.0,1.0,1.0,5000000.0,1,0.0,1,base
0xa46a88e692eec8d0295a02a9bdd55ca39d2f30de,2,1,2026-04-09T13:33:21+00:00,2026-04-10T09:46:11+00:00,2,0.0,0.0,0.9434,1.0,0.5,60000.0,2,0.84,1,base
0xa4750b8fa6b82899ae9fee569e83640f5f241f75,2000,0,2025-10-26T16:33:49+00:00,2025-10-28T03:36:29+00:00,189,0.0025,0.0025,0.093,0.185,1.0,1000000.0,1,1.46,1000,base
0xa486eb110b6122884e02afec4467d68f2c63606c,1,1,2026-04-22T04:38:33+00:00,2026-04-22T04:38:33+00:00,1,0.0,0.0,1.0,1.0,1.0,60000.0,1,0.0,1,base
0xa48819d63badf7806021a8590248cf003cce2362,2,1,2026-05-06T02:24:51+00:00,2026-05-30T04:29:25+00:00,1,0.0,0.0,1.0,1.0,0.5,100000.0,2,24.09,1,base
0xa4995c6ca580aa9fa118534973f7679fbeb654f1,128,1,2025-11-11T01:13:13+00:00,2026-01-01T10:26:05+00:00,2,0.0,0.0,0.9959,1.0,0.7188,20000000.0,8,51.38,4,base
0xa49e44e04324007027154a869f96bf65cd4d1342,1,1,2025-11-07T10:50:27+00:00,2025-11-07T10:50:27+00:00,1,0.0,0.0,1.0,1.0,1.0,1000.0,1,0.0,1,base
0xa4b8c5e8be2ef3c98c6df38a775d7d3c8765c3c7,129,1,2025-11-10T15:19:57+00:00,2026-01-01T10:27:07+00:00,3,0.0,0.0,0.9916,0.999,0.7054,20000000.0,9,51.8,4,base
0xa4bc3e6dcf8894f233f31a97cbac639ca113462e,1,1,2026-05-01T18:43:39+00:00,2026-05-01T18:43:39+00:00,1,0.0,0.0,1.0,1.0,1.0,350000.0,1,0.0,1,base
0xa4d8c6241d0a309dc51cce556f399e550b86cdfb,1,1,2026-04-14T09:27:35+00:00,2026-04-14T09:27:35+00:00,1,0.0,0.0,1.0,1.0,1.0,400000.0,1,0.0,1,base
0xa4f1e5e51f52e510417310b80086d10aa807b8db,1,1,2025-11-07T09:04:37+00:00,2025-11-07T09:04:37+00:00,1,0.0,0.0,1.0,1.0,1.0,1000.0,1,0.0,1,base
0xa5031914d5d16f519bc164b888999cb92dd29f06,1,1,2025-10-29T08:25:47+00:00,2025-10-29T08:25:47+00:00,1,0.0,0.0,1.0,1.0,1.0,2000.0,1,0.0,1,base
0xa50c3fc0e8f6699a5b5e85ef7212fd1c27e9a3c0,409,1,2025-11-10T15:29:51+00:00,2026-01-01T10:29:23+00:00,85,0.0,0.0,0.4212,0.4403,0.2347,20000000.0,26,51.79,11,base
0xa50f970586098115f025ed118de6160d0bb42fb0,196,1,2025-11-10T15:31:17+00:00,2026-01-01T10:30:05+00:00,44,0.0,0.0,0.7706,0.7855,0.4643,20000000.0,15,51.79,6,base
0xa51b63a2037afff66ce7b014090bb08f1fc32a45,1,1,2026-01-07T03:07:13+00:00,2026-01-07T03:07:13+00:00,1,0.0,0.0,1.0,1.0,1.0,388000000.0,1,0.0,1,base
0xa52157e5df0cd8183b2851da4ad9c8397685206f,157,1,2026-03-31T09:32:35+00:00,2026-06-30T05:45:17+00:00,4,0.0,0.0,0.8729,0.9796,0.0828,70000.0,42,90.84,9,base
0xa537ca8915f3879234397db070e7197e3e136ece,128,1,2025-11-10T15:19:43+00:00,2026-01-01T10:27:01+00:00,2,0.0,0.0,0.9926,1.0,0.7109,20000000.0,8,51.8,4,base
0xa57dfd96898b19b3715e4dc81b2bfe32ffea3820,6,1,2026-03-26T09:12:05+00:00,2026-06-21T21:58:17+00:00,1,0.0,0.0,1.0,1.0,0.5,2000000000.0,4,87.53,2,base
0xa57e97789d406381a06c0032da5c6b2bb7f7d180,1320,0,2025-11-02T06:14:23+00:00,2025-11-28T03:52:03+00:00,1,0.0,0.0,1.0,1.0,0.8023,100000.0,2,25.9,305,base
0xa58b2505e9743f3b0fe0c4f82ffd3497b9b7b635,16,1,2025-11-19T03:14:33+00:00,2025-12-04T01:19:17+00:00,1,0.0,0.0,1.0,1.0,0.125,240.0,15,14.92,4,base
0xa5d633d4dba8e4b07b6512afeb9420406429d967,113,1,2026-03-13T11:53:55+00:00,2026-06-04T08:12:33+00:00,10,0.0,0.0,0.6139,0.7454,0.5929,10000.0,25,82.85,12,base
0xa5e765d9d130a17fbd74020507a4d82891817478,2,1,2025-11-07T09:32:03+00:00,2025-11-07T09:32:17+00:00,1,0.0,0.0,1.0,1.0,1.0,1000.0,1,0.0,2,base
0xa6493de2c0839eda651148e26a560d2fb76c5ad7,1813,0,2025-11-02T06:01:21+00:00,2025-11-28T03:50:41+00:00,1,0.0,0.0,1.0,1.0,1.0,1000000.0,1,25.91,371,base
0xa65777b69fa3da14d1539a01b6a171eeac6ebd53,1,1,2025-11-07T10:15:51+00:00,2025-11-07T10:15:51+00:00,1,0.0,0.0,1.0,1.0,1.0,1000.0,1,0.0,1,base
0xa6613ed1cc64d82a2aa50d6fe4f9147a2839ba41,1,1,2025-11-04T08:53:27+00:00,2025-11-04T08:53:27+00:00,1,1.0,1.0,1.0,1.0,1.0,10.0,1,0.0,1,base
0xa667ebd9266a949bf5fffbfefb3c81b8b87678c8,1,1,2026-05-09T08:34:31+00:00,2026-05-09T08:34:31+00:00,1,0.0,0.0,1.0,1.0,1.0,100000.0,1,0.0,1,base
0xa697afe359defc010857e173e7021407ff92b2bf,130,1,2025-11-10T15:01:25+00:00,2026-01-01T10:22:59+00:00,3,0.0,0.0,0.9933,0.998,0.7,20000000.0,10,51.81,4,base
0xa6a8736f18f383f1cc2d938576933e5ea7df01a1,2000,0,2025-05-14T16:23:17+00:00,2026-07-03T02:10:01+00:00,71,0.0005,0.0,0.4924,0.6411,0.5,10000.0,3,414.41,254,base
0xa6a90366a307080bccb859642d3378121fe8809d,1713,1,2026-05-28T21:24:45+00:00,2026-07-03T05:02:41+00:00,1,0.0,0.0,1.0,1.0,0.0012,18949052.0,1706,35.32,66,base
0xa6b7bc6c7b0246b9da50a051090dc213105c8c67,1,1,2026-03-19T12:48:37+00:00,2026-03-19T12:48:37+00:00,1,0.0,0.0,1.0,1.0,1.0,10000.0,1,0.0,1,base
0xa6e06f069a42da355e88ff88249143cefc95bc5b,1,1,2025-07-30T07:08:41+00:00,2025-07-30T07:08:41+00:00,1,0.0,0.0,1.0,1.0,1.0,730000.0,1,0.0,1,base
0xa6fc0bea93e0e21d3ba294272509c9a712c184b7,4,1,2026-05-27T05:47:43+00:00,2026-05-30T01:27:21+00:00,1,0.0,0.0,1.0,1.0,1.0,10000.0,1,2.82,1,base
0xa73d8956253bf678c609281181f1766e35239c72,2000,0,2025-11-23T15:29:39+00:00,2025-11-28T04:02:01+00:00,1,0.0,0.0,1.0,1.0,1.0,100000.0,1,4.52,520,base
0xa74452985cf73baabf9a938a4407c39114fbd878,14,1,2025-11-17T10:20:47+00:00,2025-12-03T05:43:19+00:00,1,0.0,0.0,1.0,1.0,0.1429,171.0,13,15.81,3,base
0xa77a5d4d37d6f39c20c2441295da9fa60ab9fd69,61,1,2026-06-22T21:43:05+00:00,2026-07-01T22:06:01+00:00,6,0.0,0.0,0.5082,0.7377,1.0,10000.0,1,9.02,37,base
0xa77f78f4374d337c4d29c988eee2e38e2b2178e5,1,1,2026-06-30T08:04:33+00:00,2026-06-30T08:04:33+00:00,1,0.0,0.0,1.0,1.0,1.0,10000.0,1,0.0,1,base
0xa77f9b4211e168a50f171385c8f5aa1b0c40b2b6,8,1,2026-06-08T07:56:59+00:00,2026-06-13T01:43:29+00:00,1,0.0,0.0,1.0,1.0,1.0,10000.0,1,4.74,2,base
0xa7bcf1f10b40580067320f51904d566d53bec222,3,1,2026-05-11T04:22:01+00:00,2026-05-11T04:22:57+00:00,3,0.0,0.0,0.937,0.9785,0.3333,610000000.0,3,0.0,3,base
0xa7c82e9775a9594c673e3fde8a42d3d17de2b957,28,1,2026-05-17T17:31:43+00:00,2026-06-21T04:44:27+00:00,6,0.0,0.0,0.2857,0.5357,1.0,20000.0,1,34.47,6,base
0xa7e10cc4d26448d8a4d0101cb9cdc6941e0b1ccd,1,1,2026-06-22T03:09:03+00:00,2026-06-22T03:09:03+00:00,1,0.0,0.0,1.0,1.0,1.0,40100000000.0,1,0.0,1,base
0xa7f7de3cc2b553fad5b336c7c44d2516af9626b2,5,1,2026-05-18T13:38:23+00:00,2026-05-18T20:35:05+00:00,1,0.0,0.0,1.0,1.0,1.0,60000.0,1,0.29,5,base
0xa7ff0693f3e756ae2bf029fd064826a0c00ee85e,10,1,2025-11-12T10:37:45+00:00,2025-12-03T10:06:25+00:00,1,0.0,0.0,1.0,1.0,0.1,59229.0,10,20.98,1,base
0xa80cbb7136ce7e62be597ab0c58409deda18bd1d,5,1,2026-05-19T12:41:57+00:00,2026-05-19T12:45:09+00:00,1,0.0,0.0,1.0,1.0,1.0,40000.0,1,0.0,5,base
0xa825094b04d5a3710bd41c4fbc902f75cf333333,283,1,2025-12-08T16:37:55+00:00,2026-02-20T13:13:11+00:00,2,0.0,0.0,0.998,1.0,0.9364,10000.0,7,73.86,282,base
0xa868f495ea58beb151ea49222038f65e7327f7d9,1,1,2026-03-01T23:48:07+00:00,2026-03-01T23:48:07+00:00,1,0.0,0.0,1.0,1.0,1.0,12000.0,1,0.0,1,base
0xa87728f0fa7c4283a133afd3990a26cd05811ddb,5,1,2026-05-12T12:48:31+00:00,2026-05-13T09:07:13+00:00,1,0.0,0.0,1.0,1.0,0.2,792000000.0,5,0.85,3,base
0xa8774facfd3da2ea11f240c977b9973d78adfcfe,155,1,2026-05-25T15:17:25+00:00,2026-07-02T21:48:53+00:00,9,0.0,0.0,0.6451,0.772,0.4,10000.0,7,38.27,60,base
0xa8b62193a112fa41305a100e3dff5885de253082,1,1,2026-05-15T04:25:45+00:00,2026-05-15T04:25:45+00:00,1,0.0,0.0,1.0,1.0,1.0,2000.0,1,0.0,1,base
0xa8b90af72490db6f2085b66bfd790cc05aaf7ba5,1,1,2026-04-08T17:26:01+00:00,2026-04-08T17:26:01+00:00,1,0.0,0.0,1.0,1.0,1.0,10000.0,1,0.0,1,base
0xa8c69157b42084dfb390ee5b69bd27d6e5e0685d,40,1,2026-06-29T09:38:21+00:00,2026-06-29T09:55:49+00:00,40,0.0,0.0,0.0351,0.0702,0.55,980000.0,3,0.01,40,base
0xa8cc4011eb545ee5d436a599c9a8bd03dd1e1df3,107,1,2026-06-01T01:51:09+00:00,2026-07-03T03:35:31+00:00,62,0.0,0.0,0.0416,0.0806,0.6729,550000.0,5,32.07,18,base
0xa8f0850e0d5d5a4f1aaa565c4ece68ddf6648c17,7,1,2026-06-04T07:17:43+00:00,2026-06-14T10:17:25+00:00,1,0.0,0.0,1.0,1.0,0.8571,10000.0,2,10.12,1,base
0xa918ab9b11f1801b96b9d8f486a7d44daf293666,964,1,2025-11-13T01:13:03+00:00,2025-11-28T03:59:47+00:00,1,0.0,0.0,1.0,1.0,1.0,100000.0,1,15.12,287,base
0xa954852f41aabb6e8577eb661449531472aed775,44,1,2025-10-25T16:24:11+00:00,2026-06-23T14:17:31+00:00,16,0.0,0.0,0.9942,0.9958,0.8409,1000.0,3,240.91,11,base
0xa961d4350bb6d0f9f3109af661971d1923c9ab55,5,1,2026-05-14T23:17:05+00:00,2026-05-14T23:18:55+00:00,1,0.0,0.0,1.0,1.0,1.0,60000.0,1,0.0,5,base
0xa9745599e872ac484268ec2543391df692bcc6d8,1,1,2026-04-01T21:44:45+00:00,2026-04-01T21:44:45+00:00,1,0.0,0.0,1.0,1.0,1.0,560000.0,1,0.0,1,base
0xa974f87038435d393f6253ce1d9b5fc63306d01d,1,1,2026-05-13T10:25:45+00:00,2026-05-13T10:25:45+00:00,1,0.0,0.0,1.0,1.0,1.0,10000.0,1,0.0,1,base
0xa9adeceeb4276caac2e264686447893c7fb56149,4005,1,2025-10-31T08:02:29+00:00,2025-12-04T00:09:39+00:00,102,0.0,0.0,0.165,0.176,1.0,95000.0,1,33.67,950,base
0xa9dd7cc9cbf0e05551332209289f04be36bc2315,2000,0,2026-03-01T15:46:23+00:00,2026-07-03T05:05:09+00:00,24,0.0,0.0,0.3093,0.5333,0.5,1000.0,2,123.55,1000,base
0xa9ff4670779ee698366c3c7ae69b9b5859a1bf3c,1775,0,2025-11-02T06:01:25+00:00,2025-11-28T03:55:01+00:00,1,0.0,0.0,1.0,1.0,1.0,1000000.0,1,25.91,354,base
0xaa28c610492da1ec7a3d69b2e9b3e50a114404c0,10,1,2026-06-08T03:44:13+00:00,2026-06-14T01:32:15+00:00,1,0.0,0.0,1.0,1.0,0.9,10000.0,2,5.91,2,base
0xaa5e0cbc42d3cae40447afe366b6b4ebf2f46f95,1,1,2026-05-25T05:27:01+00:00,2026-05-25T05:27:01+00:00,1,0.0,0.0,1.0,1.0,1.0,110000.0,1,0.0,1,base
0xaa63ea1ffe60821c7cbc822162378615a0ed07ce,2,1,2026-05-24T17:49:49+00:00,2026-05-24T17:50:57+00:00,1,0.0,0.0,1.0,1.0,0.5,10000.0,2,0.0,2,base
0xaa773f928b0a20b5fac1959cdfa22395258b7ebc,1,1,2026-06-03T08:55:05+00:00,2026-06-03T08:55:05+00:00,1,0.0,0.0,1.0,1.0,1.0,40000.0,1,0.0,1,base
0xaaa9e346a127ca3c56cde0cbc9732fdf092f228c,1,1,2026-04-15T09:31:41+00:00,2026-04-15T09:31:41+00:00,1,0.0,0.0,1.0,1.0,1.0,610000.0,1,0.0,1,base
0xaabed0970538dfa45444e3965519e09bdfa63d53,24,1,2025-12-25T05:47:33+00:00,2026-01-21T05:57:47+00:00,7,0.0,0.0,0.6293,0.9211,0.3333,2000000.0,9,27.01,6,base
0xaadb925b202b2437f6740bd4bfe30f6e5e6d80e2,943,1,2025-11-13T01:12:21+00:00,2025-11-28T03:59:57+00:00,1,0.0,0.0,1.0,1.0,1.0,100000.0,1,15.12,310,base
0xab062d23c715346ea7a35f2024a5799c19784d93,708,1,2025-11-01T06:00:49+00:00,2025-11-04T06:03:19+00:00,1,0.0,0.0,1.0,1.0,0.9223,1000000.0,2,3.0,378,base
0xab08c6befd2696705bf1cf2854b32827d956266e,51,1,2025-11-10T11:59:27+00:00,2025-11-13T14:28:31+00:00,3,0.0,0.0,0.6645,0.9788,0.2745,5000000.0,12,3.1,23,base
0xab26f80b1c3e0faf5e21111f93bd4bde38cf53ea,24,1,2026-05-01T00:26:39+00:00,2026-06-14T01:15:01+00:00,8,0.0,0.0,0.3274,0.6091,0.4583,100000.0,9,44.03,7,base
0xab3a7ec3d38264d97eb4d50d70d1d3442ce279cf,266,1,2025-11-10T15:33:49+00:00,2026-01-01T10:31:35+00:00,66,0.0,0.0,0.5998,0.6187,0.3459,20000000.0,21,51.79,7,base
0xab82a9b2c849d8bebd15baf0a85944862d9091bd,5,1,2025-10-29T23:32:47+00:00,2025-10-31T00:15:27+00:00,1,0.0,0.0,1.0,1.0,0.6,300000.0,2,1.03,2,base
0xabcb091d90419e1c8ad4818f1b33fc4645501892,437,1,2026-02-23T18:05:05+00:00,2026-07-01T14:40:43+00:00,45,0.0,0.0,0.2783,0.3727,0.6865,10000.0,6,127.86,44,base
0xabf01df9428ead5418473a7c91244826a3af23b3,183,1,2025-10-09T00:28:11+00:00,2026-06-23T15:00:21+00:00,21,0.0,0.0,0.3386,0.5993,0.4153,2000.0,10,257.61,60,base
0xabf4fabd7c416fb67202e5f9002389fc75e2a9d0,2000,0,2026-06-11T02:58:29+00:00,2026-07-03T04:42:37+00:00,47,0.0,0.0,0.9223,0.9474,0.5405,1000.0,9,22.07,977,base
0xabfd24ba6a848d75b8e113cdaaaed3cee5e98a0f,1,1,2026-05-29T22:25:21+00:00,2026-05-29T22:25:21+00:00,1,0.0,0.0,1.0,1.0,1.0,100000.0,1,0.0,1,base
0xac654e78ffc117fda2d3f6ef89c8537ea85d4417,2000,0,2026-04-14T07:02:11+00:00,2026-07-02T02:02:49+00:00,1356,0.0,0.0,0.0213,0.0408,0.2765,860000.0,163,78.79,769,base
0xac66822d3d31455dd09802fa52bda4b64c111701,1,1,2026-05-14T03:10:47+00:00,2026-05-14T03:10:47+00:00,1,0.0,0.0,1.0,1.0,1.0,10000.0,1,0.0,1,base
0xac6aa71c4b48b75d2dff70a4bc7a0f5d547c302f,26,1,2026-03-01T21:17:55+00:00,2026-07-01T05:30:15+00:00,5,0.0,0.0,0.4433,0.868,0.3846,250000.0,5,121.34,6,base
0xac6bb43817b668183be5afead9581ffeddfe9098,1,1,2026-06-04T14:46:57+00:00,2026-06-04T14:46:57+00:00,1,0.0,0.0,1.0,1.0,1.0,40000.0,1,0.0,1,base
0xac77103e85092667dadd1f05b9f8a4db85c38550,4,1,2026-04-15T14:24:07+00:00,2026-05-09T16:18:45+00:00,1,0.0,0.0,1.0,1.0,0.25,250000.0,4,24.08,1,base
0xac7d506f7fe0ab9c2d50a165c45a66e5f210b831,1,1,2026-06-29T22:07:45+00:00,2026-06-29T22:07:45+00:00,1,0.0,0.0,1.0,1.0,1.0,10000.0,1,0.0,1,base
0xac88876172a512e5a48b118a3d26db39b6653637,1,1,2026-05-29T14:32:25+00:00,2026-05-29T14:32:25+00:00,1,0.0,0.0,1.0,1.0,1.0,360000000.0,1,0.0,1,base
0xac96ac174732d5f5ac3f7e2da0ed6777fa7fd6e1,128,1,2025-11-11T01:13:05+00:00,2026-01-01T10:25:59+00:00,2,0.0,0.0,0.9949,1.0,0.7188,20000000.0,8,51.38,4,base
0xacb53696ee109a9818241057e78ae0c021c9df18,1,1,2025-11-07T10:01:11+00:00,2025-11-07T10:01:11+00:00,1,0.0,0.0,1.0,1.0,1.0,1000.0,1,0.0,1,base
0xace3959263cd15d8d15a6b6bdd1d5b9906a7a463,3,1,2025-10-28T12:24:29+00:00,2025-10-30T03:37:05+00:00,1,1.0,1.0,1.0,1.0,1.0,10000.0,1,1.63,1,base
0xacf7e75ca92afd2ed7187bd3028976e8c08b654d,3,1,2026-01-02T08:56:53+00:00,2026-01-03T02:17:59+00:00,1,0.0,0.0,1.0,1.0,0.3333,100000000.0,3,0.72,2,base
0xad1bf94936d62ac97993edf92002ec2353c806b5,908,1,2025-11-13T01:12:17+00:00,2025-11-28T03:59:43+00:00,1,0.0,0.0,1.0,1.0,1.0,100000.0,1,15.12,289,base
0xad1f20d42cf00acc0e41775be090711ff6b79089,3101,1,2025-10-27T18:34:31+00:00,2025-10-29T19:06:39+00:00,979,0.0,0.0,0.0278,0.0532,0.6098,10000000.0,4,2.02,2901,base
0xad2bbe4e250e00969d245ec8e9ba3a44de992ebb,270,1,2025-11-11T01:08:07+00:00,2026-01-01T10:28:21+00:00,69,0.0,0.0,0.5964,0.6132,0.337,20000000.0,26,51.39,7,base
0xad31ecdee9eb7ae4de54ed183cfe580a46b575a4,2,1,2026-04-25T08:10:23+00:00,2026-04-26T01:21:57+00:00,1,0.0,0.0,1.0,1.0,0.5,60000.0,2,0.72,1,base
0xad522d303e02028835ba4d660d79139f24c6b0df,1,1,2025-10-24T17:47:29+00:00,2025-10-24T17:47:29+00:00,1,0.0,0.0,1.0,1.0,1.0,10000.0,1,0.0,1,base
0xad62f03c7514bb8c51f1ea70c2b75c37404695c8,3813,1,2026-02-24T00:03:07+00:00,2026-07-02T07:09:11+00:00,49,0.0,0.0,0.7595,0.8281,0.4228,5000.0,14,128.3,586,base
0xad7b92226dd965b744dc271cc12be938ad8d4ed8,5,1,2025-10-28T12:57:35+00:00,2025-10-30T03:03:59+00:00,1,1.0,1.0,1.0,1.0,1.0,10000.0,1,1.59,3,base
0xadb33740ac38c8f6721100ff813ab91d958670bc,55,1,2026-04-19T22:39:31+00:00,2026-07-01T18:42:19+00:00,18,0.0,0.0,0.504,0.631,0.8909,100000.0,2,72.84,6,base
0xaddf78c1d39ca67df7ecc2d0ebc168b28afdd906,1,1,2026-03-04T16:12:51+00:00,2026-03-04T16:12:51+00:00,1,0.0,0.0,1.0,1.0,1.0,10000.0,1,0.0,1,base
0xade02dff58b0316f04cd59806e3fdb4690fe89ab,3201,1,2026-06-11T21:07:27+00:00,2026-07-03T03:22:29+00:00,91,0.0,0.0,0.1384,0.2521,0.4302,40000.0,10,21.26,453,base
0xae0dfe00827c07b7db4514683bcc3ad0e85200b1,1825,1,2026-05-15T21:21:31+00:00,2026-07-03T03:54:51+00:00,166,0.0,0.0,0.7532,0.8928,0.6942,10000.0,10,48.27,1290,base
0xae15d2023a76174a940cbb2b7f44012c728b9d74,119,1,2026-05-20T15:25:29+00:00,2026-07-01T13:14:53+00:00,111,0.0,0.0,0.125,0.25,0.9328,0.0,2,41.91,21,base
0xae2ee0d2cf2f5bbe3e69986e4a859622342c186a,5,1,2025-11-10T17:44:15+00:00,2025-11-10T17:49:05+00:00,1,0.0,0.0,1.0,1.0,1.0,1000.0,1,0.0,5,base
0xae530b5fd30c992b6dec5d0255dee52e18083bf3,127,1,2025-11-11T01:15:33+00:00,2026-01-01T10:27:31+00:00,2,0.0,0.0,0.999,1.0,0.7087,20000000.0,8,51.38,4,base
0xae56d1d748d6249fe028c74ae0df8a18afabbfa6,1,1,2025-11-07T08:57:53+00:00,2025-11-07T08:57:53+00:00,1,0.0,0.0,1.0,1.0,1.0,1000.0,1,0.0,1,base
0xae6c7dca15299cb2740ff5e2c53420dca7eaf1fe,1,1,2026-05-08T17:49:19+00:00,2026-05-08T17:49:19+00:00,1,0.0,0.0,1.0,1.0,1.0,10000.0,1,0.0,1,base
0xae7d1e48acf858c4b92ae1d63c9f9a41d71944c9,1,1,2026-02-09T14:45:47+00:00,2026-02-09T14:45:47+00:00,1,0.0,0.0,1.0,1.0,1.0,9820.0,1,0.0,1,base
0xae880c2e206e723ac80f98a0bfac33e11839f4d2,2,1,2025-11-13T04:10:17+00:00,2025-11-14T03:49:35+00:00,1,0.0,0.0,1.0,1.0,0.5,326.0,2,0.99,1,base
0xaea4e6da1a3d82ca787d84a86f119a258941b547,18,1,2025-11-06T11:32:29+00:00,2025-11-27T14:48:05+00:00,1,0.0,0.0,1.0,1.0,0.0556,309.0,18,21.14,2,base
0xaeb58049d3c266d55595a596fae249c10764a031,2000,0,2025-12-29T23:36:03+00:00,2026-05-15T13:07:05+00:00,5,0.0,0.0,0.9645,0.986,1.0,50000.0,1,136.56,486,base
0xaede317ad201e6c479fa6eb08140713063ca85c5,1,1,2026-05-10T00:38:03+00:00,2026-05-10T00:38:03+00:00,1,0.0,0.0,1.0,1.0,1.0,2000.0,1,0.0,1,base
0xaeeb8eabdc05532a26123045f99d208eb1cc00ab,2302,1,2026-05-06T20:39:45+00:00,2026-07-02T13:30:37+00:00,46,0.0,0.0,0.9536,0.9713,0.1872,2500.0,15,56.7,247,base
0xaeec67e8c7ec91e1ec1cc907c0841a1a2147c28c,7,1,2026-06-04T10:20:01+00:00,2026-06-16T02:29:31+00:00,1,0.0,0.0,1.0,1.0,0.8571,10000.0,2,11.67,1,base
0xaef6fa27028c8d9c84c65a013f275f5cb3602400,5,1,2026-05-06T04:00:11+00:00,2026-05-06T04:16:37+00:00,1,0.0,0.0,1.0,1.0,1.0,60000.0,1,0.01,5,base
0xaef86bce04a7c768056ccb1871202a8af2b88056,65,1,2025-10-27T13:01:53+00:00,2025-11-03T22:24:09+00:00,50,0.0154,0.0,0.2106,0.3932,0.4615,1000.0,35,7.39,42,base
0xaeffddc0af3b4411499883f2524159f249a00bd4,1083,1,2025-12-26T10:27:05+00:00,2026-06-03T07:47:23+00:00,235,0.0,0.0,0.1424,0.2745,0.0665,10000000.0,719,158.89,36,base
0xaf1098652515649590ff3091f8908d7f17cab09c,2000,0,2025-11-23T15:29:41+00:00,2025-11-28T04:02:05+00:00,1,0.0,0.0,1.0,1.0,1.0,100000.0,1,4.52,525,base
0xaf10c7d21220b34edd05d1b64809f4d1d4b2f7e9,492,1,2026-04-14T11:00:21+00:00,2026-06-25T08:04:39+00:00,35,0.0,0.0,0.1868,0.2988,0.0772,150000.0,160,71.88,27,base
0xaf333f56262dda5851c6586f6575627bd3ea56ac,1,1,2026-05-06T02:24:05+00:00,2026-05-06T02:24:05+00:00,1,0.0,0.0,1.0,1.0,1.0,350000.0,1,0.0,1,base
0xaf5e3c1c854f0f913fbf985eb14925245afccfa6,32,1,2026-01-18T13:27:37+00:00,2026-03-01T16:13:01+00:00,1,0.0,0.0,1.0,1.0,0.2188,200000000.0,21,42.11,5,base
0xaf650354583a2a729dff838bfc01ca83236129bc,2,1,2025-12-11T19:08:05+00:00,2026-05-12T19:55:31+00:00,1,0.0,0.0,1.0,1.0,0.5,30000.0,2,152.03,1,base
0xaf7718f6c74ba96bd853ce09022f2a6ae6c82935,1306,0,2025-11-02T06:14:23+00:00,2025-11-28T03:59:49+00:00,1,0.0,0.0,1.0,1.0,0.7864,100000.0,2,25.91,317,base
0xafffcead2e99d04e5641a2873eb7347828e1aad3,2000,0,2026-02-17T22:39:07+00:00,2026-05-01T05:35:29+00:00,9,0.0,0.0,0.4539,0.8935,0.997,100000.0,3,72.29,783,base
0xb04816ef69ef8c3cd75acf90ea2394fd89c39cef,989,1,2025-10-31T15:07:45+00:00,2025-11-28T03:55:01+00:00,1,0.0,0.0,1.0,1.0,1.0,1000000.0,1,27.53,343,base
0xb058a1e305d9c720aa5b1bf42b6f2f6294b03b5f,127,1,2026-05-29T09:17:21+00:00,2026-06-22T18:08:31+00:00,10,0.0,0.0,0.8926,0.9484,0.2992,200000.0,11,24.37,30,base
0xb0b336cca819a27c4dc55891d45bac6620d558dd,7,1,2026-05-30T21:18:39+00:00,2026-06-05T01:20:25+00:00,1,0.0,0.0,1.0,1.0,0.8571,10000.0,2,5.17,1,base
0xb0cdd5689a5d3100083e8864b50a3c49d0d4caea,56,1,2026-05-24T18:39:55+00:00,2026-07-01T07:50:33+00:00,8,0.0,0.0,0.2451,0.4608,0.6607,1000.0,3,37.55,10,base
0xb12a1e7ac283186f466aa486fa636e2d38bd965b,3,1,2026-04-26T06:53:37+00:00,2026-04-29T07:33:03+00:00,1,0.0,0.0,1.0,1.0,1.0,60000.0,1,3.03,2,base
0xb1341bbb1e01ed620213d0c5059a7a6f5bfd8712,2000,0,2025-11-05T12:04:15+00:00,2025-11-28T04:02:47+00:00,1,0.0,0.0,1.0,1.0,0.9995,100000.0,2,22.67,510,base
0xb13f8bd0d0ff88fdf3ede9fb7ae571ceae978fd9,4,1,2026-04-20T04:50:35+00:00,2026-04-23T02:21:43+00:00,1,0.0,0.0,1.0,1.0,0.25,60000.0,4,2.9,1,base
0xb15a55e85fdf5edc41b6c1eaf7813e2c6e6def59,24,1,2026-05-19T00:49:31+00:00,2026-06-25T04:48:17+00:00,9,0.0,0.0,0.25,0.4167,1.0,10000.0,1,37.17,4,base
0xb16aa768174488fd618e7bec3cd93de311e5f871,2000,0,2025-11-23T15:29:39+00:00,2025-11-28T03:58:03+00:00,1,0.0,0.0,1.0,1.0,1.0,100000.0,1,4.52,542,base
0xb180fbf7b19f8d1d99053fb7b355e4cc1b1b19ca,1,1,2026-05-02T06:55:55+00:00,2026-05-02T06:55:55+00:00,1,0.0,0.0,1.0,1.0,1.0,100000.0,1,0.0,1,base
0xb1a478b44ec1ef73969e52c48343911ce2a0f9eb,402,1,2025-11-10T15:28:47+00:00,2026-01-01T10:29:01+00:00,86,0.0,0.0,0.4232,0.4376,0.2438,20000000.0,26,51.79,11,base
0xb1acd9e0269023546074400a434e703b646aabba,274,1,2026-03-11T08:09:17+00:00,2026-06-23T16:07:29+00:00,13,0.0,0.0,0.4263,0.7867,0.5255,100000.0,8,104.33,95,base
0xb1d321629b47da8886cb2d1f30e377f01c8d2189,2000,0,2025-12-01T11:06:09+00:00,2026-04-17T02:33:13+00:00,7,0.0,0.0,0.5486,0.7794,0.985,50000.0,3,136.64,994,base
0xb1d9e24c9010535b82b72c0f8ad0237b72603fd5,99,1,2025-10-31T08:06:21+00:00,2025-10-31T10:46:57+00:00,1,0.0,0.0,1.0,1.0,0.9293,10000000.0,4,0.11,99,base
0xb1d9e89bb75b2f5473b22bd476e3bd6c545af670,1,1,2026-01-01T04:56:53+00:00,2026-01-01T04:56:53+00:00,1,0.0,0.0,1.0,1.0,1.0,1204.0,1,0.0,1,base
0xb2248268fc85a7ed8a903dd084dfbc2b9b8c7d8f,1,1,2026-04-16T07:17:37+00:00,2026-04-16T07:17:37+00:00,1,0.0,0.0,1.0,1.0,1.0,60000.0,1,0.0,1,base
0xb22bdd6c52e9b3f1a3f8f9236ae2728afcf9a7be,5,1,2026-06-07T04:20:11+00:00,2026-06-10T05:52:41+00:00,1,0.0,0.0,1.0,1.0,0.8,10000.0,2,3.06,2,base
0xb2560a3228c609aa6a2de5000b243dd012793675,21,1,2026-05-26T15:54:21+00:00,2026-06-28T00:12:25+00:00,6,0.0,0.0,0.4762,0.7143,1.0,10000.0,1,32.35,5,base
0xb273616670037c0870e9835b3ffbe68f58de68b0,166,1,2026-03-01T07:20:11+00:00,2026-06-03T19:45:29+00:00,8,0.0,0.0,0.7606,0.8789,0.8735,1000.0,2,94.52,141,base
0xb281f44eda725d2f299da9a08ea0d184c6c3a80c,2,1,2026-04-22T20:26:17+00:00,2026-04-23T03:40:01+00:00,1,0.0,0.0,1.0,1.0,0.5,60000.0,2,0.3,1,base
0xb292bf838b4b832be799252db457d4c35e34fc79,3000,1,2025-10-27T09:01:31+00:00,2025-10-27T13:56:05+00:00,3000,0.0,0.0,0.1407,0.264,0.0383,21000000.0,309,0.2,3000,base
0xb2d8569c52ede74af77da4281da50935e3df2c5b,3,1,2025-10-28T11:55:15+00:00,2025-10-30T02:04:55+00:00,1,1.0,1.0,1.0,1.0,1.0,100000.0,1,1.59,1,base
0xb2e03d4aaca935fe1fa512e483edbda012d0dbb0,2000,0,2026-04-10T22:30:07+00:00,2026-06-30T02:21:15+00:00,32,0.0,0.0,0.1287,0.2422,0.953,1000.0,3,80.16,659,base
0xb300f7d58c8915aedbf725897f3b945c32838e84,2452,1,2026-04-14T03:35:33+00:00,2026-06-24T04:35:19+00:00,946,0.0,0.0,0.0102,0.0204,0.0689,150000.0,174,71.04,187,base
0xb308ed39d67d0d4bae5bc2faef60c66bbb6ae429,1999,0,2025-08-13T02:13:37+00:00,2026-02-03T04:17:47+00:00,213,0.049,0.1502,0.1502,0.2141,0.2451,31500.0,153,174.09,515,base
0xb315bae206846fc785bf06850e1a72d8c5e05b09,15,1,2026-04-22T08:51:09+00:00,2026-06-08T02:11:35+00:00,1,0.0,0.0,1.0,1.0,0.0667,211100000.0,15,46.72,6,base
0xb335b522a1d416ac458abd3a4146e217b1ea9ad6,4,1,2025-10-29T00:55:49+00:00,2025-10-30T12:34:17+00:00,1,0.0,0.0,1.0,1.0,0.75,500000.0,2,1.49,3,base
0xb336892b6b308a8c11300760b64d244e2e652f09,1,1,2025-11-07T10:52:35+00:00,2025-11-07T10:52:35+00:00,1,0.0,0.0,1.0,1.0,1.0,1000.0,1,0.0,1,base
0xb34b56a5d9f0238156bc216d531c5b01020817db,3728,1,2025-10-27T14:49:45+00:00,2025-10-27T16:25:21+00:00,1269,0.0,0.0,0.2046,0.2878,0.6298,3000000.0,3,0.07,3728,base
0xb39fc82dcfe13efc1064a8c15a79b91b544741bd,1,1,2026-05-07T02:30:57+00:00,2026-05-07T02:30:57+00:00,1,0.0,0.0,1.0,1.0,1.0,100000.0,1,0.0,1,base
0xb3c2776ce3f99cb3366520c27b4ac5d436942ab6,1217,1,2026-06-16T18:35:35+00:00,2026-07-03T05:04:45+00:00,118,0.0,0.0,0.8149,0.9226,0.2958,13000.0,64,16.44,207,base
0xb3c5d52c8a3d17f3feb60c3df82ddc8adadd9da1,2,1,2026-05-26T13:35:43+00:00,2026-05-26T13:36:19+00:00,1,0.0,0.0,1.0,1.0,0.5,10000.0,2,0.0,2,base
0xb3cd519651d35b16ad8c193beecf5a81506f9de6,637,1,2025-11-02T06:21:25+00:00,2025-11-04T06:03:19+00:00,1,0.0,0.0,1.0,1.0,1.0,1000000.0,1,1.99,367,base
0xb3e9391f04f791462ed2a1ebafabe254d7afe3a5,214,1,2026-03-24T11:14:53+00:00,2026-07-03T01:37:23+00:00,60,0.0,0.0,0.4107,0.5223,0.986,1000.0,3,100.6,31,base
0xb3f9782915a67f2f1e15c143d28a29cb312bb74d,4,1,2025-10-29T01:18:41+00:00,2025-10-30T13:07:45+00:00,1,0.0,0.0,1.0,1.0,1.0,500000.0,1,1.49,2,base
0xb40a687ca5483ebc02f870348f6e08971cae1308,1232,1,2026-05-12T15:38:07+00:00,2026-07-03T04:19:15+00:00,19,0.0,0.0,0.6192,0.7582,0.8994,25000.0,9,51.53,91,base
0xb445f611cc899b623462f07c11bfeacfd20d3c70,600,1,2026-05-21T01:15:01+00:00,2026-07-01T04:58:07+00:00,5,0.0,0.0,0.913,0.9972,0.3033,10000.0,18,41.15,56,base
0xb45c0f287df29fc677e37a186ca9ff9eb57bcb5c,1505,1,2026-04-26T19:43:35+00:00,2026-06-30T23:03:37+00:00,945,0.0,0.0,0.1442,0.2652,0.186,110000.0,110,65.14,125,base
0xb464b8a38fdfc1f9eb914aabb26ff047d5f77146,29,1,2026-05-01T00:26:35+00:00,2026-06-24T06:49:19+00:00,7,0.0,0.0,0.4026,0.5231,0.5862,100000.0,7,54.27,6,base
0xb47c145caa5ad342f2d10edff212a0a99fde9304,958,1,2025-11-13T01:25:49+00:00,2025-11-28T03:52:51+00:00,1,0.0,0.0,1.0,1.0,1.0,100000.0,1,15.1,318,base
0xb4848d1b4b7e31b75b9b30d717f89777dc65d68e,751,1,2026-05-12T05:30:31+00:00,2026-07-03T02:17:47+00:00,76,0.0,0.0,0.2818,0.4536,0.5047,10000.0,12,51.87,260,base
0xb4ad76dfebc6a98d4c99bb43ea8a8023ab57a902,114,1,2026-02-03T14:27:57+00:00,2026-06-28T00:48:43+00:00,21,0.0,0.0,0.2452,0.4472,0.6754,10000.0,10,144.43,22,base
0xb4cb800910b228ed3d0834cf79d697127bbb00e5,4,1,2025-11-19T17:34:51+00:00,2026-04-18T02:38:05+00:00,4,0.0,0.0,0.5635,0.8363,0.25,10000.0,4,149.38,1,base
0xb4d61bc3a32425d6bb204c3ad4030dfa4c7b2f46,3857,1,2026-04-13T20:42:31+00:00,2026-07-02T19:12:45+00:00,24,0.0,0.0,0.2694,0.4863,0.5019,5000.0,6,79.94,424,base
0xb5051843ea5de8815d16c40fdfdeecd8c7afa677,2000,0,2025-10-27T16:06:35+00:00,2026-01-20T11:22:13+00:00,1605,0.0,0.0,0.1352,0.1669,0.9135,10000.0,15,84.8,995,base
0xb50bca6e8ec9d0ca76c77965a0e1aa15a68fdac2,21,1,2026-05-29T10:02:07+00:00,2026-06-23T17:08:49+00:00,4,0.0,0.0,0.4762,0.7143,1.0,10000.0,1,25.3,10,base
0xb5194a98dbdbb7028b585db26b972e7f0f3f826a,594,1,2026-04-18T18:55:07+00:00,2026-07-02T18:14:47+00:00,39,0.0,0.0,0.3662,0.506,0.4764,2250.0,34,74.97,88,base
0xb526e40d7e74a952040254042be7b8a5785baadc,1,1,2026-03-05T17:08:15+00:00,2026-03-05T17:08:15+00:00,1,0.0,0.0,1.0,1.0,1.0,26563935002.0,1,0.0,1,base
0xb54b0a3fd4069fbc7d151cbeff839967ae727c78,3,1,2025-10-29T16:24:15+00:00,2025-10-30T17:01:53+00:00,1,1.0,1.0,1.0,1.0,1.0,10000.0,1,1.03,2,base
0xb569fbaf02ff683a357d84c05d1c724d4af11de3,1,1,2026-04-19T11:37:03+00:00,2026-04-19T11:37:03+00:00,1,0.0,0.0,1.0,1.0,1.0,940000.0,1,0.0,1,base
0xb58d34b0f0687062170491b105999be43c4a1baa,5,1,2026-04-23T18:55:07+00:00,2026-05-01T07:36:51+00:00,3,0.0,0.0,0.4897,0.7586,0.2,1070000.0,5,7.53,3,base
0xb5959a70ea891bee67b8c3bafb0939b8d3eb2ddb,2,1,2025-10-28T12:10:23+00:00,2025-10-30T00:03:13+00:00,1,1.0,1.0,1.0,1.0,1.0,10000.0,1,1.5,1,base
0xb5998e11e666fd1e7f3b8e8d9122a755eec1e9b7,2000,0,2026-04-03T13:22:29+00:00,2026-06-28T00:46:55+00:00,94,0.0,0.0,0.1512,0.2292,0.2095,1000.0,15,85.48,860,base
0xb59d77eb7ee35658116568445e03f37bb38240de,124,1,2025-11-14T06:07:15+00:00,2026-01-01T10:32:31+00:00,1,0.0,0.0,1.0,1.0,0.7339,20000000.0,4,48.18,4,base
0xb5a05466712fd5bcdf2883f43cc6b1799428032d,85,1,2026-03-25T18:05:37+00:00,2026-07-03T01:00:07+00:00,8,0.0,0.0,0.6859,0.7812,0.3059,750000.0,9,99.29,17,base
0xb5bc2b3c8b2232625f80de9d48d0aa796800d7e9,2,1,2025-10-29T01:21:41+00:00,2025-10-29T13:21:31+00:00,1,0.0,0.0,1.0,1.0,1.0,500000.0,1,0.5,2,base
0xb5bd83040dc3f1509491908bb70b3928405a7f36,52,1,2026-05-27T09:12:09+00:00,2026-06-21T08:19:47+00:00,11,0.0,0.0,0.2026,0.3023,0.2308,150000.0,14,24.96,10,base
0xb5d86866e681b01845cd35540e2d92b3bf4c28f0,5,1,2025-11-24T18:16:19+00:00,2025-12-01T14:03:09+00:00,1,0.0,0.0,1.0,1.0,0.2,385.0,5,6.82,1,base
0xb62b92c8e74fb6698c57771db82ab703f6e024b9,1,1,2025-08-01T10:20:23+00:00,2025-08-01T10:20:23+00:00,1,0.0,0.0,1.0,1.0,1.0,1100.0,1,0.0,1,base
0xb64314cf0da3965ad753bbd0f94dbb158a3f34ca,1,1,2026-05-01T07:52:05+00:00,2026-05-01T07:52:05+00:00,1,0.0,0.0,1.0,1.0,1.0,100000.0,1,0.0,1,base
0xb65bd05e02c537a240bdebcfe21f4cf664c6c818,278,1,2026-03-10T03:27:37+00:00,2026-07-03T04:02:35+00:00,96,0.0,0.0,0.1405,0.232,0.9496,1000.0,2,115.02,40,base
0xb679b1a90066191b0db56673523996666517510b,2,1,2025-10-28T02:01:11+00:00,2025-10-28T04:16:23+00:00,1,0.0,0.0,1.0,1.0,1.0,100000.0,1,0.09,2,base
0xb69c86b17001f0c0838847225403cbd414905e2d,21,1,2026-02-26T16:44:27+00:00,2026-06-21T08:54:15+00:00,6,0.0,0.0,0.5413,0.7176,0.3333,30000.0,6,114.67,4,base
0xb6a6ba7f58fe92e77bce040cc0818c63ab9ac768,163,1,2026-04-22T19:07:07+00:00,2026-06-30T17:36:07+00:00,32,0.0,0.0,0.3342,0.5976,0.454,50000.0,4,68.94,24,base
0xb6b4f533f901b868cad2f59a78ec10efa9b88b40,604,1,2026-03-18T12:04:15+00:00,2026-07-02T13:20:47+00:00,7,0.0,0.0,0.6705,0.9799,0.5331,10000.0,73,106.05,29,base
0xb6cc6e034dab0849f0e4f49ffda6a0865c3f2812,5,1,2026-03-05T16:50:51+00:00,2026-03-05T16:59:49+00:00,1,0.0,0.0,1.0,1.0,0.4,10000.0,3,0.01,5,base
0xb6ef18ee784b71f9b8fdce5d5b3151def045f0e3,633,1,2025-11-02T06:21:25+00:00,2025-11-04T06:03:19+00:00,1,0.0,0.0,1.0,1.0,1.0,1000000.0,1,1.99,368,base
0xb71b4c4758e2034bc7950176944305a5435b3023,5,1,2026-03-17T02:00:17+00:00,2026-03-20T01:17:43+00:00,1,0.0,0.0,1.0,1.0,0.2,22303808.0,5,2.97,4,base
0xb7430de9b4d8e5cdb951019d7651cd5fda630498,33,1,2025-10-25T01:14:41+00:00,2026-06-21T05:02:41+00:00,11,0.0,0.0,0.8803,0.9313,0.8485,1000000.0,3,239.16,5,base
0xb74a15b8e0ee251f416763c6bcc92d50c3bcb620,701,1,2025-11-01T05:59:07+00:00,2025-11-04T06:03:19+00:00,1,0.0,0.0,1.0,1.0,0.9358,1000000.0,2,3.0,382,base
0xb77ab4de90c7ba886f7a28b588856aee70690734,3,1,2026-05-28T00:22:53+00:00,2026-05-30T00:27:39+00:00,1,0.0,0.0,1.0,1.0,0.3333,40000.0,3,2.0,1,base
0xb77bb730db97d8ced7d85b59dd702f83c65bd02c,292,1,2026-04-09T01:23:21+00:00,2026-07-02T15:43:03+00:00,50,0.0,0.0,0.0377,0.0719,1.0,1.0,1,84.6,11,base
0xb7e215aa9dcf1bde07a967591c33f37e1a8e1c4c,2000,0,2025-10-27T07:49:49+00:00,2025-10-31T02:51:51+00:00,654,0.0,0.0,0.235,0.3355,1.0,1000000.0,1,3.79,1000,base
0xb7e347296c4c3421a1dad9c8ce5866dfc8ce952c,1,1,2026-03-14T08:30:53+00:00,2026-03-14T08:30:53+00:00,1,0.0,0.0,1.0,1.0,1.0,1000.0,1,0.0,1,base
0xb7fc5424d2743ea299fb4a0ee0de6ce74d320d88,2000,0,2025-10-29T21:14:57+00:00,2025-10-31T16:15:19+00:00,242,0.0,0.0,0.011,0.0215,1.0,1000000.0,1,1.79,1000,base
0xb802d58eb6a67b37c1d819eb304897572b75858d,1,1,2025-10-30T22:57:23+00:00,2025-10-30T22:57:23+00:00,1,0.0,0.0,1.0,1.0,1.0,1000000.0,1,0.0,1,base
0xb805e2bd6a2d23c28f6e8eca08653c1467e32fa4,2,1,2026-06-01T19:27:31+00:00,2026-06-01T19:28:03+00:00,1,0.0,0.0,1.0,1.0,0.5,10000.0,2,0.0,2,base
0xb828c5cde35f51e4072623e4f5fd9817fd9d75fd,478,1,2025-10-23T18:08:15+00:00,2025-10-24T10:17:05+00:00,291,0.0,0.0,0.0502,0.0858,1.0,1000000.0,1,0.67,471,base
0xb836a641dae76424861f7f1fcb37c1295e44e329,1688,1,2025-12-24T08:01:47+00:00,2026-06-28T03:31:53+00:00,28,0.003,0.0023,0.6191,0.8472,0.4236,10000.0,5,185.81,684,base
0xb84f47aba03234e5626894e1545e8c512e75a86c,255,1,2025-10-31T13:51:43+00:00,2025-11-03T04:44:47+00:00,1,0.0,0.0,1.0,1.0,1.0,100000000.0,1,2.62,103,base
0xb856b2c501a91d8dc13411dbaeafdcaca8d39901,2604,1,2026-04-08T02:21:53+00:00,2026-06-29T05:16:03+00:00,7,0.0,0.0,0.9785,0.9912,1.0,1000.0,1,82.12,105,base
0xb85ebc44b95a5cfa37971ec3a83555ebb7cafb61,2,1,2025-11-11T15:46:33+00:00,2025-11-12T04:44:11+00:00,1,0.0,0.0,1.0,1.0,0.5,403.0,2,0.54,1,base
0xb88050e99bb9613e11802c40824ec82f40caa82f,3,1,2025-10-28T12:18:41+00:00,2025-10-30T00:15:09+00:00,1,1.0,1.0,1.0,1.0,1.0,10000.0,1,1.5,1,base
0xb8c12414854149d4be23f424c64000497a221806,2,1,2026-06-02T02:45:43+00:00,2026-06-03T01:36:17+00:00,1,0.0,0.0,1.0,1.0,0.5,40000.0,2,0.95,1,base
0xb8f6af0a14892a75fe7020b50e0b204046119d02,22,1,2026-03-27T10:40:17+00:00,2026-06-26T22:17:23+00:00,6,0.0,0.0,0.4571,0.8,0.7727,1000000.0,2,91.48,7,base
0xb8fa3968255794b089756bdf1850f37c3a8e65b6,2000,0,2025-10-29T01:15:57+00:00,2025-11-01T16:32:31+00:00,869,0.0,0.0,0.0748,0.098,0.9975,100000.0,2,3.64,1000,base
0xb90a408b5811d302c08c0aa2c6e6c757f87e9ae4,100,1,2026-04-14T08:43:57+00:00,2026-06-20T06:36:17+00:00,89,0.0,0.0,0.6842,0.7659,0.78,5000000.0,10,66.91,70,base
0xb910b205290dfade128f6d7c4d6f24552b060de9,2000,0,2025-10-29T10:30:27+00:00,2025-11-01T23:51:47+00:00,1989,0.0,0.0,0.001,0.002,1.0,1000000.0,1,3.56,1000,base
0xb91504d6f77d36923376c302ccc0237df0efaa35,21,1,2026-05-10T21:49:13+00:00,2026-06-28T20:01:35+00:00,5,0.0,0.0,0.3636,0.6667,0.7619,1000.0,2,48.93,9,base
0xb98f6a6ea4f3b68c5868cc0cca8282e5d9dad5cc,2,1,2025-10-27T20:40:31+00:00,2025-10-28T03:21:19+00:00,1,0.0,0.0,1.0,1.0,1.0,100000.0,1,0.28,1,base
0xb9de1e663fc9d17f3555f386796cdffcdb414539,8,1,2026-04-16T02:32:29+00:00,2026-06-30T06:34:27+00:00,2,0.0,0.0,0.8645,1.0,0.375,100000000.0,6,75.17,2,base
0xba15e3678de7ec0a807b0f918fb34304201e1a0a,990,1,2025-11-13T01:13:47+00:00,2025-11-28T03:59:01+00:00,1,0.0,0.0,1.0,1.0,1.0,100000.0,1,15.11,313,base
0xba2304d1f48ac01cf01427fc9d9ae3d21e71b536,2000,0,2025-10-25T06:56:33+00:00,2026-07-02T18:02:15+00:00,29,0.0,0.0,0.2682,0.5194,0.721,10000.0,2,250.46,371,base
0xba5c69694fe65b1df1e92c44954852f8aed4955f,1,1,2026-06-29T19:40:57+00:00,2026-06-29T19:40:57+00:00,1,0.0,0.0,1.0,1.0,1.0,3000000.0,1,0.0,1,base
0xba75bdc4366f95c7e691f200b9b2d8d3b172c12e,2911,1,2025-10-25T06:09:15+00:00,2025-10-31T09:58:21+00:00,174,0.0034,0.0036,0.0186,0.0337,0.8664,10000000.0,3,6.16,2886,base
0xba9d6947c0ad6ea2aaa99507355cf83b4d098058,58,1,2025-12-13T20:53:23+00:00,2026-01-06T16:42:25+00:00,1,0.0,0.0,1.0,1.0,0.3448,128700000.0,38,23.83,33,base
0xbaa99f0160b5c18e09133b896f3b3001d7f2a538,2,1,2025-11-12T06:40:39+00:00,2025-11-23T06:55:31+00:00,1,0.0,0.0,1.0,1.0,0.5,345.0,2,11.01,1,base
0xbacadfdf3aeae354bfa0b47f5e5ed02c65b6d2a3,1,1,2026-06-02T18:06:27+00:00,2026-06-02T18:06:27+00:00,1,0.0,0.0,1.0,1.0,1.0,10000.0,1,0.0,1,base
0xbad1aa224bfe4feb460e12b2553dcdf98a7098d0,1963,1,2025-09-13T21:03:35+00:00,2026-07-02T14:53:51+00:00,95,0.0,0.0,0.6302,0.7366,1.0,10000.0,1,291.74,531,base
0xbad516addacb0cd2ec8831a0e795293a338d8f99,1,1,2025-11-12T11:08:49+00:00,2025-11-12T11:08:49+00:00,1,0.0,0.0,1.0,1.0,1.0,1000.0,1,0.0,1,base
0xbaf31935ed514e8f7da81d0a730ab5362deeeeb7,626,1,2025-11-28T23:53:33+00:00,2026-06-29T05:32:47+00:00,17,0.0,0.0,0.5834,0.6676,0.6198,11110.0,8,212.24,178,base
0xbaf55b24ca99bd7393b6e627093b13c6628b53cc,1056,1,2026-06-15T13:40:23+00:00,2026-07-03T04:58:59+00:00,101,0.0,0.0,0.7556,0.7879,0.6203,50000.0,15,17.64,294,base
0xbafc7089bb6e128ceeef46608bcb0cffffaaf51b,8,1,2025-11-26T14:35:21+00:00,2025-12-20T10:33:09+00:00,1,0.0,0.0,1.0,1.0,0.25,10000000.0,6,23.83,2,base
0xbb12bb8f1b74cb18fbbb8385f2ea4a3d72104d43,2,1,2025-11-08T09:47:41+00:00,2025-11-12T05:44:39+00:00,1,0.0,0.0,1.0,1.0,0.5,218.0,2,3.83,1,base
0xbb2b7419b79276bb5c577d99a6ce80ad34e98500,3,1,2025-10-28T14:11:55+00:00,2025-10-30T04:45:37+00:00,1,1.0,1.0,1.0,1.0,1.0,10000.0,1,1.61,1,base
0xbb45bc6a6d727b38595dc85177a1bc681da71661,3,1,2026-04-21T15:47:51+00:00,2026-04-23T05:58:31+00:00,1,0.0,0.0,1.0,1.0,0.3333,60000.0,3,1.59,1,base
0xbb5998ce5a8ce31ced5317a5266c9935e26a32cd,1,1,2026-05-27T02:48:59+00:00,2026-05-27T02:48:59+00:00,1,0.0,0.0,1.0,1.0,1.0,30000.0,1,0.0,1,base
0xbb69ca22112d76cc3f52b45c529645f815910001,153,1,2026-03-30T20:04:01+00:00,2026-06-18T06:08:23+00:00,18,0.0,0.0,0.3489,0.4868,0.366,40000.0,5,79.42,36,base
0xbb74d43fac4bd1895ac4eb301333e2db079829d8,5,1,2026-04-26T03:23:33+00:00,2026-04-29T14:25:33+00:00,1,0.0,0.0,1.0,1.0,1.0,60000.0,1,3.46,4,base
0xbb7928d1ea5dafeb9b513d739a668dde91c206e1,1,1,2026-03-21T09:26:27+00:00,2026-03-21T09:26:27+00:00,1,0.0,0.0,1.0,1.0,1.0,10000.0,1,0.0,1,base
0xbb81d9652338f4aff7eb807f167f48d37563a4b1,6,1,2026-02-26T19:01:49+00:00,2026-03-03T23:25:17+00:00,1,0.0,0.0,1.0,1.0,0.1667,462597997.0,6,5.18,2,base
0xbb9cc90cc597f787321c2a32672d909927e4bbd1,1,1,2026-05-19T20:29:39+00:00,2026-05-19T20:29:39+00:00,1,0.0,0.0,1.0,1.0,1.0,10000.0,1,0.0,1,base
0xbb9d26c565eb9cd3733b0ba2b422615fb37f5931,1,1,2026-06-04T08:51:57+00:00,2026-06-04T08:51:57+00:00,1,0.0,0.0,1.0,1.0,1.0,40000.0,1,0.0,1,base
0xbbac6084884a02a65c2b4ab45fe750f4556c7fb4,1,1,2026-06-01T14:22:55+00:00,2026-06-01T14:22:55+00:00,1,0.0,0.0,1.0,1.0,1.0,40000.0,1,0.0,1,base
0xbbb0d8340fdc8be576d7ca0e5d05d946eb9ebad2,1,1,2025-11-07T10:54:03+00:00,2025-11-07T10:54:03+00:00,1,0.0,0.0,1.0,1.0,1.0,1000.0,1,0.0,1,base
0xbbb628c6af68523f4d323fdb774909bb0d598f95,2000,0,2025-11-07T13:17:03+00:00,2026-03-14T01:37:49+00:00,27,0.0,0.0,0.25,0.498,1.0,10000.0,1,126.51,1000,base
0xbbb9b07ea72c7defa9055e0f20dfe191df1a23b3,3,1,2025-10-28T10:52:59+00:00,2025-10-31T01:46:57+00:00,1,1.0,1.0,1.0,1.0,1.0,10000.0,1,2.62,1,base
0xbbe555506e978a2a79e850557c0b4a170e4554f5,1,1,2025-11-12T11:09:39+00:00,2025-11-12T11:09:39+00:00,1,0.0,0.0,1.0,1.0,1.0,1000.0,1,0.0,1,base
0xbbeaf7cc0dae2378ad5fed66a9c3a43a0ca7b514,4,1,2026-04-30T20:06:33+00:00,2026-04-30T20:11:25+00:00,1,0.0,0.0,1.0,1.0,1.0,60000.0,1,0.0,4,base
0xbc58c4246406b69cb04f2fcf7bbb952b07562089,1727,0,2025-11-02T06:01:21+00:00,2025-11-28T04:02:45+00:00,1,0.0,0.0,1.0,1.0,1.0,1000000.0,1,25.92,350,base
0xbc64b379295310b4e020f9186de44be0ca4fe3b0,1533,1,2026-04-23T12:38:09+00:00,2026-07-03T04:09:19+00:00,176,0.0065,0.0054,0.3546,0.6591,0.4866,1000.0,3,70.65,259,base
0xbc9f216dfef0fd2297981848198a2d369932feef,112,1,2025-12-11T02:01:13+00:00,2026-06-23T12:03:17+00:00,14,0.0,0.0,0.2334,0.3539,0.4732,990000.0,5,194.42,55,base
0xbcbd4963a5b088996f5e26cf0fef38425a00820c,43,1,2026-02-18T05:46:47+00:00,2026-07-02T16:56:55+00:00,6,0.0,0.0,0.3665,0.7073,0.7907,220000.0,5,134.47,7,base
0xbcc0521cdd5a003f4f76d3e01e982b13937527dc,769,1,2025-10-24T19:22:41+00:00,2025-10-26T23:50:05+00:00,159,0.0,0.0,0.1417,0.1912,1.0,10000000.0,1,2.19,386,base
0xbcf63e6ea161bbe3c36cbfb09fd3a084ecbdf358,37,1,2026-02-11T04:24:17+00:00,2026-05-12T23:23:39+00:00,1,0.0,0.0,1.0,1.0,0.1351,50000000.0,22,90.79,10,base
0xbd17480bf6ff056f7b91d9adc9dfda001eb7283d,584,1,2026-05-28T22:26:17+00:00,2026-07-03T04:55:45+00:00,47,0.0,0.0,0.1918,0.363,1.0,20000.0,1,35.27,102,base
0xbd21d0ef034f5d34b7827c8d507344ff6f4e052b,3,1,2025-11-13T05:01:23+00:00,2025-11-15T04:44:17+00:00,1,0.0,0.0,1.0,1.0,0.3333,247.0,3,1.99,1,base
0xbd44db5b6120c9fc9f87b7867d266a3be9f7caa0,1070,1,2025-11-24T02:42:23+00:00,2025-11-28T03:46:39+00:00,1,0.0,0.0,1.0,1.0,1.0,1000000.0,1,4.04,383,base
0xbd4525da88543b95b2e113d07203e3c4792f7298,476,1,2026-03-12T10:53:39+00:00,2026-06-21T01:23:53+00:00,7,0.0,0.0,0.9414,0.9794,0.2752,10000.0,57,100.6,28,base
0xbd4ba81ba8e3fdd4077353a89ca721e7c4e165d5,1,1,2026-06-30T12:15:57+00:00,2026-06-30T12:15:57+00:00,1,0.0,0.0,1.0,1.0,1.0,1960000.0,1,0.0,1,base
0xbd556711c9294780be5f7f96e869eaf08cb90830,1,1,2026-04-29T19:22:25+00:00,2026-04-29T19:22:25+00:00,1,0.0,0.0,1.0,1.0,1.0,2000.0,1,0.0,1,base
0xbd60ef4886473e4b84cf37dfb6fd549d7d1c0288,120,1,2025-11-17T01:28:27+00:00,2025-12-31T15:34:11+00:00,1,0.0,0.0,1.0,1.0,0.75,20000000.0,4,44.59,4,base
0xbd80071e4a1ff86651c0edc9aa7bc8238a0f9612,3,1,2025-10-28T00:08:01+00:00,2025-10-28T10:39:45+00:00,2,0.0,0.0,0.6667,1.0,1.0,100000.0,1,0.44,3,base
0xbd81965c4114f82062f33bc8b65277f4df8fc95f,1273,0,2025-10-31T12:42:53+00:00,2025-11-28T03:52:05+00:00,1,0.0,0.0,1.0,1.0,0.7808,100000.0,2,27.63,285,base
0xbd9b4bed5aec5be0075e11371554899275a9436e,5,1,2026-04-29T14:20:43+00:00,2026-04-29T14:27:53+00:00,1,0.0,0.0,1.0,1.0,1.0,60000.0,1,0.0,5,base
0xbd9ebe08be6e043dc98313a60e529d9e5b3cfe6f,2,1,2026-04-14T11:59:55+00:00,2026-04-15T11:45:25+00:00,1,0.0,0.0,1.0,1.0,0.5,860000.0,2,0.99,1,base
0xbdbddbed6360e45a7fe0550a9a4f1fae4c5074e7,2000,0,2025-11-12T01:39:53+00:00,2025-11-13T03:38:57+00:00,185,0.0,0.0,0.0725,0.142,1.0,1000000.0,1,1.08,1000,base
0xbdebdf619a5c94165d63d8c591985dc803b0cd6a,40,1,2026-01-14T12:58:37+00:00,2026-06-23T14:17:47+00:00,12,0.0,0.0,0.5,0.575,1.0,1000.0,1,160.05,11,base
0xbe02d7fcc35c88ef72b920ceda0af1f60358cb7d,3,1,2025-10-28T09:57:45+00:00,2025-10-30T00:51:03+00:00,1,1.0,1.0,1.0,1.0,1.0,100000.0,1,1.62,1,base
0xbe683fa884b75cd5cac20a13772ef8fffa716ad6,74,1,2025-11-17T16:21:37+00:00,2026-06-24T03:01:31+00:00,9,0.0,0.0,0.3242,0.5776,0.8108,100000.0,5,218.44,29,base
0xbe74053d83fc13eb33353ab3616cafc7fff07eea,118,1,2025-11-28T23:13:15+00:00,2025-12-22T23:00:47+00:00,2,0.0,0.0,0.7207,1.0,0.9237,10000.0,4,23.99,26,base
0xbe77b857cf35cb4adebdbfd73df89410c8aa6213,2000,0,2025-10-25T18:53:29+00:00,2025-10-26T03:35:01+00:00,254,0.0,0.0,0.103,0.205,1.0,1000000.0,1,0.36,1000,base
0xbe7a5fa14b6f266ced26e20c16a0e4076469e667,1,1,2026-05-12T15:51:15+00:00,2026-05-12T15:51:15+00:00,1,0.0,0.0,1.0,1.0,1.0,10000.0,1,0.0,1,base
0xbea33ba0c1a730647e26d083ffcff0629c0ccd37,69,1,2026-04-26T02:51:01+00:00,2026-06-13T17:11:31+00:00,1,0.0,0.0,1.0,1.0,0.3043,10000.0,24,48.6,9,base
0xbea5a43177a888143e6d9d27b814fdc522c576a1,6,1,2026-05-29T07:18:05+00:00,2026-06-03T00:41:53+00:00,1,0.0,0.0,1.0,1.0,0.8333,10000.0,2,4.72,1,base
0xbebed9c0555cd9086285d5b27e4d3ef3f6630bab,1378,0,2025-11-01T03:53:23+00:00,2025-11-28T03:59:41+00:00,1,0.0,0.0,1.0,1.0,0.7707,100000.0,2,27.0,303,base
0xbebf480b0f33ea457d7f023e8158d944ecd76069,3,1,2025-10-28T01:55:55+00:00,2025-10-28T10:35:27+00:00,1,0.0,0.0,1.0,1.0,1.0,100000.0,1,0.36,3,base
0xbec8462aea5275343b4ee6c8d50a0a0716c28ceb,1837,0,2025-10-31T14:30:19+00:00,2025-11-28T04:00:29+00:00,1,0.0,0.0,1.0,1.0,1.0,1000000.0,1,27.56,386,base
0xbecc987508adf6696a3254bed485cc2d9493c8ad,35,1,2026-06-20T03:07:33+00:00,2026-07-01T03:05:27+00:00,12,0.0,0.0,0.7417,0.8056,0.4,80000.0,5,11.0,12,base
0xbedb662c7c822276ee662b4ef18422278e7fad96,1,1,2025-11-13T01:12:13+00:00,2025-11-13T01:12:13+00:00,1,0.0,0.0,1.0,1.0,1.0,100000.0,1,0.0,1,base
0xbee542934baab766689bba388697934708558205,2,1,2026-05-27T00:39:53+00:00,2026-05-27T00:41:13+00:00,1,0.0,0.0,1.0,1.0,0.5,10000.0,2,0.0,2,base
0xbf1c415b51393990f5a8f8f51c7fc3b9a072f320,5,1,2026-04-12T14:02:57+00:00,2026-04-12T14:36:25+00:00,1,0.0,0.0,1.0,1.0,1.0,60000.0,1,0.02,5,base
0xbf22b6ddb5a08c823856a779f1004eea60c5ab92,642,1,2026-04-10T18:44:39+00:00,2026-07-03T02:42:13+00:00,58,0.0,0.0,0.2786,0.4738,0.4953,50000.0,11,83.33,57,base
0xbf23e0b31239b2205c7335c6e4800cefd51b3189,46,1,2025-11-10T12:19:19+00:00,2026-01-11T13:41:43+00:00,21,0.0,0.0,0.2437,0.4874,0.4565,1000000.0,5,62.06,26,base
0xbf3a4bb2b1355eddb389102a436b0f22322a35f3,1,1,2026-04-16T21:44:55+00:00,2026-04-16T21:44:55+00:00,1,0.0,0.0,1.0,1.0,1.0,10000.0,1,0.0,1,base
0xbf55517d60aea9eb7a8abb343c84c7457f5163ab,1,1,2025-11-07T09:48:59+00:00,2025-11-07T09:48:59+00:00,1,0.0,0.0,1.0,1.0,1.0,1000.0,1,0.0,1,base
0xbf5a14d19ca22d6d16a4a6525c42ae860e490001,124,1,2025-11-14T06:08:05+00:00,2026-01-01T10:33:09+00:00,1,0.0,0.0,1.0,1.0,0.7339,20000000.0,4,48.18,4,base
0xbf9818cccb8a13f66420ddbb782b993c7472a5ca,6,1,2026-01-31T20:42:43+00:00,2026-03-18T23:46:17+00:00,1,0.0,0.0,1.0,1.0,0.1667,207191557.0,6,46.13,4,base
0xbfc6a15d144b4028fe1cf923a243c343c28577aa,1312,0,2025-11-02T06:14:23+00:00,2025-11-28T03:58:59+00:00,1,0.0,0.0,1.0,1.0,0.7934,100000.0,2,25.91,287,base
0xbfd71ea27ffc99747da2873372f84346d9a8b7ed,254,1,2026-06-16T01:03:05+00:00,2026-06-22T10:53:37+00:00,23,0.0,0.0,0.1078,0.2155,0.8268,10000.0,2,6.41,160,base
0xc000a1a09fd4755e625afa7fe0b948e2d751a17c,1,1,2025-10-27T20:37:51+00:00,2025-10-27T20:37:51+00:00,1,0.0,0.0,1.0,1.0,1.0,100000.0,1,0.0,1,base
0xc00e2fe593b1d15f98ecdea7b7ff6dce7426c2a2,80,1,2026-04-15T13:02:13+00:00,2026-06-09T11:46:03+00:00,10,0.0,0.0,0.3177,0.561,0.0375,1490000.0,67,54.95,12,base
0xc02f2c81df9cc74a523c6c63bcc75a38417d4eec,1383,0,2025-11-01T05:56:27+00:00,2025-11-28T03:52:05+00:00,1,0.0,0.0,1.0,1.0,0.765,100000.0,2,26.91,305,base
0xc048ab72082dab306a3077ae64b28804805e089e,1881,0,2025-11-01T10:07:59+00:00,2025-11-28T03:28:37+00:00,1,0.0,0.0,1.0,1.0,1.0,1000000.0,1,26.72,361,base
0xc0541b06f703c6753b842d83cf62d55f93ee81be,32,1,2025-09-30T17:40:59+00:00,2025-10-24T18:43:27+00:00,3,0.0,0.0,0.7778,0.9445,0.5625,25000000.0,2,24.04,12,base
0xc0781dde32f9d9142e0fed24b221d1f2b9cb1793,1,1,2025-11-11T21:06:31+00:00,2025-11-11T21:06:31+00:00,1,0.0,0.0,1.0,1.0,1.0,1000.0,1,0.0,1,base
0xc0887adf2411c4db859e497c1f931c59600b1ec4,23,1,2026-04-20T11:54:45+00:00,2026-06-23T14:55:55+00:00,6,0.0,0.0,0.4545,0.6818,0.7391,10000.0,2,64.13,8,base
0xc0894ddf95a60e8fc5efc99bb0ad2c51da2e963c,1,1,2026-05-15T05:27:13+00:00,2026-05-15T05:27:13+00:00,1,0.0,0.0,1.0,1.0,1.0,10000.0,1,0.0,1,base
0xc0900bc3ed4520b761012ca75164d0d4746124bc,309,1,2026-03-22T23:03:51+00:00,2026-06-18T04:44:31+00:00,22,0.0,0.0,0.7741,0.8419,0.9838,500000.0,3,87.24,42,base
0xc0bc6ae8d9843dfe4bb0cfff88785d686c38d47a,1360,1,2026-03-12T21:30:21+00:00,2026-06-17T07:40:03+00:00,1,0.0,0.0,1.0,1.0,0.0007,8170755.0,1360,96.42,93,base
0xc0c191642e66c74ba45c237a148a6abb71e66485,10,1,2026-04-15T15:07:03+00:00,2026-05-23T01:46:23+00:00,1,0.0,0.0,1.0,1.0,0.3,100000.0,8,37.44,2,base
0xc0ccf68a8e61a4d25eecfcacd486e673e900de0a,345,1,2026-05-28T15:03:55+00:00,2026-07-01T08:10:27+00:00,16,0.0,0.0,0.4493,0.6986,1.0,10000.0,1,33.71,65,base
0xc0ce1b640a8e01972668f78792028f67db030796,2000,0,2025-11-28T01:48:59+00:00,2026-01-05T20:13:47+00:00,4,0.0,0.0,0.4975,0.7036,0.2645,20000.0,72,38.77,917,base
0xc0cf221ba407665038b9eab87760d3454977ca5f,2,1,2026-06-03T04:35:21+00:00,2026-06-03T04:39:31+00:00,1,0.0,0.0,1.0,1.0,0.5,10000.0,2,0.0,2,base
0xc0d09d477057fa05f109f73be225e8c224a95466,1208,1,2026-04-22T02:51:43+00:00,2026-07-03T03:30:05+00:00,6,0.0,0.0,0.3044,0.5762,0.5414,100000.0,3,72.03,56,base
0xc13f2e30768935245803038b5929fdde650e5bd1,1019,1,2025-10-31T15:03:29+00:00,2025-11-28T03:54:29+00:00,1,0.0,0.0,1.0,1.0,1.0,1000000.0,1,27.54,336,base
0xc141c37bb258ff4b92b3f5a47679cc5500549018,11,1,2025-11-11T09:54:37+00:00,2025-12-02T18:17:55+00:00,1,0.0,0.0,1.0,1.0,0.0909,285.0,11,21.35,1,base
0xc14551614426f0711cac82d927af5d38faf8903e,4,1,2025-10-28T13:27:39+00:00,2025-10-30T04:04:17+00:00,1,1.0,1.0,1.0,1.0,1.0,10000.0,1,1.61,2,base
0xc1726e09aea4b9b967353b7b56890955e9e5bc2c,40,1,2026-03-13T20:23:25+00:00,2026-06-21T04:05:39+00:00,8,0.0,0.0,0.6083,0.7583,0.5,10000.0,3,99.32,12,base
0xc1ba4c640e6f0ef4d8c8640c790597c6e0a12af8,28,1,2026-06-02T01:33:25+00:00,2026-06-26T20:43:23+00:00,8,0.0714,0.0465,0.4884,0.6512,0.8929,150000.0,3,24.8,5,base
0xc1cb242590a39b21e13cd10e042b62740cc86d7f,702,1,2026-03-19T04:42:43+00:00,2026-06-18T22:24:53+00:00,4,0.0,0.0,0.9891,1.0,0.49,10000.0,64,91.74,40,base
0xc1cc634d20d1fec6e894af706a68e4c33babe6c4,3,1,2025-10-27T20:54:09+00:00,2025-10-28T12:01:45+00:00,1,0.0,0.0,1.0,1.0,0.6667,100000.0,2,0.63,2,base
0xc2034c96a03997bc9dff7f3316009751dca22e18,2,1,2026-05-25T23:35:27+00:00,2026-05-25T23:36:11+00:00,1,0.0,0.0,1.0,1.0,0.5,10000.0,2,0.0,2,base
0xc20d89c2bbedde8a6f8d9141eda97e3aaf2a4504,637,1,2025-10-31T15:23:37+00:00,2025-11-04T06:03:19+00:00,1,0.0,0.0,1.0,1.0,0.9984,1000000.0,2,3.61,368,base
0xc21bdbba05d3662f0f63ac6d209c6cb17e61aad3,795,1,2025-11-03T01:22:21+00:00,2026-06-26T14:11:07+00:00,15,0.1157,0.0047,0.7739,0.9579,0.5623,40000.0,6,235.53,193,base
0xc22e9f494d0d12dbfc4a0fe70b25063f2e5e8903,3,1,2026-06-20T04:30:17+00:00,2026-06-20T15:08:47+00:00,1,0.0,0.0,1.0,1.0,1.0,10000.0,1,0.44,3,base
0xc23fceb1121007a954a2b310e38a378a093efc22,1,1,2026-05-03T17:00:55+00:00,2026-05-03T17:00:55+00:00,1,0.0,0.0,1.0,1.0,1.0,100000.0,1,0.0,1,base
0xc2570f8004752de0a7294d622bca499e98cf17b4,381,1,2025-10-26T12:04:03+00:00,2026-06-22T05:07:19+00:00,155,0.0,0.0,0.0912,0.1521,0.6063,1000000.0,3,238.71,334,base
0xc25c4f15f7501d57d34f54e930c3bccecbb7fad0,1,1,2026-07-01T21:59:37+00:00,2026-07-01T21:59:37+00:00,1,0.0,0.0,1.0,1.0,1.0,10000.0,1,0.0,1,base
0xc273630db49632ecd077c7df606b306e400a9882,567,1,2026-03-05T15:57:51+00:00,2026-07-03T00:19:23+00:00,26,0.0,0.0,0.4565,0.7122,0.6155,10000.0,18,119.35,77,base
0xc2d414c1c673f933b1b086b64e08c1f521330c6a,10,1,2025-11-11T09:52:47+00:00,2025-12-02T18:16:17+00:00,1,0.0,0.0,1.0,1.0,0.1,225.0,10,21.35,1,base
0xc2f04240aecf3c6ae75f2378b13d9713de29f18a,127,1,2025-11-10T15:12:11+00:00,2026-01-01T10:25:01+00:00,1,0.0,0.0,1.0,1.0,0.7165,20000000.0,7,51.8,4,base
0xc2f116942330e103986f730713b61fa850191fae,2,1,2025-10-28T03:32:25+00:00,2025-10-28T12:04:53+00:00,1,0.0,0.0,1.0,1.0,0.5,100000.0,2,0.36,2,base
0xc2f5fc2f46c8640a60a1ebfa9776338cc1b1e1dc,258,1,2026-04-27T18:25:23+00:00,2026-07-01T13:57:19+00:00,29,0.0,0.0,0.1772,0.3247,0.6783,20000.0,14,64.81,32,base
0xc31788a40ab35c615c4eacde69aaee6a3e173d90,1,1,2025-10-28T02:27:31+00:00,2025-10-28T02:27:31+00:00,1,0.0,0.0,1.0,1.0,1.0,100000.0,1,0.0,1,base
0xc34c89c78373202c1d2d1947208bf3879af3b854,20,1,2026-05-07T20:13:23+00:00,2026-06-29T14:01:23+00:00,7,0.0,0.0,0.5118,0.9568,0.1,980000.0,19,52.74,3,base
0xc359974fb0574f998e78fc00d4ef2482f96f7472,1,1,2025-10-28T02:03:01+00:00,2025-10-28T02:03:01+00:00,1,0.0,0.0,1.0,1.0,1.0,100000.0,1,0.0,1,base
0xc37c762e0c0171d6a393d4ab36d84563df20fd1a,2454,1,2025-11-20T19:48:39+00:00,2026-01-01T06:39:13+00:00,60,0.0,0.0,0.326,0.5297,1.0,1000000.0,1,41.45,2396,base
0xc37dd2af121b2a0cb9587a3f032a6699de2490e4,1,1,2026-06-17T18:12:21+00:00,2026-06-17T18:12:21+00:00,1,0.0,0.0,1.0,1.0,1.0,100000.0,1,0.0,1,base
0xc393d33284e334bc2526d12f049642353e6fe45f,901,1,2025-11-13T01:13:05+00:00,2025-11-28T03:59:47+00:00,1,0.0,0.0,1.0,1.0,1.0,100000.0,1,15.12,279,base
0xc3a8008790dcc37e51943968005af92761b6feff,2000,0,2026-04-05T08:47:51+00:00,2026-06-22T05:17:53+00:00,31,0.0,0.0,0.5002,0.5212,0.9995,10000.0,2,77.85,1000,base
0xc3b298f769e79f1162c2afb1654d264e2611758a,33,1,2026-01-28T13:55:39+00:00,2026-04-24T15:42:27+00:00,17,0.0,0.0,0.2755,0.4695,0.1212,102000000.0,25,86.07,3,base
0xc3bcf169ac2220955054b97b422ba80b5a3628da,65,1,2025-10-27T23:43:21+00:00,2025-11-03T22:03:11+00:00,49,0.0154,0.0,0.3259,0.508,0.5846,1000.0,28,6.93,27,base
0xc3f4bea7e1bf07a27bdd19388c8e3c324a1f0f7c,5,1,2026-05-10T03:05:37+00:00,2026-05-29T14:15:27+00:00,1,0.0,0.0,1.0,1.0,0.4,30000.0,4,19.47,2,base
0xc3f88ba2bb817115ebd9084f12b3dc6bd57211d0,2000,0,2025-10-25T20:55:15+00:00,2025-10-26T16:51:21+00:00,282,0.0,0.0,0.2345,0.2821,0.8815,10000000.0,2,0.83,1990,base
0xc40cadba25aed04788d39cf2a14583ff2c89842c,1,1,2026-05-26T16:03:53+00:00,2026-05-26T16:03:53+00:00,1,0.0,0.0,1.0,1.0,1.0,110000.0,1,0.0,1,base
0xc41672e349c3f6dadf8e4031b6d2d3d09de276f9,55,1,2026-01-18T16:08:37+00:00,2026-03-10T20:51:31+00:00,3,0.0,0.0,0.9997,0.9999,0.2182,50000.0,20,51.2,13,base
0xc461c1c9b67787c81e6249f409d843d45a9fce1a,2000,0,2025-11-23T15:30:13+00:00,2025-11-28T04:03:03+00:00,1,0.0,0.0,1.0,1.0,1.0,100000.0,1,4.52,553,base
0xc46259196b91eb56fd86ab6660e1cb4cdca84847,1,1,2026-04-25T15:14:03+00:00,2026-04-25T15:14:03+00:00,1,0.0,0.0,1.0,1.0,1.0,300000.0,1,0.0,1,base
0xc4e0449fd82d019e37ed8df68702cc69256144e1,103,1,2025-10-31T08:06:15+00:00,2025-10-31T10:46:49+00:00,1,0.0,0.0,1.0,1.0,0.9223,10000000.0,4,0.11,103,base
0xc4e4dbd1d3eee63836d22e5da95aa5b2adcaa7a2,4,1,2026-05-31T05:21:39+00:00,2026-06-03T01:18:47+00:00,1,0.0,0.0,1.0,1.0,0.75,10000.0,2,2.83,1,base
0xc4fef72385b1cf0dfc443a4a00fba06e1170e756,1,1,2026-06-30T00:41:47+00:00,2026-06-30T00:41:47+00:00,1,0.0,0.0,1.0,1.0,1.0,10000.0,1,0.0,1,base
0xc50257a8a71d6f8107f031b3d66dca21f6551310,775,1,2026-04-20T14:54:35+00:00,2026-07-01T13:19:57+00:00,1,0.0,0.0,1.0,1.0,0.7755,1000000.0,4,71.93,602,base
0xc529edd6d47c60923902514c7c0b3993ae42c2ec,39,1,2026-05-15T13:38:49+00:00,2026-06-30T02:20:43+00:00,12,0.0,0.0,0.359,0.5385,1.0,1000.0,1,45.53,8,base
0xc5341d3b561f3b892fd9152d67324fd2feec9608,2,1,2025-10-29T01:25:33+00:00,2025-10-29T13:25:23+00:00,1,0.0,0.0,1.0,1.0,1.0,500000.0,1,0.5,2,base
0xc56d1d78e8559d93ba490e8479c432d1a62911c7,451,1,2026-03-19T12:57:49+00:00,2026-06-16T06:20:59+00:00,8,0.0,0.0,0.9932,0.9997,0.235,10000.0,60,88.72,19,base
0xc5e1b1b33e3827a7896c560a19ba7fc265dce75b,382,1,2026-05-08T17:20:13+00:00,2026-06-08T02:53:15+00:00,377,0.0,0.0,0.0049,0.0089,0.3534,300000.0,22,30.4,125,base
0xc637e84b78ff1b8770188f734310c5163cc46266,1,1,2026-06-26T05:47:35+00:00,2026-06-26T05:47:35+00:00,1,0.0,0.0,1.0,1.0,1.0,10000.0,1,0.0,1,base
0xc656f287b4db809fb96cc2b1ddd31472d7097f3e,4,1,2025-10-28T11:25:31+00:00,2025-10-30T02:05:11+00:00,2,0.0,0.0,0.75,1.0,1.0,10000.0,1,1.61,2,base
0xc657302b1aba9c73feaaef2a45537761c05c48f2,402,1,2025-11-02T04:59:59+00:00,2025-11-10T14:28:03+00:00,44,0.0025,0.0004,0.4707,0.5866,0.5348,10000000.0,2,8.39,387,base
0xc6a978fbabc919a7cb43f0c42fd39b97582fa565,1,1,2025-11-07T09:04:05+00:00,2025-11-07T09:04:05+00:00,1,0.0,0.0,1.0,1.0,1.0,1000.0,1,0.0,1,base
0xc70bf85b4c8648c0062e5cf511f60e659c95ac36,69,1,2026-04-20T18:47:25+00:00,2026-04-20T19:22:57+00:00,69,0.0,0.0,0.0225,0.0426,0.0145,388585348.0,69,0.02,69,base
0xc70f11e32c20b6bcde55da873d8da18270b8d1ae,258,1,2025-11-11T01:07:29+00:00,2026-01-01T10:27:59+00:00,67,0.0,0.0,0.6098,0.6273,0.3566,20000000.0,21,51.39,7,base
0xc7324f871f898098e2c20ec2654f330f68a123df,4,1,2025-10-29T23:11:51+00:00,2025-10-30T23:58:05+00:00,1,0.0,0.0,1.0,1.0,0.5,300000.0,3,1.03,3,base
0xc77726ebdcb218d096c8bd4b5d2a91f961d3669b,1,1,2025-11-23T05:48:57+00:00,2025-11-23T05:48:57+00:00,1,0.0,0.0,1.0,1.0,1.0,318.0,1,0.0,1,base
0xc79beaa62767009dc7d9000a4d2a94bac84d5f40,128,1,2025-11-10T15:21:45+00:00,2026-01-01T10:27:37+00:00,2,0.0,0.0,0.9993,1.0,0.7109,20000000.0,8,51.8,4,base
0xc7a13e01a6dd87f0cdfba1168e2b8d2a907d143d,1,1,2026-06-05T17:48:29+00:00,2026-06-05T17:48:29+00:00,1,0.0,0.0,1.0,1.0,1.0,2000.0,1,0.0,1,base
0xc7ce6c65e5a4866a7c5bc04620b4f1c51c25f1d6,11,1,2025-11-13T06:53:31+00:00,2025-11-29T18:02:15+00:00,1,0.0,0.0,1.0,1.0,0.0909,380.0,11,16.46,1,base
0xc7f347369e5e26c03c050c5ec9cc366b1819c044,2000,0,2026-04-07T14:59:01+00:00,2026-07-03T05:01:47+00:00,1,0.0,0.0,1.0,1.0,0.005,0.0,1962,86.59,148,base
0xc7f46edf550a7fd75f7d77587c3712ad7c58f7cd,24,1,2026-05-11T08:55:29+00:00,2026-07-01T06:43:41+00:00,16,0.0,0.0,0.3793,0.4388,0.375,400000.0,11,50.91,6,base
0xc82711a2eef450704447d5596ff27f4db971e165,72,1,2025-10-26T08:54:03+00:00,2026-06-22T04:12:17+00:00,24,0.0,0.0,0.1449,0.2792,0.5,500000.0,3,238.8,15,base
0xc82b69193cefd5c41333114cc99f8727cbbaf6df,2000,0,2026-05-23T19:15:43+00:00,2026-07-03T03:04:55+00:00,2,0.0,0.0,0.9921,1.0,0.9995,10000.0,2,40.33,1000,base
0xc8512a1c5e08655e324116f10eaceee0ce20a9b9,3,1,2025-10-27T20:30:15+00:00,2025-10-28T09:50:59+00:00,1,0.0,0.0,1.0,1.0,1.0,100000.0,1,0.56,2,base
0xc85b52a773c4c09adee7d55a0f29ef5687376ae8,2,1,2025-11-23T09:18:41+00:00,2025-11-28T07:58:01+00:00,1,0.0,0.0,1.0,1.0,0.5,425.0,2,4.94,1,base
0xc8652cc5482cf74129b3161c0500989ac16ddc2a,2,1,2026-04-24T15:02:47+00:00,2026-05-14T07:27:43+00:00,1,0.0,0.0,1.0,1.0,0.5,600000.0,2,19.68,1,base
0xc87a06dee4c0e85912296002617120bbfd5ef990,26,1,2026-06-05T10:15:41+00:00,2026-06-30T16:14:55+00:00,6,0.0,0.0,0.6917,0.9526,0.2692,10000.0,6,25.25,6,base
0xc87a34ea2051c052c9e4ccb4bfc5d308560abc68,298,1,2026-04-07T14:55:29+00:00,2026-07-03T04:47:01+00:00,49,0.0,0.0,0.0369,0.0705,1.0,1.0,1,86.58,11,base
0xc881791bd23404830124228380c0b8e7f9dfe0bc,1,1,2025-10-27T20:48:37+00:00,2025-10-27T20:48:37+00:00,1,0.0,0.0,1.0,1.0,1.0,100000.0,1,0.0,1,base
0xc891f0ec2f0a8dc708cb032d8e87d63250771d2a,174,1,2025-10-31T11:04:37+00:00,2025-10-31T15:16:55+00:00,1,0.0,0.0,1.0,1.0,1.0,30000000.0,1,0.18,174,base
0xc8babd21728420feef8f9d42e86aa12aebfbf35d,1,1,2026-04-23T06:32:31+00:00,2026-04-23T06:32:31+00:00,1,0.0,0.0,1.0,1.0,1.0,60000.0,1,0.0,1,base
0xc8d61c27aaa47b38d304d885b060bf1fb7a7100b,3,1,2025-10-28T12:03:55+00:00,2025-10-30T00:19:07+00:00,1,1.0,1.0,1.0,1.0,1.0,10000.0,1,1.51,1,base
0xc8df5d7450f2c6765c62927738c12c8f2f285e32,2,1,2026-06-04T03:30:03+00:00,2026-06-04T03:39:27+00:00,1,0.0,0.0,1.0,1.0,0.5,30000.0,2,0.01,2,base
0xc8e85a9917e94da95a487fe861171ceb40bc4ee4,86,1,2026-02-13T06:23:31+00:00,2026-05-15T02:20:45+00:00,31,0.0,0.0,0.9629,0.9791,0.5698,1000000.0,14,90.83,19,base
0xc8f347e041573597c6334c19bbc01edc91ce37a8,5,1,2026-05-13T01:18:41+00:00,2026-06-09T15:22:19+00:00,3,0.0,0.0,0.5369,0.8456,0.2,100000000.0,5,27.59,3,base
0xc8f922cb40ab39ab09cafcf72427a1e909b5e69c,6,1,2026-05-28T14:23:35+00:00,2026-06-04T15:12:07+00:00,1,0.0,0.0,1.0,1.0,1.0,50000.0,1,7.03,1,base
0xc900f41481b4f7c612af9ce3b1d16a7a1b6bd96e,2000,0,2025-05-23T19:54:17+00:00,2026-07-02T05:39:09+00:00,108,0.0,0.0,0.9525,0.9615,0.326,100.0,48,404.41,829,base
0xc91ce6291edc0713ec753bafba002506ffb2b95c,770,1,2026-06-10T21:28:55+00:00,2026-07-03T04:27:35+00:00,85,0.0,0.0,0.8582,0.9355,0.6286,1000.0,13,22.29,520,base
0xc92a424c57bd030407008a760ca78e6c97e00efe,3183,1,2026-02-14T17:44:17+00:00,2026-07-03T01:12:37+00:00,8,0.0,0.0,0.6445,0.8945,0.4493,20000.0,10,138.31,1510,base
0xc9368b30bd620164fd1a05a5d99dcaf8ae754775,1158,1,2025-12-25T03:00:57+00:00,2026-07-02T02:38:15+00:00,51,0.0017,0.0012,0.7169,0.7843,0.2263,1000000.0,9,188.98,156,base
0xc9412fa0d6b744184777a837217c64bba3d08164,2,1,2026-02-03T15:22:51+00:00,2026-02-08T23:47:45+00:00,1,0.0,0.0,1.0,1.0,1.0,10000000.0,1,5.35,1,base
0xc995a01b57dd6e7d9dcb290093700f0aece2b3d1,13,1,2025-11-07T02:48:37+00:00,2025-11-27T14:42:17+00:00,1,0.0,0.0,1.0,1.0,0.0769,215.0,13,20.5,1,base
0xc99fe62d1972ca01304b173d5caa602721363d10,127,1,2025-11-10T15:06:35+00:00,2026-01-01T10:23:53+00:00,1,0.0,0.0,1.0,1.0,0.7165,20000000.0,7,51.8,4,base
0xc9a3a9dd8d949deaa52437d85128bbfee5ce9802,3,1,2026-04-28T05:12:17+00:00,2026-04-28T06:06:41+00:00,1,0.0,0.0,1.0,1.0,1.0,60000.0,1,0.04,3,base
0xc9b5568bad9348333ff96525701a2d84a7526a4d,1,1,2025-10-28T02:29:49+00:00,2025-10-28T02:29:49+00:00,1,0.0,0.0,1.0,1.0,1.0,100000.0,1,0.0,1,base
0xc9b70d8d342609437bc87ec3c877911a306d3e6a,1626,1,2026-05-21T20:17:37+00:00,2026-07-03T04:59:37+00:00,6,0.0,0.0,0.7724,0.8936,1.0,50000.0,1,42.36,233,base
0xc9ba32a435a357ed395719bb131a110b933f1619,923,1,2026-03-13T13:11:53+00:00,2026-07-02T13:21:05+00:00,9,0.0,0.0,0.8467,0.959,0.4355,10000.0,113,111.01,33,base
0xc9c95237a421c6d99a6ab3b701475d9ed8de1735,11,1,2025-11-16T13:00:03+00:00,2025-12-03T08:32:45+00:00,1,0.0,0.0,1.0,1.0,0.0909,240.0,11,16.81,1,base
0xc9de3b3546ffff12359508f644a0061c84cec43a,974,1,2025-11-24T02:42:15+00:00,2025-11-28T03:54:25+00:00,1,0.0,0.0,1.0,1.0,1.0,1000000.0,1,4.05,341,base
0xc9ecbb99b790afbf82f00d5bdffc727a387753fe,2,1,2026-05-29T10:41:47+00:00,2026-05-29T10:42:27+00:00,1,0.0,0.0,1.0,1.0,0.5,10000.0,2,0.0,2,base
0xc9f411bc489067740c5b23b3b62fa283195ccdf4,1,1,2026-06-20T04:20:39+00:00,2026-06-20T04:20:39+00:00,1,0.0,0.0,1.0,1.0,1.0,300000000.0,1,0.0,1,base
0xc9f58267dad66f011f37d016b2b4af85684bb127,7,1,2026-06-06T07:41:01+00:00,2026-06-11T04:29:11+00:00,1,0.0,0.0,1.0,1.0,0.7143,10000.0,3,4.87,2,base
0xca1271e777c209e171826a681855351f4989cd0c,2000,0,2025-06-12T13:16:43+00:00,2026-07-03T00:32:35+00:00,68,0.014,0.0072,0.6882,0.8529,0.4795,10000.0,6,385.47,640,base
0xca368dd8bd0550a9a806914147d423954f5e949a,3,1,2026-04-15T16:18:25+00:00,2026-04-27T04:50:31+00:00,1,0.0,0.0,1.0,1.0,0.6667,100000.0,2,11.52,1,base
0xca3cffdc216443a95fcde1d52a32645a34c7b5f0,68,1,2026-04-13T16:41:45+00:00,2026-06-30T20:28:45+00:00,10,0.0,0.0,0.4434,0.6321,0.8824,15000000.0,2,78.16,25,base
0xca48036de43381f9d2ee6628400b528898038e06,176,1,2026-05-30T05:53:41+00:00,2026-06-26T14:09:53+00:00,57,0.0,0.0,0.0547,0.0832,0.0398,540000.0,69,27.34,56,base
0xca48683f5b8d8e588045afb9178f491b7b3efd5d,1,1,2025-11-07T10:53:47+00:00,2025-11-07T10:53:47+00:00,1,0.0,0.0,1.0,1.0,1.0,1000.0,1,0.0,1,base
0xca5bed187d58046e3aaf3589bcb5fea6f6d846dd,1,1,2026-06-02T23:51:17+00:00,2026-06-02T23:51:17+00:00,1,0.0,0.0,1.0,1.0,1.0,1902398.0,1,0.0,1,base
0xca730ec247a002ece5793106a1865a1173f9d075,7,1,2026-06-07T19:55:23+00:00,2026-06-13T04:30:35+00:00,1,0.0,0.0,1.0,1.0,0.8571,10000.0,2,5.36,1,base
0xca758c922d8476c2cec49c6cc96a4eeba89fbf3b,25,1,2026-06-17T19:28:09+00:00,2026-07-01T04:09:13+00:00,9,0.0,0.0,0.5904,0.6716,0.36,500000.0,5,13.36,9,base
0xca78937bf6f9dd6589a6fff4022a1e6edfb6d8f4,1,1,2026-05-04T20:23:45+00:00,2026-05-04T20:23:45+00:00,1,0.0,0.0,1.0,1.0,1.0,5000000.0,1,0.0,1,base
0xca84005701e691a433272864ed59586d59e0e788,1,1,2026-02-09T20:08:31+00:00,2026-02-09T20:08:31+00:00,1,0.0,0.0,1.0,1.0,1.0,10000.0,1,0.0,1,base
0xca85edab3ede15059fdabf27d861a942196ccccf,2000,0,2025-10-28T12:54:51+00:00,2026-01-16T02:23:17+00:00,201,0.0,0.0,0.1931,0.3704,0.555,1000000.0,9,79.56,1000,base
0xca87adbcffdf6539a387783fef17a91dbabeef52,2000,0,2026-04-08T01:54:23+00:00,2026-07-02T16:01:33+00:00,7,0.0,0.0,0.966,0.9855,1.0,1000.0,1,85.59,881,base
0xca9aa4133fa5324b40eb36f5f5d673d96867b7b4,2,1,2026-04-23T21:57:53+00:00,2026-05-09T23:53:25+00:00,1,0.0,0.0,1.0,1.0,0.5,400000.0,2,16.08,1,base
0xcaa9d066f61ea17c438f0565980bb805e6fabd49,1,1,2026-05-16T09:42:11+00:00,2026-05-16T09:42:11+00:00,1,0.0,0.0,1.0,1.0,1.0,10000.0,1,0.0,1,base
0xcac41e4ccf78dd68028f419db5af1dea599bae51,2000,0,2025-11-23T15:29:41+00:00,2025-11-28T03:58:03+00:00,1,0.0,0.0,1.0,1.0,1.0,100000.0,1,4.52,539,base
0xcadc336bccd90c590b8d07faff448334aad516df,1,1,2025-11-11T19:17:47+00:00,2025-11-11T19:17:47+00:00,1,0.0,0.0,1.0,1.0,1.0,1000.0,1,0.0,1,base
0xcae12639f7006240c37edcf2686f02687cfe279d,1,1,2026-05-26T15:51:21+00:00,2026-05-26T15:51:21+00:00,1,0.0,0.0,1.0,1.0,1.0,110000.0,1,0.0,1,base
0xcae62cf5017ee977f5625bbcac22e8c27c807683,1,1,2026-05-28T14:54:37+00:00,2026-05-28T14:54:37+00:00,1,0.0,0.0,1.0,1.0,1.0,10000.0,1,0.0,1,base
0xcaeb2e06cc5969adc5e99e4c823c7db2ca4b3756,3,1,2025-10-28T12:04:47+00:00,2025-10-30T04:15:13+00:00,1,1.0,1.0,1.0,1.0,1.0,10000.0,1,1.67,1,base
0xcaedaf1fbf0dd26d93d50bd9878ac1167f1d0dfd,585,1,2026-06-03T22:19:37+00:00,2026-07-02T22:33:21+00:00,153,0.0,0.0,0.1077,0.1333,1.0,100000.0,1,29.01,191,base
0xcb21d41ce3e6ee515f80d942963974f19a9b3c76,3,1,2025-10-28T12:47:15+00:00,2025-10-30T13:38:47+00:00,1,0.0,0.0,1.0,1.0,0.3333,30000.0,3,2.04,1,base
0xcb253675c1aec4cfce413fce1ff97a9164dec63a,2,1,2026-04-02T06:55:19+00:00,2026-04-02T07:01:09+00:00,1,0.0,0.0,1.0,1.0,0.5,200000.0,2,0.0,2,base
0xcb2cac163a1ba45d8777a38e9ebbfec061148cf7,64,1,2025-10-30T04:19:33+00:00,2025-11-11T10:04:11+00:00,28,0.0,0.0,0.2839,0.4542,0.5,50000000.0,5,12.24,55,base
0xcb305c89f762a9ab0a9f683f1f4b9624015a56ed,17,1,2026-05-09T17:23:51+00:00,2026-06-16T23:06:49+00:00,1,0.0,0.0,1.0,1.0,0.3529,10000000.0,5,38.24,4,base
0xcb399bbed205ae963ab2f5cc5fa1b3c1fba7f916,33,1,2026-02-18T04:42:45+00:00,2026-06-28T00:13:21+00:00,7,0.0,0.0,0.4848,0.6364,1.0,10000.0,1,129.81,9,base
0xcb6f98c894cc1e85653337d0e6bf0ef6a3cd327e,1,1,2026-05-24T18:36:53+00:00,2026-05-24T18:36:53+00:00,1,0.0,0.0,1.0,1.0,1.0,110000.0,1,0.0,1,base
0xcb79b3c5a7dadcd7c30e3be252c0ca44a06c6f78,502,1,2026-03-19T19:49:13+00:00,2026-07-02T02:27:43+00:00,32,0.0,0.0,0.3526,0.4641,1.0,100000.0,1,104.28,63,base
0xcb8ad054da7b3909b42727afec9601284776e2a5,7,1,2026-05-01T08:47:19+00:00,2026-06-13T09:05:43+00:00,1,0.0,0.0,1.0,1.0,0.2857,150000.0,6,43.01,1,base
0xcb8b182854d0faf9fb0af883582ff6722994f861,37,1,2026-04-22T18:33:17+00:00,2026-06-28T23:44:07+00:00,11,0.0,0.0,0.5789,0.6842,0.9459,200000.0,2,67.22,24,base
0xcbbe92abb8110ecf3078f94d4b5e03667660142c,396,1,2025-11-10T15:28:39+00:00,2026-01-01T10:28:55+00:00,81,0.0,0.0,0.4233,0.455,0.2399,20000000.0,26,51.79,10,base
0xcc234a88d97118343e4a1633f9b2fc697685245b,1,1,2026-05-24T18:28:03+00:00,2026-05-24T18:28:03+00:00,1,0.0,0.0,1.0,1.0,1.0,110000.0,1,0.0,1,base
0xcc3afa4cdda6798d34f8a8d1e85db793a1f50f03,2679,1,2025-12-10T16:59:13+00:00,2026-01-17T10:26:37+00:00,1,0.0,0.0,1.0,1.0,0.0164,99000000.0,2296,37.73,269,base
0xcc69d619e6053f88a4845066518f465bd06fc96c,76,1,2026-05-28T08:44:23+00:00,2026-07-03T00:53:59+00:00,30,0.0,0.0,0.2667,0.425,0.8553,1000.0,2,35.67,12,base
0xcc74a6404d54de40572e67dc4fa03c6280e68ae3,109,1,2026-04-15T08:50:07+00:00,2026-07-02T01:23:47+00:00,81,0.0,0.0,0.0291,0.0549,0.3394,303558334.0,30,77.69,14,base
0xccacd295a00786c12a35a83357eceb1e0059fe62,1,1,2025-10-28T01:56:09+00:00,2025-10-28T01:56:09+00:00,1,0.0,0.0,1.0,1.0,1.0,100000.0,1,0.0,1,base
0xccd231829e24b42195b500028f8779b8f8b1131a,635,1,2026-03-04T22:53:39+00:00,2026-06-09T00:11:19+00:00,5,0.0,0.0,0.9449,0.9764,1.0,10000.0,1,96.05,275,base
0xccfe7e460878dfdae0ab735616940c82aa3c15dc,15,1,2025-11-06T08:24:55+00:00,2025-12-04T04:40:49+00:00,1,0.0,0.0,1.0,1.0,0.0667,230.0,15,27.84,1,base
0xcd19cff6ba293904f2e642131d1bfd614aa853c3,1,1,2025-11-10T15:59:31+00:00,2025-11-10T15:59:31+00:00,1,0.0,0.0,1.0,1.0,1.0,1000.0,1,0.0,1,base
0xcd1a2ea3f3cc3dd20419898f590c59e7f0713a06,1,1,2026-05-30T05:02:51+00:00,2026-05-30T05:02:51+00:00,1,0.0,0.0,1.0,1.0,1.0,10000.0,1,0.0,1,base
0xcd2e209a9e054f87d08743cfc4f9dde813e7d6ae,1,1,2026-06-18T07:08:53+00:00,2026-06-18T07:08:53+00:00,1,0.0,0.0,1.0,1.0,1.0,10000.0,1,0.0,1,base
0xcd3273893d1c8df15a4d6bc411aa3d25a60fdc60,1655,1,2026-05-10T02:56:37+00:00,2026-07-02T22:00:27+00:00,5,0.0,0.0,0.9946,0.9964,1.0,1000.0,1,53.79,489,base
0xcd510ebd746b5c5454da07c2e7224e46b02c6626,2,1,2026-03-05T17:10:13+00:00,2026-03-05T17:11:23+00:00,2,0.0,0.0,0.6283,1.0,0.5,26563935002.0,2,0.0,2,base
0xcd681c9081a4217974d6529eeba41fa9bb97bed3,4062,1,2025-10-26T04:53:21+00:00,2025-10-29T03:47:27+00:00,1326,0.0,0.0,0.0103,0.0197,0.8198,1000000.0,2,2.95,3687,base
0xcd68d39d669c3f6105ea761b1f259e0347b2f4e0,55,1,2026-03-20T17:04:57+00:00,2026-07-02T13:21:07+00:00,9,0.0,0.0,0.4999,0.7047,0.0727,500000.0,37,103.84,6,base
0xcd7c96ebebf0a1a692544f229f2571f7b3e8ffcc,4,1,2025-10-29T01:03:45+00:00,2025-10-30T13:23:27+00:00,1,0.0,0.0,1.0,1.0,1.0,500000.0,1,1.51,2,base
0xcd7e4661b4161e232dc70c21f4fcf7d11635ffb9,1,1,2025-11-07T10:14:59+00:00,2025-11-07T10:14:59+00:00,1,0.0,0.0,1.0,1.0,1.0,1000.0,1,0.0,1,base
0xcd95802a4abddd75a5750dd2d6935007ef268275,697,1,2025-11-07T20:00:43+00:00,2026-06-22T04:07:03+00:00,62,0.0,0.0,0.089,0.1558,0.4735,50000.0,8,226.34,101,base
0xcdc23f555b127eb171bc69a8b820b0c229595c33,124,1,2025-11-14T06:08:33+00:00,2026-01-01T10:33:31+00:00,1,0.0,0.0,1.0,1.0,0.7339,20000000.0,4,48.18,4,base
0xcdda23523cc1f455e3000edeb13282cc6dfa6fe7,1722,0,2025-10-31T15:01:07+00:00,2025-11-28T03:54:29+00:00,1,0.0,0.0,1.0,1.0,1.0,1000000.0,1,27.54,361,base
0xcde02cb53da623d929fef26d56c1cd9ddc9ca880,110,1,2026-04-19T20:15:31+00:00,2026-06-09T00:32:45+00:00,6,0.0,0.0,0.9364,0.9545,1.0,10000.0,1,50.18,15,base
0xce068f7af6ddcd2d65cfc000004b293019cc74fa,2000,0,2025-11-23T15:29:39+00:00,2025-11-28T04:02:47+00:00,1,0.0,0.0,1.0,1.0,1.0,100000.0,1,4.52,530,base
0xce3a1ad484d3800879d08f3f61c9d1c002d74434,1,1,2026-06-30T08:37:11+00:00,2026-06-30T08:37:11+00:00,1,0.0,0.0,1.0,1.0,1.0,10000.0,1,0.0,1,base
0xceabe7564984580a29b43129a729181391b3b2dd,1,1,2026-06-10T05:21:17+00:00,2026-06-10T05:21:17+00:00,1,0.0,0.0,1.0,1.0,1.0,10000.0,1,0.0,1,base
0xcebbb82a183faa69b929ed1f417aafc63fa3b5b6,306,1,2026-05-26T17:08:35+00:00,2026-07-01T09:32:19+00:00,10,0.0,0.0,0.9455,0.9594,0.3464,1000.0,4,35.68,173,base
0xcee9614d377c84e7f9c1b33719c166b0a69e808a,919,1,2025-11-13T01:12:21+00:00,2025-11-28T03:58:59+00:00,1,0.0,0.0,1.0,1.0,1.0,100000.0,1,15.12,299,base
0xcef6e6639e0c60d5c0805670f4363a6698081fab,16,1,2026-05-31T00:26:41+00:00,2026-06-06T22:59:01+00:00,4,0.0,0.0,0.8181,0.909,0.375,2000000.0,5,6.94,10,base
0xcf19c85bc416bce26811700f99034b26f4dbcfe9,2,1,2026-04-04T00:10:53+00:00,2026-04-04T00:13:21+00:00,1,0.0,0.0,1.0,1.0,0.5,250000.0,2,0.0,2,base
0xcf531218b60366a7d20951110bf5f0a3672eb3ea,72,1,2025-10-27T12:46:13+00:00,2025-11-03T22:31:03+00:00,49,0.0,0.0,0.213,0.357,0.4861,1000.0,36,7.41,36,base
0xcf5815e9063fa0b04be0cb5c1db583eef9ef5fbb,504,1,2026-01-19T14:48:07+00:00,2026-07-01T10:46:11+00:00,25,0.0,0.0,0.2556,0.4066,0.5635,200000.0,3,162.83,85,base
0xcf6fc20ff277dffac19b01714c280d35536b081c,987,1,2025-10-31T15:07:23+00:00,2025-11-28T04:00:23+00:00,1,0.0,0.0,1.0,1.0,1.0,1000000.0,1,27.54,360,base
0xcf9223ece895258dea8d288aebcf846ab8e342fb,2000,0,2026-04-23T02:45:31+00:00,2026-07-03T05:08:43+00:00,195,0.0,0.0,0.6374,0.7843,0.6935,1000.0,6,71.1,922,base
0xcfa26f13c6c18307033ece13bbb8f470da5b4dbe,2000,0,2026-02-10T21:39:17+00:00,2026-07-03T04:30:57+00:00,73,0.0,0.0,0.1201,0.2384,0.8955,60000.0,3,142.29,231,base
0xcfd3f996447a541cbfba5422310edb417d9f2ce6,109,1,2025-10-29T05:31:31+00:00,2026-06-18T21:37:45+00:00,7,0.0,0.0,0.7549,0.9662,0.1101,10000.0,75,232.67,21,base
0xcfdd5fb5427896ecd478749c21efc039e7064993,1,1,2025-10-28T01:04:11+00:00,2025-10-28T01:04:11+00:00,1,0.0,0.0,1.0,1.0,1.0,100000.0,1,0.0,1,base
0xcffcf8929235f3a2234eb8eb5ab2e45b7fd49e6e,69,1,2025-10-27T12:45:53+00:00,2025-11-03T22:35:31+00:00,50,0.0,0.0,0.3441,0.4751,0.5507,1000.0,31,7.41,42,base
0xcfff3a96d4187862ab198abcf32764e901d3f478,2000,0,2025-10-25T11:47:39+00:00,2025-10-30T14:21:03+00:00,318,0.0,0.0,0.0849,0.1492,0.9955,10000000.0,2,5.11,1872,base
0xd0094d3727914058d09a3001395ad578b23994ac,332,1,2025-07-29T21:31:11+00:00,2026-06-22T13:35:35+00:00,15,0.0,0.0,0.5322,0.7014,0.9789,100000.0,2,327.67,86,base
0xd02abb1e114dcd135160ce44b586a2c1013f2a4d,2,1,2026-02-07T02:12:25+00:00,2026-02-07T02:12:37+00:00,1,0.0,0.0,1.0,1.0,1.0,200000000.0,1,0.0,2,base
0xd0345b7ee97845942cfd1cb001ceefed74c4d5f4,1,1,2026-06-02T15:00:03+00:00,2026-06-02T15:00:03+00:00,1,0.0,0.0,1.0,1.0,1.0,40000.0,1,0.0,1,base
0xd046a7aa5a4a71f628468e23a25aa2c489f15a6d,601,1,2026-03-12T16:37:27+00:00,2026-06-13T17:17:45+00:00,7,0.0017,0.0008,0.9638,0.9821,0.0948,100000.0,65,93.03,28,base
0xd04d09659ef053ed407b8215412eabdf7b46a269,5,1,2026-05-12T12:24:37+00:00,2026-05-12T12:26:17+00:00,1,0.0,0.0,1.0,1.0,1.0,60000.0,1,0.0,5,base
0xd07bb762a322029df4f4fb728af1c805591fc7d0,387,1,2026-04-07T17:27:23+00:00,2026-07-03T02:10:37+00:00,50,0.0,0.0,0.0362,0.0698,1.0,1.0,1,86.36,16,base
0xd07bec57d93950bd7d87b3326731ec452b287b5b,61,1,2025-11-08T08:52:19+00:00,2026-04-27T09:40:17+00:00,4,0.0,0.0,0.8386,0.9516,0.5574,5000000.0,12,170.03,13,base
0xd07c06a650a88bbcf4f0c4fbf2c6c08c9a60acc6,167,1,2026-04-20T16:32:09+00:00,2026-07-01T05:44:51+00:00,27,0.0,0.0,0.1677,0.2994,1.0,10000.0,1,71.55,47,base
0xd0cb638def525c1b1734c4925c280386a9211f5c,2000,0,2025-10-24T17:43:23+00:00,2025-11-28T22:50:01+00:00,363,0.0,0.0,0.0429,0.0773,0.4805,10000.0,5,35.21,1000,base
0xd0dacb4435e489b146690f547342dbcec07b6657,8,1,2026-04-23T12:35:39+00:00,2026-04-30T15:31:09+00:00,1,0.0,0.0,1.0,1.0,0.25,20000.0,7,7.12,3,base
0xd0ed94bc46aa0d274e09056ba3461a8ec4f7216d,1,1,2026-03-21T03:56:57+00:00,2026-03-21T03:56:57+00:00,1,0.0,0.0,1.0,1.0,1.0,10000.0,1,0.0,1,base
0xd0f9be7642dc2ec21002c30478709d2d315a55c2,52,1,2026-04-30T04:37:19+00:00,2026-06-14T07:09:15+00:00,8,0.0,0.0,0.2493,0.485,0.4231,100000.0,13,45.11,8,base
0xd12e0faaa78dcb9060b20ac73e119b19fcb12fb3,3,1,2025-10-28T12:57:29+00:00,2025-10-30T00:45:31+00:00,1,1.0,1.0,1.0,1.0,0.6667,10000.0,2,1.49,1,base
0xd14ce79c13ce71a853ef3e8bd75969d4bdee39c1,2000,0,2025-11-15T11:11:41+00:00,2026-03-09T17:05:47+00:00,38,0.0,0.0,0.645,0.8639,0.4365,1000.0,121,114.25,873,base
0xd1654657148337dd31b4cc19ad8568deb78b32af,897,1,2025-11-13T01:13:05+00:00,2025-11-28T03:59:05+00:00,1,0.0,0.0,1.0,1.0,1.0,100000.0,1,15.12,246,base
0xd168aa69d60f37485014708b4d2e6782e1278ad4,71,1,2025-10-27T12:59:03+00:00,2025-11-03T22:46:01+00:00,51,0.0,0.0,0.126,0.2325,0.4225,1000.0,38,7.41,40,base
0xd1763a3f2ea8114eed4822e450e0b724eb38f515,47,1,2026-05-28T09:42:59+00:00,2026-06-10T03:21:07+00:00,13,0.0,0.0,0.2032,0.3892,0.1064,40000.0,24,12.73,16,base
0xd18d5a31908cc3e42cd1f929da32f8edb2e92800,123,1,2026-01-19T16:52:31+00:00,2026-06-11T12:26:57+00:00,47,0.0,0.0,0.1983,0.2962,0.2683,1000000.0,50,142.82,8,base
0xd1a44abc106bc0d7c1147d3380bc3c4ec9ba1b61,223,1,2026-04-15T19:25:51+00:00,2026-06-20T04:16:23+00:00,23,0.0,0.0,0.3307,0.4843,0.2108,100000.0,99,65.37,17,base
0xd1b135ba83a98cd4e1db9e7d7d6aa08b683285fb,10,1,2025-11-10T16:47:45+00:00,2025-11-10T17:03:47+00:00,1,0.0,0.0,1.0,1.0,1.0,1000.0,1,0.01,10,base
0xd1c2e7a505a4916b314a7e55cac28771387f0e9b,46,1,2025-10-27T23:39:49+00:00,2025-11-03T22:49:31+00:00,39,0.0217,0.0,0.4172,0.5421,0.4565,1000.0,26,6.97,25,base
0xd20f1224e66b0e3c3b63c0975c4709ffee937d0d,918,1,2026-03-31T09:41:11+00:00,2026-07-03T04:01:55+00:00,204,0.0,0.0,0.1388,0.246,0.5251,1000.0,7,93.76,119,base
0xd219db8179bb9c1899ef87f39eeba9d1070c6801,590,1,2026-02-14T13:38:37+00:00,2026-07-03T02:13:55+00:00,113,0.0,0.0,0.0917,0.1703,0.9441,540000.0,2,138.52,31,base
0xd22b6d51ff3bb145d55676243d5a7d4c66fd78d5,361,1,2026-02-13T21:07:11+00:00,2026-07-01T16:42:03+00:00,30,0.0,0.0,0.2286,0.4481,0.9557,10000.0,2,137.82,24,base
0xd24a927e0be473d08ef654b4f4ebbd5970ae7433,1,1,2026-06-30T07:09:33+00:00,2026-06-30T07:09:33+00:00,1,0.0,0.0,1.0,1.0,1.0,10000.0,1,0.0,1,base
0xd263cc8819c31c98e3a8edccb66f451b5a346f58,2,1,2025-10-28T08:42:57+00:00,2025-10-28T10:31:51+00:00,1,0.0,0.0,1.0,1.0,1.0,100000.0,1,0.08,2,base
0xd275612bf0bb35638432c4d95eaa8d5d22346ca6,54,1,2026-04-22T19:29:03+00:00,2026-07-01T01:40:41+00:00,15,0.0,0.0,0.357,0.5819,0.6852,2000.0,4,69.26,5,base
0xd28e14512d9b2934fce5ba92f894a2c199b03128,128,1,2025-11-10T15:18:23+00:00,2026-01-01T10:26:45+00:00,2,0.0,0.0,0.9923,1.0,0.7109,20000000.0,8,51.8,4,base
0xd28f35dc278c1472ed155d1b85eefc4566621e5d,3,1,2025-10-29T23:33:47+00:00,2025-10-31T00:02:39+00:00,1,0.0,0.0,1.0,1.0,0.6667,300000.0,2,1.02,1,base
0xd2ea57e7e6daf7658c2a41577aef9551759d7397,653,1,2026-05-04T21:09:37+00:00,2026-05-14T01:39:11+00:00,646,0.0,0.0,0.0026,0.0052,0.7397,300000.0,13,9.19,159,base
0xd2f74a14522d40e4a1d7fbb62aa97ce99fa1a7e5,86,1,2025-11-10T06:49:05+00:00,2026-07-01T05:50:11+00:00,13,0.0349,0.0004,0.9833,0.9916,0.1163,9999.0,58,232.96,15,base
0xd319074778685fee77a344fea61c753cd16ec013,1,1,2026-06-01T10:51:07+00:00,2026-06-01T10:51:07+00:00,1,0.0,0.0,1.0,1.0,1.0,120000.0,1,0.0,1,base
0xd33cb4ce7785d64e90a35e386f49a61364847c80,1,1,2025-11-11T18:38:03+00:00,2025-11-11T18:38:03+00:00,1,0.0,0.0,1.0,1.0,1.0,1000.0,1,0.0,1,base
0xd39f1dbe9099e3013fd02b3334c64553ce7866a3,32,1,2026-04-13T00:53:05+00:00,2026-04-13T10:24:27+00:00,1,0.0,0.0,1.0,1.0,1.0,60000.0,1,0.4,32,base
0xd3a072b1ad5ae55fa28015fb3c4e07f7801e4551,1364,1,2026-03-12T21:32:09+00:00,2026-06-05T10:01:49+00:00,1,0.0,0.0,1.0,1.0,0.0007,9455595.0,1364,84.52,86,base
0xd3a1102a3bee2d15bea9fe135d83379ae2ca09f6,1207,0,2025-11-02T06:14:23+00:00,2025-11-28T03:52:05+00:00,1,0.0,0.0,1.0,1.0,0.7763,100000.0,2,25.9,277,base
0xd3a3c7941d5c84dc7918827686f5f6a61ca0a23f,54,1,2025-10-27T23:31:59+00:00,2025-11-03T22:32:01+00:00,42,0.0,0.0,0.4146,0.5164,0.5926,1000.0,23,6.96,22,base
0xd3d4175f16e89d86d00ef92d652dae1bbb7ca37b,2256,1,2025-11-13T21:49:07+00:00,2025-12-18T03:43:19+00:00,775,0.0004,0.0,0.1023,0.1739,0.8081,6900000.0,43,34.25,792,base
0xd3dff3d8b5d23063cf397ca9c2f4833233e17bd2,337,1,2026-01-21T02:20:13+00:00,2026-07-03T03:55:49+00:00,10,0.0148,0.003,0.5287,0.9756,0.9318,9999.0,7,163.07,48,base
0xd3f196a6a7de29718f7ca514049008f592e33620,1,1,2026-02-08T08:42:51+00:00,2026-02-08T08:42:51+00:00,1,0.0,0.0,1.0,1.0,1.0,250000000.0,1,0.0,1,base
0xd42758361d0900c18ad8a3c4807de36e4c351297,2,1,2026-06-17T19:43:49+00:00,2026-06-17T19:46:11+00:00,1,0.0,0.0,1.0,1.0,0.5,10000000.0,2,0.0,2,base
0xd4656e582e5b7e59ef2296d2ebcda481223c4d43,124,1,2025-11-14T06:06:45+00:00,2026-01-01T10:32:09+00:00,1,0.0,0.0,1.0,1.0,0.7339,20000000.0,4,48.18,4,base
0xd49b627a94e55744b7b1262fcb6e9248da068f36,41,1,2026-02-05T17:18:19+00:00,2026-04-29T17:19:13+00:00,15,0.0,0.0,0.3224,0.5503,0.3902,19900000.0,9,83.0,10,base
0xd4c98efec1e380e1e6ff702f70b41b656b9c2a2f,2000,0,2025-11-28T01:47:09+00:00,2026-03-15T02:47:11+00:00,6,0.0,0.0,0.5154,0.7088,0.2445,20000.0,67,107.04,994,base
0xd4ee885a1dc501551af8a9e88b346e53ac224343,359,1,2026-03-24T04:07:41+00:00,2026-06-04T23:06:39+00:00,4,0.0,0.0,0.9876,0.9926,0.234,10000.0,63,72.79,24,base
0xd50bf86107fe28a743680e3b62828d56fed60c1c,11,1,2026-01-27T22:13:45+00:00,2026-02-08T16:39:19+00:00,1,0.0,0.0,1.0,1.0,0.1818,50000000.0,8,11.77,2,base
0xd56013abd05e588f2d025193fce90416816bdbbc,707,1,2026-05-28T10:21:49+00:00,2026-06-10T21:03:43+00:00,3,0.0,0.0,0.9032,0.9964,0.1839,20000.0,13,13.45,168,base
0xd56b2f1af82db681d1764535b6276b1e1a457b6a,2,1,2026-04-22T07:40:07+00:00,2026-04-23T10:10:39+00:00,1,0.0,0.0,1.0,1.0,0.5,60000.0,2,1.1,1,base
0xd58b7056a683b000b23c6d8b7ae5d352eacf5e5a,1,1,2026-01-01T18:12:37+00:00,2026-01-01T18:12:37+00:00,1,0.0,0.0,1.0,1.0,1.0,50000000.0,1,0.0,1,base
0xd593832ce9c2b13b192ba50b55dd9af44e96700d,2000,0,2026-03-01T18:40:05+00:00,2026-07-03T04:00:19+00:00,26,0.0,0.0,0.4814,0.7592,0.4135,10000.0,13,123.39,739,base
0xd598278b925eb5e6f472ab5b61a6a75335ceb9e8,76,1,2026-04-30T12:07:33+00:00,2026-06-16T05:09:47+00:00,9,0.0,0.0,0.1357,0.2659,0.6974,100000.0,8,46.71,9,base
0xd5a00f8a42db9c59530791d65ebe11873e38f739,1,1,2025-10-31T00:07:31+00:00,2025-10-31T00:07:31+00:00,1,0.0,0.0,1.0,1.0,1.0,400000.0,1,0.0,1,base
0xd5b0046d166266c51143e1221811672958c89ea3,58,1,2025-12-11T07:19:29+00:00,2026-03-19T16:24:05+00:00,18,0.0,0.0,0.8405,0.9114,0.069,10000.0,44,98.38,6,base
0xd5c6489d0c40bd7711dc9fcd831f328151164c75,324,1,2025-10-24T01:22:27+00:00,2026-06-29T05:22:45+00:00,59,0.0031,0.0018,0.3445,0.5138,0.9722,10000.0,5,248.17,179,base
0xd5ed7cf42d55425ef22c9ab0c181a4b60993050c,1,1,2026-06-30T07:50:55+00:00,2026-06-30T07:50:55+00:00,1,0.0,0.0,1.0,1.0,1.0,10000.0,1,0.0,1,base
0xd5f2e6b6ea4f3e062758c0d7d8b18facda43d55a,1,1,2026-04-21T02:38:55+00:00,2026-04-21T02:38:55+00:00,1,0.0,0.0,1.0,1.0,1.0,60000.0,1,0.0,1,base
0xd5f8481d8f25d3966d2010dbf9b47ffbdf745a9e,127,1,2026-04-15T12:36:21+00:00,2026-07-02T12:56:21+00:00,47,0.0,0.0,0.0909,0.125,0.6142,5000.0,2,78.01,20,base
0xd617a7145ca56e3ed58d639f9dec6999b22441ee,28,1,2026-06-12T11:18:05+00:00,2026-07-01T13:16:41+00:00,8,0.0,0.0,0.5312,0.6875,0.8571,5000.0,2,19.08,7,base
0xd626f66d20d6be28969556ec2068355a23f93b70,1,1,2025-11-06T09:27:33+00:00,2025-11-06T09:27:33+00:00,1,0.0,0.0,1.0,1.0,1.0,30118.0,1,0.0,1,base
0xd62b2c1898e39d6b3f29e1f5afaf205bfeb44a78,2,1,2025-11-13T02:42:41+00:00,2025-11-14T02:37:49+00:00,1,0.0,0.0,1.0,1.0,0.5,349.0,2,1.0,1,base
0xd678e75e6c6dc6b59a8e8447a49874c15b29e7e7,3,1,2026-04-18T06:54:33+00:00,2026-06-15T10:41:15+00:00,1,0.0,0.0,1.0,1.0,0.3333,500000.0,3,58.16,1,base
0xd685efa22e80262db5b5e2a5d0b9d7565b36334b,2000,0,2026-01-07T00:53:31+00:00,2026-07-03T02:42:17+00:00,8,0.0,0.0,0.4544,0.736,0.3385,5000.0,5,177.08,296,base
0xd69333e6b7a747f311d28611ad6c93d784a289e0,2,1,2026-06-02T08:09:43+00:00,2026-06-03T14:48:09+00:00,1,0.0,0.0,1.0,1.0,0.5,10000.0,2,1.28,1,base
0xd69a40c17efd897ee0d92e5579d7442c9f8126b1,66,1,2026-05-01T08:31:53+00:00,2026-07-02T15:47:39+00:00,11,0.0,0.0,0.547,0.713,0.2121,100000.0,30,62.3,9,base
0xd6a895d67eac925faa0c9789cb1a5ce248bc52d0,175,1,2026-06-21T11:57:49+00:00,2026-07-02T18:06:07+00:00,39,0.0,0.0,0.0813,0.1555,0.76,300000.0,4,11.26,60,base
0xd6ab97da690d6e971b2ce0a5ccdf39f988ded5f0,8,1,2026-04-19T16:14:49+00:00,2026-04-23T09:43:33+00:00,1,0.0,0.0,1.0,1.0,0.375,250000.0,6,3.73,3,base
0xd6b585dd2f48263d08fb75ea28c1598d845d23a8,93,1,2026-06-26T13:04:59+00:00,2026-07-01T06:14:57+00:00,16,0.0,0.0,0.4086,0.7899,0.4194,3000.0,5,4.72,40,base
0xd6d01f4766c6c19880c6d58197b031f074c5e7f8,67,1,2025-10-27T23:42:07+00:00,2025-11-03T22:51:19+00:00,51,0.0,0.0,0.1805,0.3493,0.5672,1000.0,29,6.96,43,base
0xd6dd0987fae1871357baeb5add91916015be2164,3,1,2025-10-28T11:21:17+00:00,2025-10-30T02:52:59+00:00,2,0.0,0.0,0.6667,1.0,1.0,1000000.0,1,1.65,1,base
0xd6e86ee864942d715042cec15a4146ee8f0f1f30,414,1,2025-11-10T15:28:53+00:00,2026-01-01T10:29:07+00:00,86,0.0,0.0,0.4202,0.4382,0.2295,20000000.0,26,51.79,11,base
0xd6eb95fad083f5d74f58b96bda7b9e9e53eba414,1,1,2026-06-22T06:55:51+00:00,2026-06-22T06:55:51+00:00,1,0.0,0.0,1.0,1.0,1.0,6860000.0,1,0.0,1,base
0xd6f26b802c045cc77ddf42dd2a395b1dce507b6d,14,1,2026-01-25T12:55:43+00:00,2026-03-11T22:04:59+00:00,2,0.0,0.0,0.8132,1.0,0.2857,10000000.0,10,45.38,3,base
0xd6fcb6b6b65b760e3f99e480331f39d6709cabae,4,1,2026-06-10T07:57:53+00:00,2026-06-17T22:25:19+00:00,1,0.0,0.0,1.0,1.0,0.5,100000.0,3,7.6,2,base
0xd715be9577962d6c8f66d85b16e637846de82a8e,1,1,2026-05-20T09:13:01+00:00,2026-05-20T09:13:01+00:00,1,0.0,0.0,1.0,1.0,1.0,3000000.0,1,0.0,1,base
0xd71daf10fbb29fb846c0489cd54a7dafd416a177,5,1,2026-05-01T09:13:37+00:00,2026-05-01T09:17:27+00:00,1,0.0,0.0,1.0,1.0,1.0,60000.0,1,0.0,5,base
0xd7320fff9eea5d8d2ab79920fa4ab40bb8265308,409,1,2025-10-27T09:02:05+00:00,2026-06-21T04:53:43+00:00,155,0.0,0.0,0.1175,0.2039,0.8753,1000000.0,2,236.83,394,base
0xd73ac5636670efa1af0cab53bd6f295df274a66d,781,1,2026-03-13T08:33:49+00:00,2026-07-02T13:21:03+00:00,6,0.0,0.0,0.9047,0.9948,0.4046,10000.0,117,111.2,30,base
0xd76b825d81436ce72125ef83e9837c3ca97dceb6,1,1,2026-05-17T14:44:23+00:00,2026-05-17T14:44:23+00:00,1,0.0,0.0,1.0,1.0,1.0,302602101.0,1,0.0,1,base
0xd77afe935f1bd3f8e9f94d44aa5b53d7952a712b,3,1,2025-10-29T23:35:19+00:00,2025-10-31T00:03:01+00:00,1,0.0,0.0,1.0,1.0,0.6667,300000.0,2,1.02,1,base
0xd7b343464144acdad3df7805d644fc74a06627d2,1,1,2025-11-10T15:59:39+00:00,2025-11-10T15:59:39+00:00,1,0.0,0.0,1.0,1.0,1.0,1000.0,1,0.0,1,base
0xd7d5fc6d3a80c1e8bb0e815df6c8c1c792c77e95,2,1,2025-10-28T08:38:17+00:00,2025-10-28T12:26:51+00:00,1,0.0,0.0,1.0,1.0,0.5,100000.0,2,0.16,2,base
0xd80b97c3b9dee05ea91a49a840e65165f77d7434,2,1,2026-04-14T08:53:13+00:00,2026-04-16T00:22:29+00:00,1,0.0,0.0,1.0,1.0,0.5,740000.0,2,1.65,1,base
0xd84b351de5e4a08111ae9c3fe3eebd7208ce03aa,24,1,2026-03-03T22:48:03+00:00,2026-06-22T08:34:01+00:00,8,0.0,0.0,0.4907,0.6082,0.5417,1000000.0,6,110.41,6,base
0xd85096faec1ac03075667b4c1a1661f5623bf111,935,1,2025-10-16T22:12:45+00:00,2026-06-26T11:26:49+00:00,86,0.0,0.0,0.4054,0.5493,0.7155,1000.0,52,252.55,169,base
0xd85c31854c2b0fb40aaa9e2fc4da23c21f829d46,2000,0,2025-10-19T12:09:15+00:00,2025-10-27T16:28:15+00:00,1585,0.0,0.0,0.0498,0.0915,0.9945,1000000.0,3,8.18,988,base
0xd86f1f35d6b15febef2f4a4390b584d8a7dec0b6,625,1,2026-02-04T07:59:39+00:00,2026-07-03T00:01:01+00:00,41,0.0,0.0,0.4203,0.5785,0.4704,30000.0,8,148.67,18,base
0xd87e15f3a23b4b53f5d1626ce5f0a2947b335f73,18,1,2025-11-06T08:47:21+00:00,2025-12-04T05:20:37+00:00,1,0.0,0.0,1.0,1.0,0.1111,361.0,17,27.86,1,base
0xd88cb1af650a69782d0e3c26e433886e378fe534,1,1,2025-11-07T10:29:25+00:00,2025-11-07T10:29:25+00:00,1,0.0,0.0,1.0,1.0,1.0,1000.0,1,0.0,1,base
0xd8b3b26b6c5150903bf84a63a9a345eeb8fff506,273,1,2026-03-12T08:08:13+00:00,2026-06-14T01:03:55+00:00,6,0.0,0.0,0.8972,0.9563,0.0806,90000.0,53,93.71,10,base
0xd8ba61a0b0974db0ec8e325c7628470526558e9b,2000,0,2025-12-18T22:11:21+00:00,2026-07-02T17:38:21+00:00,65,0.011,0.0145,0.8142,0.8692,0.7645,10000.0,17,195.81,105,base
0xd8ca10c55296bd8ca1dd409ea2f0fa72fb0c643f,87,1,2026-03-20T10:01:43+00:00,2026-06-28T00:11:35+00:00,13,0.0,0.0,0.3563,0.6437,1.0,10000.0,1,99.59,11,base
0xd8d064090ff4ad280bac3a2c306402fb8e3cc706,957,1,2026-04-14T13:08:07+00:00,2026-06-20T01:43:15+00:00,396,0.0,0.0,0.0569,0.0966,0.14,110000.0,143,66.52,138,base
0xd8d4eac25f346f904fa272fa2a58e15ca95ba833,4,1,2025-10-29T00:58:11+00:00,2025-10-30T13:21:47+00:00,1,0.0,0.0,1.0,1.0,1.0,500000.0,1,1.52,2,base
0xd8ed281b40732546d62ab2298c8b64c9fd3978c5,948,1,2025-11-13T01:12:59+00:00,2025-11-28T03:59:47+00:00,1,0.0,0.0,1.0,1.0,1.0,100000.0,1,15.12,283,base
0xd8f524ccb3d531dcd3ea84ad9c4053370d4169bf,1,1,2025-11-07T10:15:11+00:00,2025-11-07T10:15:11+00:00,1,0.0,0.0,1.0,1.0,1.0,1000.0,1,0.0,1,base
0xd93143c4eb99e42825457af5934704c15ba07a77,4,1,2026-05-14T11:12:05+00:00,2026-05-14T11:14:23+00:00,1,0.0,0.0,1.0,1.0,1.0,60000.0,1,0.0,4,base
0xd955277f7da9cb2767d32f41e48869f11c46448f,14,1,2025-10-29T02:30:27+00:00,2026-06-20T00:40:05+00:00,3,0.0,0.0,0.8089,0.9966,0.2857,250000.0,7,233.92,2,base
0xd997f7e75ec1b12911b4fae90a0dbb1cfbca66cb,129,1,2025-11-10T15:13:25+00:00,2026-01-01T10:25:05+00:00,3,0.0,0.0,0.9926,0.9993,0.7132,20000000.0,8,51.8,4,base
0xd99dcd80867e22df9fd7797aa9df6c6cd99c3b49,1,1,2025-11-07T10:15:43+00:00,2025-11-07T10:15:43+00:00,1,0.0,0.0,1.0,1.0,1.0,1000.0,1,0.0,1,base
0xd9ae33ba589f3c3fb83bb097ee030526eb2eb522,4,1,2026-04-10T11:24:43+00:00,2026-05-23T01:55:55+00:00,4,0.0,0.0,0.3387,0.6678,0.25,52457453.0,4,42.6,2,base
0xd9b131ca685722fdff6c018889ef9c205ed56ad6,5,1,2025-11-13T16:37:27+00:00,2025-12-03T01:56:11+00:00,1,0.0,0.0,1.0,1.0,0.2,195.0,5,19.39,1,base
0xd9dcdda08ac2368257c1d3ab8e2b5410fd58278d,5,1,2026-05-10T09:57:13+00:00,2026-05-10T09:58:43+00:00,1,0.0,0.0,1.0,1.0,1.0,60000.0,1,0.0,5,base
0xd9df86bd335c6e1cc5dc3dacef885849b1ce0d9f,55,1,2026-06-04T07:02:15+00:00,2026-07-03T03:10:53+00:00,25,0.0,0.0,0.1217,0.2087,0.6,100000.0,13,28.84,22,base
0xd9ee51caa7e9303ffe2ed80b451cc75791c1d23c,32,1,2026-02-28T10:36:07+00:00,2026-06-25T01:31:55+00:00,5,0.0,0.0,0.4104,0.7836,0.9062,10000.0,3,116.62,5,base
0xd9f3261c9fea20a99d0708815010280c549e8ebf,103,1,2026-05-11T16:33:03+00:00,2026-07-02T03:57:29+00:00,15,0.0,0.0,0.3592,0.5825,1.0,10000.0,1,51.48,23,base
0xda0d1af5332a0b5bf5dedd275657364056a34894,2,1,2026-05-11T16:31:13+00:00,2026-05-19T13:32:17+00:00,1,0.0,0.0,1.0,1.0,0.5,600000.0,2,7.88,1,base
0xda1240e92f2524c9022cf94324501d298a125e61,67,1,2026-05-18T09:14:09+00:00,2026-06-03T04:18:29+00:00,1,0.0,0.0,1.0,1.0,0.6716,10000.0,5,15.79,7,base
0xda148253c057dfe3468434f115ce326abb8ac61f,51,1,2025-10-27T23:18:41+00:00,2025-11-03T21:59:07+00:00,40,0.0,0.0,0.2002,0.3598,0.4902,1000.0,27,6.94,26,base
0xda1555354f96077ac4bbb328fc29f44b255f814b,163,1,2025-10-27T21:12:53+00:00,2025-10-28T02:07:47+00:00,24,0.0,0.0,0.3436,0.546,1.0,5000000.0,1,0.2,161,base
0xda158f96c7d02e787ec75858d108366bda6aaeb3,243,1,2026-05-07T19:24:31+00:00,2026-06-23T16:04:47+00:00,6,0.0,0.0,0.8838,0.9678,0.3827,250000.0,5,46.86,56,base
0xda2f35d283c42dd60b965322394bc658a5c1769f,98,1,2026-05-05T12:33:05+00:00,2026-07-02T10:57:25+00:00,8,0.0,0.0,0.621,0.9842,0.4694,1000.0,6,57.93,49,base
0xda4460345aadb042c75549b8ee6a079ef320b959,1012,1,2025-11-13T09:45:39+00:00,2025-11-21T23:55:21+00:00,54,0.0,0.0,0.3014,0.4634,1.0,1000000.0,1,8.59,603,base
0xda8d766bc482a7953b72283f56c12ce00da6a86a,880,1,2025-10-24T22:50:53+00:00,2025-10-30T22:36:25+00:00,86,0.0682,0.8093,0.8093,0.9019,0.7886,10000.0,5,5.99,435,base
0xda9097c5672928a16c42889cd4b07d9a766827ee,2000,0,2025-11-07T10:19:33+00:00,2026-01-03T08:15:11+00:00,98,0.0005,0.0103,0.0747,0.1422,0.888,10000.0,8,56.91,1111,base
0xda96d9782234cc6e9132ec42d9e1c597f52676fb,2000,0,2025-11-23T15:29:41+00:00,2025-11-28T04:02:01+00:00,1,0.0,0.0,1.0,1.0,1.0,100000.0,1,4.52,525,base
0xdaabdaac8073a7dabdc96f6909e8476ab4001b34,238,1,2025-10-22T13:54:23+00:00,2025-10-31T16:26:15+00:00,1,0.0,0.0,1.0,1.0,0.8992,24925000.0,7,9.11,80,base
0xdadc335482ad545296fd7b28518a251ffcbeb9df,2000,0,2026-02-25T13:49:23+00:00,2026-07-03T05:04:13+00:00,166,0.0,0.0,0.2652,0.4623,0.3825,1000.0,16,127.64,186,base
0xdae0efd6b71ce47da451c7fded285fcf8200beec,1,1,2026-05-01T07:50:49+00:00,2026-05-01T07:50:49+00:00,1,0.0,0.0,1.0,1.0,1.0,350000.0,1,0.0,1,base
0xdaee7b73eb21df1457259eb1e4b68bfbdcb2bb53,8,1,2026-06-06T07:38:01+00:00,2026-06-27T10:34:15+00:00,1,0.0,0.0,1.0,1.0,0.5,10000.0,4,21.12,2,base
0xdb272ea79f256287bad8aa131ba706b24a1c8e9c,2,1,2026-05-20T19:44:29+00:00,2026-05-20T19:44:37+00:00,1,0.0,0.0,1.0,1.0,1.0,5000000.0,1,0.0,2,base
0xdb3cb87616fbec869685d783a13359fcc0041b3f,32,1,2025-10-27T13:06:23+00:00,2025-10-29T14:43:17+00:00,6,0.0,0.0,0.4749,0.6356,0.7812,1000000.0,3,2.07,16,base
0xdb3d14c4445da143fde0e42f9eac3125112cfd15,25,1,2026-05-08T23:26:57+00:00,2026-06-03T12:15:01+00:00,1,0.0,0.0,1.0,1.0,0.6,10000.0,3,25.53,5,base
0xdb55d811e4393a55e3eb7e7260794688f8a3f05a,638,1,2025-11-02T06:21:27+00:00,2025-11-05T03:36:39+00:00,1,0.0,0.0,1.0,1.0,1.0,1000000.0,1,2.89,366,base
0xdb5aa553feeb2c3e3d03e8360b36fb0f7e480671,2000,0,2026-02-11T02:52:33+00:00,2026-07-02T18:23:11+00:00,71,0.0,0.0,0.3306,0.4433,0.5345,1000.0,7,141.65,308,base
0xdb5c2df47e4a6df74edeb6de3159ae38b8cc10fd,3527,1,2026-02-12T15:28:43+00:00,2026-07-03T04:20:41+00:00,56,0.0,0.0,0.391,0.543,1.0,100000.0,1,140.54,609,base
0xdb8d791ea5743fb4effbc46772be7206541c1f3c,4,1,2025-11-13T12:33:11+00:00,2025-12-02T20:41:23+00:00,1,0.0,0.0,1.0,1.0,0.25,324.0,4,19.34,1,base
0xdb9f9651b56535d507426a463bfdd8834c7a71ea,266,1,2025-11-10T15:33:21+00:00,2026-01-01T10:31:09+00:00,65,0.0,0.0,0.6014,0.6177,0.3459,20000000.0,20,51.79,7,base
0xdba48239f2c8ca2ce45711c26e6b7fabecf9a8af,874,1,2026-04-01T07:01:17+00:00,2026-06-14T04:05:29+00:00,4,0.0,0.0,0.4764,0.7522,0.5755,10000.0,73,73.88,36,base
0xdba52ae54351cea994f5bedce053bb58ea1ccbba,1068,1,2025-11-02T06:56:13+00:00,2025-11-28T03:45:47+00:00,1,0.0,0.0,1.0,1.0,1.0,1000000.0,1,25.87,367,base
0xdbab4f311aa40007e19740e5292e1f03788802bc,9,1,2026-05-07T02:30:49+00:00,2026-06-30T00:35:19+00:00,1,0.0,0.0,1.0,1.0,0.4444,100000.0,5,53.92,1,base
0xdbe0cc57faad6f3c74d9e6c37b073b2ac3767b57,223,1,2025-11-25T22:37:33+00:00,2025-11-30T06:44:13+00:00,30,0.0,0.0,0.2126,0.3376,0.3363,1000.0,4,4.34,74,base
0xdbea2ace6c2e783e2cb5830d896bb977d1294e5b,265,1,2025-11-10T15:33:29+00:00,2026-01-01T10:31:15+00:00,68,0.0,0.0,0.5974,0.613,0.3472,20000000.0,20,51.79,7,base
0xdc005ee9488a63507e5dd64e8024537218740f66,1,1,2025-11-07T10:54:25+00:00,2025-11-07T10:54:25+00:00,1,0.0,0.0,1.0,1.0,1.0,1000.0,1,0.0,1,base
0xdc365f7a21568e02280c7427065114fa914240bd,2000,0,2025-10-26T16:12:19+00:00,2025-10-30T14:40:59+00:00,5,0.0,0.0,0.9985,0.999,0.9995,1000000.0,2,3.94,1000,base
0xdc40cbf86727093c52582405703e5b97d5c64b66,96,1,2025-11-05T19:47:51+00:00,2026-06-26T20:37:01+00:00,10,0.0312,0.0071,0.7014,0.7986,0.6042,1000.0,3,233.03,44,base
0xdc44a482d9e26d1379185905fce852478ebf24e9,269,1,2025-11-10T15:32:45+00:00,2026-01-01T10:30:53+00:00,71,0.0,0.0,0.5879,0.6022,0.342,20000000.0,23,51.79,7,base
0xdc493826aab51fc523a587752a32b961581f1e72,65,1,2025-11-04T09:46:25+00:00,2026-06-12T04:40:23+00:00,15,0.4154,0.2812,0.2812,0.4531,0.8923,1000000.0,2,219.79,14,base
0xdc59fa7b64988b846e76ec9849bb68f889071506,2000,0,2026-06-15T07:31:55+00:00,2026-07-03T04:30:57+00:00,5,0.0,0.0,0.8811,0.9416,0.9785,1000.0,15,17.87,1000,base
0xdc6baed9ebab627d72b8a0c5c51fdf6e83a1e503,241,1,2025-11-05T11:10:45+00:00,2025-12-23T09:24:23+00:00,71,0.0,0.0,0.2262,0.3025,0.3776,1000000.0,39,47.93,78,base
0xdc85512e6e0ce58e2d009fb0ad172aa398049231,395,1,2026-03-18T08:08:03+00:00,2026-06-11T10:23:13+00:00,5,0.0,0.0,0.9926,0.9985,0.0911,100000.0,86,85.09,16,base
0xdc87217726ce413ff99d29fbec47b3b055401add,3,1,2026-04-10T19:38:49+00:00,2026-04-10T19:47:23+00:00,2,0.0,0.0,0.999,1.0,0.3333,219000000.0,3,0.01,3,base
0xdcb51547c2f538043a45bb4b8c92f03f4682c0b3,747,1,2026-01-12T15:49:23+00:00,2026-06-24T03:01:09+00:00,16,0.0,0.0,0.9598,0.9665,1.0,1000.0,1,162.47,242,base
0xdceca23ff8a7145e1b5b35427c9886cf21a67566,886,1,2026-02-10T05:22:01+00:00,2026-07-03T04:21:37+00:00,138,0.0,0.0,0.3252,0.5147,0.6343,10000.0,9,142.96,100,base
0xdcf031c682d4493d6612f694dccbf25047e79737,10,1,2025-11-11T07:34:37+00:00,2025-12-02T16:11:15+00:00,1,0.0,0.0,1.0,1.0,0.1,342.0,10,21.36,1,base
0xdd09f322174b8512e40e9b6a657611ace682205a,3,1,2025-10-30T12:46:17+00:00,2025-10-30T13:24:41+00:00,1,0.0,0.0,1.0,1.0,1.0,500000.0,1,0.03,3,base
0xdd0a76a1fd204b9af98fab26ded7266a555f1416,1,1,2026-04-21T23:37:11+00:00,2026-04-21T23:37:11+00:00,1,0.0,0.0,1.0,1.0,1.0,10000.0,1,0.0,1,base
0xdd233f021dc3e16446d8620d5e2d8af3cc273aab,4,1,2026-05-25T09:09:55+00:00,2026-06-01T05:20:55+00:00,1,0.0,0.0,1.0,1.0,0.75,10000.0,2,6.84,2,base
0xdd257723b86b4947483905cdacbbbc70facf2ec0,2000,0,2026-02-22T00:11:01+00:00,2026-07-03T05:05:39+00:00,239,0.0,0.0,0.0622,0.1198,0.5165,20000.0,12,131.2,162,base
0xdd3cd289787121573a0b61642a1b1acc41fce667,1,1,2025-11-07T10:17:35+00:00,2025-11-07T10:17:35+00:00,1,0.0,0.0,1.0,1.0,1.0,1000.0,1,0.0,1,base
0xdd5a4ca811929fc47fe63e1fcc100e01d8995908,208,1,2026-05-14T05:54:23+00:00,2026-07-03T02:21:53+00:00,47,0.0,0.0,0.0633,0.102,0.3413,100000.0,16,49.85,36,base
0xdd5fcea81ca6f1eb39fed5b973de794293b81ba6,87,1,2026-06-27T06:53:49+00:00,2026-07-03T02:21:49+00:00,28,0.0,0.0,0.88,0.9269,0.5172,1000.0,8,5.81,33,base
0xdd6090df24e88caf558839584dd53bcef79c6338,2000,0,2026-04-09T14:27:29+00:00,2026-06-05T16:54:53+00:00,25,0.0,0.0,0.4377,0.7625,0.694,4000.0,6,57.1,583,base
0xddc65ea0b4c4a7b3845d88f96f02a85dea248b7f,2000,0,2025-10-26T08:00:47+00:00,2025-10-26T15:21:17+00:00,168,0.498,0.4972,0.4972,0.5829,0.502,10000000.0,2,0.31,2000,base
0xddd14a0d01d094f85642cc086296bdb0eccd7220,2,1,2025-11-14T02:55:51+00:00,2025-11-20T03:26:25+00:00,1,0.0,0.0,1.0,1.0,0.5,284.0,2,6.02,1,base
0xddeaeb4639a7fc213264b57c8dc81a36229687db,34,1,2025-10-24T18:57:19+00:00,2026-02-13T20:03:35+00:00,8,0.0,0.0,0.4735,0.6839,0.5588,20000000.0,2,112.05,12,base
0xddff7417032383d3ad8f10eb2bb8ade6b9bd1ebc,1,1,2026-05-06T20:43:55+00:00,2026-05-06T20:43:55+00:00,1,0.0,0.0,1.0,1.0,1.0,2000.0,1,0.0,1,base
0xde04bdc27aea6885856224f38d439e035ff4e0a5,3,1,2025-10-28T12:03:51+00:00,2025-10-30T00:51:57+00:00,1,1.0,1.0,1.0,1.0,1.0,10000.0,1,1.53,1,base
0xde128f221dfa09c4fb497e1fd03d3ef5249c4ffc,17,1,2026-04-16T07:46:33+00:00,2026-07-02T08:48:17+00:00,1,0.0,0.0,1.0,1.0,0.1176,23300000.0,16,77.04,6,base
0xde2080b85907a7b9d325642148db2eb4f0cf174a,1,1,2025-10-31T00:22:29+00:00,2025-10-31T00:22:29+00:00,1,0.0,0.0,1.0,1.0,1.0,400000.0,1,0.0,1,base
0xde38aa71a304492bfbd5af0862fa97922359f1aa,2000,0,2025-11-10T15:22:19+00:00,2025-11-13T09:31:21+00:00,884,0.133,0.0003,0.0051,0.0103,0.902,1000.0,3,2.76,1000,base
0xde552fd2517f6f7142dc190f2309d5670ec03c57,4,1,2025-10-29T23:45:19+00:00,2025-10-31T00:17:55+00:00,1,0.0,0.0,1.0,1.0,0.75,300000.0,2,1.02,2,base
0xde582fbbbdb048ac66c24db89a76a2a756dee591,1,1,2026-05-28T13:51:35+00:00,2026-05-28T13:51:35+00:00,1,0.0,0.0,1.0,1.0,1.0,10000.0,1,0.0,1,base
0xde5d695390ecab7e2fa993925614aff22bfa553a,1,1,2026-05-08T11:17:33+00:00,2026-05-08T11:17:33+00:00,1,0.0,0.0,1.0,1.0,1.0,190000.0,1,0.0,1,base
0xde5d6fc9ed7ef3ee30ec3fd9450929c8346b4bca,2,1,2026-06-01T11:24:23+00:00,2026-06-01T11:25:25+00:00,1,0.0,0.0,1.0,1.0,0.5,10000.0,2,0.0,2,base
0xde7a183601fa3e0c7e7f022f1d27af71cf89e04d,647,1,2025-11-02T06:21:25+00:00,2025-11-04T06:03:19+00:00,1,0.0,0.0,1.0,1.0,1.0,1000000.0,1,1.99,373,base
0xde9da24cae09ee726d9101f56d03d77c5ad3573c,1,1,2026-04-01T18:12:51+00:00,2026-04-01T18:12:51+00:00,1,0.0,0.0,1.0,1.0,1.0,260000.0,1,0.0,1,base
0xdeb1715f44b67c7bf2a2f7ece9d944313d14c104,63,1,2026-05-16T11:11:41+00:00,2026-06-03T07:35:23+00:00,1,0.0,0.0,1.0,1.0,0.5079,10000.0,6,17.85,7,base
0xdec30771afd4296fee41fe3fe0dcad1a5d0b697e,1,1,2025-11-07T10:45:11+00:00,2025-11-07T10:45:11+00:00,1,0.0,0.0,1.0,1.0,1.0,1000.0,1,0.0,1,base
0xdedd050dfe4212d52f2a6ed6a2d5d3289de0d5ac,158,1,2026-04-23T22:51:45+00:00,2026-06-23T15:07:53+00:00,8,0.0,0.0,0.6826,0.8355,0.6772,20000.0,4,60.68,133,base
0xdf0c4a88cf28e24cd63a0d2ac54052c65f0c7700,294,1,2026-03-03T20:13:27+00:00,2026-06-29T19:11:17+00:00,8,0.0,0.0,0.7109,0.8844,1.0,1000.0,1,117.96,157,base
0xdf35b86e7494d82c275221c6f1b29f82a030f649,1,1,2025-11-12T03:46:09+00:00,2025-11-12T03:46:09+00:00,1,0.0,0.0,1.0,1.0,1.0,280.0,1,0.0,1,base
0xdf5316acaeb7146668d9fae29d6c0d994ab23cb3,2000,0,2025-10-28T17:16:55+00:00,2026-03-25T05:51:15+00:00,9,0.4985,0.4991,0.4991,0.9288,0.4975,997.0,6,147.52,1000,base
0xdf53471dbdc0761c79fd0c9061d0fe7c2acf8f3c,267,1,2025-11-10T15:27:41+00:00,2026-01-01T10:28:39+00:00,69,0.0,0.0,0.5976,0.6128,0.3558,20000000.0,25,51.79,7,base
0xdf6c170b7f622cf58d67354b8a077ecb1de0ca86,1,1,2026-05-24T23:37:59+00:00,2026-05-24T23:37:59+00:00,1,0.0,0.0,1.0,1.0,1.0,110000.0,1,0.0,1,base
0xdf873d57b5b2b96d68c05352cc21a2da33053144,3,1,2025-10-29T00:56:35+00:00,2025-10-30T01:58:27+00:00,2,0.0,0.0,0.6667,1.0,1.0,500000.0,1,1.04,2,base
0xdf90200b0031051bbf7a66bb9387d2ecf599e109,88,1,2026-03-26T01:45:51+00:00,2026-06-27T14:02:41+00:00,12,0.0,0.0,0.4271,0.5625,0.7045,20000.0,2,93.51,9,base
0xdfa575445885ee4fbf3fa7741df20476ea46bc4d,32,1,2026-06-01T17:36:13+00:00,2026-07-01T07:50:27+00:00,9,0.0,0.0,0.2812,0.5,1.0,1000.0,1,29.59,8,base
0xdfa835a71e1c32db8401db75305f1b98a04347c8,266,1,2025-11-10T15:34:05+00:00,2026-01-01T10:31:47+00:00,67,0.0,0.0,0.596,0.618,0.3534,20000000.0,23,51.79,7,base
0xdfe2e79de9f0ee1d5d1b287966de9c2418d3e8cb,6,1,2026-06-09T23:42:45+00:00,2026-06-15T12:38:49+00:00,1,0.0,0.0,1.0,1.0,0.3333,10000.0,4,5.54,1,base
0xe0461d31643e24108e53ea0d03a88b76265f06e9,5,1,2026-04-29T01:40:21+00:00,2026-04-29T01:46:27+00:00,1,0.0,0.0,1.0,1.0,1.0,60000.0,1,0.0,5,base
0xe04d575bd5a9f7867ff3fa9497b4edb5a60d06ed,9,1,2026-06-04T07:40:03+00:00,2026-06-20T14:27:39+00:00,1,0.0,0.0,1.0,1.0,0.4444,10000.0,6,16.28,2,base
0xe05cf38aabc0a046cf0057d2656f3c374132667a,2284,1,2026-04-02T23:58:27+00:00,2026-07-02T03:07:19+00:00,13,0.0,0.0,0.6638,0.9362,0.6681,1000.0,169,90.13,824,base
0xe08e64d4044cd7ce4bfbb44d908e358c4eafde09,54,1,2026-04-22T17:01:53+00:00,2026-06-23T22:22:05+00:00,5,0.0,0.0,0.6931,0.9406,0.8704,15000.0,3,62.22,8,base
0xe0b87f29728b01b7eed6102e22daf7b8b13e1254,4,1,2026-06-09T04:10:17+00:00,2026-06-17T01:17:37+00:00,1,0.0,0.0,1.0,1.0,0.25,10000.0,4,7.88,1,base
0xe0dda596a02c031882837bef9d616de243679fc6,1,1,2025-11-11T21:28:47+00:00,2025-11-11T21:28:47+00:00,1,0.0,0.0,1.0,1.0,1.0,4000000.0,1,0.0,1,base
0xe0fe67479deb8a454c0d9762891bae3003624a64,239,1,2026-04-15T14:14:03+00:00,2026-07-02T13:26:15+00:00,7,0.0,0.0,0.2767,0.5498,0.1213,50000.0,73,77.97,11,base
0xe11caa2531c84bb945dc7d4b7d9a5eee422067a6,1,1,2026-05-16T18:25:45+00:00,2026-05-16T18:25:45+00:00,1,0.0,0.0,1.0,1.0,1.0,2000.0,1,0.0,1,base
0xe11d166355825215d33a7b2dc47c05d4dcf6975c,38,1,2026-06-12T01:59:09+00:00,2026-07-01T01:23:05+00:00,6,0.0,0.0,0.7488,0.913,0.8158,20000.0,4,18.97,9,base
0xe166267c3648b5ca4419f2c58faed8cd4df87d54,2107,1,2026-04-17T01:59:31+00:00,2026-06-04T18:40:31+00:00,16,0.0,0.0,0.9465,0.9758,0.7171,5000.0,4,48.7,97,base
0xe16a1b12404cb2ebc6e783beca6e2a9253c3dc7e,50,1,2026-04-21T21:50:07+00:00,2026-06-23T19:28:55+00:00,9,0.0,0.0,0.4471,0.6888,0.54,8000.0,2,62.9,9,base
0xe197628a03d2cc7810beb9fb68b06967c759eec6,3,1,2025-10-28T09:21:01+00:00,2025-10-30T03:10:01+00:00,1,1.0,1.0,1.0,1.0,0.6667,1000.0,2,1.74,1,base
0xe1df6968935328ccc7259c2063411a8035ef87c7,565,1,2025-10-31T09:59:19+00:00,2025-11-10T09:10:49+00:00,168,0.0,0.0,0.0762,0.1144,0.6124,100000000.0,6,9.97,500,base
0xe1ec023f5c95d4244803aa2acd661fca06b67a75,128,1,2025-11-10T15:09:07+00:00,2026-01-01T10:24:27+00:00,2,0.0,0.0,0.9976,1.0,0.7109,20000000.0,8,51.8,4,base
0xe23517ec8fd33614867a2157f1c7980852784972,3,1,2026-04-21T06:54:45+00:00,2026-04-23T04:23:23+00:00,1,0.0,0.0,1.0,1.0,0.3333,60000.0,3,1.89,1,base
0xe23bee8965010dcd8a2b996ae815599ec9ec56dd,1,1,2025-11-11T18:50:13+00:00,2025-11-11T18:50:13+00:00,1,0.0,0.0,1.0,1.0,1.0,100000.0,1,0.0,1,base
0xe24afd008b559eefa35ed0cd5073ccdb32690140,1910,0,2025-11-01T09:37:35+00:00,2025-11-28T04:03:17+00:00,1,0.0,0.0,1.0,1.0,1.0,1000000.0,1,26.77,364,base
0xe253d3af921d8acf3d95364cc5d17dd1a17d4450,56,1,2026-05-22T09:47:43+00:00,2026-06-28T00:13:19+00:00,9,0.0,0.0,0.2679,0.4643,1.0,10000.0,1,36.6,10,base
0xe25b1b2a8328f07d93f7d436f3375be4f4def8cf,2000,0,2025-10-25T15:24:01+00:00,2025-10-27T14:50:17+00:00,423,0.0,0.0,0.1135,0.1615,1.0,1000000.0,1,1.98,1000,base
0xe266a66f4843163ecb8ad9df3538e3a079e65baa,1,1,2026-06-17T08:03:11+00:00,2026-06-17T08:03:11+00:00,1,0.0,0.0,1.0,1.0,1.0,50000.0,1,0.0,1,base
0xe28cd838be6bdade252dfa7e25d7fb864c2c18cd,41,1,2026-03-13T20:30:47+00:00,2026-06-23T15:29:47+00:00,9,0.0,0.0,0.4362,0.604,0.6585,50000.0,2,101.79,15,base
0xe295b6641b32998537ae0f8e61babf729eaed6e5,72,1,2026-06-24T03:15:45+00:00,2026-07-03T03:31:01+00:00,6,0.0,0.0,0.5746,0.779,0.4722,30000.0,4,9.01,24,base
0xe29a11c193bbfdcc99c01034e570d50c08140c2f,1,1,2025-11-13T07:44:07+00:00,2025-11-13T07:44:07+00:00,1,0.0,0.0,1.0,1.0,1.0,233.0,1,0.0,1,base
0xe2b06d454b2cc941ccbc0b6539b7d7cd15278a0b,414,1,2026-04-26T14:23:29+00:00,2026-06-06T13:25:43+00:00,196,0.0,0.0,0.0309,0.0493,0.0797,150000.0,68,40.96,143,base
0xe2c37f7ae68f60f640277ba3e85109127965f440,2147,1,2026-05-06T05:56:43+00:00,2026-06-29T16:51:29+00:00,1,0.0,0.0,1.0,1.0,0.4583,39600000.0,1085,54.45,198,base
0xe2e4ed6e0fca4dd7cb9541bfed857e4deaca0c72,2,1,2026-06-21T00:36:57+00:00,2026-06-22T00:34:59+00:00,1,0.0,0.0,1.0,1.0,0.5,330000.0,2,1.0,1,base
0xe3148537ef9cad71291a860417efbcbb9e0457f9,81,1,2026-03-24T14:35:49+00:00,2026-06-12T07:04:21+00:00,1,0.0,0.0,1.0,1.0,0.3827,5000000.0,24,79.69,11,base
0xe3173e8990cf8468f29a33c15735abaea94ada83,88,1,2026-04-14T09:51:05+00:00,2026-06-22T08:12:51+00:00,7,0.0,0.0,0.7225,0.8553,0.0682,1100000.0,58,68.93,5,base
0xe32566ae10007bf988dfac5b732184ee197d2aaf,136,1,2026-02-27T11:44:23+00:00,2026-06-22T07:30:39+00:00,20,0.0,0.0,0.8665,0.9549,0.7794,10000.0,6,114.82,38,base
0xe33f754474a413a3aa2aec223894edcc26e3c22a,1,1,2026-06-03T00:16:35+00:00,2026-06-03T00:16:35+00:00,1,0.0,0.0,1.0,1.0,1.0,40000.0,1,0.0,1,base
0xe341add833f9d62082e97ea260baa6546cd09f73,218,1,2026-05-20T00:11:33+00:00,2026-07-01T06:25:03+00:00,15,0.0,0.0,0.531,0.8724,0.9633,1000.0,2,42.26,77,base
0xe34ca0e21a372a3ecee16bbb10fbd5ad285849d1,1,1,2026-05-13T23:23:59+00:00,2026-05-13T23:23:59+00:00,1,0.0,0.0,1.0,1.0,1.0,10000.0,1,0.0,1,base
0xe36ade25f56d0c61d2f9ffbda7c4bccba0e6e4d0,1,1,2026-05-31T04:17:47+00:00,2026-05-31T04:17:47+00:00,1,0.0,0.0,1.0,1.0,1.0,10000.0,1,0.0,1,base
0xe38c826af1b1dd484d9635eebb61b0e9a3263870,1,1,2026-06-30T08:55:39+00:00,2026-06-30T08:55:39+00:00,1,0.0,0.0,1.0,1.0,1.0,10000.0,1,0.0,1,base
0xe3a82dab4685e2e5d4b338751f23805389c6127f,4,1,2025-10-29T23:11:47+00:00,2025-10-31T00:23:15+00:00,1,0.0,0.0,1.0,1.0,0.5,300000.0,2,1.05,2,base
0xe3b707d4e032b4b90bd8ffcc130a9ebcbbe0b2ee,5,1,2025-11-10T17:44:55+00:00,2025-11-10T17:49:57+00:00,1,0.0,0.0,1.0,1.0,1.0,1000.0,1,0.0,5,base
0xe3d0c8606ce74e16686b988a64efe764f78679f1,1,1,2026-01-11T16:57:07+00:00,2026-01-11T16:57:07+00:00,1,0.0,0.0,1.0,1.0,1.0,100000000.0,1,0.0,1,base
0xe3dbe709a92131216bc39776b308a471a5c97464,51,1,2026-03-06T14:48:57+00:00,2026-04-06T09:06:43+00:00,1,0.0,0.0,1.0,1.0,0.4706,10000000.0,7,30.76,11,base
0xe3fc7be376863e6e4ef2f21441656b3ab370683e,1,1,2025-10-30T22:49:05+00:00,2025-10-30T22:49:05+00:00,1,0.0,0.0,1.0,1.0,1.0,1000000.0,1,0.0,1,base
0xe41f518d034670cfef872142b385f380dd1a8606,2000,0,2025-11-23T15:29:39+00:00,2025-11-28T04:02:37+00:00,1,0.0,0.0,1.0,1.0,1.0,100000.0,1,4.52,539,base
0xe4200d67b49686fb2c46a07f4f4d2a640c156255,5,1,2025-10-29T00:54:33+00:00,2025-10-30T13:21:03+00:00,1,0.0,0.0,1.0,1.0,1.0,500000.0,1,1.52,3,base
0xe4391e86f1659997d0070a416a3c7f4f34204bce,372,1,2025-12-18T22:23:41+00:00,2026-06-13T19:41:15+00:00,6,0.0,0.0,0.9046,0.9447,0.5108,10000.0,3,176.89,88,base
0xe4431da58fc4747c691b6782fbb3e57dbee681da,4,1,2026-06-04T12:41:31+00:00,2026-06-16T02:17:03+00:00,1,0.0,0.0,1.0,1.0,0.75,10000.0,2,11.57,1,base
0xe4a087d708fdb8a0845ae5e4972cc0d4f915c31f,1,1,2025-11-07T10:53:51+00:00,2025-11-07T10:53:51+00:00,1,0.0,0.0,1.0,1.0,1.0,1000.0,1,0.0,1,base
0xe4a3548c54cb93faa0b1e9e09b35bfddf8c41882,1,1,2026-06-29T20:56:35+00:00,2026-06-29T20:56:35+00:00,1,0.0,0.0,1.0,1.0,1.0,10000.0,1,0.0,1,base
0xe4d203dfcded2c3319f0ea64ef382053a4682b78,1,1,2026-06-15T07:54:01+00:00,2026-06-15T07:54:01+00:00,1,0.0,0.0,1.0,1.0,1.0,10000.0,1,0.0,1,base
0xe4da1680951ce8f865b8bd92eea8fe8ebeda1d85,1,1,2026-01-01T16:57:29+00:00,2026-01-01T16:57:29+00:00,1,0.0,0.0,1.0,1.0,1.0,1000000000.0,1,0.0,1,base
0xe512bcbe8856026cc258d1a95abafc72a1f88e55,103,1,2025-11-28T23:15:43+00:00,2025-12-14T20:54:01+00:00,2,0.0,0.0,0.7222,1.0,0.932,10000.0,5,15.9,24,base
0xe53cf11c367390122af3431b7c47d323f9ccbf38,1129,1,2026-06-20T17:46:05+00:00,2026-07-02T11:19:39+00:00,6,0.0,0.0,0.5956,0.9917,0.4632,50000.0,12,11.73,238,base
0xe547819dee840c0a18fac7f840cb0e3847135d59,61,1,2026-01-15T16:58:25+00:00,2026-07-02T12:18:01+00:00,8,0.0,0.0,0.5557,0.7717,0.3279,100000.0,24,167.81,20,base
0xe55eb84c37e90dfb7304969e5c6bff02c600f748,3155,1,2026-05-05T14:13:15+00:00,2026-07-03T05:08:03+00:00,1,0.0,0.0,1.0,1.0,0.0006,29518282.0,3140,58.62,96,base
0xe598a57646405cf751604474b021bbbfb225d124,3,1,2026-04-21T01:09:39+00:00,2026-04-23T05:21:25+00:00,1,0.0,0.0,1.0,1.0,0.6667,30000.0,2,2.17,1,base
0xe5bc321cd62c5ec3bcc72eb101e0b93fde807e67,4,1,2026-05-12T05:03:57+00:00,2026-05-12T05:05:29+00:00,1,0.0,0.0,1.0,1.0,1.0,60000.0,1,0.0,4,base
0xe5cd99a5be741a7e34ab1a4653fe6819afd7a417,1,1,2025-10-31T19:33:45+00:00,2025-10-31T19:33:45+00:00,1,0.0,0.0,1.0,1.0,1.0,1000000.0,1,0.0,1,base
0xe5d24d346c6d81954403d565d5080ce4e6143c89,1,1,2026-05-15T19:29:51+00:00,2026-05-15T19:29:51+00:00,1,0.0,0.0,1.0,1.0,1.0,10000.0,1,0.0,1,base
0xe5d5c29e6fecc6fbd304e00c103506ecfe1baf00,3990,1,2026-04-16T09:53:13+00:00,2026-05-11T08:18:23+00:00,1,0.0,0.0,1.0,1.0,0.0005,7146662.0,3970,24.93,206,base
0xe5dc8255b891d5c25bedd4d55fc59240ffb9dbc0,578,1,2026-04-14T04:03:35+00:00,2026-05-02T20:53:09+00:00,383,0.0,0.0,0.1593,0.243,0.5294,300000.0,103,18.7,100,base
0xe5f6d660ef463c04412ddf4e2bad47021fe0511c,1,1,2025-11-07T10:56:11+00:00,2025-11-07T10:56:11+00:00,1,0.0,0.0,1.0,1.0,1.0,1000.0,1,0.0,1,base
0xe602344ef3944497a72981e36066c62e7a99f599,70,1,2026-05-18T11:14:55+00:00,2026-06-29T09:42:11+00:00,6,0.0,0.0,0.77,0.8466,0.6143,1000.0,2,41.94,16,base
0xe633eac32a176093672d131e092dd14876915504,1263,0,2025-11-02T06:14:23+00:00,2025-11-28T03:52:05+00:00,1,0.0,0.0,1.0,1.0,0.791,100000.0,2,25.9,289,base
0xe63b8d4dcde50830b24a03b83b9cf725b52ed801,1,1,2026-05-22T16:45:07+00:00,2026-05-22T16:45:07+00:00,1,0.0,0.0,1.0,1.0,1.0,10000.0,1,0.0,1,base
0xe63e151504da0a1b07a31a72dbabda6240359893,38,1,2026-03-22T08:34:41+00:00,2026-07-01T07:33:45+00:00,14,0.2105,0.0153,0.9437,0.9795,0.5,10000.0,15,100.96,11,base
0xe63e9786b5b2b9184de202eac3a01ff27478718f,127,1,2025-11-10T15:20:05+00:00,2026-01-01T10:27:13+00:00,1,0.0,0.0,1.0,1.0,0.7165,20000000.0,7,51.8,4,base
0xe6814e0172c9f15f2ba2e09fe9d9f3751fa38b75,70,1,2026-05-26T21:15:55+00:00,2026-06-25T23:40:37+00:00,8,0.0,0.0,0.2714,0.5143,1.0,10000.0,1,30.1,32,base
0xe682dc3c6b79c1c87dfd17e5e25b1a07834b9f5d,57,1,2026-05-09T08:47:19+00:00,2026-06-30T01:36:43+00:00,6,0.0,0.0,0.3427,0.6573,0.386,20000.0,4,51.7,8,base
0xe68e6015f540c9778ad130e155a4c0265ea65d40,92,1,2025-12-15T16:55:15+00:00,2026-07-01T14:34:49+00:00,22,0.0,0.0,0.5167,0.6603,0.5,4000.0,8,197.9,23,base
0xe6c6160749382f4d4d7285465c53d47fa269a872,58,1,2026-03-02T17:33:15+00:00,2026-06-19T14:42:35+00:00,4,0.0,0.0,0.7236,0.8575,0.4828,10000.0,3,108.88,32,base
0xe6e532ede8e4a11e465660b76a90d56c0fb8e8e8,24,1,2025-10-27T08:36:33+00:00,2026-07-01T05:27:19+00:00,5,0.0,0.0,0.5319,0.7447,0.5417,10000.0,2,246.87,12,base
0xe713c244a89c0622b942ba34cdeccabd145dcbfc,136,1,2026-03-21T08:53:49+00:00,2026-06-23T13:08:03+00:00,5,0.0,0.0,0.9622,0.9877,0.1765,100000.0,57,94.18,6,base
0xe730da17533ad3dd1ecf72b3d592d003a2aa30cf,4,1,2025-10-28T13:42:23+00:00,2025-10-30T01:55:57+00:00,3,0.5,0.5,0.5,0.75,1.0,1000.0,1,1.51,2,base
0xe73d86f185be79a33b0318d881b71f2a24371114,82,1,2026-05-30T12:06:19+00:00,2026-07-03T01:23:05+00:00,20,0.0,0.0,0.6046,0.751,0.3902,50000.0,10,33.55,23,base
0xe740d5701749d262da5e4fcb9f814c5b6d91cf46,667,1,2026-05-12T21:09:35+00:00,2026-07-01T17:36:23+00:00,43,0.0,0.0,0.2923,0.3772,0.5502,50000.0,8,49.85,126,base
0xe7649aab539247e4d6879ac1dffc02b5abf4339a,1277,0,2025-11-02T06:14:23+00:00,2025-11-28T03:52:51+00:00,1,0.0,0.0,1.0,1.0,0.7854,100000.0,2,25.9,295,base
0xe76f43ed475419a2e7eb347969ec9d09396b8943,26,1,2026-05-05T03:07:51+00:00,2026-07-01T17:29:15+00:00,13,0.0,0.0,0.176,0.2691,0.3846,3920000.0,8,57.6,10,base
0xe7743e095dc49d2652f7c2590f16ecc5ced7a792,1,1,2026-03-19T05:16:33+00:00,2026-03-19T05:16:33+00:00,1,0.0,0.0,1.0,1.0,1.0,2400232800.0,1,0.0,1,base
0xe7c595312d65b366497f1a2077d6f9a7fbd24e0f,1,1,2026-06-02T16:40:55+00:00,2026-06-02T16:40:55+00:00,1,0.0,0.0,1.0,1.0,1.0,40000.0,1,0.0,1,base
0xe7debbc9de869d28b914a3f19e1fc192f849feff,21,1,2026-05-17T06:59:09+00:00,2026-06-30T10:43:45+00:00,7,0.0,0.0,0.3333,0.5714,1.0,10000.0,1,44.16,5,base
0xe7f0d929b60fbf33ecab60abedc40ff7d997cd58,35,1,2026-02-03T13:32:13+00:00,2026-06-13T12:59:59+00:00,4,0.1429,0.0776,0.9173,0.9949,0.6286,1000.0,7,129.98,19,base
0xe7f302568b4c1851bb3ca40750c17822db7dbd02,53,1,2026-05-20T12:20:15+00:00,2026-06-03T10:14:31+00:00,1,0.0,0.0,1.0,1.0,0.7925,10000.0,4,13.91,8,base
0xe7f58e4a60eed7f8720ec4fec968f71cffd7af4f,1,1,2026-06-05T00:48:07+00:00,2026-06-05T00:48:07+00:00,1,0.0,0.0,1.0,1.0,1.0,100000.0,1,0.0,1,base
0xe82ebef57fa5af958b8ecb6843d4327d314f59e3,569,1,2026-05-03T19:38:21+00:00,2026-07-03T04:53:27+00:00,96,0.0,0.0,0.2662,0.4504,0.5466,3000.0,9,60.39,141,base
0xe83a2d406e62b2fd7d12515d1c8d82cfd2279d23,5,1,2026-04-29T05:09:57+00:00,2026-04-29T05:20:47+00:00,1,0.0,0.0,1.0,1.0,1.0,60000.0,1,0.01,5,base
0xe84158fef1fa6509076aed33e3acdb9aaa05ac31,1,1,2026-04-09T13:23:57+00:00,2026-04-09T13:23:57+00:00,1,0.0,0.0,1.0,1.0,1.0,10000.0,1,0.0,1,base
0xe8b25a72dd6aef69515452a61ad231c7df2843b7,67,1,2026-05-29T01:11:45+00:00,2026-07-01T13:05:17+00:00,8,0.0,0.0,0.5198,0.7089,0.6866,10000.0,2,33.5,13,base
0xe8e26183736d796d401df30810207465fa708959,45,1,2026-04-28T10:22:57+00:00,2026-06-23T16:07:01+00:00,5,0.0,0.0,0.8338,0.9566,0.3333,8000.0,6,56.24,18,base
0xe9030014f5dae217d0a152f02a043567b16c1abf,2000,0,2025-12-26T01:16:13+00:00,2026-07-03T05:10:21+00:00,12,0.0,0.0,0.9282,0.9915,0.5005,1000.0,849,189.16,1000,base
0xe90d8d736d30c42ca7968749df37ef49b3c6158e,1,1,2026-03-04T15:50:47+00:00,2026-03-04T15:50:47+00:00,1,0.0,0.0,1.0,1.0,1.0,10000.0,1,0.0,1,base
0xe935f231c99c04ee0b4532a3d0bda81b152a0384,26,1,2025-12-07T06:58:23+00:00,2025-12-17T14:36:17+00:00,1,0.0,0.0,1.0,1.0,0.3462,10000000.0,10,10.32,8,base
0xe9459dede331e6b1882afc8fed33c89569077bd1,1,1,2026-03-12T16:59:43+00:00,2026-03-12T16:59:43+00:00,1,0.0,0.0,1.0,1.0,1.0,1000000.0,1,0.0,1,base
0xe953d11ce2001791764133f5051ffa7459137d9a,4,1,2025-10-29T01:05:01+00:00,2025-10-30T02:06:53+00:00,1,0.0,0.0,1.0,1.0,1.0,500000.0,1,1.04,3,base
0xe955c1ce121ad589f570c36a5d458454df400854,2000,0,2025-11-23T15:29:39+00:00,2025-11-28T04:02:35+00:00,1,0.0,0.0,1.0,1.0,1.0,100000.0,1,4.52,546,base
0xe958693a522050df299b2e471241bc993a7c30f4,2,1,2025-10-30T23:33:35+00:00,2025-10-30T23:56:35+00:00,1,0.0,0.0,1.0,1.0,0.5,100000.0,2,0.02,2,base
0xe9635b753a807ec750bfe11b5ef7affab6aafb5c,1047,1,2025-11-02T06:56:13+00:00,2025-11-28T04:02:33+00:00,1,0.0,0.0,1.0,1.0,1.0,1000000.0,1,25.88,333,base
0xe96e69c5f2aa672f6c49984923907422d90ff476,2000,0,2026-01-20T20:34:03+00:00,2026-05-10T11:54:45+00:00,1,0.0,0.0,1.0,1.0,0.005,247500000.0,1988,109.64,277,base
0xe975c2767c7923f20c43d23cf8e6961e7b737c5f,948,1,2025-11-13T01:12:13+00:00,2025-11-28T03:59:45+00:00,1,0.0,0.0,1.0,1.0,1.0,100000.0,1,15.12,319,base
0xe9a1558d6c8177f97e8fd533ac7da2f04f1b48b5,2000,0,2025-11-04T10:07:05+00:00,2025-11-04T16:01:05+00:00,39,0.692,0.9573,0.9573,0.9594,0.69,100000.0,3,0.25,2000,base
0xe9b4e035fa68eca9aaf8937ce9ae188ee039cb2a,1,1,2025-11-07T10:13:25+00:00,2025-11-07T10:13:25+00:00,1,0.0,0.0,1.0,1.0,1.0,1000.0,1,0.0,1,base
0xe9cbed51efc05649c1c4b46603999ae13e555eaf,1,1,2025-12-01T11:56:21+00:00,2025-12-01T11:56:21+00:00,1,0.0,0.0,1.0,1.0,1.0,2000000000.0,1,0.0,1,base
0xe9cc86ee956d7cffce3b92eb76074de710fe5e26,4,1,2025-10-29T23:45:37+00:00,2025-10-31T00:05:11+00:00,1,0.0,0.0,1.0,1.0,0.75,300000.0,2,1.01,2,base
0xe9efadcfae547f1bc493b442704cb38f4097f33e,5,1,2026-05-11T21:02:07+00:00,2026-05-11T21:03:23+00:00,1,0.0,0.0,1.0,1.0,1.0,60000.0,1,0.0,5,base
0xea09413c62f6f25df7463341cc42ead470373205,98,1,2026-03-26T03:23:27+00:00,2026-07-01T09:24:43+00:00,14,0.0,0.0,0.795,0.8711,0.3673,10000.0,12,97.25,13,base
0xea2b0429be7177546045401be0f691dd9b8e481f,4,1,2025-10-28T16:24:29+00:00,2025-10-31T05:52:43+00:00,1,0.0,0.0,1.0,1.0,1.0,10000.0,1,2.56,2,base
0xea40876283590b33e9fee4980c25870e7afce37d,587,1,2026-03-22T02:50:41+00:00,2026-06-18T01:35:29+00:00,3,0.0,0.0,0.6618,0.9949,0.4549,10000.0,67,87.95,23,base
0xea50ca3be9b685841468520dfe251ab5ac2f6d55,4,1,2025-11-07T09:22:51+00:00,2025-11-07T09:22:57+00:00,1,0.0,0.0,1.0,1.0,1.0,1000.0,1,0.0,4,base
0xea92a610dc16c3d3eb2a5d6bd41ddd8153a191c9,151,1,2026-04-15T07:58:15+00:00,2026-06-11T17:46:43+00:00,10,0.0,0.0,0.2419,0.4012,0.0265,820000.0,104,57.41,18,base
0xea9b43dc829f0a802a2a2d127911fe80ad191690,2,1,2025-11-03T06:30:13+00:00,2025-11-03T07:28:47+00:00,2,0.0,0.0,0.9976,1.0,0.5,1000000.0,2,0.04,2,base
0xeabf0a98ac208647247eaa25fdd4eb0e67793d61,41,1,2025-12-10T17:41:21+00:00,2026-03-14T23:28:55+00:00,17,0.0244,0.0,0.8805,0.9913,0.1951,10000.0,27,94.24,6,base
0xeac160515cc56419ab45791dffd8fd4f79b73e59,1,1,2025-10-31T15:12:57+00:00,2025-10-31T15:12:57+00:00,1,0.0,0.0,1.0,1.0,1.0,1000000.0,1,0.0,1,base
0xeb00a31192567583ebeb532b6b549652237074ea,27,1,2026-05-05T10:07:25+00:00,2026-06-11T09:33:49+00:00,8,0.0,0.0,0.2715,0.492,0.2963,100000.0,15,36.98,7,base
0xeb4da07be74b26b2966b3cd07842cade70e47d53,2000,0,2025-11-13T22:47:47+00:00,2026-07-03T01:49:19+00:00,85,0.0,0.0,0.3976,0.6557,0.59,1000.0,142,231.13,467,base
0xeb7117f2994a42fe72d20113f6b486a8b94d1138,3,1,2026-04-21T19:46:15+00:00,2026-04-23T08:27:59+00:00,1,0.0,0.0,1.0,1.0,0.3333,60000.0,3,1.53,1,base
0xeb72854f4c0dbfbcddee740c723f77af7c2db531,1,1,2025-11-11T21:07:15+00:00,2025-11-11T21:07:15+00:00,1,0.0,0.0,1.0,1.0,1.0,1000.0,1,0.0,1,base
0xebafcd94180a67d4a25a46aa1774864c9000895d,127,1,2026-02-07T14:46:15+00:00,2026-06-29T13:36:51+00:00,5,0.0,0.0,0.8411,0.996,0.9685,10000.0,5,141.95,8,base
0xebc66aa85d1f6733d32407a681ac30f11528f60d,1,1,2026-06-10T08:01:59+00:00,2026-06-10T08:01:59+00:00,1,0.0,0.0,1.0,1.0,1.0,10000.0,1,0.0,1,base
0xebc903a4a0dba4d24d4bb8ee6f1e288fdf016007,7,1,2025-11-09T12:52:49+00:00,2025-11-30T02:01:55+00:00,1,0.0,0.0,1.0,1.0,0.2857,338.0,6,20.55,2,base
0xebe77ce82e520184ba803ac80546457e543c8731,6,1,2026-02-18T03:32:53+00:00,2026-02-28T09:50:49+00:00,1,0.0,0.0,1.0,1.0,0.1667,300040000.0,6,10.26,3,base
0xebef26eb2819fe7c32e100a1c8181648b7e775e6,1,1,2025-10-30T23:19:17+00:00,2025-10-30T23:19:17+00:00,1,0.0,0.0,1.0,1.0,1.0,1000000.0,1,0.0,1,base
0xebfa8b051da0feee18ce16fb1b2a92394da00532,7,1,2026-06-06T11:22:25+00:00,2026-06-12T02:37:27+00:00,1,0.0,0.0,1.0,1.0,0.8571,10000.0,2,5.64,1,base
0xec2a91842ea6aaafafdf05f4ca65ce2cfe1023c4,52,1,2025-10-29T12:00:07+00:00,2025-11-06T06:52:27+00:00,21,0.0,0.0,0.2622,0.5238,0.4038,1000000.0,6,7.79,50,base
0xec76a41c340b8c8015580d726660d351815c388c,192,1,2025-11-10T15:31:01+00:00,2026-01-01T10:29:53+00:00,47,0.0,0.0,0.7812,0.7929,0.474,20000000.0,15,51.79,5,base
0xec9641ebdcdfcad27bc10472d26bdd61cbf71d5c,2000,0,2026-03-06T13:42:21+00:00,2026-07-03T04:08:21+00:00,27,0.0,0.0,0.2025,0.3863,0.5345,20000.0,10,118.6,282,base
0xecca24e9d184db20160958e4370ae0ecc0d99d61,1,1,2026-06-20T12:08:53+00:00,2026-06-20T12:08:53+00:00,1,0.0,0.0,1.0,1.0,1.0,10000.0,1,0.0,1,base
0xecd098b61dcb1ed6b719544e893c4b3c50134852,1,1,2026-01-01T16:42:07+00:00,2026-01-01T16:42:07+00:00,1,0.0,0.0,1.0,1.0,1.0,1000000000.0,1,0.0,1,base
0xecddd5ba7a40fc66a304476433590158a23696c6,1,1,2026-05-18T14:15:59+00:00,2026-05-18T14:15:59+00:00,1,0.0,0.0,1.0,1.0,1.0,10000.0,1,0.0,1,base
0xecec50b4db58bbace3fd0cc27812f73eae40f15e,1,1,2026-05-29T11:33:41+00:00,2026-05-29T11:33:41+00:00,1,0.0,0.0,1.0,1.0,1.0,40000.0,1,0.0,1,base
0xecfb34867cc542e4b56e4ed9161eb704976710ce,2000,0,2026-01-07T18:17:17+00:00,2026-05-15T13:07:11+00:00,3,0.0,0.0,0.9993,1.0,0.9965,5000000.0,4,127.78,318,base
0xed059725098977858553522f71c052859a4732b1,1,1,2025-11-14T04:03:43+00:00,2025-11-14T04:03:43+00:00,1,0.0,0.0,1.0,1.0,1.0,314.0,1,0.0,1,base
0xed05b1e324204e13d4528fdae193d2e785f3378b,2,1,2026-05-25T14:28:19+00:00,2026-05-25T14:28:51+00:00,1,0.0,0.0,1.0,1.0,0.5,10000.0,2,0.0,2,base
0xed181bcadb44681e44fa365521af1251625e57b7,66,1,2026-04-29T16:58:03+00:00,2026-06-29T05:20:33+00:00,9,0.0,0.0,0.6486,0.7838,0.9242,1000.0,2,60.52,26,base
0xed1f3bd0c17b4eb4bcbb2ddb1e436015ac45b711,118,1,2026-05-08T21:27:59+00:00,2026-07-02T07:06:03+00:00,12,0.0,0.0,0.8051,0.8559,1.0,5000.0,1,54.4,26,base
0xed26270600e83c64c064c3188c8d2f48e203f61c,160,1,2025-11-28T23:10:57+00:00,2025-12-21T07:21:19+00:00,2,0.0,0.0,0.7872,1.0,0.9187,10000.0,6,22.34,37,base
0xed2fe2a0fecb1c51c52145d759bead06e6e9aadb,1,1,2025-12-09T03:27:37+00:00,2025-12-09T03:27:37+00:00,1,0.0,0.0,1.0,1.0,1.0,1000000.0,1,0.0,1,base
0xed3a06ccd63e573ecb2e8a402d0f1f047cbcfb2f,1,1,2025-10-28T11:34:09+00:00,2025-10-28T11:34:09+00:00,1,0.0,0.0,1.0,1.0,1.0,100000.0,1,0.0,1,base
0xed4047da8becc578f43005ee826a96bac620a665,1352,1,2026-03-12T21:30:57+00:00,2026-06-17T08:04:19+00:00,1,0.0,0.0,1.0,1.0,0.0007,9179245.0,1352,96.44,83,base
0xed59b9617b60c2fec770c9359b5ef4dd73146303,273,1,2026-04-14T13:49:05+00:00,2026-06-04T23:50:33+00:00,27,0.0,0.0,0.1817,0.2929,0.0513,250000.0,179,51.42,24,base
0xed617f79201248df99909fbde4269b6eeaee39b6,454,1,2026-06-13T16:45:43+00:00,2026-07-02T15:50:09+00:00,8,0.0,0.0,0.8458,0.9141,1.0,10000.0,1,18.96,352,base
0xed62829b7cff644171a7dbaad49c5c1e07f81efb,5,1,2026-05-04T15:18:41+00:00,2026-05-04T15:52:41+00:00,1,0.0,0.0,1.0,1.0,1.0,60000.0,1,0.02,5,base
0xed739873789dccbe9474a0ad81501234ffe0269f,3,1,2025-10-29T07:40:39+00:00,2025-10-31T06:13:33+00:00,1,1.0,1.0,1.0,1.0,1.0,10000.0,1,1.94,1,base
0xed7ab7efaec2050239a84103d2b5141a75ca9446,7,1,2026-01-20T03:07:31+00:00,2026-02-10T10:59:51+00:00,1,0.0,0.0,1.0,1.0,0.4286,50000000.0,4,21.33,2,base
0xed7edf29cc9111f06ee4f771d503457ecf87da37,695,1,2025-10-31T15:19:17+00:00,2025-11-04T06:03:19+00:00,1,0.0,0.0,1.0,1.0,0.9338,1000000.0,2,3.61,382,base
0xeda243ab1d8398b7bfac428b8d69b5b7994a3123,1,1,2025-11-07T10:39:57+00:00,2025-11-07T10:39:57+00:00,1,0.0,0.0,1.0,1.0,1.0,1000.0,1,0.0,1,base
0xedb152c4f660535895ae256d94b5094ffaabcfc9,89,1,2026-01-29T19:15:13+00:00,2026-06-28T00:34:17+00:00,6,0.0562,0.0515,0.7423,0.8351,0.9888,10000.0,2,149.22,16,base
0xedc823045f9791fc658557e578896276f5da1502,326,1,2025-10-31T12:48:31+00:00,2026-06-15T03:18:51+00:00,318,0.0031,0.0031,0.0123,0.0245,1.0,2100000.0,1,226.6,135,base
0xedf1e07f3bd7d64430cc2cf3a770db07257f51ea,1,1,2025-11-07T10:38:33+00:00,2025-11-07T10:38:33+00:00,1,0.0,0.0,1.0,1.0,1.0,1000.0,1,0.0,1,base
0xedf410d70ed70d0d18bcc8fe3352d13e079f8268,3,1,2025-10-28T11:02:59+00:00,2025-10-30T00:14:27+00:00,1,1.0,1.0,1.0,1.0,1.0,100000.0,1,1.55,1,base
0xee1c48def975196a5365d372fa7e7dd39ce77366,1,1,2026-05-18T00:24:25+00:00,2026-05-18T00:24:25+00:00,1,0.0,0.0,1.0,1.0,1.0,10000.0,1,0.0,1,base
0xee58a0297678160de7a3512fc23ab8e3c8063613,4,1,2025-10-29T00:54:29+00:00,2025-10-30T13:10:53+00:00,1,0.0,0.0,1.0,1.0,1.0,500000.0,1,1.51,2,base
0xee72b902af7466023595512e3359bb5bf312977c,740,1,2025-12-23T20:04:23+00:00,2026-07-02T08:46:31+00:00,77,0.0,0.0,0.2556,0.4172,0.4851,10000.0,11,190.53,94,base
0xee756f22173dc2f1960c5811967becffb49618df,5,1,2026-06-03T17:15:31+00:00,2026-06-16T02:33:59+00:00,1,0.0,0.0,1.0,1.0,0.8,10000.0,2,12.39,1,base
0xee7695ef6fd4730f2a540e831eef526051c85023,16,1,2025-10-26T03:46:13+00:00,2025-11-14T09:07:19+00:00,1,0.0,0.0,1.0,1.0,0.0625,1016.0,16,19.22,2,base
0xee79587aeff2d7e196f58b4f35eb7a36762ee3ac,2,1,2025-11-12T07:50:21+00:00,2025-11-23T07:49:37+00:00,1,0.0,0.0,1.0,1.0,0.5,370.0,2,11.0,1,base
0xee85b671cfb14a9d61397c3e50bf0418c98555d3,1862,0,2025-11-02T06:01:21+00:00,2025-11-28T03:51:35+00:00,1,0.0,0.0,1.0,1.0,1.0,1000000.0,1,25.91,373,base
0xeea0ebfcf40f11cbb076818ff9c153a9ec05cd76,3,1,2026-04-05T05:00:57+00:00,2026-04-05T05:02:45+00:00,1,0.0,0.0,1.0,1.0,0.3333,50000.0,3,0.0,3,base
0xeed546f1974090ba8279dcad175c87a00af356df,13,1,2026-01-14T21:39:59+00:00,2026-01-14T22:20:25+00:00,1,0.0,0.0,1.0,1.0,0.2308,500000000.0,10,0.03,13,base
0xeed99b8c66bcb5dfef4333405cfaca0ea1393a32,1,1,2026-05-06T18:48:45+00:00,2026-05-06T18:48:45+00:00,1,0.0,0.0,1.0,1.0,1.0,2000.0,1,0.0,1,base
0xef0d99f3ae2927a4ba2a6e794fb849baef8b5c11,456,1,2026-04-08T23:40:41+00:00,2026-07-01T05:32:17+00:00,10,0.0,0.0,0.5286,0.7959,0.2478,1000.0,7,83.24,67,base
0xef2cc7d15d3421629f93ffa39727f14179f31c75,10,1,2026-06-05T20:37:33+00:00,2026-06-26T16:06:43+00:00,3,0.0,0.0,0.8772,0.9737,0.5,20000.0,3,20.81,4,base
0xef4364fe4487353df46eb7c811d4fac78b856c7f,2000,0,2025-11-07T09:51:01+00:00,2026-07-03T04:38:23+00:00,346,0.0,0.0,0.1931,0.272,0.638,10000.0,20,237.78,580,base
0xef98feeb67420dcdb5eaaadae27f168fe534ac29,2000,0,2025-07-21T16:19:55+00:00,2026-01-23T08:02:05+00:00,104,0.0,0.0,0.6754,0.7204,0.8935,9850.0,20,185.65,255,base
0xefb692554f64d785fbeeed4fda1f322b3d5d3e80,3,1,2025-10-28T10:50:19+00:00,2025-10-30T03:36:17+00:00,1,1.0,1.0,1.0,1.0,1.0,10000.0,1,1.7,1,base
0xf0004a61039096b61b312f22ec89a5bdabdedd0d,314,1,2026-04-08T12:14:33+00:00,2026-05-30T17:20:19+00:00,6,0.0,0.0,0.3906,0.6189,0.0796,100000.0,74,52.21,16,base
0xf00daf15713e82fbb7bdc4b818444d93d655de96,2488,1,2025-11-13T15:49:47+00:00,2026-07-03T05:18:41+00:00,90,0.0004,0.0,0.1856,0.2858,0.7922,20000.0,32,231.56,110,base
0xf0278be5d57696e2a56991cdb886493422b7a8f4,1302,0,2025-10-31T12:43:01+00:00,2025-11-28T03:59:57+00:00,1,0.0,0.0,1.0,1.0,0.7957,100000.0,2,27.64,321,base
0xf04220c87894e7cbc0273f38c18195dab0db5fe5,617,1,2026-02-21T23:14:39+00:00,2026-06-30T19:16:37+00:00,53,0.0,0.0,0.3878,0.4883,0.7812,20000.0,6,128.83,115,base
0xf052e7a400ba229f21ba63d4b48894a69bde1a78,9,1,2026-02-22T17:18:43+00:00,2026-02-26T00:27:37+00:00,1,0.0,0.0,1.0,1.0,0.2222,200000000.0,8,3.3,5,base
0xf07096bde76c5cb63a0356a12b49a118a7418d27,1,1,2025-11-12T01:44:27+00:00,2025-11-12T01:44:27+00:00,1,0.0,0.0,1.0,1.0,1.0,280.0,1,0.0,1,base
0xf080a1aab08650946acda41410a7edc14f7be035,859,1,2026-04-04T22:07:43+00:00,2026-07-03T02:54:45+00:00,37,0.0,0.0,0.498,0.8372,0.3446,8000.0,8,89.2,91,base
0xf08156f4de753236cad87dd94e4e385ad4cc3e04,1,1,2026-06-07T16:53:53+00:00,2026-06-07T16:53:53+00:00,1,0.0,0.0,1.0,1.0,1.0,10000.0,1,0.0,1,base
0xf08c355f56daee8c9546849c985e521b7fcdbceb,18,1,2026-06-04T05:46:37+00:00,2026-07-01T05:40:05+00:00,2,0.0,0.0,0.595,1.0,0.3333,10000.0,6,27.0,3,base
0xf09623d204d0d9f7164fce983279f9bbc05375df,4,1,2025-10-29T23:33:49+00:00,2025-10-31T00:02:39+00:00,1,0.0,0.0,1.0,1.0,0.75,300000.0,2,1.02,2,base
0xf09eb08f06065053b6836ddbc6cde9f3de8cba90,999,1,2025-11-13T01:12:21+00:00,2025-11-28T03:59:05+00:00,1,0.0,0.0,1.0,1.0,1.0,100000.0,1,15.12,326,base
0xf0a055db66b53693bc28480eac40ab7012bc3df8,24,1,2026-05-05T15:17:55+00:00,2026-06-01T03:12:17+00:00,1,0.0,0.0,1.0,1.0,0.5,50000.0,9,26.5,2,base
0xf0dd0179d7584ee37cffb3ff0409df074fedda22,1,1,2025-10-29T14:50:13+00:00,2025-10-29T14:50:13+00:00,1,0.0,0.0,1.0,1.0,1.0,47892000000.0,1,0.0,1,base
0xf0e368486cf65f18e7a422ae55593668269e93cf,10,1,2026-05-24T23:47:31+00:00,2026-06-07T05:08:01+00:00,1,0.0,0.0,1.0,1.0,0.8,10000.0,3,13.22,1,base
0xf0e8901d6be36a1ddd99b7bba087c754efc7c168,832,1,2026-03-12T09:13:35+00:00,2026-06-22T05:14:09+00:00,6,0.0,0.0,0.8711,0.973,0.5853,10000.0,76,101.83,48,base
0xf114a1224e1a44ea65d7472d40dd53e8c45d5928,2000,0,2026-02-02T08:21:39+00:00,2026-06-16T08:48:17+00:00,189,0.0,0.0,0.1908,0.3541,0.713,2000000.0,10,134.02,732,base
0xf11bf14562ace5fbaa44599c32cb66c7c43d149a,1,1,2026-04-27T03:45:09+00:00,2026-04-27T03:45:09+00:00,1,0.0,0.0,1.0,1.0,1.0,500000.0,1,0.0,1,base
0xf121fbecec43e1b616d47285851c20d5fc64431b,89,1,2026-06-12T05:24:47+00:00,2026-07-02T18:40:33+00:00,6,0.0,0.0,0.5102,0.7661,0.4944,50000.0,11,20.55,18,base
0xf1284769e0ae46f5f528fad02405d60deada314f,1,1,2026-05-16T16:16:23+00:00,2026-05-16T16:16:23+00:00,1,0.0,0.0,1.0,1.0,1.0,10000.0,1,0.0,1,base
0xf133924cd7b8e940b5df95f3a29385898716bc27,128,1,2025-11-11T01:08:35+00:00,2026-01-01T10:24:43+00:00,2,0.0,0.0,0.9993,1.0,0.7109,20000000.0,8,51.39,4,base
0xf1432a1d713ac13fc9d42e3340875878e7535f49,4,1,2026-06-06T04:13:05+00:00,2026-06-14T01:15:03+00:00,1,0.0,0.0,1.0,1.0,1.0,100000.0,1,7.88,1,base
0xf14c07487c1d3012d20d442c66b502b99cc8c41b,4,1,2026-05-11T04:17:01+00:00,2026-05-29T03:08:27+00:00,1,0.0,0.0,1.0,1.0,0.5,100000.0,3,17.95,1,base
0xf191ba71c1287820ee10f8030e706ecc2e81e0b8,1,1,2025-11-07T10:38:21+00:00,2025-11-07T10:38:21+00:00,1,0.0,0.0,1.0,1.0,1.0,1000.0,1,0.0,1,base
0xf19b97914395563fbf2872e247ecbbd8842470a1,1373,1,2026-02-23T14:26:43+00:00,2026-07-03T04:23:53+00:00,3,0.0,0.0,0.9666,1.0,0.5586,99700.0,17,129.58,79,base
0xf1d01ab1ccfff1e35b8139f847df4b9df25182b5,1018,1,2025-11-24T02:46:41+00:00,2025-11-28T04:02:31+00:00,1,0.0,0.0,1.0,1.0,1.0,1000000.0,1,4.05,345,base
0xf1eb97ddddeb0257548bc14d35f981b10f8c3fa3,1518,1,2026-02-20T21:28:53+00:00,2026-07-03T05:20:41+00:00,11,0.0,0.0,0.987,0.9896,0.9954,10000.0,2,132.33,263,base
0xf22ffdb0110190f866db1e1051bd812e08eb59cd,1357,1,2026-03-12T21:29:39+00:00,2026-06-17T08:16:43+00:00,1,0.0,0.0,1.0,1.0,0.0007,8275945.0,1357,96.45,86,base
0xf234bf615a39307eb88f74d02c7fe98b7859f5e0,1774,0,2025-10-31T14:28:25+00:00,2025-11-28T04:00:37+00:00,1,0.0,0.0,1.0,1.0,1.0,1000000.0,1,27.56,363,base
0xf2873ae33de681d69f1675e961bb134e37984b2b,2000,0,2025-10-25T21:20:09+00:00,2025-10-29T07:20:45+00:00,44,0.0,0.0,0.9449,0.9497,0.979,1000000.0,4,3.42,1000,base
0xf28b9aafb9734f83800ff9f0cb20dc3f791cc3d4,4,1,2026-05-18T08:44:29+00:00,2026-05-18T09:25:31+00:00,1,0.0,0.0,1.0,1.0,1.0,60000.0,1,0.03,4,base
0xf295d6ee759281ac62d6262512fbc62d0ae46893,1771,0,2025-10-31T14:30:21+00:00,2025-11-28T03:41:15+00:00,1,0.0,0.0,1.0,1.0,1.0,1000000.0,1,27.55,361,base
0xf296039034f35683e42071a675a9178863632104,705,1,2025-10-27T18:37:23+00:00,2026-06-26T17:54:23+00:00,11,0.0,0.0,0.4855,0.752,0.2199,10000.0,85,241.97,74,base
0xf2a94ff47c8b29b7c1dfd3a09e38ed6a4f7ec365,1,1,2026-06-30T09:06:33+00:00,2026-06-30T09:06:33+00:00,1,0.0,0.0,1.0,1.0,1.0,10000.0,1,0.0,1,base
0xf2e30666564bbf7cc1938a21119dc3b02d5c5cc2,1,1,2026-05-25T08:46:49+00:00,2026-05-25T08:46:49+00:00,1,0.0,0.0,1.0,1.0,1.0,110000.0,1,0.0,1,base
0xf30f87f0299601c06cc4c0e5d8b30bd3f664cf83,51,1,2026-05-20T01:11:33+00:00,2026-06-24T04:12:15+00:00,5,0.0,0.0,0.2335,0.4401,0.3137,100000.0,11,35.13,5,base
0xf335b4c1474f6297f6992fecc3da2dea62b0af76,1,1,2026-06-27T13:44:49+00:00,2026-06-27T13:44:49+00:00,1,0.0,0.0,1.0,1.0,1.0,830000.0,1,0.0,1,base
0xf338bdd9ec443335b1c33ad3bb21a421a36f97ea,6316,1,2025-10-27T11:53:27+00:00,2026-06-29T05:27:09+00:00,797,0.0,0.0,0.7502,0.7979,0.9128,200000.0,8,244.73,5297,base
0xf348c3212896edd95a7906f1a145afa954e94909,1865,1,2026-06-03T14:49:11+00:00,2026-06-14T09:11:39+00:00,5,0.0123,0.1046,0.7128,0.8591,0.7775,1000.0,43,10.77,1210,base
0xf363036e16634610be5dafea59805488da731a4a,7,1,2026-06-04T10:16:57+00:00,2026-06-16T02:10:53+00:00,1,0.0,0.0,1.0,1.0,0.8571,10000.0,2,11.66,2,base
0xf36f0e8e66e6387ab211f10c6c93a08d29f82680,2,1,2026-04-30T04:31:35+00:00,2026-05-03T16:42:49+00:00,1,0.0,0.0,1.0,1.0,1.0,600000.0,1,3.51,1,base
0xf39359f6db565d1b590fcf270770165a9133f2ed,2000,0,2025-11-13T14:00:11+00:00,2026-06-12T04:50:17+00:00,335,0.002,0.0079,0.0079,0.0132,0.8105,1000.0,2,210.62,1000,base
0xf3ab74ffd44624e80c0892dac069b5af11e9b21a,5,1,2026-05-21T10:44:21+00:00,2026-05-21T10:56:45+00:00,1,0.0,0.0,1.0,1.0,1.0,40000.0,1,0.01,5,base
0xf3dcaf1f0a7fbe5de15878bc07b82fc94104330d,2594,1,2026-04-17T18:42:29+00:00,2026-07-01T05:44:21+00:00,1624,0.0,0.0,0.0398,0.0793,0.399,40000.0,66,74.46,266,base
0xf41eb650f84d52c155d57dc8696e37e08f5d0482,138,1,2026-04-14T10:18:37+00:00,2026-05-21T22:51:21+00:00,50,0.0,0.0,0.1287,0.2219,0.0217,890000.0,117,37.52,43,base
0xf43f7a7b8370d28ecb6606636dc61c0470c4ec91,1458,1,2025-09-27T19:28:21+00:00,2026-06-29T05:21:33+00:00,258,0.0,0.0,0.1357,0.2321,0.9719,1000.0,2,274.41,1207,base
0xf444abc53f5e1e73caec7df64d147ddb119514a0,2204,1,2026-02-21T01:19:05+00:00,2026-07-03T02:40:25+00:00,275,0.0,0.0,0.2091,0.4151,0.7709,5000.0,7,132.06,439,base
0xf447938190055b9ce2b09e92e98ca743bdd4c80c,1,1,2025-11-07T10:16:39+00:00,2025-11-07T10:16:39+00:00,1,0.0,0.0,1.0,1.0,1.0,1000.0,1,0.0,1,base
0xf457b475db525b8ddbe3824b4ad5da8a498a3d52,13,1,2025-11-11T07:22:33+00:00,2025-12-01T05:56:17+00:00,1,0.0,0.0,1.0,1.0,0.0769,266.0,13,19.94,1,base
0xf46338ae32fdd0192602562f0d1528398c74cf73,1,1,2025-11-07T13:02:03+00:00,2025-11-07T13:02:03+00:00,1,0.0,0.0,1.0,1.0,1.0,1000.0,1,0.0,1,base
0xf46394addda95a3d5bcc1124605e3d15d204623c,3200,0,2026-02-07T01:05:51+00:00,2026-07-01T08:47:13+00:00,35,0.0,0.0,0.1638,0.2184,0.9944,1000.0,2,144.32,1521,base
0xf47a6bdada3eb21e4d67b33cbd32b388391657c6,1,1,2025-10-28T11:04:19+00:00,2025-10-28T11:04:19+00:00,1,0.0,0.0,1.0,1.0,1.0,100000.0,1,0.0,1,base
0xf49182ecfe65800e40a4714e2b7b7d8c558e7a22,5,1,2025-11-11T19:05:33+00:00,2025-11-16T07:00:35+00:00,1,0.0,0.0,1.0,1.0,0.2,248.0,5,4.5,1,base
0xf499102c8707c6501caadd2028c6df1c6c6e813b,886,1,2026-02-05T22:26:33+00:00,2026-07-03T01:36:47+00:00,40,0.0113,0.1169,0.3452,0.6871,0.7472,10000.0,6,147.13,96,base
0xf4a904d8326786d90157cf791c281302f11b2036,68,1,2026-04-26T12:24:27+00:00,2026-06-22T05:01:55+00:00,4,0.0,0.0,0.6335,0.9005,0.2206,50000.0,13,56.69,13,base
0xf4b8037bf3709f37c5ffe224004d2e61833d084c,181,1,2026-04-27T15:54:53+00:00,2026-07-01T04:05:25+00:00,22,0.0,0.0,0.1584,0.2888,0.5967,50000.0,6,64.51,36,base
0xf4e37eec6963875ae9d5b8557ceb07a4f2ab203b,3,1,2025-10-25T04:26:11+00:00,2025-10-25T04:26:31+00:00,1,0.0,0.0,1.0,1.0,1.0,10000.0,1,0.0,3,base
0xf4f052d22333eb6d4b2ccbafc2be81c27dd955be,944,1,2025-11-13T01:12:11+00:00,2025-11-28T03:52:05+00:00,1,0.0,0.0,1.0,1.0,1.0,100000.0,1,15.11,332,base
0xf50b6b592d759b17a099deb254f7b6f29a7c9ba7,75,1,2026-05-08T11:19:59+00:00,2026-06-04T06:33:29+00:00,1,0.0,0.0,1.0,1.0,0.32,50000.0,6,26.8,6,base
0xf51b0de99bbb792613c19afe54d61b7f74d22950,2,1,2025-12-03T15:00:27+00:00,2025-12-18T07:18:27+00:00,2,0.0,0.0,0.6667,1.0,0.5,2000000000.0,2,14.68,1,base
0xf59aeaea2d6f12207136a560e49a4ac529f2d757,2,1,2025-11-12T05:27:21+00:00,2025-11-23T06:02:45+00:00,1,0.0,0.0,1.0,1.0,0.5,228.0,2,11.02,1,base
0xf5ae3bdbfc8c75dca830f30976c9fc0eeb8f68ee,3,1,2025-10-28T11:01:21+00:00,2025-10-30T01:29:21+00:00,1,1.0,1.0,1.0,1.0,1.0,10000.0,1,1.6,1,base
0xf5c83900ffcedd20e2a14f1c164d2ea68b27cd4a,2,1,2026-04-23T17:28:19+00:00,2026-06-03T02:54:57+00:00,1,0.0,0.0,1.0,1.0,0.5,700000.0,2,40.39,1,base
0xf5c9c1827affc867658a13d4d980b9ee37b937c4,4,1,2026-05-19T19:17:35+00:00,2026-05-19T19:22:59+00:00,1,0.0,0.0,1.0,1.0,1.0,40000.0,1,0.0,4,base
0xf5ddb8cc86bd4551be3d2268aa6e18b2d0c659b7,129,1,2025-11-11T01:08:47+00:00,2026-01-01T10:24:55+00:00,3,0.0,0.0,0.9923,0.999,0.7132,20000000.0,8,51.39,4,base
0xf5f5204f61358a4b637f0ba2bf6eee19f87429fe,1,1,2026-06-10T11:05:11+00:00,2026-06-10T11:05:11+00:00,1,0.0,0.0,1.0,1.0,1.0,10000.0,1,0.0,1,base
0xf61edbb113055ad656b87a473febe93cd82ff9df,5,1,2025-10-28T13:56:41+00:00,2025-10-29T02:11:37+00:00,3,0.2,0.2,0.6,0.8,1.0,1000000.0,1,0.51,3,base
0xf6705e3da2d2f98afd3944e4a6b0d6ca931e576a,42,1,2026-04-24T20:36:35+00:00,2026-07-02T02:31:21+00:00,7,0.0,0.0,0.9542,0.9792,0.9524,10000.0,2,68.25,14,base
0xf67895418a340af7703aa70972e951bde5254074,1,1,2026-05-13T21:19:57+00:00,2026-05-13T21:19:57+00:00,1,0.0,0.0,1.0,1.0,1.0,10000.0,1,0.0,1,base
0xf6844d5c910ee154d2cd5af1a62c6a99e0035a3d,8,1,2026-06-04T10:07:19+00:00,2026-06-14T10:01:37+00:00,1,0.0,0.0,1.0,1.0,0.75,10000.0,3,10.0,2,base
0xf6ac4a39d66fe4901980ff6d70116f57f0967995,1,1,2026-04-24T23:44:59+00:00,2026-04-24T23:44:59+00:00,1,0.0,0.0,1.0,1.0,1.0,10000.0,1,0.0,1,base
0xf6c3161d0c43ec29cb09000dadadcd0f50ceb277,3,1,2026-05-26T00:47:49+00:00,2026-06-03T06:22:15+00:00,2,0.0,0.0,0.7163,1.0,0.3333,405000000.0,3,8.23,2,base
0xf6e1021a10f063833b67c69629c49083b5ab3141,5,1,2026-04-29T14:12:09+00:00,2026-04-29T14:15:41+00:00,1,0.0,0.0,1.0,1.0,1.0,60000.0,1,0.0,5,base
0xf6e5806366830c8caa9f06c75b20c3ff902090da,33,1,2026-04-19T01:39:59+00:00,2026-06-17T18:05:07+00:00,10,0.0,0.0,0.3303,0.62,0.3636,100000.0,16,59.68,5,base
0xf6efbd7510c739c5a89d2462803e21d4d748133a,28,1,2026-05-01T14:21:31+00:00,2026-06-17T04:27:39+00:00,6,0.0,0.0,0.2191,0.3812,0.1429,680000.0,16,46.59,6,base
0xf72c1b3517588f7f08c9d49cfba939e711bd45a7,1,1,2026-04-10T23:44:17+00:00,2026-04-10T23:44:17+00:00,1,0.0,0.0,1.0,1.0,1.0,290000.0,1,0.0,1,base
0xf74ea9029771c5d90173366c00942678ebe0b6c7,1,1,2026-06-16T12:17:37+00:00,2026-06-16T12:17:37+00:00,1,0.0,0.0,1.0,1.0,1.0,10000.0,1,0.0,1,base
0xf7a673230bee18f957161bcc73ac90814f80ab0d,2000,0,2025-09-11T03:15:27+00:00,2026-01-23T08:45:15+00:00,1642,0.0,0.0,0.0038,0.0073,0.378,9850.0,16,134.23,212,base
0xf7b1356cfed0eebe01d76da7ba9e9f8bf12d9d57,2000,0,2025-10-28T08:41:33+00:00,2025-11-28T04:04:29+00:00,116,0.405,0.8718,0.8718,0.875,0.5955,100000.0,2,30.81,1000,base
0xf7b1c3c86a7e18ed5da3d2c2c379dddc9b84534a,1016,1,2025-10-31T15:05:05+00:00,2025-11-28T03:45:29+00:00,1,0.0,0.0,1.0,1.0,1.0,1000000.0,1,27.53,333,base
0xf7d2121093744a55dc72d0bb81a242793e438b05,4,1,2025-10-30T00:11:07+00:00,2025-10-31T00:25:05+00:00,1,0.0,0.0,1.0,1.0,0.5,400000.0,3,1.01,3,base
0xf7dff077e83e016833cb2f116d77733b38974950,59,1,2026-03-10T09:00:39+00:00,2026-06-28T05:41:25+00:00,16,0.0,0.0,0.4629,0.6571,0.5085,1000.0,2,109.86,5,base
0xf7eb2e6c85c96cc77786161b5d2588012f28bdc2,7,1,2025-11-16T12:51:15+00:00,2025-12-03T08:22:37+00:00,1,0.0,0.0,1.0,1.0,0.1429,783.0,7,16.81,1,base
0xf7fdeffc3abc97379418b0a687fdb54e1cbce163,244,1,2026-06-08T02:13:49+00:00,2026-07-01T14:32:17+00:00,7,0.0,0.0,0.7371,0.8686,0.8279,1000.0,3,23.51,149,base
0xf802283ff77d5972ffd109b91b70d34591b5459e,107,1,2026-05-21T01:57:33+00:00,2026-06-28T00:04:57+00:00,9,0.0,0.0,0.6468,0.8159,0.757,10000.0,3,37.92,21,base
0xf80f9479ad1d2601ee347d55b5b1f6b27071267f,231,1,2025-12-09T13:59:15+00:00,2026-06-23T16:54:01+00:00,16,0.0,0.0,0.8398,0.8961,1.0,10000.0,1,196.12,39,base
0xf813cca4649e60a7849816bb26dd8ae9369432ca,3,1,2025-10-28T03:51:33+00:00,2025-10-28T12:25:47+00:00,1,0.0,0.0,1.0,1.0,0.6667,100000.0,2,0.36,3,base
0xf823a3ed999132b27a5c95305e0559cdf208f4b2,2000,0,2025-10-26T08:10:09+00:00,2026-03-18T21:00:59+00:00,19,0.0,0.0,0.1003,0.1947,0.9675,100000.0,4,143.54,1915,base
0xf826f2a5dd08c5728ae7ff90ec4f4162b9c6b7d9,1,1,2025-11-07T10:46:43+00:00,2025-11-07T10:46:43+00:00,1,0.0,0.0,1.0,1.0,1.0,1000.0,1,0.0,1,base
0xf82cb3b092710212e6c5ea46b1ce40d9ef4d88c1,61,1,2026-03-23T18:26:07+00:00,2026-06-23T14:18:17+00:00,10,0.0,0.0,0.459,0.7377,1.0,1000.0,1,91.83,30,base
0xf8384c55677dcb6fa28ee6641260298c22c47ad1,80,1,2026-03-05T14:01:11+00:00,2026-06-28T11:54:51+00:00,7,0.0,0.0,0.575,0.7875,1.0,5000.0,1,114.91,18,base
0xf859b4a9a8ef9fcdff31773cda5e0ae7f0d73172,124,1,2025-11-14T06:06:37+00:00,2026-01-01T10:32:03+00:00,1,0.0,0.0,1.0,1.0,0.7339,20000000.0,4,48.18,4,base
0xf875b5b2462d0d035e4c307f9226d873d8434807,1,1,2026-06-10T04:37:53+00:00,2026-06-10T04:37:53+00:00,1,0.0,0.0,1.0,1.0,1.0,10000.0,1,0.0,1,base
0xf891d5dd7102f276d6220d0d1e50a8a4c8b9d841,1,1,2025-11-07T10:30:47+00:00,2025-11-07T10:30:47+00:00,1,0.0,0.0,1.0,1.0,1.0,1000.0,1,0.0,1,base
0xf891f339755a7e7a69e6e0466428907181fb0b58,1,1,2026-05-18T00:38:31+00:00,2026-05-18T00:38:31+00:00,1,0.0,0.0,1.0,1.0,1.0,200000.0,1,0.0,1,base
0xf8962c99f7f8920005fe2f23c842ec2da9003923,127,1,2025-11-10T15:22:57+00:00,2026-01-01T10:27:53+00:00,1,0.0,0.0,1.0,1.0,0.7165,20000000.0,7,51.8,4,base
0xf8b7b09cdb5decbf12fcef9dc1298cbff38bc689,1,1,2025-10-28T11:40:43+00:00,2025-10-28T11:40:43+00:00,1,0.0,0.0,1.0,1.0,1.0,100000.0,1,0.0,1,base
0xf8d97345851c079ef1d9c192acf9036b1d93c381,1,1,2026-04-16T13:00:47+00:00,2026-04-16T13:00:47+00:00,1,0.0,0.0,1.0,1.0,1.0,60000.0,1,0.0,1,base
0xf8ea2a545c103d020a31931ea29a54a5c3c622a3,1,1,2026-06-29T04:57:25+00:00,2026-06-29T04:57:25+00:00,1,0.0,0.0,1.0,1.0,1.0,10000.0,1,0.0,1,base
0xf8ea44be938f98e67ef4e6a07de422c85fa48f9d,2992,1,2026-02-10T03:24:53+00:00,2026-03-15T03:00:13+00:00,8,0.0,0.0,0.1708,0.3227,0.6942,200000.0,2,32.98,267,base
0xf90e6125c8918f1adac31f85d80728db62f17d9b,45,1,2025-11-02T02:49:29+00:00,2026-06-18T04:17:53+00:00,11,0.0,0.0,0.339,0.4972,0.9778,10000.0,2,228.06,13,base
0xf92bb7d79e30aa24049637c22acbe998bf992a68,835,1,2026-05-11T11:54:25+00:00,2026-06-08T08:22:03+00:00,812,0.0,0.0,0.0025,0.0048,0.3928,300000.0,29,27.85,109,base
0xf94918217f57fb27e1c38174f331a89c60c541e3,3,1,2025-10-28T11:29:05+00:00,2025-10-30T00:04:41+00:00,1,1.0,1.0,1.0,1.0,1.0,10000.0,1,1.52,1,base
0xf9547fe0a27cbaddfcef282c0b37f410cbad11be,14,1,2026-03-13T04:20:43+00:00,2026-03-13T04:33:33+00:00,1,0.0,0.0,1.0,1.0,0.3571,20000.0,4,0.01,14,base
0xf95dcca3edb4772d75fef28900e2b284080a6145,1,1,2026-06-08T17:34:21+00:00,2026-06-08T17:34:21+00:00,1,0.0,0.0,1.0,1.0,1.0,5000000.0,1,0.0,1,base
0xf96251fc786c12472d119a12de365b41a6186fc8,13,1,2026-01-03T11:05:07+00:00,2026-06-08T11:06:33+00:00,5,0.0,0.0,0.6548,0.764,0.6154,197800.0,3,156.0,4,base
0xf96d2a2bdedafa702104e2386af78fbece04ceb3,34,1,2026-06-21T15:11:45+00:00,2026-07-03T02:02:51+00:00,10,0.0,0.0,0.6075,0.8943,0.2647,1000.0,5,11.45,14,base
0xf97d54f304fa5c3a705aac8408846786b1f9abba,502,1,2025-08-10T01:48:37+00:00,2025-10-29T17:36:05+00:00,173,0.0,0.0,0.0784,0.1527,0.9761,1000000.0,7,80.66,460,base
0xf9884de0649e14ca97d05c7cd68ff5b04fdb0345,9,1,2026-05-25T00:38:27+00:00,2026-06-04T17:25:19+00:00,1,0.0,0.0,1.0,1.0,0.8889,10000.0,2,10.7,2,base
0xf98fa7967a1e5e90a865ffc392b3b8df84167e02,741,1,2025-11-01T05:57:11+00:00,2025-11-04T06:03:19+00:00,1,0.0,0.0,1.0,1.0,0.9312,1000000.0,2,3.0,404,base
0xf9905a9c4784533c8cee3487b4546ed03126dca5,2000,0,2026-03-21T02:40:47+00:00,2026-07-01T17:18:21+00:00,1001,0.0,0.0,0.1034,0.1043,0.505,10000.0,4,102.61,923,base
0xf9d1d63f362bbf1ee08ab9acb36fe74afc48d5f1,237,1,2025-10-29T16:21:09+00:00,2026-06-23T17:11:39+00:00,28,0.0,0.0,0.4217,0.7619,0.9241,10000.0,4,237.04,123,base
0xf9d9fdf399cd88743a7c7216ba1ae590d29b812b,1,1,2026-06-29T02:28:23+00:00,2026-06-29T02:28:23+00:00,1,0.0,0.0,1.0,1.0,1.0,9820.0,1,0.0,1,base
0xfa08763f8d8b66960b929f6aa20f184161e6b2f8,6,1,2026-01-17T01:52:57+00:00,2026-02-02T09:34:01+00:00,1,0.0,0.0,1.0,1.0,0.1667,20270000.0,6,16.32,5,base
0xfa0ee7b2f13d80680f31771abc93d06a2c749150,2000,0,2025-11-02T05:50:03+00:00,2025-12-08T04:31:33+00:00,270,0.375,0.0089,0.9813,0.9901,0.792,10000.0,3,35.95,1000,base
0xfa15b16ddde53e894a06bfd81ea0ff19f37b80d1,13,1,2025-11-17T12:16:01+00:00,2025-12-02T07:47:47+00:00,1,0.0,0.0,1.0,1.0,0.0769,216.0,13,14.81,3,base
0xfa2735f3c1070bb19d0dae2fcdf20f807c41a601,2,1,2025-11-23T03:32:05+00:00,2025-12-04T02:15:49+00:00,1,0.0,0.0,1.0,1.0,0.5,275.0,2,10.95,1,base
0xfa3f54ae9c4287ca09a486dfaface7d1d4095d93,2000,0,2025-10-27T13:00:13+00:00,2026-07-01T19:37:55+00:00,2,0.9965,0.9878,0.9878,1.0,0.534,100000.0,6,247.28,805,base
0xfa41bf7fd08d335cbb4400da388a30c7cd60de6a,124,1,2025-11-14T06:07:49+00:00,2026-01-01T10:32:59+00:00,1,0.0,0.0,1.0,1.0,0.7339,20000000.0,4,48.18,4,base
0xfa45c1c9e6e21bfc7fc6ca21efefae60627ce3d7,354,1,2026-04-17T17:01:05+00:00,2026-06-15T09:04:19+00:00,46,0.0,0.0,0.034,0.0608,0.3164,150000.0,29,58.67,46,base
0xfa51f24e8d6004e8926956458db9c6ec0be8c963,1,1,2026-03-04T15:46:23+00:00,2026-03-04T15:46:23+00:00,1,0.0,0.0,1.0,1.0,1.0,10000.0,1,0.0,1,base
0xfa5ffc8dfd54c45bed139e0676ea697e7d88b7e1,67,1,2026-04-20T18:47:39+00:00,2026-04-20T19:22:43+00:00,67,0.0,0.0,0.0272,0.0479,0.0149,534596469.0,67,0.02,67,base
0xfa7f6c6bd6e48089250d9f93918e1a9a3b060895,1,1,2026-03-21T03:57:41+00:00,2026-03-21T03:57:41+00:00,1,0.0,0.0,1.0,1.0,1.0,10000.0,1,0.0,1,base
0xfa7ff2c56d0b32303db16fc96c7b40257b478366,1,1,2026-04-18T09:39:15+00:00,2026-04-18T09:39:15+00:00,1,0.0,0.0,1.0,1.0,1.0,860000.0,1,0.0,1,base
0xfa9d37760527ef8f49a38b4c34e95a5c8fdf8831,323,1,2026-05-05T20:51:33+00:00,2026-07-02T21:51:17+00:00,7,0.0248,0.0175,0.9444,0.9682,0.9474,20000.0,2,58.04,156,base
0xfad48f34251efbc40d4aadfd60d0400e605ed7da,747,1,2025-12-07T18:09:05+00:00,2026-01-04T21:53:53+00:00,1,0.0,0.0,1.0,1.0,0.0991,128700000.0,478,28.16,50,base
0xfad67ce5a834e68d5533ba7ac08619ff82a42084,85,1,2025-10-29T11:58:03+00:00,2026-07-01T05:32:09+00:00,15,0.0,0.0,0.3641,0.5874,0.5176,5000.0,4,244.73,6,base
0xfae74ecb758bb26a1c60c8cb06db18682d175dfb,4,1,2026-05-06T14:16:53+00:00,2026-05-20T09:56:09+00:00,1,0.0,0.0,1.0,1.0,0.25,100000.0,4,13.82,2,base
0xfb5ab435ab3ad0e0e22545a9211bd35b7fd89592,73,1,2026-02-10T09:07:43+00:00,2026-03-31T22:45:37+00:00,8,0.0,0.0,0.558,0.9435,0.2466,50000.0,14,49.57,25,base
0xfb7ef581b0338a31e47aa9770345b26d46bf0451,466,1,2026-05-15T16:05:17+00:00,2026-06-15T14:00:45+00:00,2,0.9957,0.9957,0.9957,1.0,1.0,10000.0,1,30.91,33,base
0xfb8915074cc941f5ab95e6001c45287b8eec4427,49,1,2026-05-29T04:36:39+00:00,2026-06-29T13:30:19+00:00,5,0.0,0.0,0.6474,0.8462,0.3061,100000.0,7,31.37,9,base
0xfb947742815ebef12c465116db931e4bfd81d94d,144,1,2025-10-30T16:25:53+00:00,2025-10-31T16:41:17+00:00,100,0.0,0.0,0.1252,0.2504,0.4236,1000000.0,18,1.01,114,base
0xfb9dc02101831c1e47c201c676374c9bc4a7af75,5,1,2026-05-10T13:00:59+00:00,2026-05-10T13:11:11+00:00,1,0.0,0.0,1.0,1.0,1.0,60000.0,1,0.01,5,base
0xfba62dde86a1415d11f9a43e4f87034460e82dbe,2,1,2026-04-25T07:18:51+00:00,2026-04-26T06:10:29+00:00,1,0.0,0.0,1.0,1.0,0.5,60000.0,2,0.95,1,base
0xfbca05073748ab9605370732dd70d7a14a0b7146,138,1,2026-03-28T23:54:05+00:00,2026-06-09T01:05:07+00:00,10,0.0,0.0,0.3573,0.5347,0.3913,120000.0,6,72.05,71,base
0xfbd46201267609ad3c66bd1b99b7f1cc80b1852f,193,1,2025-11-13T15:35:51+00:00,2026-07-01T05:27:03+00:00,28,0.114,0.0684,0.4291,0.7207,0.4611,100000.0,13,229.58,20,base
0xfbd7b7ed48146ad9beff956212c77ce056815ad0,2140,1,2025-10-22T21:44:33+00:00,2026-06-29T05:24:05+00:00,106,0.0,0.0,0.266,0.4657,0.7818,10000.0,44,249.32,176,base
0xfbe7ff003a996d02cc62174dcc52edb21831b391,195,1,2026-04-16T19:34:49+00:00,2026-06-24T19:45:05+00:00,1,0.0,0.0,1.0,1.0,0.4256,1000000.0,40,69.01,116,base
0xfc190e27fb42e1a7d77a8ade9c5c36fe62425096,1,1,2026-06-17T17:28:51+00:00,2026-06-17T17:28:51+00:00,1,0.0,0.0,1.0,1.0,1.0,10000.0,1,0.0,1,base
0xfc2a1a0ea6c252a2174a620626de620e32bd7055,5,1,2026-05-19T03:23:45+00:00,2026-05-19T04:25:31+00:00,1,0.0,0.0,1.0,1.0,1.0,60000.0,1,0.04,5,base
0xfc4b6d2f4f8c5d696357c290a871e254b7a0cabb,20,1,2026-05-14T11:49:55+00:00,2026-05-17T01:40:07+00:00,1,0.0,0.0,1.0,1.0,0.25,60000.0,4,2.58,5,base
0xfc76ef278eaa797e12a74ae7fd301030f96513cc,6,1,2025-12-03T09:24:17+00:00,2025-12-04T23:11:59+00:00,1,0.0,0.0,1.0,1.0,0.5,10000.0,4,1.57,4,base
0xfc803768ca41fe9863a56771e6c6f4602ec0edcd,1,1,2026-04-24T14:36:55+00:00,2026-04-24T14:36:55+00:00,1,0.0,0.0,1.0,1.0,1.0,590000.0,1,0.0,1,base
0xfcafd9dac06a03f588d6f55b5336162dfd7202a6,103,1,2026-04-28T11:39:27+00:00,2026-07-01T05:27:31+00:00,10,0.0,0.0,0.3701,0.7286,0.2039,3000.0,6,63.74,35,base
0xfce5630e5d843d4c464caba9a32a2bab7dc33c66,2263,1,2026-05-19T14:49:59+00:00,2026-06-24T10:18:47+00:00,1472,0.0,0.0,0.0098,0.0194,0.4273,40000.0,29,35.81,216,base
0xfcede0631812a1e01173208cf79b5007e535e2c8,48,1,2026-05-19T09:12:31+00:00,2026-06-03T04:49:17+00:00,1,0.0,0.0,1.0,1.0,0.6875,10000.0,5,14.82,7,base
0xfcf23ce23abca391eb5a17795dea3faae7292a60,1,1,2026-05-15T19:30:11+00:00,2026-05-15T19:30:11+00:00,1,0.0,0.0,1.0,1.0,1.0,10000.0,1,0.0,1,base
0xfcf24e7199e5a1885b4290994017f4e79245c6de,1815,1,2025-12-15T19:06:43+00:00,2026-01-12T22:59:53+00:00,1,0.0,0.0,1.0,1.0,0.016,50.0,1520,28.16,275,base
0xfd17db10e298f68ce31e0cb8b550ff169505973f,1392,0,2025-11-01T04:03:49+00:00,2025-11-28T03:59:41+00:00,1,0.0,0.0,1.0,1.0,0.7701,100000.0,2,27.0,329,base
0xfd340b911cca012ec8f3ab99f52eb9805df76268,9,1,2026-05-28T01:25:53+00:00,2026-06-29T02:40:29+00:00,2,0.0,0.0,0.7227,1.0,0.1111,1000000.0,9,32.05,3,base
0xfd4d822b6267056ad6a806e4f28a6b4e18c07e59,1,1,2026-06-29T23:05:01+00:00,2026-06-29T23:05:01+00:00,1,0.0,0.0,1.0,1.0,1.0,10000.0,1,0.0,1,base
0xfd7f5273eac5ff2d6731e90f9e694961842c6ed8,914,1,2025-11-13T01:12:57+00:00,2025-11-28T03:59:47+00:00,1,0.0,0.0,1.0,1.0,1.0,100000.0,1,15.12,279,base
0xfd85b90eef2bb593f8f51cdfbab73d87d69841fa,1349,0,2025-11-01T03:57:51+00:00,2025-11-28T03:53:07+00:00,1,0.0,0.0,1.0,1.0,0.765,100000.0,2,27.0,270,base
0xfda1aa3c77e01da0aa471dc0db180c178ec92054,3,1,2025-10-29T23:19:27+00:00,2025-10-31T00:24:47+00:00,1,0.0,0.0,1.0,1.0,0.3333,300000.0,3,1.05,1,base
0xfda5a8dc19e814a7880515feb88308bbee625d6d,1056,1,2026-03-15T10:15:05+00:00,2026-06-01T23:42:15+00:00,23,0.0,0.0,0.3282,0.6447,0.589,1000.0,233,78.56,354,base
0xfda996093a448947af917d4c2c0a10488e9072ab,1106,1,2025-11-02T10:21:59+00:00,2025-11-22T04:24:25+00:00,3,0.9982,0.9982,0.9982,0.9991,0.9964,5000000.0,2,19.75,1104,base
0xfdc46601e5e2a37e703fd34b659ed2185ab9d170,3,1,2025-10-28T12:10:13+00:00,2025-10-30T00:02:47+00:00,1,1.0,1.0,1.0,1.0,1.0,10000.0,1,1.49,1,base
0xfdc73317d5beefd8dd6953c0426f0c65ea747841,2000,0,2025-10-25T10:08:21+00:00,2025-10-30T15:15:21+00:00,2,0.0,0.0,0.9995,1.0,1.0,1000000.0,1,5.21,1000,base
0xfdd19bea0ac9fb3683585ea6b9abb819fcdb231c,1,1,2026-04-23T17:29:27+00:00,2026-04-23T17:29:27+00:00,1,0.0,0.0,1.0,1.0,1.0,870000.0,1,0.0,1,base
0xfdd8d899416b36f43138693d91d9f255b5165180,2,1,2026-03-05T16:59:33+00:00,2026-03-05T17:00:51+00:00,2,0.0,0.0,0.5831,1.0,0.5,15489397115.0,2,0.0,2,base
0xfdd9ac63d360d6ea4d4bbcd45ed88de086e44f3d,76,1,2025-10-27T23:45:59+00:00,2025-11-03T22:35:23+00:00,52,0.0,0.0,0.1827,0.3547,0.6316,1000.0,29,6.95,46,base
0xfdda30b968f96f36f3e18c7a63a8f55ad95d0778,944,1,2025-11-13T01:12:53+00:00,2025-11-28T03:59:05+00:00,1,0.0,0.0,1.0,1.0,1.0,100000.0,1,15.12,284,base
0xfdda8522bbe158b5f45bfa3683575eb67a95ade9,76,1,2026-05-05T08:26:11+00:00,2026-06-23T03:18:31+00:00,11,0.0,0.0,0.1502,0.284,0.5658,100000.0,10,48.79,8,base
0xfdde1e20befcd73dde3d94794ea13f929928a8fd,5,1,2026-06-09T11:32:17+00:00,2026-06-27T10:07:17+00:00,1,0.0,0.0,1.0,1.0,0.4,10000.0,4,17.94,2,base
0xfdf53de20f46bae2fa6414e6f25ef1654e68acd0,172,1,2025-11-04T08:11:01+00:00,2026-03-16T14:03:57+00:00,16,0.0,0.0,0.3819,0.6831,0.1977,1990000.0,14,132.25,18,base
0xfdfb89be78907f41cfd450b8b518419b30610786,1637,0,2025-10-31T15:01:13+00:00,2025-11-28T03:55:09+00:00,1,0.0,0.0,1.0,1.0,1.0,1000000.0,1,27.54,353,base
0xfe1750e5c0212e038576c94dd1a7f0e2762ef284,1,1,2026-03-25T02:10:09+00:00,2026-03-25T02:10:09+00:00,1,0.0,0.0,1.0,1.0,1.0,3700.0,1,0.0,1,base
0xfe4f335a75318b18d9dc6f12917a24f3dc52b4a9,1,1,2026-06-02T09:30:29+00:00,2026-06-02T09:30:29+00:00,1,0.0,0.0,1.0,1.0,1.0,40000.0,1,0.0,1,base
0xfe5beda7589ba75bb441771a1d99c45004dad525,10,1,2025-11-14T03:57:25+00:00,2025-12-01T04:13:55+00:00,1,0.0,0.0,1.0,1.0,0.2,67.0,9,17.01,1,base
0xfe802b35182f49778eec14db3153fcb8b92a47ee,2000,0,2026-06-13T05:10:17+00:00,2026-07-03T06:54:39+00:00,1,0.0,0.0,1.0,1.0,0.8555,1000.0,2,20.07,1000,base
0xfe8f511d8542f687cf70b798c388ef4c3265794d,3234,1,2026-05-05T13:11:31+00:00,2026-07-03T04:21:53+00:00,1,0.0,0.0,1.0,1.0,0.0006,99000000.0,3218,58.63,93,base
0xfe93c1819690ef72da850b77e4ebf40098e6e04b,3944,1,2025-11-05T07:22:25+00:00,2026-06-25T04:42:19+00:00,3428,0.0,0.0,0.0144,0.0272,0.5124,500000.0,5,231.89,821,base
0xfe9bfd44b2b34cf386fc8bd580144c6ff6f10dd2,5,1,2026-05-19T14:17:29+00:00,2026-05-19T14:17:43+00:00,1,0.0,0.0,1.0,1.0,1.0,40000.0,1,0.0,5,base
0xfea53b9c178f9cf828aa0f4a8a8676387b6fc9a0,649,1,2025-10-31T15:21:23+00:00,2025-11-05T03:36:39+00:00,1,0.0,0.0,1.0,1.0,0.9985,1000000.0,2,4.51,369,base
0xfead5564de287d1753477041612e84457d46e407,2,1,2025-10-28T11:31:59+00:00,2025-10-30T02:53:55+00:00,1,1.0,1.0,1.0,1.0,1.0,10000.0,1,1.64,1,base
0xfeb1f8f7f9ff37b94d14c88de9282da56b3b1cb1,543,1,2025-11-18T05:53:43+00:00,2026-05-17T12:18:01+00:00,74,0.0037,0.0003,0.3648,0.4669,0.2007,50000.0,38,180.27,57,base
0xfeb66c61b5fcd5549d94f24d6cf8666d8ad07e91,1833,0,2025-10-31T14:28:29+00:00,2025-11-28T04:03:17+00:00,1,0.0,0.0,1.0,1.0,1.0,1000000.0,1,27.57,344,base
0xfec143bc629d503167ae85951f342393e5c691d1,26,1,2026-04-26T14:07:31+00:00,2026-06-01T02:15:03+00:00,1,0.0,0.0,1.0,1.0,0.3462,10000.0,10,35.51,2,base
0xfed3332008c14e3cf15ed092db221e7c688bf668,35,1,2025-10-27T23:20:43+00:00,2025-11-03T22:24:29+00:00,29,0.0,0.0,0.275,0.4602,0.2286,1000.0,27,6.96,27,base
0xfee13309251b632317ea2d475d6aba7e7e0219e6,1391,1,2025-10-25T16:51:39+00:00,2026-07-02T14:58:23+00:00,42,0.0,0.0,0.4599,0.6416,0.885,20000.0,5,249.92,221,base
0xff09d540717c450f6948b216598ef8a008e26b62,89,1,2026-02-28T12:17:33+00:00,2026-06-03T07:40:33+00:00,1,0.0,0.0,1.0,1.0,0.1573,50000000.0,74,94.81,6,base
0xff133816f30c0f127d906916a9b2113fd63376f5,1,1,2026-05-19T08:34:35+00:00,2026-05-19T08:34:35+00:00,1,0.0,0.0,1.0,1.0,1.0,10000.0,1,0.0,1,base
0xff319473ba1a09272b37c34717f6993b3f385cd3,392,1,2025-11-21T07:14:07+00:00,2026-06-29T14:05:43+00:00,21,0.0,0.0,0.813,0.8978,0.9974,10000.0,2,220.29,313,base
0xff337f57119a6481c9a74aa4b41e76b1d01c23e5,2000,0,2025-10-27T18:57:19+00:00,2025-10-29T13:51:49+00:00,353,0.0,0.0,0.0585,0.113,1.0,10000000.0,1,1.79,1000,base
0xff365375777069ebd8fa575635eb31a0787afa6c,120,1,2025-12-17T16:12:19+00:00,2026-06-23T15:11:13+00:00,6,0.0,0.0,0.8275,0.9725,0.7833,40000.0,4,187.96,33,base
0xff405542ce8f0bd0789f0bd208fbeae5bc3704db,3,1,2025-10-30T00:11:17+00:00,2025-10-30T23:45:57+00:00,1,0.0,0.0,1.0,1.0,0.6667,300000.0,2,0.98,3,base
0xff877ca361eb578b1b8fc9b1a8f269f2599c5a4e,2,1,2025-11-12T08:10:45+00:00,2025-11-23T08:13:01+00:00,1,0.0,0.0,1.0,1.0,0.5,256.0,2,11.0,1,base
0xff8cb56eeed4b72aa7a6b07452b01d49969c81fe,1,1,2026-05-26T01:55:15+00:00,2026-05-26T01:55:15+00:00,1,0.0,0.0,1.0,1.0,1.0,110000.0,1,0.0,1,base
0xffa9155a0e4b3d8d42351da226cc1feee449686f,2000,0,2025-11-11T21:02:51+00:00,2026-07-02T21:48:53+00:00,52,0.0,0.0,0.2378,0.4693,0.5675,2000.0,3,233.03,208,base
0xffb37e4d69a2637aec52e1a610d7ede3b3a8d1ed,133,1,2025-10-25T13:44:29+00:00,2025-10-25T17:29:43+00:00,45,0.0,0.0,0.1413,0.2649,0.5038,10000000.0,2,0.16,133,base
0xffc134b442701a9a6675a8478498ce8d6b34cab4,2,1,2025-11-13T04:44:13+00:00,2025-11-14T04:18:51+00:00,1,0.0,0.0,1.0,1.0,0.5,312.0,2,0.98,1,base
0xffc458db291b4abce020fe3de4f91f2770e537b1,756,1,2026-04-04T23:07:47+00:00,2026-07-03T01:07:35+00:00,124,0.0,0.0,0.2285,0.4445,0.9378,1000.0,4,89.08,84,base
0xffde1acbac169f822dabc3d97d6d7127dcae6003,51,1,2026-03-31T11:09:17+00:00,2026-07-01T10:30:31+00:00,31,0.0,0.0,0.4987,0.6708,0.098,165000000.0,35,91.97,12,base
0xffff4b8da8c165b556326453446f6940c8afe0db,121,1,2026-06-11T03:52:49+00:00,2026-07-03T03:22:43+00:00,18,0.0,0.0,0.4182,0.6993,0.157,50000.0,22,21.98,39,base
14tbUrd1TY4iUFAZ547L6o5pws1sZvWefVQEEk8Guger,22,1,2026-06-20T13:24:23+00:00,2026-07-02T11:53:03+00:00,15,0.0,0.0,0.2856,0.4304,0.1818,500000.0,12,11.94,3,solana
1pd7xpwi4d7KkxQLpmjFDUKyV6SxiQNUNZm31hbw69S,298,1,2026-03-10T09:53:44+00:00,2026-03-10T17:51:54+00:00,223,0.0,0.0,0.0127,0.0255,0.9463,50000.0,2,0.33,298,solana
23cH4eFWGUDe167DTech9FuW2xQ2ZuBEvDcXhpTX5AdL,76,1,2026-06-13T14:19:48+00:00,2026-06-24T20:47:43+00:00,36,0.0,0.0,0.2379,0.4755,0.1579,100000.0,46,11.27,16,solana
23i3QcFSFnpofpam8d37xwqpoLbpEJ6azFCk6VYJLjuE,21,1,2026-06-17T14:07:22+00:00,2026-06-27T18:50:36+00:00,13,0.0,0.0,0.3976,0.505,0.1905,890000.0,13,10.2,10,solana
24EdhNj4NS2oLGfk2UVRKDwir5NNwj3EXYQxgmETp1t1,24,1,2026-06-16T07:32:26+00:00,2026-06-21T06:30:50+00:00,18,0.0,0.0,0.2119,0.4107,0.25,100000.0,18,4.96,11,solana
26R5ZNAjMCffmVXS8NYDevrMGiRcdqbAZXK4qFDqGrix,24,1,2026-01-21T10:33:39+00:00,2026-02-06T18:05:33+00:00,1,0.0,0.0,1.0,1.0,1.0,250000.0,1,16.31,7,solana
26xq6tkfk9haLxD4fdt4MJ9TP5CEr7Js9aT2eaXqCfgR,2,1,2025-10-27T18:03:03+00:00,2025-10-29T18:25:50+00:00,1,0.0,0.0,1.0,1.0,1.0,100.0,1,2.02,1,solana
28cUzWbhcpSDvg2xL91nUfS3B88ATgnBrayFN3qX45Kb,42,1,2026-06-26T17:32:40+00:00,2026-07-03T04:01:22+00:00,25,0.0,0.0,0.2153,0.3476,0.1905,100000.0,23,6.44,24,solana
29F8ayr3oCncDZJ4MLcAC5viyNuEFmSsXSbSmMop1nTS,23,1,2026-06-13T09:03:57+00:00,2026-06-17T16:00:34+00:00,16,0.0,0.0,0.3015,0.4485,0.1304,300000.0,17,4.29,14,solana
29vtytkcpSsdXLguV7zodwdgmFp5XAAtsohkgLYB8tdu,70,1,2026-03-25T06:13:58+00:00,2026-03-25T22:06:17+00:00,52,0.0,0.0,0.0411,0.0822,0.9571,50000.0,2,0.66,70,solana
2DudhHG8nfQjgM5rNZNhmU5x3HzcogvEyqkgoLTM5rL9,30,1,2026-06-14T02:59:18+00:00,2026-07-02T13:26:11+00:00,18,0.0,0.0,0.256,0.4131,0.3,100000.0,18,18.44,8,solana
2E853qjRd2U68oj7By5tXdC99qSWCnnDe1C87eoPT7Us,2,1,2025-10-29T19:40:31+00:00,2025-10-31T05:53:13+00:00,1,0.0,0.0,1.0,1.0,1.0,100.0,1,1.43,1,solana
2EQdXUSm53wZ8YtcSSJceTG5s5UYm375ZfbanfV6GCXX,71,1,2026-06-13T08:30:07+00:00,2026-07-02T15:12:38+00:00,46,0.0,0.0,0.1416,0.2335,0.1408,1500000.0,32,19.28,21,solana
2GGkANDCR4M4tS9sqvJZpdaEZXkmEsdb6JfXCoWtbWTi,65,1,2026-06-13T04:24:34+00:00,2026-06-13T19:46:11+00:00,29,0.0,0.0,0.0997,0.1824,0.4308,1000000.0,12,0.64,65,solana
2Kuwrwi98mFmRGCYsq3rmfSsxZhE8sREm8Jdkz1bhZbn,58,1,2026-06-13T18:21:02+00:00,2026-06-22T10:47:47+00:00,39,0.0,0.0,0.1445,0.2685,0.1034,99000.0,38,8.69,16,solana
2LXMW5CrcX5gLA7shz3tnk6wE8qxev9NVbUmhsEJyfVZ,1681,1,2025-11-03T10:58:40+00:00,2025-11-28T00:22:04+00:00,15,0.0,0.0,0.0794,0.155,0.0024,10000.0,1619,24.56,402,solana
2MDFibeJfqN2HeJVWco159JA3tzY6Gg5FfnaqwyYFLtW,85,1,2026-06-15T18:20:07+00:00,2026-06-22T14:18:26+00:00,40,0.0,0.0,0.249,0.4244,0.0941,100000.0,34,6.83,19,solana
2MGAXQV6cVhZWdqijEufhHNkmrHp8UfmFquBMawfPjmy,57,1,2026-06-16T17:32:20+00:00,2026-07-03T02:08:50+00:00,30,0.0,0.0,0.1953,0.3344,0.2105,700000.0,34,16.36,11,solana
2MKgkfgyjEsRkpiiS8AeCo6yBPd1Y11XbrgBjkxa1Lnq,1,1,2025-10-27T06:41:19+00:00,2025-10-27T06:41:19+00:00,1,0.0,0.0,1.0,1.0,1.0,100.0,1,0.0,1,solana
2Mb8sL4pxJU1jnNBGoyFUbEErFf5KYemzKiRW9pdAEdv,1,1,2025-10-29T11:26:22+00:00,2025-10-29T11:26:22+00:00,1,0.0,0.0,1.0,1.0,1.0,100.0,1,0.0,1,solana
2PGXJeyCTm45VBDDYRHbomWWni7ZRaaaEGdQYxwHmVxj,2000,0,2026-01-30T00:25:14+00:00,2026-01-30T18:41:34+00:00,736,0.0,0.0,0.0049,0.0099,0.9855,50000.0,2,0.76,2000,solana
2QxfmP4C6MhtXPxW6RBjFSPvu6iUR6kHe6NG1eAmCQRf,87,1,2026-05-18T23:34:20+00:00,2026-05-19T07:55:49+00:00,69,0.0,0.0,0.046,0.092,1.0,50000.0,1,0.35,70,solana
2R6MBEZ6FoeNzbtikjYcP9GdudtzRsRqGex9nSKauRXX,52,1,2026-06-13T04:23:46+00:00,2026-07-01T13:24:47+00:00,23,0.0,0.0,0.2298,0.3912,0.3462,990000.0,21,18.38,12,solana
2VebzafK6DUfAPxVQ9Ga1ZBak3i7wCXsFbNnh6ibwGG4,1,1,2025-10-27T07:07:54+00:00,2025-10-27T07:07:54+00:00,1,0.0,0.0,1.0,1.0,1.0,100.0,1,0.0,1,solana
2Vgb83uPkms6JzfdwAzvhSZJPoXVhv6G1XP6rVxFYqBL,1182,1,2026-01-10T18:30:51+00:00,2026-07-01T19:24:11+00:00,122,0.0008,0.0001,0.1108,0.1913,0.3892,500.0,37,172.04,99,solana
2YWFFX2BGN3SkMPcj7ScGe7fzWQT4VCFHFcrNHhCcoE5,1,1,2025-10-27T06:12:38+00:00,2025-10-27T06:12:38+00:00,1,0.0,0.0,1.0,1.0,1.0,100.0,1,0.0,1,solana
2YyZTsqCcpJ7mu1KRaTQpikc2Z24BehVtGtH5sYJFQVM,64,1,2026-03-27T18:36:07+00:00,2026-03-28T05:54:53+00:00,48,0.0,0.0,0.0455,0.0909,0.9688,50000.0,2,0.47,36,solana
2cGYNgqeuZ577jp1aSn9SRYypxoNG4nt5cUcjGRLWftY,2,1,2025-10-27T07:04:12+00:00,2025-10-28T20:35:16+00:00,1,0.0,0.0,1.0,1.0,1.0,100.0,1,1.56,1,solana
2chGLRxzvoTgQXhqyoqpwn5yVChRx8qQMXPLDud7D2e4,423,1,2026-01-12T09:12:54+00:00,2026-07-02T04:15:43+00:00,8,0.0,0.0,0.8702,0.955,0.4539,300000.0,4,170.79,167,solana
2fTHvJrDDWMbXp4EsjwWruJ2ueU3DTg6sXwaSPUbZHo6,26,1,2026-06-14T05:59:24+00:00,2026-06-16T16:23:38+00:00,17,0.0,0.0,0.1726,0.3324,0.1923,150000.0,11,2.43,13,solana
2hYY7wHhXsoWnskQRzYFUNH7YboXNMEqbGnAFHpRuB2W,1017,1,2026-04-22T20:00:38+00:00,2026-06-28T18:44:39+00:00,15,0.0,0.0,0.9093,0.9433,0.7856,10000.0,2,66.95,682,solana
2i7NkYp3acbk2ZeMESHxmLLz35m2YocmWjY7Pqpp1BSo,59,1,2026-03-26T00:22:19+00:00,2026-03-26T12:24:54+00:00,43,0.0,0.0,0.0635,0.127,0.9322,50000.0,2,0.5,59,solana
2iS2BpGo1fjTRnCgos53oX6NqcHZ73qSFvCmwNGDg91V,45,1,2026-05-09T01:31:16+00:00,2026-05-09T18:35:17+00:00,24,0.0,0.0,0.1111,0.2,1.0,50000.0,1,0.71,45,solana
2j7U48QMqjEbBjyp6ZcCCSPjTngew8CUjdSFFoSPnq6f,26,1,2026-06-13T13:17:08+00:00,2026-06-25T12:52:21+00:00,16,0.0,0.0,0.3141,0.4847,0.1154,3990000.0,20,11.98,13,solana
2jufJBTtpCnKkkfKpH8k7KTSMPxytDbtJ7cCEbZf3abS,39,1,2026-06-15T09:20:30+00:00,2026-06-27T11:02:56+00:00,29,0.0,0.0,0.29,0.4534,0.2308,100000.0,20,12.07,10,solana
2kZTXaDVzA9Ea7wqRp1e6muwrJvW1nzpUhdHhntFKfUD,26,1,2026-06-15T06:24:21+00:00,2026-06-25T16:08:22+00:00,19,0.0,0.0,0.1782,0.3455,0.3846,1130000.0,15,10.41,15,solana
2nF4GomVbk3xYjstxSxcrVhdwQoR2nYRtvPK4412gLsW,1,1,2026-02-16T17:25:15+00:00,2026-02-16T17:25:15+00:00,1,0.0,0.0,1.0,1.0,1.0,100.0,1,0.0,1,solana
2nkTRv3qxk7n2eYYjFAndReVXaV7sTF3Z9pNimvp5jcp,20,1,2026-02-19T22:52:23+00:00,2026-07-01T09:51:19+00:00,11,0.0,0.0,0.3818,0.5667,0.2,4290000.0,17,131.46,3,solana
2ny4T8BbY6hveW8oHi9FPtMzREBwtYuvz1EW4QMNDCZ7,106,1,2026-06-14T02:41:58+00:00,2026-06-17T13:23:38+00:00,66,0.0,0.0,0.0521,0.1022,0.0755,145000.0,52,3.45,39,solana
2pyPgr6fFh1q58HaJ1c5uTGhd4cJUtZvT5hBZFKgpwN4,358,1,2025-12-30T02:21:48+00:00,2026-03-02T06:36:30+00:00,106,0.0,0.0,0.3937,0.491,0.6732,1000000.0,48,62.18,117,solana
2q3naJH626d42WVPP6qestyiwmCEwfv5gXm6DGAsY4E4,75,1,2026-03-27T00:16:03+00:00,2026-03-27T09:51:21+00:00,54,0.0,0.0,0.038,0.0759,0.9467,50000.0,2,0.4,75,solana
2qG4bZCmt4T8y9vPhE2okDTcZZKsM4MEwAM8RAfBamx2,35,1,2026-06-14T23:36:17+00:00,2026-06-29T01:07:17+00:00,22,0.0,0.0,0.1884,0.3684,0.0857,480000.0,28,14.06,11,solana
2rWPGi2DT5SaweRCY5Q1ZQNnUEjVZg7x3SnW3EtWGk2E,2,1,2025-10-30T00:00:30+00:00,2025-10-31T06:56:34+00:00,1,0.0,0.0,1.0,1.0,1.0,100.0,1,1.29,1,solana
2v3sk8dEoEDMC8j9eC9Bt33bnReJGpGV7ALPQgZQsjSS,1,1,2025-10-27T06:30:35+00:00,2025-10-27T06:30:35+00:00,1,0.0,0.0,1.0,1.0,1.0,100.0,1,0.0,1,solana
2xvcjUJ33UZxJ5R3cK8xYXJwc7GmunUJ4pRkWm24FSJ7,14,1,2025-09-09T02:49:07+00:00,2025-10-09T12:25:15+00:00,7,0.0,0.0,0.9972,0.9993,0.4286,10000.0,6,30.4,4,solana
315SkwYrbYxj37Uuh7k4Vg7HxHmxWGWRZPr4j82RFGs2,65,1,2026-06-15T07:54:32+00:00,2026-07-03T01:22:45+00:00,38,0.0,0.0,0.168,0.3035,0.0923,5000000.0,42,17.73,13,solana
31R5SKgmZzqptYERCuttfW5rRVx4hBQykCZrR8VbtGtn,47,1,2026-06-17T14:36:19+00:00,2026-07-02T19:36:10+00:00,20,0.0,0.0,0.2041,0.335,0.1915,100000.0,34,15.21,17,solana
34nHKKbn16UeWB376pMrRBm82Bxtpf4nY1aFLGDm9D5g,28,1,2026-06-25T12:41:53+00:00,2026-07-03T00:46:27+00:00,13,0.0,0.0,0.2322,0.4301,0.1786,400000.0,18,7.5,6,solana
34w53Ukhf4Bv5SZjU8Dez76r8fhxaKvdqc4eoCzeete6,96,1,2026-06-06T23:51:25+00:00,2026-06-19T05:38:55+00:00,59,0.0,0.0,0.4145,0.4631,0.0521,7500000.0,87,12.24,70,solana
35Q9Vad7U7x55RcqB2h4M6Wo8q2YJKbnDoo9c3djERne,48,1,2026-02-08T18:01:50+00:00,2026-02-08T18:03:42+00:00,1,0.0,0.0,1.0,1.0,0.5,10000.0,25,0.0,48,solana
35whPh8pbVbWKQMHD2e89gCKo6DH94gyDTSG9sx6YhYz,219,1,2026-06-13T19:05:35+00:00,2026-06-26T20:21:17+00:00,97,0.0,0.0,0.2304,0.336,0.1233,190000.0,74,13.05,86,solana
36qn3roNKntmjZQMGWdHqSDTZh4rcaLbmh8CaoPF9iMr,41,1,2026-06-13T15:46:08+00:00,2026-06-16T05:28:23+00:00,29,0.0,0.0,0.1517,0.268,0.2195,300000.0,20,2.57,25,solana
38WP6rXEMA8CExoLDbMiVZmpLE7U6wgrQXg2NRbUJU7V,25,1,2026-06-15T01:07:05+00:00,2026-06-16T04:19:21+00:00,10,0.0,0.0,0.2788,0.5442,0.24,200000.0,11,1.13,22,solana
3Aj6Rw9kFw6sLTFqBgQU5bCQ2kWxPCxfwkKaSmKU5kCa,25,1,2026-06-26T00:18:31+00:00,2026-06-26T16:28:09+00:00,9,0.0,0.0,0.28,0.44,1.0,50000.0,1,0.67,25,solana
3CiFdtyXQK9hxCBSfcUEbRVFzviPVjSNnUg94M5SZHbR,27,1,2026-06-16T16:33:39+00:00,2026-07-02T03:17:15+00:00,17,0.0,0.0,0.3438,0.5592,0.1111,5000000.0,23,15.45,10,solana
3CiUGY3aDcLR1MBDnyM7Lx2Py7TJhCK3MAGgXgPaG6wQ,50,1,2025-10-27T03:14:58+00:00,2025-10-27T20:49:16+00:00,9,0.0,0.0,0.2841,0.5568,0.48,50000000.0,4,0.73,50,solana
3DGnpGBqkCZhWN4roAddXQqXj4M4zzBoBzJdJ2JZRsPJ,1645,1,2025-11-03T10:58:13+00:00,2025-11-28T00:22:20+00:00,15,0.0,0.0,0.0826,0.1606,0.0024,1400.0,1598,24.56,360,solana
3DThMQCsgdAmzPG5P7PygoYCow1N2WLS7ruSX77qC63A,7,1,2025-10-28T19:26:54+00:00,2025-11-02T00:02:45+00:00,1,0.0,0.0,1.0,1.0,1.0,100.0,1,4.19,4,solana
3Fr8CWGvxSAo52u47PmFbB1i8Af4V1eWrLrChx3UqFM4,22,1,2026-06-13T19:58:14+00:00,2026-06-14T02:06:07+00:00,11,0.0,0.0,0.2157,0.3759,0.1364,285000.0,17,0.26,11,solana
3GY1ht2iaLu7jBe4ZP5YpfAM9jTU3WuhjBcDPxSUNr1E,43,1,2026-06-15T01:22:55+00:00,2026-07-01T14:01:09+00:00,31,0.0,0.0,0.2324,0.3322,0.1395,100000.0,33,16.53,10,solana
3HsJ1q2ABR7fcoRdkH3iaZRw8uqcz5kDktbcXu2AGDGu,67,1,2026-03-17T13:50:52+00:00,2026-03-18T01:40:34+00:00,48,0.0,0.0,0.0423,0.0845,0.9403,50000.0,2,0.49,35,solana
3N7VpV4u2LVHHmuegN8jJ74xiUVmcUgnMPTVXWtiDN5c,60,1,2026-06-17T09:10:54+00:00,2026-07-03T03:49:31+00:00,38,0.0,0.0,0.1197,0.2145,0.2167,100000.0,27,15.78,10,solana
3PsQRtfdVhtDPY4iHwRv8y2eL6WV4uuAeNB26wjbD3ub,21,1,2026-06-24T06:58:47+00:00,2026-06-25T00:22:40+00:00,6,0.0,0.0,0.381,0.7143,1.0,50000.0,1,0.72,19,solana
3RxM9nQ6jT3J2d2SPG2mVGsdGv1css1m2jDW2EdJ6wwD,21,1,2026-06-13T16:36:22+00:00,2026-06-16T08:36:11+00:00,14,0.0,0.0,0.1982,0.3326,0.2381,500000.0,12,2.67,8,solana
3S75mzLTvTD5PN8a8rYiaQRwu1BP4c2Ypr98VzqhqJyD,4492,1,2026-03-01T19:17:48+00:00,2026-03-08T11:04:44+00:00,1485,0.0,0.0,0.0028,0.0052,0.9628,50000.0,2,6.66,1143,solana
3TiAJNCa97K591JfhigpenXKHjBn6pQ3B66Jj4AiwFdj,2609,1,2025-11-02T07:00:23+00:00,2025-11-11T12:57:04+00:00,2606,0.0,0.0,0.0008,0.0015,1.0,50000000.0,1,9.25,2608,solana
3WGFKiFme7fhCFjMwu5jNVokYaRxwJqzctuEhwSTBk9D,425,1,2026-03-09T08:07:28+00:00,2026-03-09T15:03:38+00:00,265,0.0,0.0,0.0112,0.0223,0.9459,50000.0,2,0.29,425,solana
3WMobpf22edc6gn7UJELNppYg3neyjyKJWC14zDoR7f1,28,1,2026-06-14T13:47:46+00:00,2026-06-20T11:00:50+00:00,24,0.0,0.0,0.2917,0.3688,0.1071,1000000.0,23,5.88,12,solana
3WkqExEMEqn24KBv6F1HShZEWNdPtxVV4SCvC9g7uUH4,39,1,2026-06-15T01:13:14+00:00,2026-06-17T13:46:29+00:00,29,0.0,0.0,0.13,0.2471,0.1795,100.0,20,2.52,20,solana
3Wuj6VjJXuCmQZjGRhW56xbEk6TzCyMEUVRZgLBYNE2Z,2000,0,2026-04-08T06:17:51+00:00,2026-07-01T08:29:51+00:00,10,0.0,0.0,0.507,0.782,1.0,3000.0,1,84.09,996,solana
3Z3rVPUdbgGP2dTwZvgHgtSNvsehVVCnhZYALiBWB3u1,23,1,2026-02-09T09:27:19+00:00,2026-02-09T09:27:52+00:00,1,0.0,0.0,1.0,1.0,0.3478,10000.0,16,0.0,23,solana
3aSdyGTSApTZgDxHq1m7rSxbkFd8F48Ctk9HXch8fUSC,26,1,2026-06-21T06:01:57+00:00,2026-06-26T14:34:27+00:00,19,0.0,0.0,0.1027,0.2055,0.1923,100000.0,13,5.36,8,solana
3c6MzRxcM5Ftxu8vE9vNNBYwpMJ6ynsU7HrpYGB6sjVs,349,1,2025-12-12T05:07:27+00:00,2026-01-28T20:17:24+00:00,20,0.3524,0.4106,0.4106,0.7248,0.4212,990000.0,21,47.63,36,solana
3eDefwCvtfJpUAdYRiVLxnqsWvhT2P1eJt3jGJycoGoJ,20,1,2026-06-25T22:48:42+00:00,2026-06-26T15:20:31+00:00,8,0.0,0.0,0.3,0.5,1.0,50000.0,1,0.69,18,solana
3eQB5pyrCCHdqTkTAxgZznxHxBa6ZfLPaf5JmERtQa6N,48,1,2026-06-15T01:53:04+00:00,2026-07-02T23:05:40+00:00,27,0.0,0.0,0.0864,0.1728,0.1042,260000.0,17,17.88,13,solana
3iPZ62paNrfww3pkxDS2AS4wL795q9E72hxYotCgqTW6,43,1,2026-06-13T18:32:56+00:00,2026-06-16T08:44:20+00:00,34,0.0,0.0,0.0903,0.1676,0.186,100000.0,28,2.59,18,solana
3ibuRbkLSV75pNekt6Hoppon1uXFvvWDP9dQL2wgkW1p,99,1,2026-02-08T19:49:46+00:00,2026-02-08T19:54:15+00:00,1,0.0,0.0,1.0,1.0,0.3939,10000.0,61,0.0,99,solana
3iy9taVT34ijbmMtwbbiWwRPEFtun47y8GxTSZ6N7Myq,2000,0,2025-12-02T05:57:31+00:00,2026-01-05T19:39:59+00:00,6,0.0045,0.0002,0.9087,0.9456,0.3265,20000.0,65,34.57,819,solana
3j5sL7YDfzY3fbWGAQub25TebRPE6TR5uN9aQRzkVbYt,3,1,2025-10-28T00:44:09+00:00,2025-11-02T03:55:12+00:00,1,0.0,0.0,1.0,1.0,1.0,100.0,1,5.13,1,solana
3kQ3Cp9L2qym4kXrKdbVfyXfB8h671KQqF48g7zvd9kt,63,1,2026-06-15T19:00:46+00:00,2026-07-01T18:42:30+00:00,30,0.0,0.0,0.1489,0.2916,0.0635,160000.0,49,15.99,15,solana
3opB6vFz7VQuoZuY3CbNkbeAqf68KvvoVNa79pKqNfnK,50,1,2026-06-20T08:43:55+00:00,2026-07-02T01:14:57+00:00,25,0.0,0.0,0.2037,0.3321,0.18,400000.0,24,11.69,8,solana
3qWrxBZhfTDrgsGG5US4tKquqyFThs5nyb37cnh7Cnf5,106,1,2026-03-17T00:36:13+00:00,2026-03-17T09:53:15+00:00,67,0.0,0.0,0.0342,0.0684,0.8962,50000.0,2,0.39,106,solana
3rb7JQvBEMaNVhKh5m4MNUdYZdha7vyuT2uH1oGZupb2,24,1,2026-06-14T22:26:20+00:00,2026-06-17T14:36:53+00:00,18,0.0,0.0,0.1331,0.2595,0.1667,120000.0,17,2.67,17,solana
3sKDX4zremRrARUCGPzKmEC1Xn3Y9hj8iDz2gPneSU8e,1,1,2025-10-27T06:52:12+00:00,2025-10-27T06:52:12+00:00,1,0.0,0.0,1.0,1.0,1.0,100.0,1,0.0,1,solana
3wZC28prkbLNg8RbtoSaT8mjVQ7Z5xNWEAaNySQ6QmZs,82,1,2026-03-17T23:13:24+00:00,2026-03-18T11:02:10+00:00,59,0.0,0.0,0.069,0.1149,0.939,50000.0,2,0.49,80,solana
3wrMnbDLhLC4qgTA72Dm4vt19PjwK69qdVukThgjjyn3,2995,1,2026-01-17T04:15:50+00:00,2026-07-03T04:44:29+00:00,1047,0.0013,0.0013,0.0387,0.0758,1.0,10000.0,1,167.02,661,solana
3zKWnPVudeZn8mzmTzRMRaLA1dmErxjBJ2pndV6rZ86C,1755,1,2025-11-03T11:13:10+00:00,2025-11-28T00:23:41+00:00,15,0.0,0.0,0.0853,0.1635,0.0023,40000.0,1688,24.55,417,solana
3zPqSMkoDTfKWYLRtLJXXCNNN4shMDKX5ekk5C4aFP7H,37,1,2026-06-28T17:43:06+00:00,2026-07-03T00:46:20+00:00,19,0.0,0.0,0.24,0.4113,0.1081,850000.0,30,4.29,12,solana
3zzUAYvpjqPBmdwqQKUh952LZSqijHHVCFymCtanFP3N,49,1,2026-03-01T16:09:46+00:00,2026-06-30T09:15:37+00:00,5,0.0,0.0,0.7143,0.8393,0.8571,10000.0,2,120.71,23,solana
41TnPsh8whDp6SKbJFoiDT1tqhs3TkY9x51jYCNga4Na,2000,0,2025-12-02T05:39:45+00:00,2026-01-05T20:10:17+00:00,6,0.005,0.0003,0.8897,0.9367,0.1895,20000.0,66,34.6,928,solana
42Jvsotm8QAfVkGVkgUSsKJNKYcAg3zB9bCPtPUBwBdr,109,1,2026-06-13T13:07:12+00:00,2026-07-01T18:24:11+00:00,64,0.0,0.0,0.2946,0.3829,0.1376,100000.0,42,18.22,32,solana
44LTs6bNq1skFHsJRqQQKQmpPRrMtxhjkUu9T7wmZPrb,2000,0,2026-01-30T00:26:12+00:00,2026-01-30T16:41:17+00:00,717,0.0,0.0,0.0049,0.0098,0.9835,50000.0,2,0.68,2000,solana
4AN5a7QjG2DE9Gefw7fwBzEKWAFwqf6pKdUAeUtjQdUr,1442,1,2025-10-24T22:20:01+00:00,2025-10-25T04:08:38+00:00,178,0.0062,0.0038,0.0292,0.0508,0.9972,10000000.0,2,0.24,1394,solana
4B1ns8vJdeSgPeLUHW5DP8KVnfxLNgUeJMiRDuB9svJn,230,1,2026-05-17T09:12:11+00:00,2026-05-17T14:58:20+00:00,96,0.0,0.0,0.0391,0.0783,1.0,50000.0,1,0.24,230,solana
4B3AWBsej2xDdeMdqdLXEF6rXXYQ3bc4aB6ZMxivhKT6,43,1,2026-06-26T00:16:29+00:00,2026-06-26T15:24:25+00:00,10,0.0,0.0,0.3488,0.5116,1.0,50000.0,1,0.63,43,solana
4F6ucE2UGHUe1bL2x2HgWVdoJ52Tb4cbxTdqfkqGVg83,1,1,2025-10-29T03:46:42+00:00,2025-10-29T03:46:42+00:00,1,0.0,0.0,1.0,1.0,1.0,100.0,1,0.0,1,solana
4HGTqpFgvHoEikuX6FF6hzEEiMDXCLBS19tYUk9NBBMS,21,1,2026-06-25T23:12:21+00:00,2026-06-26T15:23:19+00:00,9,0.0,0.0,0.2381,0.4286,1.0,50000.0,1,0.67,20,solana
4HTsXXNYiDUMNPxRHvpHK42QbhjnqG6SSgFW13L68WXm,516,1,2026-03-11T00:53:46+00:00,2026-03-11T08:50:58+00:00,330,0.0,0.0,0.0107,0.0196,0.9109,50000.0,2,0.33,516,solana
4Hr9uiDfCKN5eyAJZnRfUCNC9HLedj5RKHCx9H3PTYf7,11,1,2026-02-12T16:30:16+00:00,2026-02-28T00:05:07+00:00,1,0.0,0.0,1.0,1.0,1.0,10000.0,1,15.32,1,solana
4JAmy7hSNWTUxsyJQfEi7ngQXRMH4NHXrpMKDfvStMDc,1,1,2025-10-29T14:05:15+00:00,2025-10-29T14:05:15+00:00,1,0.0,0.0,1.0,1.0,1.0,100.0,1,0.0,1,solana
4K7FnN5uNHeGNwRVWWn5uJHhzrPSb2yTEW8sMA5kximx,42,1,2026-06-17T13:37:05+00:00,2026-07-02T11:45:09+00:00,17,0.0,0.0,0.7193,0.8138,0.1429,2000000.0,25,14.92,11,solana
4KhMBvEptka3uydPh7bhWqMP7ycHD1XBQM7fmzZk3DFS,38,1,2026-06-15T13:14:25+00:00,2026-06-28T07:54:05+00:00,31,0.0,0.0,0.1878,0.2848,0.1842,490000.0,28,12.78,9,solana
4KkHNw3Y5a9a6oHXsSKVJCuz4AEtzUnnG25BRTAcTSR9,55,1,2026-02-08T03:14:57+00:00,2026-02-08T03:17:08+00:00,1,0.0,0.0,1.0,1.0,0.5455,10000.0,26,0.0,55,solana
4NZ43xfCCc3UQQsn465Nxko9BGqyBj3sAcCur1DVMKso,1797,1,2025-11-03T11:00:52+00:00,2025-11-28T00:23:33+00:00,15,0.0,0.0,0.0849,0.1638,0.0017,54800.0,1750,24.56,415,solana
4Pu9yFyQvu7TDwCkyHtBNas52UsH5hRYpB1Cb6XRtayn,25,1,2026-06-15T07:29:56+00:00,2026-06-27T04:52:18+00:00,19,0.0,0.0,0.3426,0.492,0.16,100000.0,21,11.89,12,solana
4RF375JwWtdQrVoFFUDMC4PdiurVehh1B3ekvUxzZiyV,78,1,2026-03-18T07:55:31+00:00,2026-03-18T17:05:11+00:00,63,0.0,0.0,0.0357,0.0595,0.9231,50000.0,2,0.38,78,solana
4ShLAGjk8mTYMCmXu8xW4wiS2DVBz5DvSKTnHqUY1SYq,34,1,2026-06-14T13:08:35+00:00,2026-06-17T13:46:21+00:00,26,0.0,0.0,0.1448,0.2832,0.1176,100000.0,19,3.03,19,solana
4TEJjtpuSHcmrZEK8CjvQ3RoNawdddufJsEaBubtjEuK,46,1,2026-06-14T12:39:41+00:00,2026-06-22T22:35:47+00:00,36,0.0,0.0,0.2015,0.3408,0.1304,1000000.0,25,8.41,11,solana
4Teh72vJ3Q6ZXtCagCcahFCHc6oK2L56RFFDCJpxaNjW,37,1,2026-06-15T00:03:59+00:00,2026-06-28T17:59:38+00:00,25,0.0,0.0,0.2464,0.3605,0.1892,450000.0,17,13.75,9,solana
4WPBNY4naGGcLEt2PuSAxKQsnY7GpkERZ7LVidxRaXiP,23,1,2026-06-29T04:19:13+00:00,2026-06-29T20:04:32+00:00,5,0.0,0.0,0.3478,0.6087,1.0,50000.0,1,0.66,23,solana
4WvcrHiCTLEqWod3PeW3iFfjmJFsCbprQfkeNb2Rq59b,66,1,2026-05-06T15:44:57+00:00,2026-06-15T15:36:47+00:00,4,0.0,0.0,0.6056,0.831,0.9394,100000.0,3,39.99,21,solana
4YaLvnR76RSYWjQq1BqQeaUP57SvE9yjprjgrTorEaNq,3,1,2025-10-27T08:34:01+00:00,2025-11-02T02:18:49+00:00,1,0.0,0.0,1.0,1.0,1.0,100.0,1,5.74,1,solana
4YsZ7ro9N4dMwZtaTRMcFw2URf7jWCe5yxKCQN33nRb8,20,1,2026-06-25T03:35:16+00:00,2026-06-25T19:54:46+00:00,7,0.0,0.0,0.4,0.6,1.0,50000.0,1,0.68,20,solana
4Z4rmiTW3U74qjYrRw7zS9Y7McKEVDLssHndKyJvGbFn,975,1,2026-02-19T19:21:24+00:00,2026-06-28T14:47:45+00:00,9,0.0,0.0,0.8287,0.9164,0.3785,1650.0,44,128.81,177,solana
4ZPVLzV5rBpFe5P3FvkkxEkL3EoiZBNFtLevbLE1uK7J,1,1,2026-02-22T16:11:14+00:00,2026-02-22T16:11:14+00:00,1,0.0,0.0,1.0,1.0,1.0,10000.0,1,0.0,1,solana
4cVtXb6gJRHKjgWYvtzpSBZ6qbsz1qdFmU47VUUxhZrT,4,1,2026-04-20T16:01:09+00:00,2026-04-20T16:24:16+00:00,4,0.0,0.0,0.25,0.5,1.0,50000.0,1,0.02,4,solana
4dLdhYjqmKXjWh1nfWn1N6beVBGj9dZ9jMFR2T544ktD,25,1,2026-06-27T12:46:43+00:00,2026-07-03T02:06:17+00:00,18,0.0,0.0,0.1541,0.2787,0.12,1000000.0,20,5.56,8,solana
4ehB8nPFdKnxMZdfVcEapy9wFsgsYR1LPeuinp1ZdsNL,2,1,2025-10-29T23:58:20+00:00,2025-10-31T06:53:48+00:00,1,0.0,0.0,1.0,1.0,1.0,100.0,1,1.29,1,solana
4ehvoijn8Zn3aVKjwDjcpGJNVfD1D1KmPra56MxA5hgv,27,1,2026-06-24T07:50:21+00:00,2026-06-25T01:28:28+00:00,6,0.0,0.0,0.4074,0.7778,1.0,50000.0,1,0.73,16,solana
4epKDJpvMo3UboErQd4vDgJkX4tLoF21LdZUpAH1fLRe,52,1,2026-06-15T16:13:32+00:00,2026-06-24T05:35:46+00:00,33,0.0,0.0,0.343,0.4382,0.2692,100000.0,30,8.56,14,solana
4fHV8uTV48qmGRE4XBrvM1RXLrRSerr3xregHb6EA5jX,269,1,2025-12-23T23:02:10+00:00,2026-01-05T18:24:24+00:00,267,0.0,0.0,0.0112,0.0149,1.0,5000000.0,1,12.81,35,solana
4g3U2ZTW2xqjDi4JQDk889pehcCMNwmuC6dNVTtSjmas,130,1,2026-05-20T03:08:36+00:00,2026-05-20T12:02:30+00:00,79,0.0,0.0,0.0615,0.1077,1.0,50000.0,1,0.37,130,solana
4hEezDk5bx9EVCG4dHYcJNLZX4SkJkGfFFeecp9PMNLP,23,1,2026-06-14T22:58:23+00:00,2026-06-23T22:09:24+00:00,14,0.0,0.0,0.2506,0.5013,0.6522,100000.0,8,8.97,7,solana
4hbVYsy6oJwXNL36eY58ah8vyRR4Bww3NdZzJevV6dHE,78,1,2026-06-13T05:10:03+00:00,2026-07-02T12:00:10+00:00,45,0.0,0.0,0.0991,0.1957,0.1795,1000000.0,30,19.28,19,solana
4j1DeAhmSbanVMG23m4vLZ9RLvHa2djmmdJndf1R7zuW,21,1,2026-06-26T01:52:54+00:00,2026-06-26T15:35:13+00:00,7,0.0,0.0,0.3333,0.5714,1.0,50000.0,1,0.57,21,solana
4kbEnsk5B2eYc11aoTAVbSX4nB5Lj1df3t9w3t2re9ua,87,1,2026-03-30T16:13:50+00:00,2026-04-01T00:58:28+00:00,58,0.0,0.0,0.0532,0.0957,0.9195,50000.0,2,1.36,62,solana
4kkGtjRxGijwd4XTFoEaiMQR6QCQfhuCQg6pK5rJdSkf,1,1,2026-02-20T17:42:25+00:00,2026-02-20T17:42:25+00:00,1,0.0,0.0,1.0,1.0,1.0,10000.0,1,0.0,1,solana
4oTtdyZzmGZPVS8nX97A9dmPqbeH8BSdZPGLLaE4xQia,1,1,2025-10-27T16:07:38+00:00,2025-10-27T16:07:38+00:00,1,0.0,0.0,1.0,1.0,1.0,100.0,1,0.0,1,solana
4pEb1rHVnbAHcpvFRacteFbuiWCyTbisNUppWpocvsx8,39,1,2026-06-14T05:41:17+00:00,2026-06-23T00:57:52+00:00,25,0.0,0.0,0.1316,0.224,0.1282,500000.0,20,8.8,10,solana
4peLotB1Dcx9xRuykAaBgoxNogNp4Ygij4L1J5Wy9mAe,25,1,2026-06-14T03:41:20+00:00,2026-06-14T05:30:48+00:00,9,0.0,0.0,0.2393,0.4417,0.12,380000.0,16,0.08,25,solana
4tkpoktUtVPWDKXL71MadiYddhVM733kaGfZ5FLLSQrC,55,1,2026-02-08T01:46:17+00:00,2026-02-08T01:48:43+00:00,1,0.0,0.0,1.0,1.0,0.4909,10000.0,29,0.0,55,solana
4tr6UiLmTu7CcG75KXTQL5MVcu2VGAV1yWZGZuxiRR8U,29,1,2026-06-13T02:55:50+00:00,2026-06-14T05:30:35+00:00,16,0.0,0.0,0.2623,0.3723,0.1724,500000.0,13,1.11,27,solana
4u94P8pBxC9TYLBuFkEoH5UaJB75mru5NzqLX2cuzPut,72,1,2026-05-08T10:54:13+00:00,2026-05-09T05:14:52+00:00,41,0.0,0.0,0.1111,0.1944,1.0,50000.0,1,0.76,49,solana
4x4ZhcqiT1FnirM8Ne97iVupkN4NcQgc2YYbE2jDZbZn,29,1,2026-02-20T12:38:26+00:00,2026-06-19T20:40:23+00:00,9,0.0345,0.0001,0.4159,0.8319,0.2759,8025.0,8,119.33,10,solana
4yWaaDG16NxBvfPq4w1rARpqGtzNfjR1hfDhAxEMcTNg,4606,1,2026-03-02T03:26:16+00:00,2026-03-08T10:59:41+00:00,1436,0.0,0.0,0.0033,0.0061,0.9375,50000.0,2,6.31,1177,solana
51YEwyriNDumrH3ZyYkWzCJWpZa5FbXjG4rMJTHYH2j6,78,1,2026-06-14T02:39:38+00:00,2026-06-23T04:51:05+00:00,48,0.0,0.0,0.1211,0.2091,0.0385,415000.0,57,9.09,29,solana
52FKmm8sooQXT6mKHa5SMs9sCYBYqjkqTHWHjLMHaDrn,6,1,2026-06-26T18:06:59+00:00,2026-06-27T07:24:58+00:00,6,0.0,0.0,0.1667,0.3333,1.0,50000.0,1,0.55,4,solana
53JhuF8bgxvUQ59nDG6kWs4awUQYCS3wswQmUsV5uC7t,2000,0,2025-11-08T14:45:38+00:00,2026-06-30T04:00:40+00:00,62,0.009,0.009,0.1325,0.2442,0.502,100.0,16,233.55,907,solana
54ksPSzTiB6mxQRDn6tQQt22tkNjcrtybXoPSPzWAUrn,106,1,2026-05-19T01:09:25+00:00,2026-05-19T09:37:50+00:00,75,0.0,0.0,0.0472,0.0849,1.0,50000.0,1,0.35,106,solana
54n1EJRF18cmaDGBn2UeDEUDWdaoDSE29To1PnN9Zjhe,3,1,2025-10-28T20:43:21+00:00,2025-11-02T00:45:20+00:00,1,0.0,0.0,1.0,1.0,1.0,100.0,1,4.17,1,solana
54p9HWkMgxgvJ4zibr3FUtv8exmQhbYGYvrkZwXZFJcH,50,1,2026-06-14T15:46:50+00:00,2026-07-02T12:46:35+00:00,33,0.0,0.0,0.2377,0.3961,0.18,500000.0,24,17.87,15,solana
56DUDZbYdQrHiafqZr3DUauotThJhjVYLfeUPECtbgKo,24,1,2026-06-13T15:07:08+00:00,2026-06-16T13:09:24+00:00,18,0.0,0.0,0.1257,0.247,0.0833,290000.0,21,2.92,12,solana
57dToK8vhwnceXHG9MeMGuLKtG8ggmYADUQNRFKJFhzW,6,1,2026-06-16T22:45:02+00:00,2026-06-17T00:15:30+00:00,3,0.0,0.0,0.5,0.8333,1.0,50000.0,1,0.06,5,solana
58Hw4XcZDJjifxhWxyY2PkbmxSXK8V5tekWyQpXfxAfm,23,1,2026-06-14T17:03:52+00:00,2026-06-16T06:23:51+00:00,16,0.0,0.0,0.2056,0.3526,0.1739,120000.0,15,1.56,12,solana
58qEVSAGtgDQtjCJTLAcFnNGxeWoRH5oZzGEVcqyuzKN,4,1,2026-06-28T07:39:26+00:00,2026-06-28T19:58:10+00:00,4,0.0,0.0,0.25,0.5,1.0,50000.0,1,0.51,4,solana
5A9FHf7rRBfy92GDhGXULnS7H2y8JatyJDxKUARcMskV,93,1,2026-05-04T04:31:59+00:00,2026-05-04T23:20:25+00:00,30,0.0,0.0,0.0968,0.1828,1.0,50000.0,1,0.78,93,solana
5AYjCHyYFNiQG3tVvwCC2myAAHt8e2JtNkN9ZAYujLkL,73,1,2025-11-26T15:05:42+00:00,2026-06-29T20:30:42+00:00,5,0.0,0.0,0.6851,0.8702,0.4932,50000.0,4,215.23,26,solana
5BiHE9m7wudvUJATzBDQQJ2auvjB9fmT1q2ARZJmmQom,38,1,2026-06-19T22:28:28+00:00,2026-06-27T01:29:42+00:00,19,0.0,0.0,0.1672,0.2852,0.2368,4000000.0,9,7.13,14,solana
5ByXZ2deBpkrRzfggYMD5M9Q29GbfaCf1WGgEKnK9uT3,183,1,2026-06-13T02:37:44+00:00,2026-06-30T02:57:57+00:00,64,0.0,0.0,0.1551,0.2604,0.1366,390000.0,52,17.01,166,solana
5C6y8kD1GrTjCsU3aZZ5AxUoxJrBNM7c3CUDcKnPdeHP,414,1,2025-12-04T16:21:53+00:00,2025-12-21T09:12:40+00:00,159,0.0,0.0,0.0616,0.1048,0.4928,100000.0,4,16.7,391,solana
5CSi6uM6TR6SwGwrachj3KPnw7LqvJPgx2PQjVzVSxVP,1,1,2025-10-29T11:48:40+00:00,2025-10-29T11:48:40+00:00,1,0.0,0.0,1.0,1.0,1.0,100.0,1,0.0,1,solana
5Cm7uHP3bC8NF5SSaehbAQ1wJMf4yZoRkwwSXwmv8KKW,23,1,2026-06-26T16:16:23+00:00,2026-07-02T22:30:05+00:00,13,0.0,0.0,0.1987,0.3635,0.2174,450000.0,19,6.26,6,solana
5DE7ccNfDzRJYDn5TgedVx2yhohV3VYXJ2PuFCDAxvS2,49,1,2026-06-15T05:35:23+00:00,2026-06-23T18:17:25+00:00,29,0.0,0.0,0.3158,0.4447,0.0612,9900000.0,43,8.53,15,solana
5DeWgsrAhWBLJfEUeRyvqLpLwLHAKc1SDuSjEWXYNo8H,20,1,2026-06-27T14:36:50+00:00,2026-06-28T04:49:30+00:00,7,0.0,0.0,0.6,0.7,1.0,50000.0,1,0.59,15,solana
5EmLBToCnZscR2k3qfTi1XkQuoRpNLa5AWpVZiVJKuD2,39,1,2026-06-27T16:44:59+00:00,2026-06-28T04:31:01+00:00,12,0.0,0.0,0.2308,0.4103,1.0,50000.0,1,0.49,32,solana
5FXvEtaT6896t9czUufsKT8R2An6ssSRs9aKQWRSN5Rc,59,1,2026-06-13T20:53:30+00:00,2026-06-16T00:22:50+00:00,42,0.0,0.0,0.0812,0.1464,0.0847,100000.0,36,2.15,28,solana
5Gjzd4v37nzXRaRMhebXiNurvMXdpW82wkASQy2wHTq9,1753,1,2025-11-03T11:05:17+00:00,2025-11-18T17:04:39+00:00,15,0.0,0.0,0.09,0.1608,0.0029,300.0,1688,15.25,436,solana
5HC9rCS1Gd3NxDW7DqbmLNfoP2BQJd5VLcFG3dGoy368,4,1,2025-10-28T21:08:09+00:00,2025-11-01T04:28:56+00:00,1,0.0,0.0,1.0,1.0,1.0,100.0,1,3.31,1,solana
5JRWUCiDeMRhtzGAf1LuVGqccTNeTCK5Vu615Vb67tLz,2000,0,2026-01-30T00:29:44+00:00,2026-01-30T16:42:21+00:00,749,0.0,0.0,0.0044,0.0089,0.9845,50000.0,2,0.68,2000,solana
5LRTuWKY1gwZo9QMpm4HkvBrXwMy3wsJ3pHWt2WrL1R9,40,1,2026-06-25T23:42:45+00:00,2026-06-26T16:27:21+00:00,12,0.0,0.0,0.425,0.55,1.0,50000.0,1,0.7,38,solana
5THaK1ys5JPFEJdHDc3VYgPEDiwHqYruaqYyttWAQ1jw,60,1,2026-06-16T10:39:11+00:00,2026-07-03T04:15:22+00:00,20,0.0,0.0,0.1452,0.2882,0.4833,950000.0,16,16.73,24,solana
5TaGhnEcHgjEh7KCEPFMLu6GDvSFMh5WDWBVUqzYzg3F,25,1,2026-06-14T04:39:47+00:00,2026-06-23T21:49:37+00:00,13,0.0,0.0,0.2835,0.5216,0.16,900000.0,15,9.72,12,solana
5V9ApoCM8gSRyeqKGXTg3xiNeE9mCs98KTTL6mDNBRyf,5,1,2026-06-14T11:32:05+00:00,2026-06-17T13:48:20+00:00,4,0.0,0.0,0.7895,0.9576,0.2,150000.0,5,3.09,2,solana
5VMfM3WzgyUs9eKvX6vZCu55bUx6wM39Lpxfz3KSdGDu,28,1,2026-06-29T21:16:07+00:00,2026-06-30T10:47:05+00:00,5,0.0,0.0,0.3571,0.6429,1.0,50000.0,1,0.56,18,solana
5VnQaa9fiS4vuzsPsE9JWrGjYspCBqCd6qm6BBFw18gd,6,1,2025-10-28T20:35:35+00:00,2025-11-03T07:06:15+00:00,2,0.0,0.0,0.5679,1.0,0.3333,30000000.0,4,5.44,2,solana
5VyArTwQTgPix9mFXiqVcwb2CXWAhoM1d19DBxUqt845,47,1,2026-06-13T10:32:10+00:00,2026-06-14T16:21:20+00:00,35,0.0,0.0,0.125,0.2066,0.1489,100000.0,20,1.24,28,solana
5WvhEVm3UTdDHMvbg13XpLuTae1PkuJLo2sqjmAZz2yk,3,1,2025-10-27T18:04:07+00:00,2025-11-02T03:07:15+00:00,1,0.0,0.0,1.0,1.0,1.0,100.0,1,5.38,1,solana
5XmZYNhQ2zFvc2j8cta2mEqv1r6b27USWvMzbabumpoC,1,1,2025-10-27T15:46:51+00:00,2025-10-27T15:46:51+00:00,1,0.0,0.0,1.0,1.0,1.0,100.0,1,0.0,1,solana
5XpfNYoJt6wUzhZ6YKKaebcoNS1Em5VXY8nCg6nSDCXQ,109,1,2026-06-13T11:13:24+00:00,2026-06-14T02:18:21+00:00,39,0.0,0.0,0.2552,0.3503,0.055,390000.0,56,0.63,80,solana
5d7eRpQyvDUsQqn8CsWLQDvPsrxVCEBLz321qsVbiedG,221,1,2026-05-21T00:19:33+00:00,2026-05-21T07:22:38+00:00,110,0.0,0.0,0.0452,0.0905,1.0,50000.0,1,0.29,221,solana
5deEFuXAjMLD3Ep82UV9h1Dfq8pZ1cEG9u9gK6pXuezJ,52,1,2026-02-09T04:46:55+00:00,2026-02-09T04:48:56+00:00,1,0.0,0.0,1.0,1.0,0.4615,10000.0,29,0.0,52,solana
5diac46nQuXMF8EWy4DX6KqbBT8QB1LJ1qCJFrjS1GWa,2000,0,2026-01-30T00:29:48+00:00,2026-01-30T16:42:15+00:00,732,0.0,0.0,0.0059,0.0113,0.983,50000.0,2,0.68,2000,solana
5i1QfHdmnK5HG8cdp8GH6o63By6pfNJHfRYNr3MQDw45,50,1,2026-06-13T11:29:49+00:00,2026-06-29T03:12:38+00:00,36,0.0,0.0,0.1039,0.1899,0.14,1000000.0,37,15.65,16,solana
5itg5k7APgVkD1HqQTgriutHUQVH6R6U3TN454QqC9od,67,1,2026-06-12T22:56:53+00:00,2026-07-02T22:16:49+00:00,35,0.0,0.0,0.1434,0.2752,0.0746,2000000.0,42,19.97,26,solana
5kSD1DHDNmWeRLNsZkd4xN6EefQiWNb874QJZoCYmyBW,23,1,2026-06-01T04:52:37+00:00,2026-06-05T06:39:25+00:00,17,0.0,0.0,0.1304,0.2609,1.0,50000.0,1,4.07,11,solana
5mJF5T3JqbGNcGW9LzLkF5THD3aKzUGUcETFFwLMswfv,72,1,2026-03-13T19:18:55+00:00,2026-03-14T13:50:46+00:00,65,0.0,0.0,0.0488,0.0732,0.8611,50000.0,2,0.77,61,solana
5mK5wkW9AY5NCxfSqxQM8jqybxSsB5NYTR8R1LTBZBx,117,1,2026-06-20T02:24:53+00:00,2026-07-02T16:37:50+00:00,51,0.0,0.0,0.3351,0.4755,0.1538,1000000.0,47,12.59,25,solana
5n2WJytcPqQ2xFvYeFrGt3B697DuVbXQFdtvSoVBWHf1,38,1,2026-06-13T04:55:29+00:00,2026-06-24T01:31:12+00:00,26,0.0,0.0,0.2109,0.3509,0.2105,3000000.0,16,10.86,24,solana
5o96vDjkT1XXXaeGewUQYNevwASoaCLsusJTD1AJEjeg,118,1,2026-06-13T14:48:41+00:00,2026-07-02T10:11:25+00:00,58,0.0,0.0,0.1712,0.2685,0.1441,100000.0,49,18.81,22,solana
5pkV3ndQ9wxVEP7tioNTtXBePephUfTwTnjZ3DeHrGTR,15,1,2026-02-08T00:12:09+00:00,2026-02-08T00:13:02+00:00,1,0.0,0.0,1.0,1.0,0.4,10000.0,10,0.0,15,solana
5qAH1paFYVcSzDMBsnn7KjTBp9FbtxW13EefAgQ9oGf9,85,1,2026-06-13T18:15:01+00:00,2026-07-03T04:54:15+00:00,44,0.0,0.0,0.1784,0.3306,0.1529,100000.0,45,19.44,19,solana
5vKjCHuH7kAoXVat2LwU5DPXgB4f7x6qJnVs3G1oduq5,1,1,2026-02-20T06:08:42+00:00,2026-02-20T06:08:42+00:00,1,0.0,0.0,1.0,1.0,1.0,10000.0,1,0.0,1,solana
5vZzyjheB1MytF9V2JvDCmz9ki1RuTTQaMWYpseTvGL6,13,1,2026-06-22T00:06:42+00:00,2026-06-22T13:15:30+00:00,3,0.0,0.0,0.3846,0.7692,1.0,50000.0,1,0.55,13,solana
5wCdR2EKLj37QmesCUeDdY5sxqGi4CWYGm5YTLHrbmg4,24,1,2026-06-16T04:17:52+00:00,2026-06-29T15:13:30+00:00,19,0.0,0.0,0.1416,0.2264,0.125,330000.0,21,13.46,6,solana
5xoifchzihepJN9vXFgdCrMc8qcqw75fp43EsTsNmY9Z,21,1,2025-11-02T07:18:21+00:00,2025-11-02T08:38:37+00:00,21,0.0,0.0,0.0476,0.0952,1.0,50000000.0,1,0.06,21,solana
5ybVmqWCFPAWuJbqex48MFxkhB1r6bCHWUD1AcmhH7jD,12,1,2026-06-25T03:41:19+00:00,2026-06-25T14:48:53+00:00,7,0.0,0.0,0.4167,0.5833,1.0,50000.0,1,0.46,12,solana
5ycQvCrkfqZgdjjRLjCvdWVPq36Ut8KtcDBSXsnhmgsq,30,1,2026-06-27T08:20:31+00:00,2026-07-02T11:52:14+00:00,8,0.0,0.0,0.3447,0.5611,0.2333,399000.0,9,5.15,21,solana
5z3EBz3FAg6hiJbkbJfFz422PBEif8fYiuRnQKVVP62D,63,1,2026-03-19T15:14:21+00:00,2026-03-20T00:57:59+00:00,53,0.0,0.0,0.0455,0.0909,0.9524,50000.0,2,0.41,60,solana
61p9HJuw4iQa6VFpN2himbTqNN7E1DuUWTiBebCXBitU,1732,1,2025-11-03T10:58:21+00:00,2025-11-28T00:21:16+00:00,15,0.0,0.0,0.0876,0.1714,0.0023,10000.0,1660,24.56,380,solana
62iZp7FEirKfdHcRa6z9mQYkWpHqtW8BfK8YgU3zFKYo,24,1,2026-06-15T16:27:18+00:00,2026-06-23T23:48:52+00:00,16,0.0,0.0,0.1613,0.3116,0.25,500000.0,13,8.31,7,solana
644LAjwoAwimzFvwYx1CSapgsnhEm4Hhxj51iDUHucpY,21,1,2026-06-25T23:05:05+00:00,2026-06-26T12:30:47+00:00,6,0.0,0.0,0.5714,0.7143,1.0,50000.0,1,0.56,20,solana
65V18htvZuqcACgC32jVzK7UgAkYkoBD5ADi5QCMQGMA,20,1,2026-06-01T03:51:37+00:00,2026-06-05T07:04:21+00:00,13,0.0,0.0,0.35,0.45,1.0,50000.0,1,4.13,11,solana
66Qvhr1xnwqbCT36KfHfZF1JpoWdmCQ3uFYTN335CGXe,449,1,2026-04-02T00:04:09+00:00,2026-06-30T08:42:37+00:00,3,0.0,0.0,0.9758,0.9991,0.1559,6000.0,13,89.36,73,solana
673iuMPMjMik5F6MQJkTeRo5ULVkQRrn5swokVD8vPsK,2000,0,2026-01-30T00:30:09+00:00,2026-01-30T16:42:16+00:00,724,0.0,0.0,0.0049,0.0093,0.9825,50000.0,2,0.68,2000,solana
676oq1sp9FQ3LQZoSpoMbgqCyCYmQnemSnEiumizYM2m,4,1,2026-06-05T01:33:36+00:00,2026-06-05T04:48:19+00:00,4,0.0,0.0,0.25,0.5,1.0,50000.0,1,0.14,4,solana
68ipVrqrcK6eNoKePnNnPUS5nv9cYSe1zaCuDFnkrgPz,94,1,2026-02-08T22:12:56+00:00,2026-02-08T22:16:23+00:00,1,0.0,0.0,1.0,1.0,0.4681,10000.0,51,0.0,94,solana
68xMgLPAfeyaAV3ZGHURkMyFA5Xof7is95uqt9u3HWu1,31,1,2026-06-25T22:39:06+00:00,2026-06-26T13:53:26+00:00,8,0.0,0.0,0.3548,0.5484,1.0,50000.0,1,0.63,30,solana
691gbn3kkXrRRHsxQjNYzUtsrNLBC7xFybfuthG2oMNj,74,1,2026-06-15T04:39:29+00:00,2026-07-02T12:47:20+00:00,31,0.0,0.0,0.157,0.2844,0.2297,100000.0,42,17.34,14,solana
69x5DSuu7eoJkQYiDMH2Dm9ECwpv72Jrj1NzfdkJqtML,1728,1,2025-11-03T10:59:07+00:00,2025-11-28T00:22:28+00:00,15,0.0,0.0,0.0853,0.1637,0.0023,10000.0,1678,24.56,401,solana
6FHxMwmZsk1wjbEqcZ2hUEGn4zqVomgibeJGJEY9jfYp,1,1,2026-03-20T18:05:07+00:00,2026-03-20T18:05:07+00:00,1,0.0,0.0,1.0,1.0,1.0,1000000.0,1,0.0,1,solana
6HMkRekaGkJLDtKQbhrwUUjH7VU1i7MfvFw7rUumevTS,1,1,2025-10-29T11:28:58+00:00,2025-10-29T11:28:58+00:00,1,0.0,0.0,1.0,1.0,1.0,100.0,1,0.0,1,solana
6JGUksCZjXDKxvjPt5p2a1A6dFzXyvvtUYyRUtAL4TFt,27,1,2026-06-15T09:06:31+00:00,2026-06-15T11:46:41+00:00,12,0.0,0.0,0.263,0.3845,0.4074,119000.0,11,0.11,27,solana
6KmnUdCajMDa3auGC2dCC95Yef6Qd74KhviFEx1ZfBR1,20,1,2026-06-13T01:16:40+00:00,2026-06-23T09:19:03+00:00,15,0.0,0.0,0.2537,0.3629,0.75,1000000.0,5,10.33,6,solana
6KsbSAzhFe5YzqBK9ngeZzdU5xauZsni9osQeB8rSy5R,227,1,2026-03-07T06:14:01+00:00,2026-06-19T00:27:28+00:00,14,0.0,0.0,0.0988,0.1966,0.9515,1000.0,3,103.76,58,solana
6PA91dZxzACzDdS2Dbo39uwWqqPVMf2nvb3bH6bQ2eJS,112,1,2026-06-13T16:18:17+00:00,2026-06-23T07:28:40+00:00,74,0.0,0.0,0.1047,0.1992,0.25,100000.0,38,9.63,28,solana
6V4wFgAMRDYTx8QNk9ecdu2KLGeSt36Qu86XLc5xVZnE,60,1,2026-04-20T22:48:19+00:00,2026-05-11T20:05:34+00:00,1,0.0,0.0,1.0,1.0,1.0,15000000.0,1,20.89,9,solana
6XJhvQtBDrMBDeLAhgFtzhKwZ4HGqAsDYbFwLk1sUxRD,125,1,2026-06-14T11:00:59+00:00,2026-07-02T15:33:29+00:00,54,0.0,0.0,0.1535,0.2875,0.08,100000.0,58,18.19,15,solana
6Yw8BnPU6sadbsZtB6LykxTVfhj8qmEVL2cyjdh5ChKh,2000,0,2025-11-28T04:42:02+00:00,2026-05-31T19:48:19+00:00,22,0.0,0.0,0.6881,0.9392,0.9265,50000.0,7,184.63,216,solana
6adJLEwcBvgbArn6cJErxLWUBJRdkNkhiQJyPShcf7vr,21,1,2026-06-13T14:40:50+00:00,2026-06-16T06:34:12+00:00,12,0.0,0.0,0.4452,0.6853,0.1429,3000000.0,17,2.66,11,solana
6c8kh4crLTfvpXi4VPfak8aZwMqZHKufPbUggVULTPma,36,1,2026-06-13T02:28:28+00:00,2026-06-16T16:33:59+00:00,22,0.0,0.0,0.2171,0.4152,0.3333,1000000.0,18,3.59,28,solana
6cczC8yrn1r8zqjxmbR3kS8NZwzdBKts1prniKd7BqGa,44,1,2026-06-14T07:20:51+00:00,2026-07-02T10:58:40+00:00,26,0.0,0.0,0.1366,0.2657,0.2955,100000.0,16,18.15,6,solana
6cvgmdrsVxyiuPzqMCSBnS7fAmA5Mk2VG4BcfVhC8jdC,2000,0,2026-03-12T04:43:19+00:00,2026-05-12T15:32:58+00:00,82,0.0,0.0,0.1098,0.2191,0.2795,10000.0,12,61.45,268,solana
6kw9ve877HWvccJK2dq2fFFXZKV436RX1f93mw6zM1L8,57,1,2026-06-14T00:51:19+00:00,2026-06-15T03:19:50+00:00,30,0.0,0.0,0.2167,0.3964,0.1053,990000.0,32,1.1,38,solana
6nTr4Zhgk8oXqPXSCJPEP13XqUE7xTPdY2qmAkBGPJVB,1,1,2025-10-29T04:05:05+00:00,2025-10-29T04:05:05+00:00,1,0.0,0.0,1.0,1.0,1.0,100.0,1,0.0,1,solana
6oaLjFA3Ep1gHXBYjXWkiXqCD63cEP93ykZhLeCu1KPF,215,1,2026-05-20T05:13:43+00:00,2026-05-20T11:43:44+00:00,73,0.0,0.0,0.093,0.1581,1.0,50000.0,1,0.27,215,solana
6ogmtepcHm8igNb6fxjNXV87Wnw17Fx42F4y8ArybPbh,52,1,2026-06-14T01:23:13+00:00,2026-06-23T22:11:07+00:00,27,0.0,0.0,0.2303,0.4194,0.1538,200000.0,30,9.87,14,solana
6pLVFNkWr71JASKJisUG7tatyTZAqCGoKrpnPULZTVLX,24,1,2026-06-25T23:58:21+00:00,2026-07-02T22:57:31+00:00,18,0.0,0.0,0.1318,0.2629,0.2083,350000.0,15,6.96,8,solana
6pqxNyz4o1UjeFGhVAubadJo8rP3Q8yMSRLnpc8pTDej,195,1,2026-06-20T07:30:46+00:00,2026-07-03T02:19:54+00:00,68,0.0,0.0,0.1003,0.1637,0.0974,399000.0,101,12.78,27,solana
6qkqJU5qrzgoE7i63vLDh8V5cKo4Z3gTKa6yP8bZ5JE4,35,1,2026-06-24T17:13:33+00:00,2026-06-30T15:51:11+00:00,17,0.0,0.0,0.3721,0.4523,0.4571,100000.0,17,5.94,10,solana
6rzjw6UuqDBx34DR2AfcBn6F1a2mQq5SzcDrF8mfp9jv,1,1,2026-02-22T12:49:26+00:00,2026-02-22T12:49:26+00:00,1,0.0,0.0,1.0,1.0,1.0,10000.0,1,0.0,1,solana
6su2FJJY2b2z88crkGd7y313qJi8K8JvmAWWMUgPjb7q,107,1,2026-01-19T19:37:18+00:00,2026-01-21T00:29:02+00:00,107,0.0,0.0,0.0096,0.0192,0.972,5000000.0,3,1.2,64,solana
6uq4ec1eN66zj8kaJzwM1J3ph5N6dFR218UqVQWJKZx2,37,1,2026-06-27T16:44:58+00:00,2026-06-28T06:34:15+00:00,12,0.0,0.0,0.2432,0.4595,1.0,50000.0,1,0.58,27,solana
6v5T5LMJmCoKHavppBgTbxCqraSZmwipXBrMSdjVfSp,50,1,2026-06-15T04:37:00+00:00,2026-06-23T01:01:09+00:00,24,0.0,0.0,0.1138,0.2224,0.08,1550000.0,34,7.85,38,solana
6wuFYNdxa8n1U4FLUhzU9yoEwjxHjmcWuWuQuFS9vtkh,1,1,2025-10-29T14:36:18+00:00,2025-10-29T14:36:18+00:00,1,0.0,0.0,1.0,1.0,1.0,100.0,1,0.0,1,solana
6x1zzvFL9xPpjPTSq12mz68hRuADvtAbyAZPtGNty5br,22,1,2026-06-27T18:55:16+00:00,2026-06-28T06:13:19+00:00,9,0.0,0.0,0.1818,0.3182,1.0,50000.0,1,0.47,13,solana
6x5ocVNEwuBpi2Gs7z8fo1ptd4TyTf578Aqr2FME99ND,155,1,2026-03-15T07:31:51+00:00,2026-06-22T16:35:16+00:00,8,0.0,0.0,0.524,0.6608,0.2581,20000.0,12,99.38,31,solana
6yLhDXtNoUizJ6FGFnbvLdECkuiVzYxTPbzecgkhv5X9,58,1,2026-02-28T18:30:44+00:00,2026-06-10T21:28:47+00:00,18,0.0,0.0,0.3959,0.4946,0.1379,190000.0,14,102.12,6,solana
75TRKn6kXhJyjAJSSeBz7YjkYejNGXc2SPqCsUaShXof,27,1,2026-06-15T19:47:50+00:00,2026-06-24T05:35:54+00:00,14,0.0,0.0,0.3685,0.6273,0.2963,100000.0,18,8.41,6,solana
75XzQ98PXb7ZRpfBNyGPfjDJ2DheqT5e6syt4SrLrhdr,44,1,2026-06-15T17:34:16+00:00,2026-06-30T12:29:22+00:00,24,0.0,0.0,0.4417,0.6165,0.0455,240000.0,34,14.79,10,solana
76Vrs6NQs4ntXuFaxCb7oue12EekLPyVpo3PJKHaU3V9,53,1,2026-06-16T07:32:08+00:00,2026-07-02T12:45:53+00:00,25,0.0,0.0,0.2444,0.3457,0.3585,100000.0,29,16.22,9,solana
77BMzaLJ3ADroNECZAbMmWHUdwTSdxYvvpxhH8ZNRW2q,40,1,2026-06-13T04:31:42+00:00,2026-07-02T08:13:59+00:00,27,0.0,0.0,0.2681,0.372,0.175,2000000.0,14,19.15,15,solana
77xhkGRWP3Lh7z3RXwogWL8WPnUTi69GJGbYkmcieprJ,23,1,2026-06-25T03:07:09+00:00,2026-06-25T21:29:56+00:00,7,0.0,0.0,0.4783,0.6522,1.0,50000.0,1,0.77,23,solana
78FR9U63nCnbzU59zDKL68697otL89w3c86S5SDAq872,19,1,2026-06-11T05:04:00+00:00,2026-06-27T06:32:46+00:00,11,0.0,0.0,0.3158,0.5263,1.0,500000.0,1,16.06,5,solana
7A2MinN3WLgnW8cfVQ6d4bi6Dk5tT3Bgcf5LrdsLZBoK,28,1,2026-06-14T18:07:48+00:00,2026-06-30T02:58:47+00:00,23,0.0,0.0,0.2595,0.4118,0.1429,250000.0,18,15.37,14,solana
7DBse7bGGrXnxWLmdxDPhmkDgBrjPrZwMWGxG3qC7RjV,1,1,2025-10-27T16:07:32+00:00,2025-10-27T16:07:32+00:00,1,0.0,0.0,1.0,1.0,1.0,100.0,1,0.0,1,solana
7DNXNVpFcTqnUpA6F58vwhVto28RazkFhhX6PMcgKjKu,6,1,2026-02-24T15:11:21+00:00,2026-02-25T14:44:08+00:00,1,0.0,0.0,1.0,1.0,1.0,5150000.0,1,0.98,4,solana
7FhSRitezg3wfztkhJWnbrNnZCBevWYjvYoe3j8h8Txh,24,1,2026-06-15T12:25:07+00:00,2026-06-16T16:30:48+00:00,16,0.0,0.0,0.3257,0.5078,0.25,310000.0,13,1.17,13,solana
7G73PLhKvAPBGTzG5ESAE4coE7QrVeTTKfhTxQZbyGgC,2000,0,2026-03-23T00:47:41+00:00,2026-07-03T05:15:40+00:00,15,0.0,0.0,0.6849,0.8514,0.2325,10000.0,18,102.19,888,solana
7KqsW6VoFkNQkrc3QT7omrVPY5LgEa27CYAuXJRinCau,23,1,2026-06-19T21:51:05+00:00,2026-06-26T15:09:10+00:00,11,0.0,0.0,0.3204,0.4769,0.087,1730000.0,18,6.72,9,solana
7N36xDFWzn7Ho8pgGGTiWoNBatjvqRHTXj3B2jcrV24n,1,1,2025-10-27T15:49:31+00:00,2025-10-27T15:49:31+00:00,1,0.0,0.0,1.0,1.0,1.0,100.0,1,0.0,1,solana
7NcehrMX7DwqvQQnPY7pFiDhwMcPrP4HThhSx9jZSQGR,1,1,2025-10-27T15:59:44+00:00,2025-10-27T15:59:44+00:00,1,0.0,0.0,1.0,1.0,1.0,100.0,1,0.0,1,solana
7NetKx8TuRMBpqYFKZCVetkNuvWCPTrgekmGrsJwTmfN,55,1,2026-02-22T05:57:05+00:00,2026-04-21T10:32:51+00:00,12,0.0,0.0,0.4727,0.6909,1.0,5000000.0,1,58.19,15,solana
7QmWiu3QFmgnu1hx8T8UUC4tYr2uj3QSBS6ekQgkX4vu,22,1,2026-06-26T00:21:13+00:00,2026-06-26T12:10:16+00:00,7,0.0,0.0,0.2727,0.5,1.0,50000.0,1,0.49,22,solana
7RPNsA1PotVJhaAnKcBoydNgbx7YsN9kH8VBJa2g8EW9,2000,0,2026-04-08T16:20:03+00:00,2026-04-30T02:45:10+00:00,1,0.0,0.0,1.0,1.0,1.0,1000.0,1,21.43,737,solana
7TjxqhnJF4VGVWCF6XKkDStRFF29Nu6qMT6hXp6uD7Ky,29,1,2026-06-15T08:16:21+00:00,2026-07-01T14:08:44+00:00,23,0.0,0.0,0.2799,0.4158,0.1379,100000.0,22,16.24,10,solana
7VVuWaPr1Ak8J1YB4i4FXfQZBccZd763AWMh1inZq81g,4,1,2026-02-17T06:54:08+00:00,2026-02-17T13:18:49+00:00,1,0.0,0.0,1.0,1.0,1.0,10.0,1,0.27,4,solana
7ZDiRRxsJbJf1kXkP2Q6sjhu3r2CmxNqjoBQpiU1mNqT,187,1,2026-06-15T17:53:49+00:00,2026-07-02T22:14:46+00:00,64,0.0,0.0,0.2575,0.4331,0.0856,120000.0,59,17.18,30,solana
7ZZH7wWE2T2zjatwAESdGR8eNcngL3yFSqZS6NrB8JYp,34,1,2026-06-26T00:45:41+00:00,2026-06-26T15:11:51+00:00,9,0.0,0.0,0.2941,0.5,1.0,50000.0,1,0.6,34,solana
7b4WM6JQWLaB7beJbbgXwvhPnt7NWVY5F7ZMnbvc4e8D,1,1,2025-11-01T05:33:43+00:00,2025-11-01T05:33:43+00:00,1,0.0,0.0,1.0,1.0,1.0,100.0,1,0.0,1,solana
7cqaHhuWPnsArgxtAqG14BdxoYLfCHwoUdYBnEgsFkRV,1,1,2026-02-19T18:29:40+00:00,2026-02-19T18:29:40+00:00,1,0.0,0.0,1.0,1.0,1.0,10000.0,1,0.0,1,solana
7dXhdj9WzfWBsAC4rWwR5DsZ5BvNxftwk1z4MT1YvswC,20,1,2026-06-25T03:49:39+00:00,2026-06-25T20:29:04+00:00,9,0.0,0.0,0.15,0.3,1.0,50000.0,1,0.69,20,solana
7j1YBnbhzxLDXRHrSX24Hixt8LRpUizbv8EHVCM5qSKf,20,1,2026-06-13T16:35:34+00:00,2026-06-16T06:27:28+00:00,13,0.0,0.0,0.3323,0.4806,0.2,600000.0,11,2.58,11,solana
7mi2Dsmw2oxfUQL9LYo8HmT3QXdwErZd21Txes4KwHVs,28,1,2026-06-14T17:40:57+00:00,2026-06-27T11:07:28+00:00,23,0.0,0.0,0.3941,0.4774,0.1071,100000.0,21,12.73,9,solana
7quvyujq2qo9FncbgFQAtkUawQDjW62Fv3hMo7H9aXB3,1,1,2026-02-19T20:02:06+00:00,2026-02-19T20:02:06+00:00,1,0.0,0.0,1.0,1.0,1.0,10000.0,1,0.0,1,solana
7r7Anr5nbzzDohaJtXsb2Vji3LS1h3nFyTYpaov5Foos,52,1,2026-06-21T13:13:58+00:00,2026-07-02T22:55:17+00:00,25,0.0,0.0,0.1167,0.2283,0.1154,100000.0,26,11.4,15,solana
7t1F6objhY33Pvnf8v6rcVMsoVKGV8esVQ923xoGLPGX,20,1,2026-06-26T00:04:57+00:00,2026-06-26T16:27:36+00:00,7,0.0,0.0,0.4,0.55,1.0,50000.0,1,0.68,20,solana
7uC47pix8u9sq18QYQkBqP9LGuNGf167s8yygLAV829L,24,1,2026-02-07T19:24:58+00:00,2026-02-07T19:26:07+00:00,1,0.0,0.0,1.0,1.0,0.75,10000.0,7,0.0,24,solana
7ubptVSNwpHAbFKqU25QWEAV91Jjsu4bJGZru5GYWcCR,26,1,2026-06-14T02:35:33+00:00,2026-07-02T11:37:47+00:00,21,0.0,0.0,0.1368,0.2508,0.1923,4000000.0,21,18.38,5,solana
7udCapWqkv4VxojraL85g9kMR24THo6TvYoB8iQp7FP3,1,1,2025-10-29T10:40:42+00:00,2025-10-29T10:40:42+00:00,1,0.0,0.0,1.0,1.0,1.0,100.0,1,0.0,1,solana
7uh2ibD1nAoL9UohbaNTubsMZK5321cKB8E8kPQQVZyj,2000,0,2026-06-12T21:18:45+00:00,2026-06-25T04:27:59+00:00,195,0.0,0.0,0.2775,0.3414,0.728,1000000.0,57,12.3,920,solana
7vhcwvqiYUi8VrNpJuvJfSAQsN3HCxqpDrUa33P9kJ6k,2000,0,2026-02-02T17:55:23+00:00,2026-02-27T23:48:03+00:00,50,0.0,0.0,0.0225,0.045,1.0,10000.0,1,25.24,1000,solana
7xFKMkD1vjN382FubNRUDdRcY7ZcxzbTtSJKXNNRkm5C,2000,0,2026-01-30T00:29:48+00:00,2026-01-30T16:42:15+00:00,733,0.0,0.0,0.0059,0.0113,0.981,50000.0,2,0.68,2000,solana
7xtW3crRgB7McdE4JVLWKU4TzzhsnK1MrxFFtMn8dmX1,176,1,2025-10-26T15:41:01+00:00,2025-10-26T18:35:34+00:00,39,0.0,0.0,0.1129,0.2258,0.9489,10000000.0,3,0.12,176,solana
83iABjnLaEykzPLV5rQNEN85at8n9qf8UBNrMrfCkeqP,2000,0,2025-11-26T03:35:16+00:00,2026-06-12T00:46:04+00:00,92,0.0,0.0,0.2406,0.3307,0.9845,1000.0,3,197.88,993,solana
87PtVKt3STAkPL6cvwpxpCy9Gsaahiutoh5NthR3uEy1,11,1,2025-10-28T13:22:38+00:00,2025-11-05T13:23:48+00:00,3,0.1818,0.3571,0.4643,0.8214,0.5455,50000.0,2,8.0,5,solana
88AqJknQ6EuY8xRKEJ7RBQoC9E8d9mD1zD2VTazNqKGo,47,1,2026-03-18T01:27:52+00:00,2026-03-18T13:00:01+00:00,36,0.0,0.0,0.0638,0.1277,1.0,50000.0,1,0.48,47,solana
88CuhAesa9D4pu3sfodZdcpiFyhJEmnpP9ggs2k5eLVK,1729,1,2025-11-03T10:57:40+00:00,2025-11-28T00:23:24+00:00,15,0.0,0.0,0.1012,0.1803,0.0017,905000.0,1672,24.56,375,solana
88xSdWeuGxWLXGe7sWk2baMEfaaB9iJ9vuU5MjQCycVU,187,1,2026-04-02T17:14:16+00:00,2026-06-29T20:14:58+00:00,4,0.0,0.0,0.5235,0.892,0.6043,10000.0,3,88.13,39,solana
8B2ikn6pxjYo5X1MzJpAXCBgjEDatbFxoDEHAJVT2PiW,60,1,2025-12-11T04:31:54+00:00,2026-01-02T10:21:45+00:00,1,0.0,0.0,1.0,1.0,0.0333,1190000.0,58,22.24,10,solana
8CgxXsixAoCU4Ac1ksYxqMb8wp7T8hSR5QYeCJ6fzNEH,1682,1,2025-11-03T11:00:35+00:00,2025-11-18T16:52:01+00:00,15,0.0,0.0,0.0745,0.1458,0.0018,750000.0,1629,15.24,378,solana
8CpuZ3ptZ2F3ei4WFewhvzvg4S7fDHK1aPXs5jVscqRr,48,1,2026-06-14T10:59:29+00:00,2026-06-30T02:12:46+00:00,33,0.0,0.0,0.2085,0.3391,0.3542,500000.0,21,15.63,14,solana
8E7weyBjAA7Btbr9gDGYpzpiuJe4Gea59n24ZBmyqP9v,30,1,2026-06-25T23:59:14+00:00,2026-06-26T14:09:43+00:00,7,0.0,0.0,0.5,0.6667,1.0,50000.0,1,0.59,29,solana
8EdmyZBuNbnBVei7nv7gstEFhqiQMc7KX4Rkc1ZNThY6,1,1,2025-10-29T10:54:16+00:00,2025-10-29T10:54:16+00:00,1,0.0,0.0,1.0,1.0,1.0,100.0,1,0.0,1,solana
8ErWowaprWCGSafpRrb4GAiHeKqb9PAYrggfvnNKngHA,1,1,2026-02-22T06:16:40+00:00,2026-02-22T06:16:40+00:00,1,0.0,0.0,1.0,1.0,1.0,1200000.0,1,0.0,1,solana
8EzzTqTJsiopA6yQpECuQ92L1PLyMffwvXXzdcgaV31J,51,1,2026-06-16T12:49:12+00:00,2026-07-03T04:10:35+00:00,24,0.0,0.0,0.1798,0.2997,0.4314,100000.0,25,16.64,9,solana
8Hcwc2SD7wcZrvwtxD27N2M9u11CBek53SrPqQaVkSmS,1,1,2025-10-31T07:28:49+00:00,2025-10-31T07:28:49+00:00,1,0.0,0.0,1.0,1.0,1.0,100.0,1,0.0,1,solana
8Jk8UeS5bzg87UgpYsLYuXHruSYDpsjE7oJyriT6vEQZ,32,1,2026-06-29T12:06:31+00:00,2026-07-02T01:33:26+00:00,13,0.0,0.0,0.2266,0.366,0.2188,690000.0,17,2.56,16,solana
8Jy2zPH6ZD4ZRhAh4wzo6HtVRMvzXst6LVHyWJh7QkHR,26,1,2026-06-13T15:00:39+00:00,2026-07-01T13:16:43+00:00,15,0.0,0.0,0.2594,0.4254,0.0769,850000.0,23,17.93,5,solana
8LiXrHC61irY8qwj6qevoiRXxYfrTgSaHVbm8rav6HT2,324,1,2026-03-14T02:18:06+00:00,2026-06-29T00:17:22+00:00,51,0.0,0.0,0.3046,0.5639,0.7377,10000.0,51,106.92,29,solana
8MsRwPbUFAnV1RG5C4TDomFBKwp3wgdHjnSCpbtEAn6t,180,1,2026-01-13T23:16:08+00:00,2026-06-08T19:14:43+00:00,108,0.0,0.0,0.1389,0.25,1.0,10000.0,1,145.83,25,solana
8N9wyWuwPAK2dGb5KVCg8csSEhUFxqj2d5Zzs8NK1zYY,47,1,2026-06-14T04:38:32+00:00,2026-06-24T07:42:35+00:00,25,0.0,0.0,0.1914,0.2959,0.1489,1400000.0,22,10.13,25,solana
8QQy3aRNGMMb7Q25Z2awMpqpZMPAdD6YFZn5eMM6XzVg,2000,0,2026-01-30T00:25:19+00:00,2026-01-30T17:41:24+00:00,723,0.0,0.0,0.0054,0.0103,0.9825,50000.0,2,0.72,2000,solana
8QtAQUdXaLwaQ3FPMaUgo5Q4Ar36ApgodSYMkEdwWA8R,22,1,2026-06-26T18:34:40+00:00,2026-06-27T11:10:03+00:00,5,0.0,0.0,0.6364,0.8182,1.0,50000.0,1,0.69,19,solana
8Qxpn8U6wJtRnWj1tNQ3kadw3mEzjM9ZN2VfJPCkY4Nj,1,1,2026-02-16T17:22:13+00:00,2026-02-16T17:22:13+00:00,1,0.0,0.0,1.0,1.0,1.0,100.0,1,0.0,1,solana
8RXHToLqWhXt2Q4i4tLQtYqDieKLoRFkhPKZ2L2xADBa,42,1,2025-10-21T10:49:37+00:00,2026-02-06T21:06:11+00:00,8,0.0,0.0,0.8275,0.933,0.119,10000000.0,29,108.43,14,solana
8RohYozpoz5YEyEnXArHT7y2oacT9DxucXXxpZXmh7bp,649,1,2026-03-12T10:11:40+00:00,2026-03-12T20:08:34+00:00,389,0.0,0.0,0.0087,0.0173,0.9322,50000.0,2,0.41,649,solana
8VBmdiVAffkhE1hpLZkStAgT8a3eJQm4hExUhPEtN73E,2000,0,2025-11-29T03:05:07+00:00,2026-02-27T13:33:50+00:00,127,0.0,0.0,0.1626,0.3143,0.9635,100000.0,2,90.44,1000,solana
8WYuU7Ptc3bA2iWLPrYhDcNGvHvRFKx3pf86mUM5XGbj,39,1,2026-06-23T09:18:14+00:00,2026-06-29T23:22:57+00:00,12,0.0,0.0,0.2219,0.4254,0.1282,299000.0,21,6.59,13,solana
8Y4y8gvxySN7nqC7atAy9AYi9Saq5htVJavLMGiCs9e2,30,1,2026-06-25T23:07:43+00:00,2026-06-26T14:52:23+00:00,12,0.0,0.0,0.2,0.4,1.0,50000.0,1,0.66,28,solana
8Y71koTfLKUvu3YtWM5r2uX95oEjsgMznLDMEpVyJU2X,34,1,2026-06-14T10:40:51+00:00,2026-06-14T15:50:36+00:00,20,0.0,0.0,0.3385,0.4876,0.1176,300000.0,23,0.22,34,solana
8YFANbEWsLekLGzWdCZmMWHnyQ94KF8G69UfGt4CS82w,1,1,2025-10-29T16:21:31+00:00,2025-10-29T16:21:31+00:00,1,0.0,0.0,1.0,1.0,1.0,100.0,1,0.0,1,solana
8YSUi7Cp8qnaJmJ1JX6QRqAKFPXpK25NMtBJiBi7MS34,445,1,2025-10-25T06:30:08+00:00,2025-10-26T16:27:32+00:00,122,0.0,0.0,0.135,0.2151,0.982,5000000.0,3,1.41,262,solana
8ZF4fB1RH947hECuFeoHk5vLqqtcdgADSW59vk7mYdre,2000,0,2026-01-30T00:26:11+00:00,2026-01-30T17:41:26+00:00,735,0.0,0.0,0.0044,0.0088,0.983,50000.0,2,0.72,2000,solana
8bLLgoKTEevg3mCBWQfhQi6BdByuQCwEVjGDJQ226EwG,23,1,2026-06-13T19:57:40+00:00,2026-06-14T02:03:38+00:00,11,0.0,0.0,0.1844,0.3385,0.1304,350000.0,18,0.25,13,solana
8bYv1gXr11VCnMd7RS2cSnd6adxNMVpnaLAFNmFi2SeF,2,1,2025-10-29T19:41:04+00:00,2025-10-31T05:53:52+00:00,1,0.0,0.0,1.0,1.0,1.0,100.0,1,1.43,1,solana
8biEDVUUh21injn4HXkmtRtmkiMzdtoeEXxKE5NLE4LH,40,1,2026-06-21T20:32:46+00:00,2026-07-02T23:23:43+00:00,24,0.0,0.0,0.608,0.7,0.425,1000000.0,15,11.12,8,solana
8bjjpu1JRxtADtBDzfDXZQFnk5JTsfaFuEBZp2ofiPMc,1774,1,2025-11-03T11:00:43+00:00,2025-11-28T00:23:17+00:00,15,0.0,0.0,0.0834,0.1628,0.0017,300.0,1710,24.56,395,solana
8dTzmoW8EamVpu5M6371L5yjNfY5eyc2TpsRVS9FYxGt,23,1,2026-06-26T18:06:48+00:00,2026-06-27T11:11:19+00:00,6,0.0,0.0,0.5652,0.7826,1.0,50000.0,1,0.71,14,solana
8dbt3CGUABms7hDeBmTDLpY9QEZcHZduEnXFA6JLfsr6,165,1,2026-06-20T03:23:27+00:00,2026-07-03T04:43:55+00:00,56,0.0,0.0,0.2195,0.3698,0.0848,600000.0,54,13.06,33,solana
8eAcSNGJkQacnLLZ1GsNusU15qmbfbUqSiphGDAt75tm,27,1,2026-06-01T01:59:11+00:00,2026-06-05T06:49:20+00:00,16,0.0,0.0,0.1481,0.2963,1.0,50000.0,1,4.2,16,solana
8eAyvxJszqEkeEbwntY8vaPb6JEUMh1f6DKmjnh9NUDb,41,1,2026-06-13T01:03:27+00:00,2026-06-17T12:33:18+00:00,24,0.0,0.0,0.1635,0.2863,0.122,2000000.0,26,4.48,36,solana
8j4FKGc7BAn17tkBqCbJnFnJAVT6Y6JkCd5zLtByCGTp,22,1,2026-06-16T04:11:01+00:00,2026-06-25T01:26:19+00:00,14,0.0,0.0,0.2343,0.4685,0.2273,370000.0,10,8.89,10,solana
8j8bQK6AjKcUJdya7j9mTyciBRMJF1BNj7HqjPhFPU9x,2,1,2026-06-22T00:53:15+00:00,2026-06-22T05:52:30+00:00,2,0.0,0.0,0.5,1.0,1.0,50000.0,1,0.21,2,solana
8mEz8vM5H7LqmvpvFCkDDR2vFZhgqWekqDBdHs6Nn8y2,40,1,2026-06-13T14:06:03+00:00,2026-07-02T22:14:52+00:00,23,0.0,0.0,0.2815,0.4172,0.2,4990000.0,20,19.34,10,solana
8mviwTmbQXbYkaGYKNbjjtL2gg5VJDys5dWJ6krZWfKj,1,1,2025-10-28T23:38:12+00:00,2025-10-28T23:38:12+00:00,1,0.0,0.0,1.0,1.0,1.0,100.0,1,0.0,1,solana
8n57qMPiy2aUM4M3KXrGrf9jZsjJtZFdCXA2AQDr7vLV,12,1,2026-01-27T16:53:49+00:00,2026-01-27T17:33:59+00:00,8,0.0,0.0,0.5517,0.7241,0.75,10000000.0,3,0.03,12,solana
8o5gFfCKhGGM1GoXwU35tA8puQntVV41jdfqka1u6Fux,1,1,2025-10-27T16:02:04+00:00,2025-10-27T16:02:04+00:00,1,0.0,0.0,1.0,1.0,1.0,100.0,1,0.0,1,solana
8oJL3dkRuAnPkTt68Ub6kNtr9nP4GbeUZLP3rvSEKzLb,21,1,2026-06-13T13:48:32+00:00,2026-06-29T05:02:42+00:00,12,0.0,0.0,0.5602,0.6541,0.2381,1000000.0,11,15.63,4,solana
8qmbeDrW16fjehrL9AH3Zh9dK3NEpknQFFLRcms5Lyh,2,1,2025-10-30T16:12:48+00:00,2025-11-01T05:02:16+00:00,1,0.0,0.0,1.0,1.0,1.0,100.0,1,1.53,1,solana
8rjEPTgve19KCQQX5nKtfYeosGKVjk1Xfrnd2R3s7qB7,31,1,2026-06-13T14:19:25+00:00,2026-06-17T14:00:28+00:00,23,0.0,0.0,0.1738,0.3163,0.0645,100000.0,29,3.99,14,solana
8sfBWBFyxtjGCKu173qmBWHdoSzTJrCR4TL5mFEXbNxN,97,1,2026-06-15T16:18:40+00:00,2026-06-27T05:46:00+00:00,28,0.0,0.0,0.1979,0.3538,0.2062,500000.0,20,11.56,23,solana
8ySxDEQbBhQxr6eJ6bTamVcmqEaVutKcCrCNVQBMrtQf,47,1,2026-06-14T01:45:49+00:00,2026-07-02T11:39:00+00:00,26,0.0,0.0,0.2088,0.3657,0.1915,500000.0,26,18.41,14,solana
8yeD1DMWtqDhs8LD9bUA9wDUbrxobBXWb4di9EzfdsUT,33,1,2026-06-13T14:19:46+00:00,2026-06-15T23:33:43+00:00,24,0.0,0.0,0.2174,0.3808,0.1515,500000.0,21,2.38,22,solana
93VY8SEn65uVwy8ozVNQfkhqQan6GXURiJVY1VR5MHHL,79,1,2026-03-24T03:26:23+00:00,2026-03-24T14:07:00+00:00,51,0.0,0.0,0.0482,0.0964,0.9494,50000.0,2,0.44,79,solana
93vwVHnLeWoYXrZa3ZBD58xQSjr3QPXFo3dyD3NXmCL9,68,1,2026-05-08T10:20:06+00:00,2026-05-09T03:20:48+00:00,32,0.0,0.0,0.1618,0.2794,1.0,50000.0,1,0.71,60,solana
94wakCL4LtcbnaiaKbRChDhBsnTi5KuTctH8WnAMYQq5,40,1,2026-06-13T12:41:10+00:00,2026-07-02T19:29:47+00:00,29,0.0,0.0,0.1363,0.2549,0.15,1000000.0,19,19.28,9,solana
979ukWq5zbeVEgAtWRgTcnqdZBgLRTyqVEqo9m1BSuq6,174,1,2026-06-15T06:38:50+00:00,2026-07-03T03:23:00+00:00,80,0.0,0.0,0.1289,0.2015,0.092,1000000.0,62,17.86,24,solana
97Bts3536aV6um3My5wJYZKbFSZCL5BuVLzYGS29an92,1,1,2025-10-31T06:14:59+00:00,2025-10-31T06:14:59+00:00,1,0.0,0.0,1.0,1.0,1.0,100.0,1,0.0,1,solana
97sFMY7UkCH7URJkGry3PrhHoHqVKrHFnPHkfZc4FNQg,21,1,2026-06-14T02:39:47+00:00,2026-06-14T17:20:57+00:00,15,0.0,0.0,0.1865,0.345,0.0952,25050.0,20,0.61,21,solana
99R3NxwpDuDwsLj1JADxsfHaf1oWuYV4T9gFTtBPaBNB,21,1,2026-06-25T22:51:55+00:00,2026-06-26T15:37:15+00:00,9,0.0,0.0,0.2857,0.4286,1.0,50000.0,1,0.7,18,solana
9AA3Hkq4yiWQ9SfQ54zL92YJyjqFoeuHTjTgcsKKYABT,37,1,2026-06-28T08:00:59+00:00,2026-07-03T01:27:29+00:00,21,0.0,0.0,0.1352,0.2623,0.1081,1000000.0,30,4.73,13,solana
9AHxiQ2DTuLR3n4mTyxmhE6sj4khs479pAdpmpH1kWN,23,1,2026-06-27T18:56:06+00:00,2026-06-28T06:35:34+00:00,9,0.0,0.0,0.2609,0.4783,1.0,50000.0,1,0.49,17,solana
9C7689E4HEM1DFkRAdYTQKf37bnKdkd7DVQkJ3jGF9Eb,22,1,2026-06-15T07:19:38+00:00,2026-06-16T16:22:17+00:00,14,0.0,0.0,0.1728,0.3419,0.1364,160000.0,17,1.38,15,solana
9Cd12FDL4xGb225NkuJNHZMajvrd6uRTJHNHCDjQGFx1,55,1,2026-03-16T04:23:13+00:00,2026-03-16T23:08:59+00:00,47,0.0,0.0,0.0536,0.1071,0.9818,50000.0,2,0.78,55,solana
9DXqGLAmBATL9bT3ANqg8tdnX6VwaiMdgTYUKaqn98hR,38,1,2026-06-14T06:30:00+00:00,2026-06-16T19:11:23+00:00,17,0.0,0.0,0.2504,0.4911,0.4211,500000.0,10,2.53,24,solana
9E7RwWybGf2f72u5L44mZ3HeDBU1BfcjSiAgu46H9dBs,23,1,2026-06-29T01:57:45+00:00,2026-06-29T20:23:12+00:00,6,0.0,0.0,0.5652,0.6957,1.0,50000.0,1,0.77,23,solana
9EHZjDikdtuhHJoFnaKrByPefeS4fVfDyn6mRADotwAP,24,1,2026-06-27T18:24:23+00:00,2026-06-28T04:46:03+00:00,9,0.0,0.0,0.25,0.4167,1.0,50000.0,1,0.43,15,solana
9J8wTJq9NQGMRYntrGeXkPMgL9KDJVe5sDWzKTmgwbgs,48,1,2026-02-09T12:28:24+00:00,2026-02-09T12:31:52+00:00,1,0.0,0.0,1.0,1.0,0.5833,10000.0,21,0.0,48,solana
9JB9yXxPuoDwn7g83WjDQ27btB2ycNcnDVneWE2Cf1h4,20,1,2026-06-28T23:28:12+00:00,2026-06-29T17:36:21+00:00,6,0.0,0.0,0.35,0.55,1.0,50000.0,1,0.76,19,solana
9JScv6dxJcmSoygnEVKWdoZpmg7wbmDj81jGW4n2wgnB,258,1,2026-06-16T09:00:41+00:00,2026-07-03T05:22:40+00:00,86,0.0,0.0,0.1428,0.2197,0.0891,100000.0,74,16.85,32,solana
9MkM5Ra48KFcSv9HDQ8sb3C3r5HjouEwGQ6sp1cx1vde,1158,1,2026-06-08T12:45:29+00:00,2026-07-02T21:50:10+00:00,8,0.0,0.0,0.8461,0.9492,0.8653,5000.0,7,24.38,598,solana
9QUTbtF4Umek56dY4JF1m2kN6rH6FB8nhiXp4b8MymkM,218,1,2026-06-14T12:49:44+00:00,2026-06-23T23:49:22+00:00,84,0.0,0.0,0.1848,0.3052,0.1606,100000.0,72,9.46,60,solana
9T5oJVhM8HNV4vp69GkmyL3ZLp6cxiEYE58i2FMr415S,3,1,2026-06-13T14:59:33+00:00,2026-06-13T16:40:53+00:00,3,0.0,0.0,0.4828,0.8069,0.3333,3500000.0,3,0.07,3,solana
9TQgDNrNTGQrstKDaBfNGxotd5Ct8cUc5mfvsAaKH3wM,98,1,2026-06-13T11:11:30+00:00,2026-07-01T00:03:35+00:00,50,0.0,0.0,0.2798,0.3964,0.1224,100000.0,46,17.54,24,solana
9VaDVp1Wb78G4Wm6VuTiMrpESjrUymXefQTHcJGRSTEA,2000,0,2026-01-12T10:23:03+00:00,2026-07-02T13:37:08+00:00,48,0.012,0.0154,0.4774,0.5922,0.362,20000.0,26,171.13,214,solana
9VatC1dRE4h2i8sMEaEZmg5VGr49A5AxPn28te6CNkbJ,2000,0,2026-01-30T00:25:16+00:00,2026-01-30T17:41:34+00:00,724,0.0,0.0,0.0049,0.0094,0.9865,50000.0,2,0.72,2000,solana
9aCu8kmCaC1jCd4NSzxvoZLAHbbmkBEWRBZSGUGXD3E8,11,1,2026-04-08T12:20:15+00:00,2026-04-09T06:17:29+00:00,10,0.0,0.0,0.1818,0.2727,1.0,50000.0,1,0.75,8,solana
9bYtbY9vMRo4iDDrvy2ptqAB8xZcBWZ53yFMuxiYJGnW,124,1,2026-06-14T18:40:23+00:00,2026-06-27T11:06:59+00:00,47,0.0,0.0,0.2782,0.4012,0.0403,1500000.0,82,12.69,48,solana
9ckKVaomuv5KhL9hmv6UVKdGsWGyxpKA8k5926JaJuMW,9,1,2026-04-07T03:16:52+00:00,2026-04-07T19:39:17+00:00,9,0.0,0.0,0.1111,0.2222,1.0,50000.0,1,0.68,9,solana
9dBbVBAwG9LFd1oVZGViLA7KktLmBfzaXXtSjhsSkREd,1,1,2026-02-16T17:25:16+00:00,2026-02-16T17:25:16+00:00,1,0.0,0.0,1.0,1.0,1.0,100.0,1,0.0,1,solana
9gfk5THWxBmyMD2KHyKbxLWmEiw9E4qBjzTt3hgwCF7K,67,1,2026-06-13T18:04:21+00:00,2026-06-21T04:49:54+00:00,40,0.0,0.0,0.2173,0.3246,0.0448,700000.0,53,7.45,29,solana
9giNZ3iVZ4twTYuq6v2rrqJqctwhNEaEBpMbjxKzbNZj,1,1,2025-10-29T14:12:49+00:00,2025-10-29T14:12:49+00:00,1,0.0,0.0,1.0,1.0,1.0,100.0,1,0.0,1,solana
9h74PRtypapoMZkV2aBxvfgfsjseyNeoWrbX6xfN5Ai1,24,1,2026-06-14T08:14:12+00:00,2026-06-17T11:44:32+00:00,16,0.0,0.0,0.1918,0.3679,0.2917,140000.0,10,3.15,9,solana
9iJdakb83hypQ7PjB22pA3CBtS9haxCxodBSthhUNj1e,616,1,2025-10-26T16:48:07+00:00,2025-10-27T15:41:46+00:00,227,0.0,0.0,0.0828,0.1282,1.0,5000000.0,1,0.95,541,solana
9iXFCsFhcuMa5gnB8iQUfMYZXM1hwDHxymWu5a1fQ6eA,42,1,2026-06-15T08:27:54+00:00,2026-06-23T03:02:31+00:00,26,0.0,0.0,0.2359,0.3733,0.119,100000.0,20,7.77,11,solana
9nsohBXvo6W92fMSVYL1fQkHA1p3yohHmikGeWaDZym8,76,1,2026-06-15T01:58:44+00:00,2026-07-01T21:25:58+00:00,49,0.0,0.0,0.236,0.3054,0.0526,1100000.0,62,16.81,25,solana
9sPRsnFTypcBVtjEvPnjtUfVjJexdpCES38T3rXjXrh7,1,1,2026-02-19T02:44:36+00:00,2026-02-19T02:44:36+00:00,1,0.0,0.0,1.0,1.0,1.0,10000.0,1,0.0,1,solana
9tBgPJq4N26vWZZXgYMYrzZ6dvwDT3pjkxrZiwRNs8NJ,4,1,2026-07-01T13:05:16+00:00,2026-07-01T14:25:50+00:00,1,0.0,0.0,1.0,1.0,1.0,50000.0,1,0.06,4,solana
9tQy5qwgfbwSXvBcie3Qm8bkZDYMFkgZdrecVau4MsDj,42,1,2026-06-24T03:01:20+00:00,2026-06-30T18:44:22+00:00,19,0.0,0.0,0.1683,0.3235,0.2143,490000.0,27,6.65,13,solana
9tzehexh7P6p2xEHHbdYnfNau3Vhh7gnyDudTQfqGZ6d,24,1,2026-06-14T10:23:55+00:00,2026-07-02T15:07:51+00:00,20,0.0,0.0,0.2162,0.3682,0.0833,500000.0,20,18.2,5,solana
9uiwHcDNYg8rbPDRaJBfMHVo8f8CAgCCZzz1JB6XyEFN,83,1,2026-05-21T18:57:40+00:00,2026-06-29T02:16:05+00:00,7,0.0,0.0,0.7213,0.8543,0.8675,100000.0,3,38.3,14,solana
9uxeKkwmzy7guxRkxktT3zZeap55ALLsvY8WKRZnfUzh,113,1,2025-12-03T07:31:49+00:00,2025-12-04T16:00:14+00:00,18,0.0,0.0,0.1967,0.3607,0.9912,5000000.0,2,1.35,60,solana
9yj3zvLS3fDMqi1F8zhkaWfq8TZpZWHe6cz1Sgt7djXf,15,1,2025-09-22T19:00:39+00:00,2026-06-05T09:35:42+00:00,5,0.0,0.0,0.6678,0.8314,0.0667,1868.0,15,255.61,3,solana
A1NSUyCgbQKgPkm6wmPQrm55uvHjzMqFftwmxngZgwyc,35,1,2026-06-13T06:06:32+00:00,2026-07-02T16:46:53+00:00,27,0.0,0.0,0.1082,0.2,0.2,1000000.0,22,19.44,21,solana
A1em7riX4dDB4xpKYKmNE1UB442wjU7kVuNsvqEWmDyX,37,1,2026-06-15T02:21:20+00:00,2026-07-03T01:17:56+00:00,17,0.0,0.0,0.272,0.4193,0.1351,3990000.0,29,17.96,6,solana
A3AtTotMWNHEyNV7hnKEbj5pz2Vy4N8CtFoy2tn2RFc3,50,1,2026-06-15T01:34:07+00:00,2026-07-02T01:15:11+00:00,24,0.0,0.0,0.3795,0.4648,0.16,300000.0,20,16.99,13,solana
A5mMjgyjxiHTHBbHbN6kiZCpmmaRvnWsGzYw87oZav9X,168,1,2026-06-15T17:35:38+00:00,2026-07-02T19:27:29+00:00,52,0.0,0.0,0.1756,0.3385,0.119,100000.0,74,17.08,23,solana
A5z92pfbEEJquC3yqK8Hp4JpkkxUM6yyWzwqkGttHWDn,1743,1,2025-11-03T11:04:39+00:00,2025-11-18T17:05:34+00:00,15,0.0,0.0,0.0845,0.1643,0.0029,300.0,1683,15.25,480,solana
A6aMu5XnquYveug6iMmhFCrGZVB5F3MfvwKawx5HLG1u,2000,0,2026-01-30T00:29:20+00:00,2026-01-30T16:41:17+00:00,743,0.0,0.0,0.0064,0.0123,0.981,50000.0,2,0.67,2000,solana
A71BaDVMC84J6fFb7iFVn5k5N2WeVunCDxGgQnYGDsNk,25,1,2026-06-20T05:10:59+00:00,2026-07-02T11:52:24+00:00,20,0.0,0.0,0.2886,0.4769,0.12,400000.0,18,12.28,4,solana
A7JqxN4satNPM3jniyuPFS1TqvtjJLoSyvwYiBCZoo7d,27,1,2026-06-17T16:00:52+00:00,2026-06-24T14:14:30+00:00,12,0.0,0.0,0.171,0.3338,0.2222,1650000.0,9,6.93,12,solana
A89heuHbux4UaKyVrGyQX32EYjd2UXWhQeY2m27gQfHx,13,1,2026-04-08T11:18:00+00:00,2026-04-11T05:48:10+00:00,10,0.0,0.0,0.1538,0.3077,1.0,50000.0,1,2.77,7,solana
A95K3HVd5rFvXYyhM7Ax5cAEug6Hhgp3qKJQKUMYwBtt,111,1,2026-06-15T13:43:37+00:00,2026-07-03T04:11:47+00:00,60,0.0,0.0,0.0906,0.1791,0.1081,1000000.0,58,17.6,32,solana
ABz8kb4c2mo7Wr58gMhN2hsE6DQ6rs9fbtWMi3fBAdNA,49,1,2026-06-15T09:39:30+00:00,2026-06-28T17:43:06+00:00,28,0.0,0.0,0.1959,0.346,0.2449,5000000.0,15,13.34,13,solana
AChbrrqCm8DXJENth87oAeq8E15MgpDui8j7h8FAU23e,2,1,2025-10-28T22:11:28+00:00,2025-11-01T05:17:09+00:00,1,0.0,0.0,1.0,1.0,1.0,100.0,1,3.3,1,solana
AEepFGHrHqGFTLDM9xg6qb59oVhMKWXfSNrPyFT1uQX,32,1,2026-06-19T23:21:55+00:00,2026-07-02T23:32:31+00:00,16,0.0,0.0,0.2739,0.4118,0.125,7000000.0,18,13.01,7,solana
AFPZboC4NSen6cRk3A5ZReTEiqCDZrkGsSAFUH8HxNH1,31,1,2026-06-13T13:59:07+00:00,2026-06-23T21:50:43+00:00,16,0.0,0.0,0.3147,0.5281,0.0968,400000.0,16,10.33,21,solana
AMRZR3FydGwKNdkkZqrcxyBFK9QUcqw3jMSzS1uibPvC,30,1,2026-06-15T07:29:24+00:00,2026-06-27T11:07:17+00:00,24,0.0,0.0,0.4459,0.6032,0.2,100000.0,23,12.15,10,solana
ANG4MFuEd1VokdgihPigmCjA5sYxX3PCy6CTKmW2njLu,30,1,2026-06-14T10:51:33+00:00,2026-06-17T15:03:22+00:00,23,0.0,0.0,0.1144,0.1791,0.1667,300000.0,22,3.17,9,solana
ANhAZ9uuc7wGh1ssKXhSk7xMM7vP4AXHxYZsk1V9PqoU,249,1,2026-02-28T14:42:19+00:00,2026-07-02T09:50:03+00:00,22,0.0,0.0,0.7016,0.8493,0.3092,1650000.0,43,123.8,10,solana
APWzcFjgMci6KQ7eAgYh8L8wsVffZmeKAzHi3eBz7Wm3,1,1,2025-10-27T16:06:43+00:00,2025-10-27T16:06:43+00:00,1,0.0,0.0,1.0,1.0,1.0,100.0,1,0.0,1,solana
AQMNbCeT6zoDeyvLbYygay3GQcFc4KjB1x47kWFgQjU7,6,1,2026-06-19T14:46:45+00:00,2026-06-20T00:32:57+00:00,4,0.0,0.0,0.5,0.6667,1.0,50000.0,1,0.41,5,solana
AQqnMFBwGZEoti85aTVRy8XYpKrho7GaMDx9ZB3CEeKA,2000,0,2026-01-11T23:27:59+00:00,2026-07-03T05:27:26+00:00,43,0.0,0.0,0.2063,0.317,0.3015,1000.0,1041,172.25,576,solana
AU54Gm79JHW1BahiMRptKSPwPQXunYtJvLoRoChPrdto,45,1,2026-06-24T08:19:03+00:00,2026-06-30T15:38:24+00:00,31,0.0,0.0,0.1104,0.1977,0.2667,1000000.0,18,6.31,12,solana
AUPyM7Ws2b5RKVogeN1wKVZu6iW1pg9FqkW8dkUkk6zm,24,1,2026-06-25T23:18:37+00:00,2026-06-26T15:20:11+00:00,10,0.0,0.0,0.3333,0.5,1.0,50000.0,1,0.67,23,solana
AWs6LRBZxjYHG1C8R9LZaHdi1TuGK1Q5sCX4dRXqB2ju,32,1,2026-06-26T04:09:47+00:00,2026-06-30T18:10:00+00:00,20,0.0,0.0,0.1848,0.2775,0.2812,490000.0,19,4.58,12,solana
AXCzqmxWfD7XQa4rnVqt2hS7woYUxxNqpnaYzJeo5PTn,1,1,2026-03-12T02:01:52+00:00,2026-03-12T02:01:52+00:00,1,0.0,0.0,1.0,1.0,1.0,6068929.0,1,0.0,1,solana
AXxUJU9PJDvAc6SBzpbGytXMS6N6Qn24DKD9Gih8wjAm,112,1,2026-06-14T18:22:38+00:00,2026-07-02T16:26:31+00:00,61,0.0,0.0,0.2336,0.3519,0.2143,100000.0,54,17.92,24,solana
AYm6ao34XBKpvzunsCJx5TbW3WCWBZSmEGjpv3Attr2j,20,1,2026-06-14T06:23:09+00:00,2026-06-30T15:01:55+00:00,16,0.0,0.0,0.259,0.4029,0.45,100000.0,10,16.36,6,solana
Abbb3zoZNFyoyNAzgpxprta1Qbd8yCVq1m32VC5WKwZm,22,1,2026-06-01T06:44:24+00:00,2026-06-05T11:25:33+00:00,13,0.0,0.0,0.1364,0.2727,1.0,50000.0,1,4.2,11,solana
AbbuSAH5Ur4a47KSVEzy4dP4wvLY8DSvdQDbJuJjiWfW,2000,0,2026-04-26T12:57:39+00:00,2026-06-23T16:11:04+00:00,14,0.0,0.0,0.1069,0.2134,0.9975,100000.0,2,58.13,623,solana
Acia4HhMvEVd2CGbpSsGyzVbnNvzdnF17weEMDaVtHrC,1,1,2026-02-20T22:01:11+00:00,2026-02-20T22:01:11+00:00,1,0.0,0.0,1.0,1.0,1.0,10000.0,1,0.0,1,solana
AdthY6M61mstHcKbtH1hHgKMd36sPyW1yzNr5JuRw5Fd,13,1,2026-02-08T01:02:02+00:00,2026-02-08T01:02:21+00:00,1,0.0,0.0,1.0,1.0,0.5385,10000.0,7,0.0,13,solana
Ae4VgJ9dqG6yoPAVh4yJRTKGh25LTUwfefCPCZnwXfSj,1,1,2026-02-20T13:37:37+00:00,2026-02-20T13:37:37+00:00,1,0.0,0.0,1.0,1.0,1.0,10000.0,1,0.0,1,solana
AeKBhAHvAPdm5dg44mgmKrEWFNUkgpvSbTQc6qeeQ3fr,2000,0,2026-03-02T03:30:16+00:00,2026-03-08T10:49:09+00:00,1205,0.0,0.0,0.0057,0.0094,0.9385,50000.0,2,6.3,576,solana
AfBVdPfS1BEjxeLwGHGV1tY7gZnDoa9FXq9sUznGvEhr,1,1,2025-10-27T08:28:03+00:00,2025-10-27T08:28:03+00:00,1,0.0,0.0,1.0,1.0,1.0,100.0,1,0.0,1,solana
AgiHEZwTPjCgQNCpyUZ2zqQGcjiG9LbxHyfXuoLXVdH1,7,1,2025-10-28T19:32:00+00:00,2025-11-02T00:06:44+00:00,1,0.0,0.0,1.0,1.0,1.0,100.0,1,4.19,4,solana
AhAsfezvvhLe3nsAK6k8M5AQfoPSkS2CgHDuGq1caPEs,31,1,2026-06-13T14:43:56+00:00,2026-06-20T20:30:58+00:00,27,0.0,0.0,0.1519,0.2604,0.1613,50000.0,22,7.24,17,solana
AhFxePmk7y7yzw9Xaakq4iSCvcMG48XuE5Z2aRQSd3jH,27,1,2026-06-15T22:28:03+00:00,2026-07-01T10:46:48+00:00,14,0.0,0.0,0.2639,0.4192,0.3333,2450000.0,11,15.51,10,solana
AipXauGfGad6T5mMXgZJDQXmcDFzxAN9Fge6FfAs5R3u,53,1,2026-02-09T08:30:41+00:00,2026-02-09T08:32:50+00:00,1,0.0,0.0,1.0,1.0,0.5472,10000.0,25,0.0,53,solana
AjkRJ3f8RmWBqy5z1NR4qx362FtxKSx3ESwrqfLjSLzN,50,1,2026-06-19T22:11:25+00:00,2026-07-03T04:24:25+00:00,29,0.0,0.0,0.1104,0.1861,0.14,1000000.0,27,13.26,11,solana
Ajs4z3X4EDfEnZLc8xXGm7Jao7hYdY8igxkyiRXjsHne,1,1,2025-10-29T03:50:55+00:00,2025-10-29T03:50:55+00:00,1,0.0,0.0,1.0,1.0,1.0,100.0,1,0.0,1,solana
AmKUoKFK7rJY7LsBbJjjwSJXmyv2a3G5P3DEAMRV24QB,5,1,2025-10-27T13:31:02+00:00,2025-10-27T13:31:29+00:00,1,0.0,0.0,1.0,1.0,1.0,100.0,1,0.0,5,solana
Anru9Lv5oxgAoCYkrPEYA4gueU4FcYEphYpYpwMnvgPj,1,1,2025-10-29T18:21:22+00:00,2025-10-29T18:21:22+00:00,1,0.0,0.0,1.0,1.0,1.0,100.0,1,0.0,1,solana
AoD5PAmAfunEBC3gEVJJN6Ea4SeQJifnLvy6n9suC4nz,1690,1,2025-11-03T10:58:04+00:00,2025-11-28T00:21:48+00:00,15,0.0,0.0,0.0837,0.1647,0.0024,10000.0,1630,24.56,389,solana
Apj8B2mKz4uMMoiQpV2DHjqfSMywfhSYktqJWBq7KaT1,27,1,2026-06-13T12:59:52+00:00,2026-06-15T07:52:28+00:00,23,0.0,0.0,0.2529,0.4134,0.0741,2200000.0,26,1.79,13,solana
ApqTbAfNqJPfvbRQMExTELruactXXUbA1uy6yNrkaJwd,1,1,2026-03-01T19:20:28+00:00,2026-03-01T19:20:28+00:00,1,0.0,0.0,1.0,1.0,1.0,988861.0,1,0.0,1,solana
AsDTyzggUbGuAdM5gPefUPZKAJ8kEdHaBADrKWJjsdMS,20,1,2026-06-25T23:02:36+00:00,2026-06-26T14:08:13+00:00,7,0.0,0.0,0.3,0.5,1.0,50000.0,1,0.63,18,solana
AsEDd1vqP4AT4jnycoum22Z1cdKGKuwz3aWevUDbkmxE,2000,0,2025-12-02T06:53:41+00:00,2026-01-05T21:29:50+00:00,107,0.002,0.0014,0.2336,0.4299,0.512,10000.0,56,34.61,1000,solana
AsdpyTqqCXjaXYsTmsnGyRXXxctriU4wDu3SaBWGdSvh,1,1,2025-10-29T14:02:38+00:00,2025-10-29T14:02:38+00:00,1,0.0,0.0,1.0,1.0,1.0,100.0,1,0.0,1,solana
AtEB9uVo5CYG7EcxfWtJbEgk6JMC212azwdyk5a7Jyq1,31,1,2026-06-27T13:48:15+00:00,2026-07-02T03:17:10+00:00,14,0.0,0.0,0.2485,0.4604,0.4516,599000.0,15,4.56,22,solana
AtxKH3mexpycv4L4GTrC1s2cryXdDMpgtsWqcjhqNkP9,109,1,2026-05-04T17:11:39+00:00,2026-05-05T00:42:49+00:00,32,0.0,0.0,0.0734,0.1376,1.0,50000.0,1,0.31,78,solana
Au8gNbhxTFq5ZWapUmP9NFsyiA4u8qVuLw5V5ye8rLh8,299,1,2026-06-13T10:47:48+00:00,2026-07-03T04:31:50+00:00,106,0.0,0.0,0.0907,0.1651,0.0669,250000.0,68,19.74,101,solana
Azy24kbWQhXyNoA3W2UittAEradG6ACABsZCX8gFgmUd,140,1,2026-05-19T09:09:26+00:00,2026-05-19T16:55:20+00:00,75,0.0,0.0,0.0571,0.1071,1.0,50000.0,1,0.32,140,solana
B4G86Aar3tRMc7dzYrXRx2k2iHWD6KpaRK7tbeAYZvYP,182,1,2026-06-14T09:18:27+00:00,2026-07-03T04:12:17+00:00,70,0.0,0.0,0.2648,0.4831,0.0549,1000000.0,91,18.79,45,solana
B7b7THYFNsyz9yzP4sTh3ekJuEA2Qr3wrHVk433Br1FZ,1,1,2025-10-29T12:17:07+00:00,2025-10-29T12:17:07+00:00,1,0.0,0.0,1.0,1.0,1.0,100.0,1,0.0,1,solana
B8ubxUGnvhDTGGRkkN8DkyAfnoLEfnjTPdXfQn3TnVQa,55,1,2026-06-13T00:20:36+00:00,2026-07-02T00:31:17+00:00,30,0.0,0.0,0.1561,0.265,0.0909,9000000.0,35,19.01,21,solana
B9PmzQrkGj4Luuc8mU7m8cQij9JBtMGGeZ1qw3FRQAm9,53,1,2026-06-14T17:09:53+00:00,2026-06-22T22:51:54+00:00,37,0.0,0.0,0.1914,0.3615,0.0943,100000.0,33,8.24,13,solana
BAJS2Ut6URu2cKBiEE446hX4TjDdzUughjdCCdeyVSDP,22,1,2026-06-25T05:31:28+00:00,2026-06-25T21:18:21+00:00,7,0.0,0.0,0.4545,0.7273,1.0,50000.0,1,0.66,22,solana
BCFit2zF2jtLzRN5Q7ShjKjid4TnSTMMWccekWiG15ym,21,1,2026-06-14T23:33:03+00:00,2026-06-17T11:46:06+00:00,17,0.0,0.0,0.2973,0.4151,0.0952,180000.0,20,2.51,11,solana
BHPbVWJnRtGZn6tGVfKGyRaffAVQ1zrSxKSDzia6KUB4,1,1,2025-10-29T04:28:39+00:00,2025-10-29T04:28:39+00:00,1,0.0,0.0,1.0,1.0,1.0,100.0,1,0.0,1,solana
BJ8xf116vFESBtgsrj1McR22rbn2xayLbTWaL7ynSqqH,24,1,2026-06-16T08:00:42+00:00,2026-07-01T15:31:25+00:00,21,0.0,0.0,0.1884,0.3605,0.1667,100000.0,18,15.31,7,solana
BJGdsDXJFy63eCAnX3UmGfShp8BuqbtkTfcamyRGr7VQ,2000,0,2026-04-09T04:19:26+00:00,2026-06-26T19:13:08+00:00,956,0.0,0.0,0.0908,0.1058,0.2435,201000.0,798,78.62,1000,solana
BKDr1CDHyDq7efKC1wxtdh7CMhx8Mc4s3z8EJmr3m6it,142,1,2026-06-15T08:33:22+00:00,2026-06-29T12:17:00+00:00,65,0.0,0.0,0.1949,0.283,0.0634,125000.0,53,14.16,34,solana
BL8WXr7Zd35CteCxZFEV7yMY3rjSc7cWpSAYok87QmXd,43,1,2026-06-13T13:18:55+00:00,2026-06-14T04:38:20+00:00,21,0.0,0.0,0.1682,0.2921,0.1628,390000.0,18,0.64,42,solana
BLfXoXNyUPeVnPpjggK5SUfmPU2JaBHQUNzcv5UhpjVL,1,1,2025-10-27T15:39:00+00:00,2025-10-27T15:39:00+00:00,1,0.0,0.0,1.0,1.0,1.0,100.0,1,0.0,1,solana
BQNCX5vDrQ3ovyTumR1V9oD4mc5Zc4ZoSsKsbWBhtAKR,29,1,2026-06-16T09:46:55+00:00,2026-06-23T12:58:54+00:00,23,0.0,0.0,0.2453,0.4303,0.2069,100000.0,18,7.13,13,solana
BRANCHVDL53igBiYuvrEfZazXJm24qKQJhyXBUm7z7V,26,1,2025-12-21T20:54:10+00:00,2026-06-25T02:21:21+00:00,20,0.0,0.0,0.3441,0.4302,0.1923,1000000.0,11,185.23,9,solana
BRfz8CV5W6WSrfYeuu9kqrFnN1EH5RKGyHiZnZCPqFJi,70,1,2026-06-14T14:53:14+00:00,2026-07-02T21:09:11+00:00,42,0.0,0.0,0.1617,0.2581,0.1571,400000.0,30,18.26,15,solana
BRiDGeEqiNGZrvLWCHLBmfwuagC3cUhAEFzYCaJDFCME,131,1,2025-12-13T01:23:56+00:00,2026-06-02T21:09:48+00:00,10,0.0,0.0,0.5568,0.7968,0.2595,1000000.0,29,171.82,30,solana
BT2zytf7kYSQ3kMyA7WfaXQRFMSLSKUtBRQ6LQci4nDB,69,1,2026-01-19T08:28:41+00:00,2026-06-19T17:08:36+00:00,24,0.1159,0.1131,0.5295,0.6475,0.2899,1000000.0,13,151.36,17,solana
BTDrATRP8b8N87nJ5NPSsCKASVV7yo7V7aZRfsydu5nf,2000,0,2025-11-10T12:46:45+00:00,2025-11-11T14:09:56+00:00,722,0.0,0.0,0.017,0.0295,1.0,1000000.0,1,1.06,1982,solana
BU2u4RSBcCkEh78UgQcMcYmwtNM2mPX7ran5qp5sx7gz,52,1,2026-06-20T04:43:57+00:00,2026-07-03T04:24:06+00:00,32,0.0,0.0,0.1395,0.2653,0.0962,100000.0,37,12.99,7,solana
BU3qo5VfzunUWUHQBpvRQAeRsG5m5XyyNQVMBekijFYY,48,1,2026-02-09T10:14:15+00:00,2026-02-09T10:15:43+00:00,1,0.0,0.0,1.0,1.0,0.375,10000.0,31,0.0,48,solana
BUi3pwqoiNX7V66Feq92aJoHpYQFCTaKepnrHmAhKF1Z,2000,0,2025-12-02T05:14:46+00:00,2026-04-08T03:40:37+00:00,7,0.006,0.0003,0.8126,0.8984,0.214,20000.0,70,126.93,919,solana
BVQVtoddyhHXpbp6z2RC4R3ys7Mhgyc5Q4UqptpyuNSs,35,1,2026-06-17T15:59:28+00:00,2026-07-01T18:33:23+00:00,24,0.0,0.0,0.1255,0.2389,0.0571,5000000.0,33,14.11,7,solana
BW2KtFpmMzyYg3Hg9AfWMSLnm72XkUZHJXQY1CfWmL2C,3,1,2025-10-27T18:07:52+00:00,2025-11-02T03:12:47+00:00,1,0.0,0.0,1.0,1.0,1.0,100.0,1,5.38,1,solana
BZGqXda7ouv7tz2yJ4Sd7ZfV28BSJYbaV5UAbn7p9o7J,34,1,2026-06-13T14:06:15+00:00,2026-07-01T08:46:52+00:00,31,0.0,0.0,0.1538,0.2299,0.1176,600000.0,26,17.78,8,solana
Ba6ztvc9qYuVbSEPYw5KViaiM2V7m66MXzfiENeLgX8z,21,1,2026-06-14T23:48:07+00:00,2026-06-22T23:16:01+00:00,8,0.0,0.0,0.8967,0.9484,0.1429,240000.0,16,7.98,10,solana
BaaYU3MZuKtkkP8mRnUY57Jus9H4XSXTNhapM53UU19o,32,1,2026-06-16T07:42:34+00:00,2026-06-17T14:20:42+00:00,13,0.0,0.0,0.2835,0.4252,0.4062,150000.0,7,1.28,29,solana
BbmAAiiasu2dz5EJYLTN2NJVCYtWgzhGHvwZAqXsYpgH,45,1,2026-06-15T13:40:55+00:00,2026-07-03T04:11:17+00:00,33,0.0,0.0,0.1934,0.3408,0.0889,3000000.0,30,17.6,6,solana
BcwNaod1fr7xGutj9wezu6Equjpen5scG48DeCpHPHjX,59,1,2026-04-01T14:29:48+00:00,2026-04-02T05:54:03+00:00,47,0.0,0.0,0.0597,0.1194,0.8644,50000.0,2,0.64,33,solana
Bd2xS189uhhnxUeBeVF3JFXrg8zQgrvqZtpqh8hgkCEQ,2000,0,2025-12-23T14:37:28+00:00,2026-07-03T05:24:10+00:00,21,0.0,0.0,0.0826,0.1653,0.9595,20000.0,6,191.62,920,solana
BdrwgSepHfMxahN1Lcym79U7H2GNonCyzjynfQ1B7ULf,23,1,2026-06-25T23:16:30+00:00,2026-06-26T14:01:06+00:00,9,0.0,0.0,0.2609,0.5217,1.0,50000.0,1,0.61,22,solana
Bi5mnAz5DsqQujk1mq7nvxW7X667Po242frL5zHVR8mk,1,1,2025-10-29T18:12:54+00:00,2025-10-29T18:12:54+00:00,1,0.0,0.0,1.0,1.0,1.0,100.0,1,0.0,1,solana
BiSAdXDZjgjfi2wy3tivRBgPSKcEcwdeSveRfv8vFNXw,20,1,2026-06-26T18:04:21+00:00,2026-06-27T08:58:38+00:00,5,0.0,0.0,0.4,0.7,1.0,50000.0,1,0.62,10,solana
BiTCHsBaJwx37cykC2TaVhFtw9oAmx7mxV5ikijxabog,836,1,2025-12-03T01:00:25+00:00,2025-12-03T03:49:33+00:00,1,0.0,0.0,1.0,1.0,0.7691,1000.0,2,0.12,836,solana
BifCVpWGuFThppceGiqKwbHfFczJxLL1r24wMJGD7ftx,32,1,2026-06-01T04:53:18+00:00,2026-06-05T10:36:05+00:00,19,0.0,0.0,0.1875,0.375,1.0,50000.0,1,4.24,22,solana
BkhQBGb29C2WPtmgbW8UNGX1PKxho7ZjNBDEQXq8YMT,27,1,2026-06-14T10:13:47+00:00,2026-06-15T19:30:45+00:00,16,0.0,0.0,0.1434,0.2642,0.2963,150000.0,11,1.39,16,solana
Bn7sLNmcL9ru5kt9gNwVn8e8Sx912dBTxiUBNiwjbiY8,2000,0,2026-01-03T22:47:51+00:00,2026-07-03T05:26:29+00:00,11,0.0,0.0,0.6056,0.7834,0.876,10000.0,3,180.28,737,solana
BnCLKkYrdjr2Ar14e7kySKSAKQzcKnrkh3fAQZb83kHS,1,1,2025-10-29T10:31:20+00:00,2025-10-29T10:31:20+00:00,1,0.0,0.0,1.0,1.0,1.0,100.0,1,0.0,1,solana
Btq5GNBKrs2UeuK83ZsAHmyr5LTKBaz2xQW4xV91pouR,25,1,2026-06-26T00:41:20+00:00,2026-06-26T14:06:20+00:00,6,0.0,0.0,0.4,0.68,1.0,50000.0,1,0.56,25,solana
BvJMFHh4jRgBJnuK4nSpbirELNMkXUxceYrxc7iq4Upq,2000,0,2026-01-30T00:29:48+00:00,2026-01-30T16:42:18+00:00,721,0.0,0.0,0.0049,0.0094,0.989,50000.0,2,0.68,2000,solana
BxyDwwctYxpmHx9BCAAMcNe2pxqYv34uzzSUdxwsBDeE,27,1,2026-06-14T10:48:13+00:00,2026-06-16T08:19:32+00:00,23,0.0,0.0,0.2811,0.5446,0.1852,100000.0,12,1.9,16,solana
C1iLkKFYfPGeujeNPRa7s73PgZZygkeuBCkzTXZAG4oP,2000,0,2026-01-30T00:26:31+00:00,2026-01-30T15:40:39+00:00,732,0.0,0.0,0.0064,0.0113,0.9825,50000.0,2,0.63,2000,solana
C2HagFEp1CQuoqL278PLqSi4tfVLmcUDkSfo2Z3LYVik,13,1,2026-02-07T18:21:11+00:00,2026-02-07T18:21:31+00:00,1,0.0,0.0,1.0,1.0,0.4615,10000.0,8,0.0,13,solana
C3yGt4drcUdQgQZjUQ8VLpqf8QKJ2ikp4TSrZsr2Aiea,66,1,2026-03-27T14:56:26+00:00,2026-03-28T05:01:36+00:00,52,0.0,0.0,0.0563,0.0986,0.9242,50000.0,2,0.59,49,solana
C5Fn5UPfyN9roU6QfvUSuKAXsd64mAowRhfDE2WBfUm2,18,1,2026-06-21T00:21:16+00:00,2026-06-23T08:04:01+00:00,9,0.0,0.0,0.1935,0.3484,0.1667,10000000.0,12,2.32,9,solana
C5GPhJBDJJGdjkiNHSX5vaRr2u1JYJq2pAS4bFWnyVLe,14,1,2026-02-07T18:10:19+00:00,2026-02-07T18:10:56+00:00,1,0.0,0.0,1.0,1.0,0.4286,10000.0,9,0.0,14,solana
C7tjU58kcHDcP74SxCf5ZeFQPLYfPQVYYMTVoX3HDuZ,4,1,2025-10-28T20:13:01+00:00,2025-11-02T00:39:13+00:00,1,0.0,0.0,1.0,1.0,1.0,100.0,1,4.18,1,solana
C8vrXDSvN4jSGRjMmNYGU16xSnFz2UJC7r6W2AvoFMgU,6,1,2025-10-28T20:58:52+00:00,2025-11-01T09:17:51+00:00,1,0.0,0.0,1.0,1.0,1.0,100.0,1,3.51,3,solana
C9ctu7H3R4p1f57Ve3pQ1FuKvJxS6YnBAgae91Q3Lwjw,3,1,2025-10-27T18:09:12+00:00,2025-11-02T03:14:51+00:00,1,0.0,0.0,1.0,1.0,1.0,100.0,1,5.38,1,solana
CBWhzdi91kSaoEpHGMVB1nnXj38RjAffKHq4qmdqCjHg,39,1,2026-06-14T04:40:23+00:00,2026-07-01T07:07:34+00:00,15,0.0,0.0,0.2061,0.3381,0.2308,100000.0,24,17.1,9,solana
CBaoRBFZ6K7ebVypi6um99Wh7gpbZKiCTBp1f165uagk,29,1,2026-06-16T01:02:13+00:00,2026-06-29T02:30:03+00:00,17,0.0,0.0,0.1407,0.2627,0.1379,400000.0,17,13.06,6,solana
CCsWTGKcKkEc1zf748kox6ZKz16Qy7Uh6eWBUhf9h2nA,37,1,2026-06-14T10:09:58+00:00,2026-06-20T18:41:58+00:00,17,0.0,0.0,0.2506,0.3781,0.2703,800000.0,16,6.36,25,solana
CDM3ET4RikbqYyh3TFBPS879iZ4vuQcxwTQi62ArFXA5,2000,0,2026-01-30T00:27:19+00:00,2026-01-30T17:41:27+00:00,725,0.0,0.0,0.0049,0.0099,0.985,50000.0,2,0.72,2000,solana
CE4yHtGVXi7zB4tgZKb5sPZoq2DpuQNkJvQuPEG1VPvq,72,1,2026-06-13T13:21:41+00:00,2026-06-29T03:42:50+00:00,28,0.0,0.0,0.427,0.5405,0.2083,500000.0,25,15.6,26,solana
CFN4thgv1EL7p21vk28DirDbntLd3HQfkiJg7fQTBE2Y,30,1,2026-06-14T23:20:22+00:00,2026-06-16T16:32:15+00:00,18,0.0,0.0,0.2346,0.3552,0.4333,250000.0,9,1.72,25,solana
CK7mBAmUEfhmpkx9L4t2aM3XKboyvz8djn6vK1Jg4YpQ,1,1,2026-02-20T06:06:51+00:00,2026-02-20T06:06:51+00:00,1,0.0,0.0,1.0,1.0,1.0,10000.0,1,0.0,1,solana
CL1ViDXTanmyDKemMc2eg3VxJdMDq4Js9EGrsDM4bnG,21,1,2026-06-15T03:13:36+00:00,2026-06-17T10:11:28+00:00,19,0.0,0.0,0.5376,0.6185,0.2857,100.0,12,2.29,13,solana
CNyDcck4gfZvwUtAANQgTc4VAmXagtCYrS4gZCZvqzqp,23,1,2026-06-17T14:49:04+00:00,2026-06-29T22:05:52+00:00,15,0.0,0.0,0.1609,0.277,0.1739,15000000.0,12,12.3,8,solana
CPncugoY5UoGs5ZJph5if6834xrZDaqhoTg8DY9mdiSJ,1,1,2025-10-29T14:06:37+00:00,2025-10-29T14:06:37+00:00,1,0.0,0.0,1.0,1.0,1.0,100.0,1,0.0,1,solana
CR4nBckSXobidvv5rBzDuYfw5siYgo6Lm6Dum7Qxzcyw,1,1,2025-10-27T16:09:37+00:00,2025-10-27T16:09:37+00:00,1,0.0,0.0,1.0,1.0,1.0,100.0,1,0.0,1,solana
CTKigV78yuErumvqm7Qor8j1hMK2oxNxdhwpVrAKV85d,95,1,2026-04-26T07:37:18+00:00,2026-06-28T14:44:44+00:00,3,0.0,0.0,0.399,0.7899,0.2526,10000.0,13,63.3,9,solana
CVjmy681RTZBjv5cRusatQ5Sv1trydFqN8ryhwMTfy45,1,1,2025-10-31T06:40:13+00:00,2025-10-31T06:40:13+00:00,1,0.0,0.0,1.0,1.0,1.0,100.0,1,0.0,1,solana
CbYGoLb8Dns4tLQbym23vdkqKhSpMbX13aesTvQECJiU,28,1,2026-06-13T17:05:28+00:00,2026-06-14T06:22:22+00:00,16,0.0,0.0,0.2329,0.4053,0.4286,700000.0,9,0.55,20,solana
Cby38Wk4jwR44114M2n8wD1c6S5g9UTUxTqXEnST9TPF,26,1,2026-05-26T00:16:24+00:00,2026-05-26T09:03:53+00:00,22,0.0,0.0,0.0769,0.1538,1.0,50000.0,1,0.37,26,solana
CeqRBSAX3Lnc3WvxZHRzxQZoEaXbGfN6ntiwUjtrW1G5,54,1,2026-06-14T19:41:19+00:00,2026-06-30T10:04:24+00:00,34,0.0,0.0,0.1647,0.3042,0.1296,400000.0,28,15.6,12,solana
Cf3ACNsGtbeyKGJi56umodNTz53e9d1D61YBamXY63Lp,1681,1,2025-11-03T10:58:30+00:00,2025-11-28T00:21:08+00:00,15,0.0,0.0,0.0822,0.1634,0.0018,400.0,1621,24.56,416,solana
CgwwEZevDsxiC9WaZ2a2wt74RVs6Unn34SamFzQ14ht8,1,1,2025-10-31T06:48:08+00:00,2025-10-31T06:48:08+00:00,1,0.0,0.0,1.0,1.0,1.0,100.0,1,0.0,1,solana
CievjNv5Mq46WTA1XqkofWfxKGT83goDvzX6pHHsH8Nx,25,1,2026-06-13T13:48:44+00:00,2026-06-14T10:32:10+00:00,17,0.0,0.0,0.3014,0.4173,0.08,500000.0,20,0.86,16,solana
CjpcpfhXQgyRnc7VYRrAqGPzgk1hr7LPYLbfo7cBzGmt,44,1,2026-06-14T22:07:53+00:00,2026-07-01T22:03:06+00:00,25,0.0,0.0,0.2336,0.4584,0.1136,240000.0,21,17.0,19,solana
CkRBzHRPC9LQi27GDevtxNQihvKZNRo6yPDjDr7E1v9E,75,1,2025-10-28T22:29:35+00:00,2025-10-29T00:08:10+00:00,22,0.0,0.0,0.2861,0.5572,0.4267,100000000.0,9,0.07,74,solana
CmVyHhbENDURbxWXK1pGMMT4dgAw41ZUXSkPcyJmhvdo,79,1,2026-06-13T15:24:54+00:00,2026-06-17T11:05:13+00:00,45,0.0,0.0,0.2009,0.3737,0.1392,1000000.0,35,3.82,34,solana
CoUtLccRBP6ufteWEEMnnrriSwSWEp5P7hyfZ6xk6QSE,1,1,2026-02-16T17:21:25+00:00,2026-02-16T17:21:25+00:00,1,0.0,0.0,1.0,1.0,1.0,100.0,1,0.0,1,solana
CodoX9otomzi7g7N9GfNYir6btuqU1urVuKAUcJeCYxw,81,1,2026-06-13T10:14:51+00:00,2026-06-17T14:20:52+00:00,56,0.0,0.0,0.3308,0.4366,0.0988,2000.0,43,4.17,45,solana
CoinLRB1zkY7L6mLeE23wu26VGVjfHUGWks1F9JbR6Cm,23,1,2026-06-24T20:20:54+00:00,2026-07-01T11:22:56+00:00,17,0.0,0.0,0.1626,0.3006,0.2174,490000.0,15,6.63,7,solana
CpEvbafy4ceUKzFNCAv2XZFDQm8XgM7EQpaqL1fLENSJ,45,1,2026-06-01T03:59:57+00:00,2026-06-05T06:41:11+00:00,21,0.0,0.0,0.1333,0.2667,1.0,50000.0,1,4.11,24,solana
CrQ7FpCYtgbyr1966uP122RwSVdbLdGcQDpzZsx6w9ZW,78,1,2026-06-15T15:09:12+00:00,2026-07-02T19:29:38+00:00,38,0.0,0.0,0.2395,0.3607,0.1795,100000.0,61,17.18,12,solana
CsJabAnxrXZSWw1Ua8eNnKhvozAv9Akc46urvgoVnMes,1,1,2025-10-29T09:22:55+00:00,2025-10-29T09:22:55+00:00,1,0.0,0.0,1.0,1.0,1.0,100.0,1,0.0,1,solana
Ct2EFb7eHzKshcBfCZwhWTpQhds8RMyw1mVSMcGSuoDW,1722,1,2025-11-03T10:37:37+00:00,2025-11-28T00:22:53+00:00,16,0.0,0.0,0.0919,0.1692,0.0023,10000.0,1660,24.57,399,solana
CtUy1ouF2wxPdjiDyECut3Abw2NsDyQv58UJLxX5TTg,79,1,2026-03-30T00:35:39+00:00,2026-03-30T11:59:20+00:00,55,0.0,0.0,0.0476,0.0952,0.9367,50000.0,2,0.47,79,solana
Cv3TtmA16ZFczgmSguF9G1Y7AhDQ38AHn2osPsUrfrPa,1,1,2026-02-19T07:03:20+00:00,2026-02-19T07:03:20+00:00,1,0.0,0.0,1.0,1.0,1.0,10000.0,1,0.0,1,solana
CvX23FNQsNQww8ALR3EWgQv2Wt5yM7VvU4HRigGBMMJu,2000,0,2026-06-03T17:56:58+00:00,2026-07-03T06:27:18+00:00,356,0.0,0.0,0.8507,0.8828,0.637,1000.0,2,29.52,1000,solana
Cwe3oNqpg3qJxxM6p1yuXC5CZpNAANU3fnVj9cyKV1wc,13,1,2026-04-03T05:40:35+00:00,2026-04-03T16:16:19+00:00,10,0.0,0.0,0.2308,0.3846,1.0,50000.0,1,0.44,13,solana
CxyP8h6heJoPpZPtkmYJJTuFJwU29TCex1FVGSAUdjSX,35,1,2026-06-14T13:58:17+00:00,2026-06-27T08:10:26+00:00,26,0.0,0.0,0.1286,0.2286,0.4,100000.0,16,12.76,10,solana
CyTwaxozVVWG36Cq1inGZNh36C1XqFySBkigbHuFqRkD,23,1,2026-06-28T09:00:41+00:00,2026-06-28T21:39:11+00:00,5,0.0,0.0,0.3913,0.7391,1.0,50000.0,1,0.53,23,solana
CybUqxXJNzPWASzUDWf5zMrLB8uzPhQmfkLfHiXaQTM,22,1,2026-06-14T04:21:43+00:00,2026-06-15T07:43:23+00:00,13,0.0,0.0,0.1897,0.336,0.0909,450000.0,18,1.14,11,solana
CyuJcXxmPUht2ZPjo2ceNZ12i7zQ1ncDLfsQaJMAvmXQ,29,1,2026-05-01T06:56:59+00:00,2026-05-01T20:34:43+00:00,21,0.0,0.0,0.1034,0.2069,1.0,50000.0,1,0.57,29,solana
CzX413mizYAGhL9gU5b4pQTaq2mDC4d4VsDN5ncD3FF8,56,1,2026-06-13T14:03:58+00:00,2026-06-30T22:10:43+00:00,34,0.0,0.0,0.3828,0.4911,0.0714,110000.0,40,17.34,10,solana
D3U21jSaiLoGkT7LQo6hFQfKeHgnS12rUpxagBSnTpaq,3804,1,2026-03-02T03:32:30+00:00,2026-03-08T11:04:06+00:00,1437,0.0,0.0,0.0028,0.0055,0.9485,50000.0,3,6.31,797,solana
D42wy6eSXRzxRGrbzxvBqqDpLoNzij5fjaWyp14eNwGP,14,1,2026-02-07T17:50:17+00:00,2026-02-07T17:50:49+00:00,1,0.0,0.0,1.0,1.0,0.5714,10000.0,7,0.0,14,solana
D7hAZYXL4G6UV8cGntH9h7BdzJzeu5fSSNZ4YWy96cBk,32,1,2026-05-31T16:28:51+00:00,2026-06-05T05:42:32+00:00,23,0.0,0.0,0.1562,0.2188,1.0,50000.0,1,4.55,15,solana
D8Q8gx7vj5aCsrYduTxmTFzPJcKF1KkevDKgM6PQsydi,1,1,2025-10-31T07:22:41+00:00,2025-10-31T07:22:41+00:00,1,0.0,0.0,1.0,1.0,1.0,100.0,1,0.0,1,solana
D9BNd1RjtsZNETEx4xEfiXmytgaqGxpYBSN14qJg7Mhn,28,1,2026-06-13T04:01:30+00:00,2026-06-15T12:15:11+00:00,20,0.0,0.0,0.1769,0.2948,0.1429,400000.0,16,2.34,22,solana
DBSAPYgasoEDP8wWZ9mUvs7hzc1PTdqK1sYFXPw83f2v,39,1,2026-06-14T09:20:39+00:00,2026-06-17T12:38:04+00:00,26,0.0,0.0,0.2422,0.3294,0.0769,480000.0,33,3.14,30,solana
DEXVS3su4dZQWTvvPnLDJLRK1CeeKG6K3QqdzthgAkNV,2000,0,2025-11-14T22:33:14+00:00,2025-12-26T20:51:31+00:00,165,0.0,0.0,0.2757,0.3435,0.9025,50000.0,6,41.93,1992,solana
DEsXWWqHCstWhQtU8Pi4jo4DiVmSnQp272ns49WCoGao,49,1,2026-02-09T07:01:30+00:00,2026-02-09T07:05:23+00:00,1,0.0,0.0,1.0,1.0,0.449,10000.0,28,0.0,49,solana
DF2yoyP6BwrZGGqmeNamaDjsNTwfWeu8kCbn1GG5k588,89,1,2026-06-14T09:56:22+00:00,2026-06-30T22:25:11+00:00,65,0.0,0.0,0.2658,0.3572,0.0674,4000.0,62,16.52,30,solana
DGVBA11HiWGDhrZ3wEo8u9HkarFNvBLQJHJCKGYcWgfo,24,1,2026-06-13T17:42:48+00:00,2026-06-15T22:45:31+00:00,15,0.0,0.0,0.2635,0.3856,0.2917,100000.0,12,2.21,12,solana
DLfde9H53QMceLVd7PsBjeqcvPdDKDYpf8iLEBBEVUoi,43,1,2026-06-14T02:24:04+00:00,2026-06-30T18:17:33+00:00,33,0.0,0.0,0.1212,0.2306,0.1163,480000.0,31,16.66,17,solana
DLviRzHFNxm1HGK6uHnM5caXBiDmjNHrPLPchrHtATXf,26,1,2026-06-13T17:22:00+00:00,2026-06-17T12:18:51+00:00,19,0.0,0.0,0.1847,0.3405,0.1154,100000.0,20,3.79,12,solana
DMoQXD2X9rP64qpjuCEpNNZWuW4FnG2cRDBktM7HLGJV,3896,1,2026-02-05T03:49:10+00:00,2026-02-06T02:40:54+00:00,10,0.0,0.0,0.1081,0.2159,1.0,5000000.0,1,0.95,3377,solana
DN3D8NxqLLLU7DYMDgMQkYWtNbtXzeZf5tjb2kxV7y1x,1,1,2025-10-27T15:51:19+00:00,2025-10-27T15:51:19+00:00,1,0.0,0.0,1.0,1.0,1.0,100.0,1,0.0,1,solana
DNcCr2ip815tv1cXguCu8AjnSamC7Pp9evSU9vJPxdru,8,1,2026-06-15T07:09:05+00:00,2026-06-20T05:35:43+00:00,8,0.0,0.0,0.6122,0.7653,0.375,100000.0,5,4.94,4,solana
DNt4yh7H1XJbHGWQ1YUDFW5nxPsCAaoWGzjkevnFHicN,2,1,2025-10-29T19:25:12+00:00,2025-10-31T05:32:37+00:00,1,0.0,0.0,1.0,1.0,1.0,100.0,1,1.42,1,solana
DQ4hBpt8J69uWy8boEamfMY51N5o3ATQ4aYU4XRKyRyE,35,1,2026-06-14T20:32:38+00:00,2026-06-16T16:20:26+00:00,19,0.0,0.0,0.1381,0.2707,0.2857,150000.0,12,1.82,19,solana
DUaWpYogvi7gYBj3gyhWTMxJ8w2WUGoyaFNAh6behUt3,13,1,2026-06-15T22:18:06+00:00,2026-06-22T23:15:47+00:00,5,0.0,0.0,0.5669,0.8645,0.1538,239000.0,12,7.04,6,solana
DVLW5fhCq329tL9nkFkr314q6gs7LDVXybTWzf4hZW8U,26,1,2026-06-20T04:09:20+00:00,2026-07-02T03:46:45+00:00,20,0.0,0.0,0.1425,0.2674,0.1538,100000.0,18,11.98,8,solana
DVvA9SkGSxEFPbjkDvabkx6oYak3mJusk23TUd93vUV7,49,1,2026-06-14T05:17:22+00:00,2026-06-16T16:21:55+00:00,24,0.0,0.0,0.1405,0.275,0.5714,100000.0,19,2.46,35,solana
DevFFyNWxZPtYLpEjzUnN1PFc9Po6PH7eZCi9f3tTkTw,2000,0,2025-10-28T17:00:39+00:00,2026-04-09T16:30:07+00:00,116,0.0,0.0,0.4727,0.4972,0.9995,50000.0,2,162.98,461,solana
Dex6BTAPAzLENDZymtTYfYjwRRAWRXTcV58Jyo3T5ipp,15,1,2025-11-01T03:17:32+00:00,2026-02-08T14:42:21+00:00,3,0.0,0.0,0.9999,1.0,0.4,10000.0,9,99.48,2,solana
DfpGcnzJVCyKju9bgkpur1RREHDP61Y7rec7MccUsWZN,30,1,2026-06-14T11:39:37+00:00,2026-06-20T23:53:47+00:00,22,0.0,0.0,0.1237,0.2302,0.1333,280000.0,21,6.51,13,solana
DgXVfsrv6JcQtsaD9qsskh5Jru9QoeWcbtBZ86SGea1g,102,1,2026-06-14T18:06:41+00:00,2026-06-26T18:32:30+00:00,55,0.0,0.0,0.2361,0.34,0.0882,100000.0,71,12.02,33,solana
Dk9stdCPqSa8DdcHY298JCjFFa2ia8ksPN4sguZDL9Y6,2000,0,2026-01-30T00:25:22+00:00,2026-01-30T17:41:26+00:00,730,0.0,0.0,0.0049,0.0099,0.987,50000.0,2,0.72,2000,solana
DoBDmkvFVRQiBnWf7JiszLWrAY1aaFcA3hytZQ6CGJeD,31,1,2026-06-25T23:51:11+00:00,2026-06-26T16:28:25+00:00,9,0.0,0.0,0.2581,0.4839,1.0,50000.0,1,0.69,30,solana
DorBLJs5sgFnofscZED6Ex7SLJGRyN2hysrAyGhzFrNn,1,1,2025-10-27T15:50:16+00:00,2025-10-27T15:50:16+00:00,1,0.0,0.0,1.0,1.0,1.0,100.0,1,0.0,1,solana
DpLeDGF5fDSJ31XAKuFihdAywp7qpSqv8W7nRkwHS26d,39,1,2026-06-28T12:29:55+00:00,2026-07-02T08:38:28+00:00,25,0.0,0.0,0.1225,0.223,0.1282,500000.0,19,3.84,11,solana
DpZG8KWn6EX6JHEc1aW7yNmH35REquuCE2t4918Su69,2,1,2026-06-21T04:25:44+00:00,2026-06-21T05:21:09+00:00,1,0.0,0.0,1.0,1.0,1.0,50000.0,1,0.04,2,solana
DsHZsfvGuv7TzSfLgrgbEFva2d7hDwZdb8qC7fRUzEZu,22,1,2026-06-14T04:37:23+00:00,2026-06-23T22:33:34+00:00,15,0.0,0.0,0.2257,0.4237,0.1818,1900000.0,16,9.75,5,solana
DsKmdkYx49Xc1WhqMUAztwhdYPTqieyC98VmnnJdgpXX,1453,1,2026-04-06T00:04:32+00:00,2026-07-01T08:35:03+00:00,15,0.0,0.0,0.3106,0.592,0.2457,100000.0,7,86.35,203,solana
DwWWbFDefsCFyw5AqiPFgFmhrwPXcsMtbaYeCDXihDf9,263,1,2026-03-11T21:54:22+00:00,2026-03-12T05:44:41+00:00,206,0.0,0.0,0.0143,0.0286,0.9354,50000.0,2,0.33,184,solana
DxFL1E5o8tjWNZibquvJV3N3wTJSLS2KuZJEYXAcNfDr,30,1,2026-06-15T08:15:14+00:00,2026-07-02T08:18:19+00:00,22,0.0,0.0,0.1794,0.311,0.3,200000.0,16,17.0,9,solana
E38enEgVQbA1qh6Srjmi6JMVxCFcycdN6nte1FivKrQJ,2000,0,2026-01-30T00:29:50+00:00,2026-01-30T16:42:19+00:00,728,0.0,0.0,0.0059,0.0103,0.9825,50000.0,2,0.68,2000,solana
E5Vc54jSuJFhszax7q5YiFsoxEPTKkXpHTDL7FitKBo,35,1,2026-06-13T15:58:34+00:00,2026-07-02T19:17:19+00:00,22,0.0,0.0,0.1541,0.2756,0.0857,3000000.0,29,19.14,11,solana
E7GJpp8pV5YA9pLCKH5VdAxki8SwnGt5doPTLcSdTudg,7,1,2026-06-20T04:02:04+00:00,2026-06-22T12:47:23+00:00,6,0.0,0.0,0.3486,0.633,0.1429,3100000.0,7,2.36,3,solana
E7bpeBX4xEC7FVKPmE2pFpcg9vATz7ZLxahWFxNmtJSg,25,1,2026-06-14T17:08:03+00:00,2026-06-17T16:08:55+00:00,18,0.0,0.0,0.3447,0.5157,0.16,200000.0,15,2.96,15,solana
E7qag2d8oeZHC8G5Ebqzh53dkAMDLPezKNkRNkXy5KwX,1,1,2025-10-29T10:39:15+00:00,2025-10-29T10:39:15+00:00,1,0.0,0.0,1.0,1.0,1.0,100.0,1,0.0,1,solana
E96sWp4hVEyiVrAUeJ3M8Q9ovJRvqidgekirFCiCANjy,30,1,2026-06-13T18:05:59+00:00,2026-06-23T07:34:34+00:00,14,0.0,0.0,0.855,0.8871,0.2,250000.0,24,9.56,16,solana
E9jYtEwfrerSYDXxmz3o7QcKqWDjBrbxckHwYjp8d7hd,1,1,2025-10-27T08:34:56+00:00,2025-10-27T08:34:56+00:00,1,0.0,0.0,1.0,1.0,1.0,100.0,1,0.0,1,solana
EBdv4bw2uVMoaX42bPaMrtuATbNKwtvZTrHi6hhYbxP2,75,1,2026-06-14T04:15:13+00:00,2026-07-03T03:22:09+00:00,51,0.0,0.0,0.0842,0.1651,0.1867,100000.0,42,18.96,15,solana
ECxXMg9wLsJLfcUxojmKJgDkbEh92A3BZ2qhXvpFFEAH,86,1,2026-06-15T09:30:57+00:00,2026-07-02T17:41:45+00:00,47,0.0,0.0,0.1715,0.3312,0.1395,100000.0,43,17.34,19,solana
EEhxP1P2YytPdushdmMzAGy7Ni86WrRaJpB6p7vfTEkq,21,1,2026-06-24T13:18:38+00:00,2026-06-25T02:18:47+00:00,5,0.0,0.0,0.7143,0.8571,1.0,50000.0,1,0.54,20,solana
EGjPtMkhVNXSEuRxdujnEzoccBm8iatzyX1nnfhY7GZR,3,1,2025-10-27T06:58:26+00:00,2025-11-02T01:34:21+00:00,1,0.0,0.0,1.0,1.0,1.0,100.0,1,5.77,1,solana
EKyu7XweLnirdQx26rCtkfJK4BLEo2waLEtNphpuiouS,3,1,2025-10-28T21:35:55+00:00,2025-11-02T01:15:41+00:00,1,0.0,0.0,1.0,1.0,1.0,100.0,1,4.15,1,solana
EL2QEtuyMUKRn8juu7AwFngczDSAzBcVRpKoxzLiGwqa,133,1,2026-06-13T05:44:55+00:00,2026-06-21T16:22:43+00:00,76,0.0,0.0,0.224,0.3056,0.0977,100000.0,70,8.44,79,solana
EM93oHgmjwSEJWdjLjaWX19aB1NP3HxUWmjAez2bk23a,101,1,2026-06-13T21:13:15+00:00,2026-06-24T22:36:11+00:00,66,0.0,0.0,0.1735,0.2768,0.1287,100000.0,52,11.06,27,solana
EMfQ1tj8eEmcfRSEeNfrGuDinu24vcrVdPPwS5g4m6t6,155,1,2026-02-04T16:46:23+00:00,2026-06-04T11:40:37+00:00,35,0.0,0.0,0.3218,0.4742,0.8581,10000.0,7,119.79,46,solana
EPSGtUbne3WoM5FGthyhVAfbehG7pDhX8csAo66pkQd2,32,1,2026-06-15T04:43:24+00:00,2026-07-02T08:55:39+00:00,23,0.0,0.0,0.1791,0.2809,0.1875,450000.0,16,17.18,12,solana
EQL4joHQ8PUkvaAZAdDzAwpe773aQ1cTk129B2Ykr5Ab,31,1,2026-06-28T04:16:53+00:00,2026-06-28T22:33:40+00:00,10,0.0,0.0,0.2258,0.4194,1.0,50000.0,1,0.76,31,solana
EQqig7iU6Rrp7kSk4Nqdb7jZCHPUCMsArtuJAVvofifw,1,1,2026-06-15T11:49:43+00:00,2026-06-15T11:49:43+00:00,1,0.0,0.0,1.0,1.0,1.0,2000.0,1,0.0,1,solana
ETwrnYfn3CnjB24r9HPRUDJ9RUtp3HNWjYpeSGGa4Sq6,43,1,2026-05-05T00:27:11+00:00,2026-05-06T07:56:41+00:00,27,0.0,0.0,0.093,0.1628,1.0,50000.0,1,1.31,33,solana
EUCzXap68ZCjmaHRw1Lhdk3GKU3YkGBZ8yiV1yHvGSM,924,1,2025-11-10T12:55:06+00:00,2025-11-10T17:18:08+00:00,64,0.0,0.0,0.1094,0.1863,0.9978,4000000.0,3,0.18,924,solana
EUM6NkFbfpCXiYsXsWCz11aoASvnj8XSB1u1krXYJ6xE,2000,0,2026-01-30T00:28:37+00:00,2026-01-30T16:41:19+00:00,725,0.0,0.0,0.0049,0.0094,0.9845,50000.0,2,0.68,2000,solana
EVCDNe2gEv1DHrMMXA2K9eHkhK2DXrRwdCRYJtS56jeX,90,1,2026-05-19T04:09:39+00:00,2026-05-19T13:07:21+00:00,62,0.0,0.0,0.1,0.1778,1.0,50000.0,1,0.37,90,solana
EWeVQDpafziat5Vx523JdzaFF934WqmZJTgf82ea9Ppa,2,1,2025-10-30T00:08:03+00:00,2025-10-31T06:59:41+00:00,1,0.0,0.0,1.0,1.0,1.0,100.0,1,1.29,1,solana
EZXrXVFaP8uQEf4k8eLKJ65fNCwrgthkjYqEikjiUN5G,2000,0,2025-10-30T05:21:08+00:00,2025-12-01T22:21:23+00:00,486,0.0,0.0,0.0147,0.0204,0.5935,100000.0,8,32.71,998,solana
EahJwgsuupvoFr2Wzh667EzyDjcEJYGrqiPGRZBkATid,29,1,2026-06-14T22:22:54+00:00,2026-06-17T15:52:35+00:00,18,0.0,0.0,0.3112,0.4304,0.2414,990000.0,18,2.73,13,solana
EapUc4TXzWFCqcx15CN54W2KKXq76D1K8pq1oucTW6bd,1,1,2025-10-31T05:56:08+00:00,2025-10-31T05:56:08+00:00,1,0.0,0.0,1.0,1.0,1.0,100.0,1,0.0,1,solana
EcQuba9RhiRDp66tT3Gt8fNfT8hqa7i3xDHkQmsBQX6G,999,1,2026-06-24T00:02:27+00:00,2026-06-24T04:18:41+00:00,1,0.0,0.0,1.0,1.0,0.8178,47.0,43,0.18,999,solana
Ed4mqCaZH7dr3EFE1vuQ8gDBTLPNA6GwktE57fCgsGZ6,46,1,2026-06-15T18:08:45+00:00,2026-07-02T15:31:30+00:00,17,0.0,0.0,0.2915,0.4447,0.1087,120000.0,25,16.89,11,solana
Ehc6x1Rjq8VRicQSeut3WCEbNft2myxEzrTa8hRsiQjd,47,1,2026-06-21T14:28:09+00:00,2026-07-02T23:06:16+00:00,13,0.0,0.0,0.2956,0.4491,0.2128,490000.0,20,11.36,15,solana
EjiX8ucAg3uR8S3WP7rdS9wizbdaknpbCRQdKTo1gT21,47,1,2026-06-25T23:27:18+00:00,2026-06-26T14:52:38+00:00,12,0.0,0.0,0.3191,0.4681,1.0,50000.0,1,0.64,40,solana
Ek9Cre3yY6Xxpw6WKxqQzhemdR1AkhU7mKDwB4j6RT5s,24,1,2026-06-27T18:43:40+00:00,2026-06-28T02:38:07+00:00,9,0.0,0.0,0.3333,0.5,1.0,50000.0,1,0.33,18,solana
EnjogokdsxF7aK4bQ1KdJwzKbWePSpwKSHDgPy16GBuT,2000,0,2026-01-07T04:05:46+00:00,2026-03-08T20:30:14+00:00,1,0.0,0.0,1.0,1.0,1.0,5000000.0,1,60.68,382,solana
Ep9iPTyUZd7Z394JgNbkVye1S39nDYS5jCLMVtk29fTV,72,1,2026-06-20T22:07:44+00:00,2026-07-03T04:11:42+00:00,29,0.0,0.0,0.1022,0.1941,0.3472,100000.0,38,12.25,19,solana
ErrSSmubHja3wz2ebQvnszbzkSxWHFu8F2LBzT8UUbPB,1686,1,2025-11-03T11:00:25+00:00,2025-11-28T00:21:40+00:00,15,0.0,0.0,0.0839,0.1674,0.0018,120000.0,1629,24.56,370,solana
EsxyZy4WEcMPQpvkB25u2sXVc1PL5wA64iwdp3KzggR2,92,1,2026-03-16T17:33:49+00:00,2026-03-17T01:09:47+00:00,66,0.0,0.0,0.0404,0.0707,0.9239,50000.0,2,0.32,57,solana
EtpBaimafX3mKeAwT2enEQpGCPHVA9udCdSnCPeVbYG3,233,1,2026-05-07T13:16:15+00:00,2026-05-08T07:31:32+00:00,87,0.0,0.0,0.0386,0.0773,1.0,50000.0,1,0.76,216,solana
EvYYTJuTtENmV5GpHx8nxj7Qr23faSWHKgPaotRARcRY,55,1,2026-06-15T10:12:37+00:00,2026-07-01T20:47:39+00:00,36,0.0,0.0,0.1236,0.1984,0.1273,950000.0,36,16.44,14,solana
EvriWSKyBn8n37SBZaxZzbhKqZDSMQ4JAYbBshTtVZxf,292,1,2025-11-05T12:00:08+00:00,2025-11-06T11:26:15+00:00,25,0.0,0.0,0.2637,0.4212,1.0,10000000.0,1,0.98,290,solana
EwdgjE1N6UVHhaoahqartCmm8aRmVeEGoYkaTVgg9hWn,93,1,2026-03-01T02:37:25+00:00,2026-06-22T08:43:20+00:00,24,0.0,0.0,0.4572,0.5985,0.2366,66500.0,10,113.25,12,solana
ExTQA5j4xg2YT6r5qEsNSLjEsRquQPFMXrdo5XRYyyxA,79,1,2026-03-26T09:42:19+00:00,2026-03-26T23:52:08+00:00,49,0.0,0.0,0.0488,0.0976,0.962,50000.0,2,0.59,79,solana
EyjA1Pk9XSeUzmew7FspuXkDr4x2ovSFpeUZskzzq95M,55,1,2026-02-09T06:16:48+00:00,2026-02-09T06:18:51+00:00,1,0.0,0.0,1.0,1.0,0.6,10000.0,23,0.0,55,solana
F13PKkxjSGH5zWbz6NSUsfgomH5AzfV6tGH5z5Bx2cWD,5,1,2025-10-27T06:04:55+00:00,2025-11-02T00:32:37+00:00,1,0.0,0.0,1.0,1.0,1.0,100.0,1,5.77,1,solana
F36urbcp5KGaZR6ttkGrP57d68xv9EyU47LvzwLebvnY,1,1,2026-02-20T06:25:14+00:00,2026-02-20T06:25:14+00:00,1,0.0,0.0,1.0,1.0,1.0,10000.0,1,0.0,1,solana
F4W7kNPSdHQBJ3pmmUVToXynK3E1woqTG6T3HRhqrTZJ,972,1,2025-10-26T18:40:54+00:00,2025-10-26T20:52:47+00:00,304,0.0,0.0,0.0864,0.1405,0.9372,10000000.0,8,0.09,972,solana
F4ekyPpWfqao4YmpNfbfqZEcYB4N5gfS6L3rBNNNN9H6,59,1,2026-04-23T17:32:48+00:00,2026-04-29T14:07:13+00:00,49,0.0,0.0,0.1017,0.2034,1.0,19990000.0,1,5.86,38,solana
F6Bi7D9c9U2HjbUx5coii937uvchJESgWZZ6W88aZ93u,1,1,2026-02-22T10:23:14+00:00,2026-02-22T10:23:14+00:00,1,0.0,0.0,1.0,1.0,1.0,10000.0,1,0.0,1,solana
F77Qhc5xbna1dg3xDBsQF4jUAWqf3Z9tA8kvzURDyBK5,104,1,2026-05-03T17:46:05+00:00,2026-05-04T04:29:04+00:00,72,0.0,0.0,0.0577,0.0962,1.0,50000.0,1,0.45,81,solana
FAHreJjxJnDnoxr6xzLfZx2TzatpB9RKZ8ZCQubAVBXG,24,1,2026-06-27T16:44:50+00:00,2026-06-28T06:30:20+00:00,10,0.0,0.0,0.25,0.4167,1.0,50000.0,1,0.57,13,solana
FG7Kf2yuR8uBBUkBM5refiUxndg8WPCS1yUFqrSx5jB,2,1,2025-10-28T01:34:03+00:00,2025-10-29T16:41:22+00:00,1,0.0,0.0,1.0,1.0,1.0,100.0,1,1.63,1,solana
FGK2U147PuBYfBko5xK3jx3oQnNS5FwU3jSo9W3hEWDx,3,1,2025-10-27T17:51:59+00:00,2025-10-29T18:39:09+00:00,1,0.0,0.0,1.0,1.0,1.0,100.0,1,2.03,2,solana
FGctFALCSmFaEsEnNrRtjasEv3gbKCoZ1dKXnMPP52zZ,1,1,2026-02-22T12:40:58+00:00,2026-02-22T12:40:58+00:00,1,0.0,0.0,1.0,1.0,1.0,10000.0,1,0.0,1,solana
FJXDgEu9HwTmyez5CPfhYkcDbqgJo8FHLniFHzeG99WN,30,1,2025-12-06T15:05:24+00:00,2025-12-15T14:34:39+00:00,1,0.0,0.0,1.0,1.0,0.1333,11910000.0,22,8.98,12,solana
FN1kJbEGghi5nQDmoqfNmd5sCmTJqhw4uHNydiWSsTK2,1,1,2026-02-16T17:28:12+00:00,2026-02-16T17:28:12+00:00,1,0.0,0.0,1.0,1.0,1.0,100.0,1,0.0,1,solana
FPfGD3kA8ZXWWMTZHLcFDMhVzyWhqstbgTpg1KoR7Vk4,140,1,2026-03-12T21:09:42+00:00,2026-07-02T20:08:45+00:00,14,0.0,0.0,0.4753,0.6814,0.6143,100000.0,6,111.96,25,solana
FPx1U1QfQrkEeSSFz7m5ZLKR3UTarvNcC8Nnt1KDwT84,31,1,2026-06-13T14:19:13+00:00,2026-06-22T23:19:13+00:00,22,0.0,0.0,0.108,0.2143,0.1935,500000.0,12,9.38,11,solana
FR61Qpf4QyBrvM4UkDbnSAD6WFTksZBKgSo3NE8eXYnD,14,1,2026-06-13T04:01:36+00:00,2026-06-16T16:51:23+00:00,13,0.0,0.0,0.3625,0.6162,0.2143,140000.0,10,3.53,7,solana
FRKKiQeRomgYj5k4ujqY6jNnvWCbpkQEzSn4ss2jeqLh,6,1,2026-04-06T01:32:45+00:00,2026-04-06T02:24:33+00:00,6,0.0,0.0,0.1667,0.3333,1.0,50000.0,1,0.04,6,solana
FS51V5R7iDVdttYs3Pu3dhkHB85Fmt3cDznMMngczxRd,1,1,2025-10-28T20:57:47+00:00,2025-10-28T20:57:47+00:00,1,0.0,0.0,1.0,1.0,1.0,100.0,1,0.0,1,solana
FTFwhWCsmR5gTRaf5C5qhHfgSQcbCd4YiM563SPHA8z,23,1,2026-06-14T06:03:15+00:00,2026-06-14T23:53:38+00:00,12,0.0,0.0,0.3901,0.5275,0.4783,100000.0,5,0.74,23,solana
FTNMkNMmPcjZmdF5kkEseZ8Dn7YATULJiWiajfEQQsiP,2000,0,2026-01-26T22:38:33+00:00,2026-07-02T14:27:00+00:00,151,0.0,0.0,0.0154,0.0301,0.5,10000.0,1001,156.66,1000,solana
FUCK3n47gydH1hrBCoZbfzUZgfgpFTW8QSqFoCneN2ga,819,1,2025-12-03T00:59:37+00:00,2025-12-03T03:49:36+00:00,1,0.0,0.0,1.0,1.0,0.768,1000.0,2,0.12,819,solana
FUCp6YJYokW4d9yk6beUGmLQCddoxNmm1BJRz6eGGCK7,3,1,2025-10-27T08:38:58+00:00,2025-11-02T02:27:51+00:00,1,0.0,0.0,1.0,1.0,1.0,100.0,1,5.74,1,solana
FUECqiCN4Fx2D8FXp1e7dUxCmgrBuWomHmHP8cdPdDex,1,1,2025-10-31T06:15:33+00:00,2025-10-31T06:15:33+00:00,1,0.0,0.0,1.0,1.0,1.0,100.0,1,0.0,1,solana
FUFETMgbJbEA4Y3JucpganuxGzZJH7QPB9UqiGiNJb9S,26,1,2026-06-14T22:23:08+00:00,2026-06-27T14:46:22+00:00,23,0.0,0.0,0.3299,0.4544,0.2692,100000.0,18,12.68,10,solana
FWwZByRF5NUscGRrLivPRzgqawNRpM8HnzskAnBfomc2,22,1,2026-06-16T00:33:21+00:00,2026-07-03T05:00:08+00:00,16,0.0,0.0,0.5394,0.637,0.1818,5500000.0,11,17.19,9,solana
FX7GEm5ECAvEqmws1728eZrFCFNoSKiL2yxcKokKSw3B,5,1,2026-06-14T00:29:46+00:00,2026-06-14T01:40:20+00:00,4,0.0,0.0,0.3694,0.6752,0.4,250000.0,4,0.05,5,solana
FZPDbPDV4xPtbPnGL5Jf6rciqVNDTv6e3TRECQA2uaM6,73,1,2026-06-14T16:40:03+00:00,2026-06-17T13:44:05+00:00,46,0.0,0.0,0.1535,0.2303,0.1918,250000.0,24,2.88,30,solana
Fa8eE4XdTkCnCH32mGRX5jCzyVz1VqeSH5rr7Kke6sXm,21,1,2026-06-25T03:04:13+00:00,2026-06-25T21:23:54+00:00,10,0.0,0.0,0.381,0.4762,1.0,50000.0,1,0.76,21,solana
FahokwbpuAjXdoE1QXYMpSbuRAFipcYiyQnGNx1HXydG,25,1,2026-06-14T03:47:15+00:00,2026-06-15T16:28:50+00:00,8,0.0,0.0,0.4234,0.6011,0.36,950000.0,13,1.53,24,solana
FeyxwLvT24nAbDAzbnrrn7cUWHSNmB2kUFHPHjboHCZr,2,1,2026-02-03T08:18:36+00:00,2026-02-03T08:18:38+00:00,2,0.0,0.0,0.5,1.0,1.0,1000000.0,1,0.0,2,solana
FfHCBD6F4sDBX5xHvHSAqma95rADj7Qx85DQa83UEkcw,38,1,2026-06-15T22:10:40+00:00,2026-06-21T21:30:48+00:00,21,0.0,0.0,0.3187,0.4955,0.1053,100000.0,23,5.97,19,solana
FgCv72s4NpQ7cCFTfRngw4Wvf6eWnMu6x38mdaKLuuwf,2,1,2025-10-27T17:59:11+00:00,2025-10-29T18:31:10+00:00,1,0.0,0.0,1.0,1.0,1.0,100.0,1,2.02,1,solana
FgqodKmgnweTKMYsdw8239pE8u35XrMP9iXzFjg6jERN,352,1,2026-03-17T02:01:29+00:00,2026-03-19T00:01:41+00:00,1,0.0,0.0,1.0,1.0,0.9318,1000000.0,8,1.92,333,solana
Fgy2FinKgaXh3GJn2AfihMK1V1XKcUCrpH4JsXcHwd8i,66,1,2026-06-13T07:16:58+00:00,2026-07-02T13:31:55+00:00,40,0.0,0.0,0.2415,0.4154,0.2273,1000000.0,29,19.26,19,solana
FhhH2Bo7PjmtH5Qd855rEUCVnTnwTH9kLiq3iC393NXz,7,1,2025-10-28T19:28:15+00:00,2025-11-02T00:03:52+00:00,1,0.0,0.0,1.0,1.0,1.0,100.0,1,4.19,4,solana
Fm9WAq4gmZiGeZoT9NKHJxGC2qGvsPQhQkuXqqqZoHi,4,1,2025-10-28T20:53:03+00:00,2025-11-02T00:49:32+00:00,1,0.0,0.0,1.0,1.0,1.0,100.0,1,4.16,1,solana
FmThxmh13Tc2Crq82dz2oqXXBsvvArrDxSi3pMX4tkYe,32,1,2026-02-07T18:13:17+00:00,2026-02-07T18:14:30+00:00,1,0.0,0.0,1.0,1.0,0.625,10000.0,13,0.0,32,solana
Fna3NVk7itvJeaAz9PvaSJur7q4KDi9Ju2rZ9y6xibrk,1,1,2025-10-31T06:07:17+00:00,2025-10-31T06:07:17+00:00,1,0.0,0.0,1.0,1.0,1.0,100.0,1,0.0,1,solana
Fo26GcTnqY7vWA4gNvzVp5AfzHeeX1fYkEtfmyj4Uk67,1210,1,2026-06-25T21:54:26+00:00,2026-07-03T02:00:35+00:00,61,0.0,0.0,0.2976,0.5014,0.7769,1000000.0,31,7.17,287,solana
Fo2EYEYbnJTNnBnbAgnjnG1c2fixpFn1vSUUHSeoHhRP,2000,0,2026-02-26T01:29:05+00:00,2026-07-01T15:29:09+00:00,29,0.0,0.0,0.5225,0.6481,0.183,1000.0,39,125.58,387,solana
Fq6TyYrpp6haBkEJCnBPVW9PaexNrSVLZgvZ8eBBZ9P4,203,1,2026-05-15T12:28:08+00:00,2026-05-15T19:06:35+00:00,107,0.0,0.0,0.0542,0.0837,1.0,50000.0,1,0.28,203,solana
Fr5AX2TLgaiqYBcaHnPq8KgG5bnY9VbaSxbTdW9mQpvY,97,1,2026-05-03T08:46:34+00:00,2026-05-04T00:17:34+00:00,51,0.0,0.0,0.0619,0.1237,1.0,50000.0,1,0.65,94,solana
FszTUS7YchF7Gs4ekX8vviwMQt1ZSFSibAHumU3iDsLW,128,1,2025-11-25T14:14:33+00:00,2026-06-29T04:44:42+00:00,7,0.0,0.0,0.31,0.5724,0.6562,10000.0,2,215.6,27,solana
FtifGJ4nqa6Y8ZEiFM1PFX98aE41rqmhNedLGzHMwo8d,32,1,2026-06-24T06:32:51+00:00,2026-07-03T01:22:39+00:00,21,0.0,0.0,0.6593,0.8099,0.125,1500000.0,18,8.78,12,solana
Fu6EfM1jKxFMD6fC6PqUDBnntTYNtKvBZuWCFj9UUu6f,1,1,2025-10-29T10:32:53+00:00,2025-10-29T10:32:53+00:00,1,0.0,0.0,1.0,1.0,1.0,100.0,1,0.0,1,solana
FwKTkafGDp76Wejp7pVRA5VkJWF6UexccJnrJFd5AoL7,34,1,2026-06-25T23:11:44+00:00,2026-06-26T13:54:41+00:00,11,0.0,0.0,0.3529,0.4412,1.0,50000.0,1,0.61,33,solana
Fwu1vjyyzqGirKUrt7u5gB4yXbGaN8vHJBrMQhe8sw6c,31,1,2026-06-25T04:34:12+00:00,2026-06-25T20:14:56+00:00,9,0.0,0.0,0.3226,0.5161,1.0,50000.0,1,0.65,31,solana
FxoR88Swh2zRdquTMESNnQxTpLXPtsdeDmG8tV2sT5vP,30,1,2026-06-28T13:58:50+00:00,2026-07-03T02:03:59+00:00,16,0.0,0.0,0.7331,0.822,0.3,200000.0,17,4.5,9,solana
G1eFjbbcZ21UMQ6Xj7x8R8CZ4ymZrF3yGHv79J9PkB3y,2000,0,2026-03-01T19:17:22+00:00,2026-03-08T11:07:18+00:00,1080,0.0,0.0,0.0047,0.0085,0.937,50000.0,2,6.66,908,solana
G23oW1MpitwpCfcNRNWQDt1voEtisWwvwA1NV4oYqwKT,22,1,2026-06-15T14:09:01+00:00,2026-06-22T07:00:41+00:00,15,0.0,0.0,0.3469,0.5759,0.2273,4000000.0,11,6.7,11,solana
G25TLWh2TjPvXH8FCKmay9JiQct6x5drdQjdk2d12DdH,77,1,2026-03-20T20:16:44+00:00,2026-03-21T06:08:37+00:00,53,0.0,0.0,0.0494,0.0864,0.9481,50000.0,2,0.41,51,solana
G31J8ZeVKo6j6xkxkjCcHENhQGNQid575MRvyixxNUJQ,1347,1,2025-10-17T17:37:40+00:00,2026-05-21T20:58:29+00:00,126,0.0297,0.0095,0.6182,0.6528,0.9295,100000.0,5,216.14,94,solana
G3LtArxwFsigEeRnVsj5VshXTNdn9zDnaYjJ4jZYZjDi,22,1,2026-06-21T04:45:33+00:00,2026-07-02T15:31:55+00:00,14,0.0,0.0,0.2672,0.3518,0.1818,250000.0,12,11.45,8,solana
G4SERJUsAhT7aWoLQFZrg3XkUYkR8wSmC5AN5cA4CmE3,23,1,2026-06-15T04:38:56+00:00,2026-06-16T18:08:11+00:00,17,0.0,0.0,0.3217,0.5148,0.4348,100000.0,10,1.56,12,solana
G9fKV9LZWNMJqk9fTxqKrj1E3yDjvv1GtrBXrGcpmRWw,2,1,2026-07-01T14:01:22+00:00,2026-07-01T20:42:36+00:00,2,0.0,0.0,0.5,1.0,1.0,50000.0,1,0.28,2,solana
GAS6YuJvYEybbysn4vzjRhgfVAzDNBKhf7aVe8SxE37f,129,1,2026-01-29T02:05:46+00:00,2026-03-10T17:13:05+00:00,2,0.0,0.0,0.9738,1.0,0.938,10000000.0,5,40.63,71,solana
GBu8bjDAtLnzpk4aoYYyzJWsTu61VSmZeFeKupwDUaPm,70,1,2026-03-20T12:01:42+00:00,2026-03-20T22:06:46+00:00,46,0.0,0.0,0.0658,0.1184,0.9143,50000.0,2,0.42,70,solana
GBzhiqoYXuNYQBoKRXNVCakmAdRDjvHYsQSQfSVwToha,1738,1,2025-11-03T10:58:57+00:00,2025-11-28T00:21:00+00:00,15,0.0,0.0,0.1065,0.1899,0.0017,30000.0,1656,24.56,418,solana
GDF2NfzH7hiEon4o17yEQ851Puowx8osSASFkvck1bpF,21,1,2026-06-16T18:17:31+00:00,2026-06-21T21:13:54+00:00,13,0.0,0.0,0.1765,0.3206,0.1905,2500000.0,12,5.12,7,solana
GE4yJvHxWH7WSkBDgxxktgseyJ6iq61qvttwxJfJHoNA,1,1,2025-10-29T16:43:21+00:00,2025-10-29T16:43:21+00:00,1,0.0,0.0,1.0,1.0,1.0,100.0,1,0.0,1,solana
GFDyPSfFSaZuVSs5Qahtmg3DH5H1GA8rk9XFfLdtbeb2,20,1,2026-06-13T14:27:59+00:00,2026-06-27T15:48:06+00:00,17,0.0,0.0,0.2289,0.376,0.1,1000000.0,16,14.06,6,solana
GFT51B9vCBE9xbJKswztcbgZxqEQNgZNCRZB8JQnGCn4,81,1,2026-06-13T10:43:57+00:00,2026-06-14T01:51:43+00:00,23,0.0,0.0,0.3191,0.4503,0.1358,290000.0,30,0.63,80,solana
GFpLvocNdEjnSsLH3VJQL6wGcjGxTbUBrj6fqN3Qe1Gs,52,1,2026-05-19T08:42:20+00:00,2026-07-02T17:44:55+00:00,3,0.0,0.0,0.6062,0.9027,0.6731,50000.0,2,44.38,13,solana
GGGSvku3Rf8zVHVpFxgdu1Ei7Nah95PypYCWDUzxTc7h,102,1,2026-06-15T11:13:15+00:00,2026-07-03T04:14:35+00:00,53,0.0,0.0,0.087,0.164,0.0392,1000000.0,71,17.71,21,solana
GGP8QaqipyN34tZKqW6PRaXTYB3bKVdRaJN8WaphS3wn,90,1,2026-03-26T08:14:32+00:00,2026-03-26T20:03:56+00:00,55,0.0,0.0,0.0638,0.0957,0.9556,50000.0,2,0.49,90,solana
GGmGgqvGpB9ZZxgvu8ni72ZaQvxTY9aeN6F857oPZijp,1,1,2026-06-16T01:13:09+00:00,2026-06-16T01:13:09+00:00,1,0.0,0.0,1.0,1.0,1.0,4000000.0,1,0.0,1,solana
GH83pGa5j1Pnw2DWuit9RGjx7HQTU2Eros1NNQvuCm7s,28,1,2026-06-14T10:30:09+00:00,2026-06-21T01:01:56+00:00,23,0.0,0.0,0.1793,0.31,0.1429,350000.0,17,6.61,12,solana
GM8fxw3NtYXJyfffK4emfZJqT3Sr1LbQ48vjyv9TwBBo,23,1,2026-06-15T06:24:04+00:00,2026-06-23T22:01:46+00:00,22,0.0,0.0,0.2857,0.5311,0.087,130000.0,21,8.65,6,solana
GNJCUR4WbcRHCmqHqDhoW9TWoKbxeb5ZroXWkhtS4gmC,95,1,2025-12-11T13:51:22+00:00,2026-06-29T00:48:11+00:00,8,0.0211,0.0211,0.5684,0.9053,1.0,10000.0,1,199.46,5,solana
GNdR9nDYphVi3o3t7twBU1HRhgeJkduUYP1pmCKcRoUZ,40,1,2026-06-15T20:38:23+00:00,2026-06-24T05:35:36+00:00,26,0.0,0.0,0.2801,0.5307,0.25,100000.0,23,8.37,15,solana
GRjXVHnhK3TJkf5RVBhTYmrMpxKrTVF95rftafe2bCTE,193,1,2026-06-14T23:01:55+00:00,2026-07-03T02:03:42+00:00,67,0.0,0.0,0.142,0.238,0.0415,180000.0,108,18.13,69,solana
GT5VdrbQa7n1prFXqbG7C84v3E3TXe3UnE2yGgpWNSJe,61,1,2026-06-14T22:15:31+00:00,2026-07-03T04:23:50+00:00,37,0.0,0.0,0.1896,0.2883,0.1639,400000.0,21,18.26,17,solana
GUbk3WXm5qjunSkuFhmdfPLHtAqdZjQD1VaiNK8shWR4,27,1,2026-06-15T09:20:44+00:00,2026-06-24T14:27:22+00:00,23,0.0,0.0,0.1661,0.3114,0.1111,129000.0,25,9.21,8,solana
GX7ixWQ3RAXH3f53Ji8GSeDgaAF6ATRbWcCc65SijfV,37,1,2026-06-13T13:58:08+00:00,2026-06-15T23:12:24+00:00,22,0.0,0.0,0.1705,0.2716,0.1622,300000.0,15,2.38,17,solana
GXNL7ByQmEkHeCWxniaBMSbjx6kNy46ojvi7acwMmDPD,27,1,2026-06-01T06:28:51+00:00,2026-06-05T06:53:18+00:00,11,0.0,0.0,0.2593,0.4074,1.0,50000.0,1,4.02,17,solana
GaXHD52SDYGeTXuFTUCwQem9ULFgzedLxxZYvCLojyM5,43,1,2026-06-13T04:17:22+00:00,2026-06-22T09:09:41+00:00,20,0.0,0.0,0.1851,0.2842,0.093,1500000.0,29,9.2,35,solana
GbBnB6BWKvc3jAuouMUzSU2z3N8TwFdHGXkrweSQzmyt,11,1,2026-02-08T00:47:14+00:00,2026-02-08T00:47:49+00:00,1,0.0,0.0,1.0,1.0,0.3636,10000.0,8,0.0,11,solana
GcCSKHCVPDAQ4ZSyrq3WzehBL96WabYLPJGqWKHgHAKy,40,1,2026-06-13T17:00:27+00:00,2026-06-17T14:54:17+00:00,34,0.0,0.0,0.6302,0.8172,0.1,300000.0,27,3.91,27,solana
Gd59fU3ycEQjCi9rKBh3jGU86vVENE5z55BBEfh43TGx,21,1,2026-06-15T09:57:24+00:00,2026-06-21T09:03:53+00:00,12,0.0,0.0,0.3333,0.4996,0.3333,130000.0,5,5.96,10,solana
Ge3jkza5KRfXvaq3GELNLh6V1pjjdEKNpEdGXJgjjKUR,54,1,2025-12-06T07:45:42+00:00,2026-03-16T13:51:28+00:00,2,0.0,0.0,0.9978,1.0,0.6296,10000.0,7,100.25,33,solana
GeF9todDhzouUoZY7VVeEuNdbaxjcviz5y6mpeYkRvck,4,1,2025-10-28T00:30:37+00:00,2025-11-02T03:41:01+00:00,1,0.0,0.0,1.0,1.0,1.0,100.0,1,5.13,2,solana
GeTdQAc8Lo4QTWpja5LDeDUsZeApoE2fkAD7SfFLBsck,2,1,2026-06-14T01:46:15+00:00,2026-06-14T06:21:47+00:00,2,0.0,0.0,0.5714,1.0,0.5,4000000.0,2,0.19,2,solana
GedsrmCHThhYpCVmxBuCVariiXXeVN8iJPtbuXDouJ3K,748,1,2026-05-12T15:24:44+00:00,2026-06-26T04:45:28+00:00,24,0.0,0.0,0.8921,0.9553,0.7179,10000.0,4,44.56,359,solana
Gfxb5CNH1DWMsg2tAWwGN3CN2eAuwA9cdetT8M875bYg,2000,0,2026-01-30T00:25:16+00:00,2026-01-30T17:41:24+00:00,724,0.0,0.0,0.0054,0.0103,0.985,50000.0,2,0.72,2000,solana
GgS891nMiEETjBEFw1QQxVcAqsRV34mDYpxh24TrpCiD,722,1,2026-03-17T18:40:03+00:00,2026-06-23T02:38:37+00:00,5,0.0,0.0,0.5739,0.8599,0.2105,10000.0,17,97.33,92,solana
GhD99hnyA8h7AP5Yf7fDsLZnBY5ufCayZProY4ci9nYq,688,1,2026-03-11T14:54:12+00:00,2026-03-11T23:50:57+00:00,398,0.0,0.0,0.0158,0.0263,0.8939,50000.0,2,0.37,688,solana
GkvbMxf6QUFdeCiras52hKGDZ6Q6433ZqHzaEStXEfka,24,1,2026-06-29T03:27:02+00:00,2026-06-29T19:41:57+00:00,6,0.0,0.0,0.4167,0.6667,1.0,50000.0,1,0.68,24,solana
GmKhfrJnvPm3Xn88SSYcuUaM4T9q7g8DrpFFB4mdKrRZ,44,1,2026-06-13T13:07:07+00:00,2026-06-17T14:50:59+00:00,31,0.0,0.0,0.1335,0.2634,0.0682,280000.0,29,4.07,18,solana
GoMUdxa3tyKhUuJKEwqF1bvPVUK8qv4VsCisJfRfYfLF,194,1,2026-05-13T13:22:41+00:00,2026-07-01T08:31:55+00:00,36,0.0361,0.0361,0.3918,0.6443,1.0,20000.0,1,48.8,67,solana
Gq3XM2PrSUoWPsnGiNnwzDE67V3bAhEcxrYeRtxc3j4z,31,1,2026-06-14T04:20:39+00:00,2026-06-15T14:11:28+00:00,20,0.0,0.0,0.3339,0.439,0.2903,1000000.0,13,1.41,19,solana
GrXRUY8iWxDwuYjGRTsoAZH3c4yFrqpsEF1rwQh7mtHu,29,1,2026-06-14T09:59:17+00:00,2026-06-16T06:39:36+00:00,24,0.0,0.0,0.375,0.5856,0.3103,129000.0,14,1.86,19,solana
GsyH54y9J3wrUH4XNzgvg9rPDBQn9UvUYLw428AoAUTs,126,1,2026-06-13T08:04:44+00:00,2026-07-02T15:30:53+00:00,53,0.0,0.0,0.1865,0.2742,0.0952,390000.0,57,19.31,15,solana
GvQSvX7jCSp6e2bWc9BaxfgSUEDXt9gVf8K218gVhzTh,87,1,2026-06-15T02:46:40+00:00,2026-06-23T03:15:25+00:00,52,0.0,0.0,0.1177,0.2069,0.1149,100.0,46,8.02,30,solana
Gvcy5fAEcTzSeAh3oufjMGuPc6469YPFLFQg64sh5joU,21,1,2026-06-30T06:16:49+00:00,2026-06-30T12:55:58+00:00,5,0.0,0.0,0.5238,0.8571,1.0,50000.0,1,0.28,21,solana
Gzehfseq1k9AcHFSoV7qHmDGQx92nLMw78XXdqVWQQWa,593,1,2026-02-08T00:42:44+00:00,2026-06-22T16:05:23+00:00,15,0.0,0.0,0.7805,0.9854,0.2664,1000.0,18,134.64,176,solana
Gzq38wF1ALiPsrQFAqgi4DNaP8hvaMNKf7z5d3H9gNyG,20,1,2026-06-26T18:04:29+00:00,2026-06-27T09:44:51+00:00,5,0.0,0.0,0.55,0.8,1.0,50000.0,1,0.65,13,solana
H1HZRVsr8wpkfxY4Lkfad9fR8gthPy7coZqs2EzYyJb9,10,1,2026-06-27T16:48:31+00:00,2026-06-28T04:35:45+00:00,8,0.0,0.0,0.2,0.4,1.0,50000.0,1,0.49,6,solana
H2NyQT3s9b2szhByB6WjESEZib6znWocfA8CuaBEjGmH,2,1,2025-10-29T19:39:23+00:00,2025-10-31T05:51:06+00:00,1,0.0,0.0,1.0,1.0,1.0,100.0,1,1.42,1,solana
H32YnqbzL62YkHMSCzfKcLry9yuipwwx1EMztiCSPhjb,245,1,2025-11-09T03:59:20+00:00,2026-06-03T05:17:59+00:00,86,0.0,0.0,0.412,0.515,0.8041,10000.0,5,206.05,19,solana
H3WJnKnxrmBawq3pa69WzcJzzxUcaE3r6WxzyaNkfSfo,56,1,2026-06-15T03:52:14+00:00,2026-07-02T12:07:49+00:00,27,0.0,0.0,0.4014,0.7003,0.125,600000.0,24,17.34,13,solana
H3goAfJf1pUx2NSHLNSsdkABtQGWzYAgptE51Y7B6Snq,2000,0,2025-12-13T09:56:21+00:00,2025-12-30T16:56:37+00:00,253,0.0,0.0,0.104,0.207,1.0,10000.0,1,17.29,1000,solana
H5FQ2sFZJZEC4n4Usu4JeMT6kYPN9rQkvHFwVb5MXSyB,1,1,2025-10-29T12:09:44+00:00,2025-10-29T12:09:44+00:00,1,0.0,0.0,1.0,1.0,1.0,100.0,1,0.0,1,solana
H5futSyKwsjNWKJWQL6GrcWA6ZsZ1h7Fns3rdFwsSMkN,369,1,2026-03-12T07:10:55+00:00,2026-03-12T14:05:07+00:00,255,0.0,0.0,0.0149,0.0273,0.9079,50000.0,2,0.29,369,solana
H64uiGyZRiGJMYSNw86fVzhyuWHM9ZY7GXXNPFtboswW,135,1,2026-06-13T06:15:20+00:00,2026-07-03T04:58:49+00:00,79,0.0,0.0,0.1359,0.1819,0.1259,100000.0,57,19.95,28,solana
H96eptrpTsHfCGpvAza7af7xesvChuyLVyk6wB43qECg,2,1,2026-04-16T07:17:47+00:00,2026-04-16T07:25:02+00:00,1,0.0,0.0,1.0,1.0,1.0,50000.0,1,0.01,2,solana
HAT3c1a9cVbqaPHDN5gu3Hovhc3uGHghKorZSG8W3cKE,71,1,2026-03-30T11:59:06+00:00,2026-03-30T21:04:31+00:00,49,0.0,0.0,0.0685,0.1233,0.9718,50000.0,2,0.38,71,solana
HCz7d6AKz3HV8AqtVskefv1zavgtsD8bTPtwh2TDc9FK,29,1,2026-05-26T00:23:35+00:00,2026-05-26T13:16:22+00:00,23,0.0,0.0,0.1379,0.2069,1.0,50000.0,1,0.54,29,solana
HFSoQHpkhJ79fAaP5EYcQMRs9QTD933jfKUD7kmKMyhA,50,1,2026-06-22T03:36:48+00:00,2026-07-02T01:04:30+00:00,28,0.0,0.0,0.3081,0.5793,0.12,2500000.0,33,9.89,21,solana
HGPWvwfym1g5Gzs6odtVk9XKrqV1uXob51npHhVhJzT2,66,1,2026-06-14T16:26:21+00:00,2026-06-28T12:49:29+00:00,46,0.0,0.0,0.1241,0.2255,0.0303,100000.0,60,13.85,20,solana
HGrR97xnPSGSKY23w577cynh7UKsW5PGunM3UtYycQQ5,36,1,2026-06-13T13:30:32+00:00,2026-07-03T04:33:11+00:00,25,0.0,0.0,0.2111,0.3287,0.1111,100000.0,24,19.63,8,solana
HLpC6tscqZqQZgEKYCxtw83oQ4wfvWJ4FjMrcdA8HyYs,17,1,2026-06-19T21:50:44+00:00,2026-06-29T00:41:40+00:00,11,0.0,0.0,0.3139,0.6129,0.2941,1500000.0,7,9.12,8,solana
HNGysUjZU2S4ZaJGaJhk7vvb4wU91nYEC99MXrKkcB5k,47,1,2026-06-22T10:07:55+00:00,2026-07-01T18:07:09+00:00,22,0.0,0.0,0.2424,0.3626,0.1064,690000.0,22,9.33,20,solana
HP1haZDNuSHJupCa7cRyPBSkoGQ6ydSoSwgWNe9nXyS3,26,1,2026-06-13T08:37:30+00:00,2026-06-15T22:45:53+00:00,15,0.0,0.0,0.3001,0.4087,0.1923,1500000.0,15,2.59,25,solana
HPGEKwop6uD111iGzBg34a4q5SMNwQWztvf5p3X6kyut,1,1,2025-10-29T11:52:09+00:00,2025-10-29T11:52:09+00:00,1,0.0,0.0,1.0,1.0,1.0,100.0,1,0.0,1,solana
HPPuic3YjSDZvxNvyskBs33EyMxQnJHd16gJEJnuQwS5,2000,0,2026-01-30T00:29:02+00:00,2026-01-30T18:41:28+00:00,721,0.0,0.0,0.0054,0.0104,0.986,50000.0,3,0.76,2000,solana
HQHYZKBwkrQLw4hRyrVm1Lo4pyY5WSWPyYZSWURmRGDr,63,1,2026-06-13T04:42:55+00:00,2026-06-26T14:47:40+00:00,38,0.0,0.0,0.1247,0.2201,0.1587,2000000.0,29,13.42,34,solana
HQHvuBdQHMS4G8tgctowdrWn9UqqN1vsgkjG2Mpg6Su1,100,1,2026-06-13T05:52:55+00:00,2026-06-30T15:01:47+00:00,58,0.0,0.0,0.1439,0.1981,0.12,600000.0,52,17.38,57,solana
HQfM7negqvf2W2UWhXBDsScCzNhfoKBw9Te6M3VWs4bJ,20,1,2026-02-13T23:04:43+00:00,2026-04-05T11:07:08+00:00,8,0.0,0.0,0.5236,0.6894,0.55,13812500.0,5,50.5,6,solana
HRP8j4xGNVWJZTWataf9kM84yh1d7wFkiq7kox4zYqin,1,1,2025-10-29T10:50:48+00:00,2025-10-29T10:50:48+00:00,1,0.0,0.0,1.0,1.0,1.0,100.0,1,0.0,1,solana
HSfr6D4cHfM6nw2hKA5ZkdFAymbR8z69e4h6MZkwTHjd,33,1,2026-06-14T04:38:45+00:00,2026-06-16T07:21:16+00:00,19,0.0,0.0,0.3998,0.5251,0.2424,380000.0,16,2.11,18,solana
HSsZUNtwF9i42JAXT4z36ZnSrJ8c3kDKJxTcUbhT5HcU,1,1,2025-10-29T14:04:42+00:00,2025-10-29T14:04:42+00:00,1,0.0,0.0,1.0,1.0,1.0,100.0,1,0.0,1,solana
HTGcpd3MYJcdqQzPZsmkuT4hEkobgkiMLK7nv1uvUJpV,59,1,2026-06-14T04:55:01+00:00,2026-06-21T09:02:31+00:00,40,0.0,0.0,0.1635,0.2514,0.1356,1000000.0,32,7.17,22,solana
HTSadYUfeMtr5zeMwaTCdoLw59ndpAPuf9B4QeMCee3Z,21,1,2026-06-24T13:16:30+00:00,2026-06-25T01:34:57+00:00,5,0.0,0.0,0.3333,0.5714,1.0,50000.0,1,0.51,20,solana
HX5fXURxBJvDhG5jdsyTx1JmvRoE3R2x8ptQcqR4wjmp,62,1,2026-06-20T04:00:11+00:00,2026-07-02T12:51:05+00:00,24,0.0,0.0,0.2856,0.4635,0.2903,100000.0,34,12.37,12,solana
HXL7wH6wFTXUdhJEhRUEXZj9fyYmoPDYeV4c9CziTnn3,62,1,2026-02-08T19:13:10+00:00,2026-02-08T19:16:21+00:00,1,0.0,0.0,1.0,1.0,0.6935,10000.0,20,0.0,62,solana
HZqoFK4UoAeiRDi9c7wKAUTTB49VcNqpguGnyz5nSd5P,1,1,2025-10-29T14:23:38+00:00,2025-10-29T14:23:38+00:00,1,0.0,0.0,1.0,1.0,1.0,100.0,1,0.0,1,solana
Ha6EXXdjjYDtqPf2CEwm56v8Wgwior6rigqtce2Fvoyh,74,1,2026-06-15T17:33:52+00:00,2026-07-02T22:12:44+00:00,37,0.0,0.0,0.1926,0.3267,0.1486,400000.0,29,17.19,14,solana
Hao7T6LmGtzFKxd1eyfLvAqRPnE44dkrv2Hz31i8SZWh,367,1,2026-03-09T13:08:10+00:00,2026-03-09T22:06:36+00:00,272,0.0,0.0,0.0101,0.0203,0.9237,50000.0,2,0.37,367,solana
Hb6dzd4pYxmFYKkJDWuhzBEUkkaE93sFcvXYtriTkmw9,2,1,2025-11-05T12:08:24+00:00,2025-11-05T12:09:26+00:00,1,1.0,1.0,1.0,1.0,1.0,1000.0,1,0.0,2,solana
HeGk9Tj1WgVsjvVSPzdiVpFGdsTyV5cHWX13V2P1cw98,1,1,2025-10-27T15:38:09+00:00,2025-10-27T15:38:09+00:00,1,0.0,0.0,1.0,1.0,1.0,100.0,1,0.0,1,solana
HeRbbktPKW9FEguJFC6qiEoSj4J9H9KvMRfpKaftz8jM,22,1,2026-06-01T03:51:16+00:00,2026-06-05T03:33:53+00:00,11,0.0,0.0,0.3182,0.5,1.0,50000.0,1,3.99,12,solana
HgQFy22SXq2XgRTKYTD4jTtJZ5D2GDtQDE6dNbN9f7EL,40,1,2026-06-13T06:34:41+00:00,2026-06-17T11:14:46+00:00,30,0.0,0.0,0.3366,0.4368,0.2,500000.0,20,4.19,24,solana
HjehbVAFeqRXepAZKVDwhdRxJUEyp8SbDBdpfRXsoym4,20,1,2026-06-26T19:01:37+00:00,2026-06-27T04:38:37+00:00,5,0.0,0.0,0.7,0.85,1.0,50000.0,1,0.4,15,solana
Hmtw85eQhXVPfNYFaNHNpitrsRqfFREWxWxNXnv9fBdT,9,1,2026-03-13T21:59:17+00:00,2026-05-28T23:43:32+00:00,5,0.0,0.0,0.4996,0.7852,0.5556,10000.0,3,76.07,2,solana
Hn1MyYYiynSCP2WLBMFxgwNJeAheVAfbXD92mFWKY39E,50,1,2026-06-14T01:29:43+00:00,2026-06-22T12:17:54+00:00,35,0.0,0.0,0.2009,0.2812,0.26,150000.0,19,8.45,16,solana
HnHvtCe9rgXkwphftvb1vP262itz3KALtZ5uk52p85v1,1,1,2026-06-14T10:35:11+00:00,2026-06-14T10:35:11+00:00,1,0.0,0.0,1.0,1.0,1.0,10000.0,1,0.0,1,solana
HnctJkveGAA1SHswGfQK2mH3GtVBFumrwjez5ZgiLNkZ,86,1,2026-06-14T17:07:07+00:00,2026-07-03T02:06:33+00:00,54,0.0,0.0,0.1322,0.1965,0.0814,200000.0,59,18.37,12,solana
HnfbAZrh8G4R9SLSe2hSgQQ8WcJXUhP6YZ6oekbfVqXP,23,1,2026-06-27T13:44:09+00:00,2026-07-03T04:24:02+00:00,17,0.0,0.0,0.4762,0.6037,0.1739,1000000.0,15,5.61,7,solana
HnrL7B3jR85QueRwB7DMvR61QTTqMMZAaLGdxXGJamcv,3,1,2025-10-27T17:59:49+00:00,2025-11-02T03:01:52+00:00,1,0.0,0.0,1.0,1.0,1.0,100.0,1,5.38,1,solana
HoiUUXhKmqG2X5zzGgPQ8aXQtteWA6HKGfmd3vmJjMfF,2,1,2026-02-10T00:10:37+00:00,2026-02-11T15:26:40+00:00,2,0.0,0.0,0.5,1.0,1.0,500000.0,1,1.64,1,solana
Hon3ixSL4qATjWwCaZxomQy3n2jrugugviku9TS5nxnQ,45,1,2026-01-13T01:37:11+00:00,2026-06-04T14:33:56+00:00,25,0.0,0.0,0.2407,0.373,0.3333,10000000.0,4,142.54,6,solana
HqoyjruvZL57GXogWWb2cPYyAGCgz53jEfvngNNwxLto,65,1,2026-05-27T10:05:29+00:00,2026-05-28T03:10:52+00:00,34,0.0,0.0,0.1385,0.2,1.0,50000.0,1,0.71,53,solana
HsmXga1q5KDwJ8DUzx6PevSe4o5xZP9gpXChqt63PCVv,91,1,2026-06-14T05:03:35+00:00,2026-06-25T00:21:24+00:00,60,0.0,0.0,0.2082,0.3474,0.1758,50.0,43,10.8,26,solana
HuSiSpcUoUEF4hct1MRsGtNGz8EdBiTs7p2WtJGksLSa,1314,1,2026-06-09T11:08:34+00:00,2026-07-03T05:19:27+00:00,6,0.0799,0.0814,0.897,0.9783,0.4353,30000.0,8,23.76,152,solana
Hvb8v1Xt2itRqbeEbj2zy3uzKB5kSm9SDn4KDxMQkPcn,92,1,2026-05-08T07:27:47+00:00,2026-05-08T22:53:10+00:00,51,0.0,0.0,0.087,0.1739,1.0,50000.0,1,0.64,92,solana
Hw36km2awGoLm1DnMxkdefLVVejgYTCqDpr7sPXUfMzs,5,1,2025-10-27T05:58:39+00:00,2025-11-02T00:24:02+00:00,1,0.0,0.0,1.0,1.0,1.0,100.0,1,5.77,1,solana
HwY2W7jewWrPcZJV6T1qxkc6rFMjzhaq5Vg1h1sT52SA,2000,0,2026-01-30T00:29:50+00:00,2026-01-30T16:42:20+00:00,716,0.0,0.0,0.0054,0.0104,0.9895,50000.0,3,0.68,2000,solana
Hx5EyxihdJk7h13ppY1soHc8XyPToF8deFSYmfeZA9dx,52,1,2026-02-09T07:30:38+00:00,2026-02-09T07:32:36+00:00,1,0.0,0.0,1.0,1.0,0.5769,10000.0,23,0.0,52,solana
HxrQfPndMGS3yQF1ZPCRkn3wa2KbMiyvBqjoKtMoyxdi,1,1,2025-10-31T07:03:09+00:00,2025-10-31T07:03:09+00:00,1,0.0,0.0,1.0,1.0,1.0,100.0,1,0.0,1,solana
J2Q8vUG1sokgCWuLxNUEMChzyFeqatrTxpzsDGVsJLNz,1,1,2025-10-28T22:00:47+00:00,2025-10-28T22:00:47+00:00,1,0.0,0.0,1.0,1.0,1.0,100.0,1,0.0,1,solana
J3ESq11pEQv4J4B7jFyRjVC6zNfB73bWq2DWQXMFM1D6,1,1,2026-03-06T14:17:02+00:00,2026-03-06T14:17:02+00:00,1,0.0,0.0,1.0,1.0,1.0,100000.0,1,0.0,1,solana
J5VW8XLXxFeiqLcFCCppXsvSiLvJySoRxbEYnh38Q46Y,1,1,2025-10-27T06:59:49+00:00,2025-10-27T06:59:49+00:00,1,0.0,0.0,1.0,1.0,1.0,100.0,1,0.0,1,solana
J6aB9TPhSqSYtXnJTzDquyLW1LtTBPoyPeSRqSjQzWn6,27,1,2026-06-15T09:05:52+00:00,2026-06-15T11:13:38+00:00,13,0.0,0.0,0.3881,0.4688,0.4444,109000.0,8,0.09,27,solana
J6rxmbCBuwNVH4RSDPoQ7ecJgt1Ewf8T8LovaWZdhsmu,434,1,2026-03-08T19:10:47+00:00,2026-03-09T02:52:44+00:00,300,0.0,0.0,0.0128,0.0256,0.9217,50000.0,2,0.32,303,solana
J6tUB1ySFLsqy3CkQrnrU3wQq5NFMFhsXXxnUkiMbQPi,20,1,2026-06-20T04:13:38+00:00,2026-06-27T21:00:51+00:00,11,0.0,0.0,0.4086,0.5562,0.3,150000.0,9,7.7,10,solana
J8YTofDDpzN79AQ4uKHDJpdUTXNB6Yy1u7rWm3f1tHLg,351,1,2026-05-15T04:28:33+00:00,2026-05-15T13:23:35+00:00,160,0.0,0.0,0.0313,0.057,1.0,50000.0,1,0.37,351,solana
JDTxgswwAThYBPzQNh3YQuJupZ9WVYnpotQNYdEvWcTA,1,1,2025-10-03T18:41:03+00:00,2025-10-03T18:41:03+00:00,1,0.0,0.0,1.0,1.0,1.0,277928.0,1,0.0,1,solana
JDmhJYYEU6rDPpfWmnc9EBQpkc3SVghmf5NPUdQGDYT7,39,1,2026-06-15T13:57:36+00:00,2026-06-21T18:54:01+00:00,24,0.0,0.0,0.2626,0.4284,0.1538,190000.0,14,6.21,14,solana
JyQ41EKBA7TsSWphn5oi91J1Lk3TGymiZ3eEMWXyBtG,363,1,2025-11-12T01:44:13+00:00,2025-11-13T03:38:55+00:00,38,0.0,0.0,0.2259,0.3802,1.0,1000000.0,1,1.08,290,solana
LNbb4rGwPrHionvJQr5prt1UsGKpEThNdEUF64oqCrn,51,1,2026-05-31T16:52:54+00:00,2026-06-05T10:56:19+00:00,23,0.0,0.0,0.1765,0.3137,1.0,50000.0,1,4.75,36,solana
SAT8g2xU7AFy7eUmNJ9SNrM6yYo7LDCi13GXJ8Ez9kC,2000,0,2025-10-22T00:28:43+00:00,2026-07-02T20:55:02+00:00,194,0.0,0.0,0.1481,0.2946,0.325,10000.0,62,253.85,429,solana
TcXxQiJaxaztyYijQt4qpW1Jtv4HfJX5StReDrSs3Bd,20,1,2026-06-26T00:59:21+00:00,2026-06-26T14:07:16+00:00,9,0.0,0.0,0.35,0.55,1.0,50000.0,1,0.55,20,solana
TpDs2Lekeb58YdAwn1UhR2Ku7pedEjNBgTUdL6MpXgk,228,1,2026-03-18T04:16:45+00:00,2026-06-08T19:15:45+00:00,228,0.0,0.0,0.0044,0.0088,1.0,10000.0,1,82.62,67,solana
VCEwFWrTZPJxTJXSJFvaPZiXP286ffQj8yrQ8RQKqKf,2000,0,2025-12-02T05:43:10+00:00,2026-01-05T21:32:48+00:00,5,0.0,0.0,0.8135,0.922,0.1975,20000.0,75,34.66,871,solana
WeSuKwyfwZmMMqRGnnoht7sYf2zKzCxh5HaxLdULoP9,38,1,2026-06-14T23:57:48+00:00,2026-06-21T02:10:49+00:00,23,0.0,0.0,0.4177,0.6067,0.1316,150000.0,22,6.09,21,solana
Wn2Y3Hd8EUX3LsucFREspiPk8PD4XfY5hvXLuy5qVgQ,1,1,2025-10-29T11:02:48+00:00,2025-10-29T11:02:48+00:00,1,0.0,0.0,1.0,1.0,1.0,100.0,1,0.0,1,solana
Wr1sjVo2CkkWfWswYfc8KMpAjXeHCJGXAVgtVnJ3aAd,3,1,2025-10-30T15:58:39+00:00,2025-11-01T04:43:25+00:00,1,0.0,0.0,1.0,1.0,1.0,100.0,1,1.53,1,solana
X4o2D8op42a2jcNJJVZcDq3eYivh1oR9XiezPWCXosZ,2000,0,2026-04-10T21:08:44+00:00,2026-07-03T03:30:15+00:00,162,0.0,0.0,0.0636,0.1082,0.997,50000.0,3,83.26,406,solana
Xg9fCqQu3G3yddbNw8PDmqUQ6Pugg1y213t6yyJPebN,94,1,2026-06-14T04:38:51+00:00,2026-06-27T18:12:25+00:00,55,0.0,0.0,0.2087,0.2975,0.1064,450000.0,45,13.56,28,solana
XsR5ELojKj8wYG8W5fYD4kbP7Qjw89qTjrT5JERA2c5,2000,0,2025-11-04T07:06:29+00:00,2025-11-27T09:13:47+00:00,127,0.0,0.0,0.0949,0.1329,0.9835,10000.0,2,23.09,1000,solana
a91dXuEuL2AqySE5HuDYZKdLeYnDQktoRyJSz2ikMph,28,1,2026-06-27T14:37:16+00:00,2026-06-28T05:47:49+00:00,8,0.0,0.0,0.6786,0.75,1.0,50000.0,1,0.63,26,solana
aSCDEzm4VYQnEVU77NhJHQdrKeusyL8V5tnCcfVSmd1,1,1,2025-10-31T06:00:56+00:00,2025-10-31T06:00:56+00:00,1,0.0,0.0,1.0,1.0,1.0,100.0,1,0.0,1,solana
awx6FxbfwHppg8hBDAQKKUZT2pWmBYaKiuZn1zpL4U8,41,1,2026-06-14T07:39:12+00:00,2026-06-16T18:15:46+00:00,31,0.0,0.0,0.4508,0.6967,0.122,200000.0,27,2.44,18,solana
brzXVbTLBvUTi9mi5QZmVRvEQwSdTYuAZXZrVXygUeK,405,1,2026-02-17T23:12:24+00:00,2026-06-15T12:59:05+00:00,77,0.0,0.0,0.2698,0.3492,0.9901,1000.0,2,117.57,142,solana
cAXdcMFHK6y9yTP7AMETzXC7zvTeDBbQ5f4nvSWDx51,222,1,2025-11-11T04:58:54+00:00,2026-06-29T00:45:32+00:00,11,0.0135,0.0071,0.5285,0.8056,0.5721,10000.0,9,229.82,31,solana
ctatWQ1rsrYGyPpwTcUGwvXJ2s4B7EzAgDJfCgE5G19,32,1,2026-02-07T18:38:28+00:00,2026-02-07T18:39:47+00:00,1,0.0,0.0,1.0,1.0,0.5625,10000.0,15,0.0,32,solana
inDex8GnbM9qKAWuQm58sBn8ZdRgJwbMPBrhsbYow77,1118,1,2026-05-16T14:17:47+00:00,2026-07-02T08:38:16+00:00,435,0.0,0.0,0.5563,0.5915,0.9839,50000.0,2,46.76,174,solana
isU3XW1Fc8wobkR1nPL1itv9UaknRbFpTNU2bkYJV6h,36,1,2026-06-13T23:16:23+00:00,2026-06-28T08:24:34+00:00,20,0.0,0.0,0.2807,0.3743,0.5833,5000000.0,9,14.38,14,solana
iv8QgJVW2Xh2iZPLXoTLSYQvosLneEAFGG9qm7YfHpB,38,1,2026-04-01T03:31:50+00:00,2026-04-01T20:42:42+00:00,32,0.0,0.0,0.0526,0.1053,1.0,50000.0,1,0.72,38,solana
jE31ChLrnE7UJraCscykbLY3QcD2eVzgDsbyPEL9x8X,21,1,2026-06-14T04:07:39+00:00,2026-06-14T20:54:34+00:00,13,0.0,0.0,0.2178,0.398,0.4286,100000.0,11,0.7,21,solana
jPt2dffmPi7WEtV8J6UFHJQaatEJVyuSFmz5b4DHFG8,125,1,2026-03-19T15:10:54+00:00,2026-07-03T04:20:24+00:00,9,0.0,0.0,0.5135,0.7802,0.624,250000.0,5,105.55,13,solana
jYJf7t5XJ35uteCCcys2FNyFYRJdh45o3vxd7YsWKv1,25,1,2026-06-14T21:00:20+00:00,2026-06-17T13:22:10+00:00,21,0.0,0.0,0.4514,0.5389,0.12,100000.0,19,2.68,17,solana
jzNkyDkXZrKHGTWDrA1MXJRf5WFufyBEybkXnPX9Vzd,2000,0,2025-12-06T08:19:44+00:00,2026-03-07T15:55:02+00:00,4,0.0,0.0,0.9723,0.9997,0.4995,1726.0,252,91.32,994,solana
mu9vidiJVgchMZoU8QeDp3VCTiF5UwMfmZz9uoQtx8t,79,1,2026-02-15T20:26:44+00:00,2026-06-17T01:20:31+00:00,40,0.0,0.0,0.3768,0.6024,0.2152,500000.0,8,121.2,13,solana
rBEmUXZgynNXKbm3Xn1p4KN4hLroBUdAL61ba1L833r,46,1,2026-06-19T22:03:52+00:00,2026-07-02T16:46:41+00:00,22,0.0,0.0,0.2762,0.4186,0.1522,220000.0,28,12.78,12,solana
rnpFZDFbRJajQ2cuEGwTSrnCaY8tSXq6ahD7h8faWk5,1,1,2025-10-28T20:55:22+00:00,2025-10-28T20:55:22+00:00,1,0.0,0.0,1.0,1.0,1.0,100.0,1,0.0,1,solana
s23kJgxaGhpWu2bUevso31ro1yU5uvFM34zPMcTVweQ,37,1,2026-06-15T04:55:02+00:00,2026-06-27T11:45:50+00:00,27,0.0,0.0,0.2753,0.4247,0.1351,420000.0,29,12.29,13,solana
sLJ4uneGcD1mg6hKtkLYsY5HCw1nJ8GpNAmbzBWPBgk,505,1,2026-04-11T11:53:29+00:00,2026-07-01T08:38:42+00:00,15,0.0,0.0,0.4813,0.7851,0.499,13000.0,10,80.86,95,solana
t9Dz912JyigXW5xyoBJk9RPkg4YFrztUBbZo9GfdEoY,1,1,2025-10-29T12:15:31+00:00,2025-10-29T12:15:31+00:00,1,0.0,0.0,1.0,1.0,1.0,100.0,1,0.0,1,solana
tiny3UuVCZKwfY6CzeaLF7p3uW1uHdziaDvSTiXoFXN,598,1,2026-06-19T09:21:50+00:00,2026-07-02T20:20:59+00:00,41,0.0,0.0,0.552,0.7702,0.9716,1000000.0,6,13.46,264,solana
tinyd6HtU2WKYPqKNGLtcBZ6hzMS18jNBWjN5YUobUz,23,1,2026-06-19T09:37:22+00:00,2026-06-23T22:16:26+00:00,13,0.0,0.0,0.885,0.944,0.3478,250000.0,11,4.53,11,solana
uuxwR2MpjQZC9HsM3Yu3qKQeTvo89QzEgaC7am9uCXX,54,1,2026-06-14T06:18:23+00:00,2026-07-03T01:02:56+00:00,34,0.0,0.0,0.1585,0.2897,0.1111,100000.0,37,18.78,8,solana
vqhhLNQxkd5AGoM6pr3KPifg5YCWCam5M3xQZ5nNKff,2000,0,2026-01-30T00:25:14+00:00,2026-01-30T17:41:34+00:00,736,0.0,0.0,0.0069,0.0127,0.9795,50000.0,2,0.72,2000,solana
wwwPqsM4N7T9J69tB82nLyzxqsH159j4orftLTQfUGV,73,1,2026-05-18T01:27:56+00:00,2026-06-18T18:11:54+00:00,14,0.0,0.0,0.4355,0.6203,0.411,1000.0,7,31.7,26,solana
xSiDXnNRfR2UpTe1XpV6euFuHc71DdFZYNbfy7EpLmr,1,1,2025-10-29T14:31:53+00:00,2025-10-29T14:31:53+00:00,1,0.0,0.0,1.0,1.0,1.0,100.0,1,0.0,1,solana
xadsGrwFkbrspsx38T4R6h6Ni1WbdZixztDsHd2G7oi,2000,0,2026-05-16T05:47:40+00:00,2026-07-03T05:26:30+00:00,91,0.0,0.0,0.297,0.4568,0.3125,10000.0,33,47.99,606,solana
xhKtGidVXuHMbcxCok7TeGrKyZnV1tGHWiTFcba2iBA,75,1,2026-06-14T10:00:44+00:00,2026-07-02T12:46:36+00:00,40,0.0,0.0,0.1023,0.1891,0.2,100000.0,50,18.12,12,solana
xuH1to1Prvkm21Qek7jQtA4AWcP4rCDKaqcNddszeLy,193,1,2026-06-15T13:29:00+00:00,2026-07-02T11:52:15+00:00,70,0.0,0.0,0.5845,0.9038,0.0829,1000000.0,50,16.93,32,solana
