origin,recipient,group_tx_count,group_total_amount,group_unique_buyers,group_latest_ts
https://x402-secure-api.t54.ai,0x0495d60c927b97d67d5018c6aa65c9b2bebaeed9,212993827,195876042900,31519,2026-07-01T19:39:33.000Z
https://x402-secure-api.t54.ai,83iABjnLaEykzPLV5rQNEN85at8n9qf8UBNrMrfCkeqP,212993827,195876042900,31519,2026-07-01T19:39:33.000Z
https://x402.arvos.xyz,0xf7b1356cfed0eebe01d76da7ba9e9f8bf12d9d57,61877565,57570282000000,64135,2025-11-28T04:04:29.000Z
https://api.arvos.xyz,0xf7b1356cfed0eebe01d76da7ba9e9f8bf12d9d57,61877565,57570282000000,64135,2025-11-28T04:04:29.000Z
https://api.barvis.io,0x45a33ac6db4455460b364a1fc1ae8c489bc644a7,54607880,12986274916000,2990,2025-11-28T04:04:29.000Z
https://x402.dexter.cash,DevFFyNWxZPtYLpEjzUnN1PFc9Po6PH7eZCi9f3tTkTw,51831775,9412347199416,25521,2026-06-22T05:08:05.000Z
https://x402.dexter.cash,0x9421c7ca7d8dcee9760d72be81137ee162003c36,51831775,9412347199416,25521,2026-06-22T05:08:05.000Z
https://api.dexter.cash,DevFFyNWxZPtYLpEjzUnN1PFc9Po6PH7eZCi9f3tTkTw,51831775,9412347199416,25521,2026-06-22T05:08:05.000Z
https://api.dexter.cash,0x9421c7ca7d8dcee9760d72be81137ee162003c36,51831775,9412347199416,25521,2026-06-22T05:08:05.000Z
https://dexter.cash,DevFFyNWxZPtYLpEjzUnN1PFc9Po6PH7eZCi9f3tTkTw,51831775,9412347199416,25521,2026-06-22T05:08:05.000Z
https://dexter.cash,0x9421c7ca7d8dcee9760d72be81137ee162003c36,51831775,9412347199416,25521,2026-06-22T05:08:05.000Z
https://ainalyst-api.xyz:4020,0x5e50d23ec14ea4436582029a25313e5048e01d10,44521300,13689196565000,115530,2026-06-18T05:47:45.000Z
https://ainalyst-api.xyz,0x5e50d23ec14ea4436582029a25313e5048e01d10,44521300,13689196565000,115530,2026-06-18T05:47:45.000Z
https://api.canza.app,0x4e9bce2547a9491b09ed092c433b19888e665edb,38803009,12353931852979,59558,2026-03-18T19:05:59.000Z
https://api.canza.app,0xea9b72f3751107bc5a2b59ec0bc3d90ad12bd6b8,38803009,12353931852979,59558,2026-03-18T19:05:59.000Z
https://pay.lnpay.ai,0x66fa4d79ca84016b42352be33c908dd812952ec8,31551142,415840696900,337,2026-06-23T14:52:23.000Z
https://agent.paywall402.com,0x66fa4d79ca84016b42352be33c908dd812952ec8,31551142,415840696900,337,2026-06-23T14:52:23.000Z
https://openapi.aisa.one,0x66fa4d79ca84016b42352be33c908dd812952ec8,31551142,415840696900,337,2026-06-23T14:52:23.000Z
https://x402.aiape.tech,0x27599d824bbb4f506f985af865d840f61ba848c8,26539084,2653908400000,15700,2026-01-12T09:40:55.000Z
https://x420.aiape.tech,0x27599d824bbb4f506f985af865d840f61ba848c8,26539084,2653908400000,15700,2026-01-12T09:40:55.000Z
https://x402.lucyos.ai,0x83240485b70e5c820e5f180533fc6156470cfd0e,17638688,176386880000,9232,2026-06-18T04:15:47.000Z
http://blockrun.ai,0xe9030014f5dae217d0a152f02a043567b16c1abf,11098016,156476600017,2223,2026-07-02T03:55:17.000Z
http://blockrun.ai,0x1b092b21bc07076e3adede7bac8216daea115e99,11098016,156476600017,2223,2026-07-02T03:55:17.000Z
https://blockrun.ai,0xe9030014f5dae217d0a152f02a043567b16c1abf,11098016,156476600017,2223,2026-07-02T03:55:17.000Z
https://blockrun.ai,0x1b092b21bc07076e3adede7bac8216daea115e99,11098016,156476600017,2223,2026-07-02T03:55:17.000Z
https://acp-x402.virtuals.io,0xef4364fe4487353df46eb7c811d4fac78b856c7f,4735422,9787315576950,52506,2026-07-02T02:38:27.000Z
https://acp-x402.virtuals.io,0x6a1fe26d54ab0d3e1e3168f2e0c0cda5cc0a0a4a,4735422,9787315576950,52506,2026-07-02T02:38:27.000Z
https://pay.x402monopoly.com,AsEDd1vqP4AT4jnycoum22Z1cdKGKuwz3aWevUDbkmxE,4311353,53567644700,4877,2026-04-08T03:40:37.000Z
https://pay.x402monopoly.com,0x3ede4dd8048bbcbe5a9126a7b405a615cdadd839,4311353,53567644700,4877,2026-04-08T03:40:37.000Z
https://pay.x402monopoly.com,0xd4c98efec1e380e1e6ff702f70b41b656b9c2a2f,4311353,53567644700,4877,2026-04-08T03:40:37.000Z
https://pay.x402monopoly.com,0x5cf2570a5b2ab46d0d9396737ec601c7da506d5a,4311353,53567644700,4877,2026-04-08T03:40:37.000Z
https://pay.x402monopoly.com,0x3801cd9bce3130ce1dcce0502bcdf65cabd18d35,4311353,53567644700,4877,2026-04-08T03:40:37.000Z
https://pay.x402monopoly.com,0xc0ce1b640a8e01972668f78792028f67db030796,4311353,53567644700,4877,2026-04-08T03:40:37.000Z
https://pay.x402monopoly.com,41TnPsh8whDp6SKbJFoiDT1tqhs3TkY9x51jYCNga4Na,4311353,53567644700,4877,2026-04-08T03:40:37.000Z
https://pay.x402monopoly.com,VCEwFWrTZPJxTJXSJFvaPZiXP286ffQj8yrQ8RQKqKf,4311353,53567644700,4877,2026-04-08T03:40:37.000Z
https://pay.x402monopoly.com,BUi3pwqoiNX7V66Feq92aJoHpYQFCTaKepnrHmAhKF1Z,4311353,53567644700,4877,2026-04-08T03:40:37.000Z
https://pay.x402monopoly.com,3iy9taVT34ijbmMtwbbiWwRPEFtun47y8GxTSZ6N7Myq,4311353,53567644700,4877,2026-04-08T03:40:37.000Z
https://pay.x402monopoly.com,0x045342688693db3502fc7861dbc33d5d8da83ad8,4311353,53567644700,4877,2026-04-08T03:40:37.000Z
https://pay.x402monopoly.com,0x2aa8bbefc7b1cbc9a9a27ac4aa5ad7e7288372a5,4311353,53567644700,4877,2026-04-08T03:40:37.000Z
https://pay.x402monopoly.com,0xcda65e40257345ed4757ee3df4a8c95d898261ff,4311353,53567644700,4877,2026-04-08T03:40:37.000Z
https://pay.x402monopoly.com,0xd4f64bf2bdb45a8418abf821a2617c12908e1e58,4311353,53567644700,4877,2026-04-08T03:40:37.000Z
https://devnet.aimo.network,0xd14ce79c13ce71a853ef3e8bd75969d4bdee39c1,4156435,9243854877,2416,2026-03-09T17:05:47.000Z
https://devnet.aimo.network,jzNkyDkXZrKHGTWDrA1MXJRf5WFufyBEybkXnPX9Vzd,4156435,9243854877,2416,2026-03-09T17:05:47.000Z
https://claw402.ai,0xa9dd7cc9cbf0e05551332209289f04be36bc2315,2815301,5509119572,447,2026-07-02T03:13:21.000Z
https://x402-api.dexfun.ai,8VBmdiVAffkhE1hpLZkStAgT8a3eJQm4hExUhPEtN73E,2580217,1246649250000,425,2026-02-27T13:33:50.000Z
https://badai.fun,0xfa0ee7b2f13d80680f31771abc93d06a2c749150,2109512,1687982764000,7964,2025-12-08T04:31:33.000Z
https://x402.sniperx.fun,Bd2xS189uhhnxUeBeVF3JFXrg8zQgrvqZtpqh8hgkCEQ,1866120,37414467000,618,2026-07-02T03:20:22.000Z
https://www.qrbase.xyz,0x07737a1fb3863202bcd3c7408b801eed68604d39,1772100,13995618362000,184,2026-06-23T14:17:03.000Z
https://3000--0199ec3f-99f7-7e32-a101-5d0ef651ecf1.eu-central-1-01.gitpod.dev,0x07737a1fb3863202bcd3c7408b801eed68604d39,1772100,13995618362000,184,2026-06-23T14:17:03.000Z
https://boostpass.qrbase.xyz,0x07737a1fb3863202bcd3c7408b801eed68604d39,1772100,13995618362000,184,2026-06-23T14:17:03.000Z
https://pay.codenut.ai,0x8d8fa42584a727488eeb0e29405ad794a105bb9b,1612932,412952168000,17224,2026-06-17T04:12:47.000Z
https://codenut.ai,0x8d8fa42584a727488eeb0e29405ad794a105bb9b,1612932,412952168000,17224,2026-06-17T04:12:47.000Z
https://www.codenut.ai,0x8d8fa42584a727488eeb0e29405ad794a105bb9b,1612932,412952168000,17224,2026-06-17T04:12:47.000Z
https://api.jiren.ai,XsR5ELojKj8wYG8W5fYD4kbP7Qjw89qTjrT5JERA2c5,1576719,15801840000,129,2025-11-27T09:13:47.000Z
https://x402-api.lastman.fun,0x9af402f9f20fa31b1b9e186df207c995136ff5dd,1576365,15776610000,14844,2025-11-03T08:27:25.000Z
https://api.hub.playai.network,0x6482e1941246481486304a25988bee249faeb779,1311740,152989000,5245,2026-02-06T22:34:33.000Z
https://playhub-prod.up.railway.app,0x6482e1941246481486304a25988bee249faeb779,1311740,152989000,5245,2026-02-06T22:34:33.000Z
https://hub-v3.up.railway.app,0x6482e1941246481486304a25988bee249faeb779,1311740,152989000,5245,2026-02-06T22:34:33.000Z
http://api.hub.playai.network,0x6482e1941246481486304a25988bee249faeb779,1311740,152989000,5245,2026-02-06T22:34:33.000Z
https://api.vishwalab.com,0x6a5e7d954f49712abf3f873f037ec845b7b8c666,1231400,43542737000,1009,2026-07-02T03:23:24.000Z
https://api.vishwalab.com,CvX23FNQsNQww8ALR3EWgQv2Wt5yM7VvU4HRigGBMMJu,1231400,43542737000,1009,2026-07-02T03:23:24.000Z
https://market.dexfra.fun,H3goAfJf1pUx2NSHLNSsdkABtQGWzYAgptE51Y7B6Snq,1014407,10144700000,268,2025-12-30T16:56:37.000Z
https://market.dexfra.fun,ffYRZDadxUpXjP7yCg5S4WT3yu2LAJ83kNLsBeMQuXy,1014407,10144700000,268,2025-12-30T16:56:37.000Z
https://hub.atxp.ai,BJGdsDXJFy63eCAnX3UmGfShp8BuqbtkTfcamyRGr7VQ,881816,353490541144,301174,2026-06-26T19:13:08.000Z
https://hub.atxp.ai,0x10c140022927429afb5f7779f4bc5495da8c1e24,881816,353490541144,301174,2026-06-26T19:13:08.000Z
https://orbisapi.com,0x2bb72231eed303cc91a462a1fa738b42b6a9ac6d,877880,4190895600,1028,2026-06-28T12:02:11.000Z
https://agentlisa.ai,0xb5051843ea5de8815d16c40fdfdeecd8c7afa677,854403,18104025000,31611,2026-01-20T11:22:13.000Z
https://server.agentneo.pro,7vhcwvqiYUi8VrNpJuvJfSAQsN3HCxqpDrUa33P9kJ6k,801609,8016090000,52,2026-02-27T23:48:03.000Z
https://www.penny.tech,0x48ebf769b80ffa1c83a00459adbdf5556ef49a3a,608460,6450720000,9069,2025-11-28T23:13:53.000Z
https://penny-tech.vercel.app,0x48ebf769b80ffa1c83a00459adbdf5556ef49a3a,608460,6450720000,9069,2025-11-28T23:13:53.000Z
https://pong.wtf,0x5b30e6d93f5c50f92159394547b586b4e0047628,569304,597706380000,14316,2025-10-29T07:19:33.000Z
https://play.x402.wiki,0x5b30e6d93f5c50f92159394547b586b4e0047628,569304,597706380000,14316,2025-10-29T07:19:33.000Z
https://stableenrich.dev,0x325bdf6f7efab24a2210c48c1b64cab2eae1d430,558361,17788537500,1734,2026-07-02T03:54:49.000Z
https://stableenrich.dev,8EgACpZ16XWEt7YjJPsh1ZheVRZUGmmwQ8nJdmA1o5w4,558361,17788537500,1734,2026-07-02T03:54:49.000Z
https://api.questflow.ai,0x94d07d84a1b4099cd6016a3d027aa49adcd5f73c,547698,16517925937,44010,2026-03-02T13:11:31.000Z
https://api.questflow.ai,0xb7a6a9344fe545d4fae01c2e12c2001a80831e90,547698,16517925937,44010,2026-03-02T13:11:31.000Z
https://api.questflow.ai,0xef98feeb67420dcdb5eaaadae27f168fe534ac29,547698,16517925937,44010,2026-03-02T13:11:31.000Z
https://api.questflow.ai,0x71b748b0431a112be640d5fd6efb41e25d2eac54,547698,16517925937,44010,2026-03-02T13:11:31.000Z
https://api.questflow.ai,0x26b562299fb3853c7fd309ad240b9cbe717c97d9,547698,16517925937,44010,2026-03-02T13:11:31.000Z
https://api.questflow.ai,0xd9650de97290770a38f7a2fe7f880e4da64b69e5,547698,16517925937,44010,2026-03-02T13:11:31.000Z
https://api.questflow.ai,0x5e2e95be0777479d58c81361a5c140edca1777d3,547698,16517925937,44010,2026-03-02T13:11:31.000Z
https://api.questflow.ai,0x008e48703b6f16368bcd54dc25a3e9efd6f1f607,547698,16517925937,44010,2026-03-02T13:11:31.000Z
https://api.questflow.ai,0x330e5e07676339f034881135515a96c4a3274207,547698,16517925937,44010,2026-03-02T13:11:31.000Z
https://api.questflow.ai,0xe2f512c05f627850029a1ce20f80ca866ea989dc,547698,16517925937,44010,2026-03-02T13:11:31.000Z
https://api.questflow.ai,0x9d096572b4b186c24ee746aefe696c3d93b4991a,547698,16517925937,44010,2026-03-02T13:11:31.000Z
https://api.questflow.ai,0x55fad0d416b56b493d66d7ae4af54dda0302486b,547698,16517925937,44010,2026-03-02T13:11:31.000Z
https://api.questflow.ai,0x4b33bc7719a08e0e797236dd728ef334ea9afd25,547698,16517925937,44010,2026-03-02T13:11:31.000Z
https://api.questflow.ai,0x6b490f530aa8d444dcaec4ed67448c99b138473d,547698,16517925937,44010,2026-03-02T13:11:31.000Z
https://api.questflow.ai,0xd57e36cf0ea6bb57bb034e2e840e4c369f402f20,547698,16517925937,44010,2026-03-02T13:11:31.000Z
https://api.questflow.ai,0x6eeba4a8d6c9acdacd02bd3ab842050adbe04e51,547698,16517925937,44010,2026-03-02T13:11:31.000Z
https://api.questflow.ai,0x4540fbcdc4f683f690383756ae1aa451148e2b43,547698,16517925937,44010,2026-03-02T13:11:31.000Z
https://api.questflow.ai,0x1d03e0da51304040e56908a430dc83aa931a6f9d,547698,16517925937,44010,2026-03-02T13:11:31.000Z
https://api.questflow.ai,0x5883f3f748b8978ea5a0416950da780242149e16,547698,16517925937,44010,2026-03-02T13:11:31.000Z
https://api.questflow.ai,0x8624beb42ba313ea9632a3074384c3d9d1256590,547698,16517925937,44010,2026-03-02T13:11:31.000Z
https://api.questflow.ai,0x849dbd04451fb43b5caf40777e64025a3ff1ef85,547698,16517925937,44010,2026-03-02T13:11:31.000Z
https://api.questflow.ai,0x360c17bee775ed2a7573feba68cafde833b95b2b,547698,16517925937,44010,2026-03-02T13:11:31.000Z
https://api.questflow.ai,0x3ba3589b6b0e1fe82bcb1cdfc4e3754c26dbba29,547698,16517925937,44010,2026-03-02T13:11:31.000Z
https://api.questflow.ai,0xef31df60c63f6b84b42dcc50eda7d314c078b176,547698,16517925937,44010,2026-03-02T13:11:31.000Z
https://api.questflow.ai,0x5ab2263b09f04a5d79cf3a7980876ffcb486683e,547698,16517925937,44010,2026-03-02T13:11:31.000Z
https://api.questflow.ai,0x00310dc8d28c4ec951b2613579c7c37c81ebb0f1,547698,16517925937,44010,2026-03-02T13:11:31.000Z
https://api.questflow.ai,0x06a85acc47d708ada4872874c5d98ada3cb705a0,547698,16517925937,44010,2026-03-02T13:11:31.000Z
https://api.questflow.ai,0x3a89b1dffb9dd597987451db76c8e82486677d3b,547698,16517925937,44010,2026-03-02T13:11:31.000Z
https://api.questflow.ai,0xc6e5b64ecb25978b41d176bda5306a8dd335bd52,547698,16517925937,44010,2026-03-02T13:11:31.000Z
https://api.questflow.ai,0xf3fc3cec0e92c3d6be8aa326f04a7d3457946cde,547698,16517925937,44010,2026-03-02T13:11:31.000Z
https://api.questflow.ai,0xf00932d092ee5745cd1f944e17b89299a4e923a0,547698,16517925937,44010,2026-03-02T13:11:31.000Z
https://api.questflow.ai,0x03112a5c78cb0ec3aad7df608e744cd0ca034ae2,547698,16517925937,44010,2026-03-02T13:11:31.000Z
https://api.questflow.ai,0x80ae6c382241d3b96f6408a7cc8266ae5ac8de33,547698,16517925937,44010,2026-03-02T13:11:31.000Z
https://api.questflow.ai,0xacb536cd93cee554fcdd010d8eb1367844cd84d6,547698,16517925937,44010,2026-03-02T13:11:31.000Z
https://api.questflow.ai,0x7fb335ac5771039b40b21d2d4862d3567811c3f3,547698,16517925937,44010,2026-03-02T13:11:31.000Z
https://api.questflow.ai,0xdb5e8a30af3d66718f3dd11c85a738323739e599,547698,16517925937,44010,2026-03-02T13:11:31.000Z
https://api.questflow.ai,0x812bfacc1fa374772442ccd365ed24866276e51d,547698,16517925937,44010,2026-03-02T13:11:31.000Z
https://api.questflow.ai,0x1e37d5a4157f720bd171144c7d6197b1239c0f05,547698,16517925937,44010,2026-03-02T13:11:31.000Z
https://api.questflow.ai,0x1e9a6e30170c20ee59086c7c8c2b3ba71458db0a,547698,16517925937,44010,2026-03-02T13:11:31.000Z
https://api.questflow.ai,0x948bb02c9061a96110e6c76ae1a5be307f2eb0a1,547698,16517925937,44010,2026-03-02T13:11:31.000Z
https://api.questflow.ai,0x390eb095032b1a73f1ae02136f2a18edccfef374,547698,16517925937,44010,2026-03-02T13:11:31.000Z
https://api.questflow.ai,0x0d3a057288fcf2f7b83dfb3dd8bf947ca730cfc7,547698,16517925937,44010,2026-03-02T13:11:31.000Z
https://api.questflow.ai,0x5d82457cedcc94e57a2988300a7d4421444fc09c,547698,16517925937,44010,2026-03-02T13:11:31.000Z
https://api.questflow.ai,0xdc01788959e6ac64f6f0024544cf9bca09a08dc1,547698,16517925937,44010,2026-03-02T13:11:31.000Z
https://api.questflow.ai,0xdf2615b1c13c2be92a977cd2cb98b2a445fd22be,547698,16517925937,44010,2026-03-02T13:11:31.000Z
https://api.questflow.ai,0x263cb11518265cd76d7b49729022df68b818a394,547698,16517925937,44010,2026-03-02T13:11:31.000Z
https://api.questflow.ai,0xf91081d42a4431f4a8e3c12c8d0a673220db0324,547698,16517925937,44010,2026-03-02T13:11:31.000Z
https://api.questflow.ai,0x8f3c0cf2a432386319a732206daa3f7b2772797d,547698,16517925937,44010,2026-03-02T13:11:31.000Z
https://api.questflow.ai,0x45de049010082e802dab905f36ca6d8c9750b17b,547698,16517925937,44010,2026-03-02T13:11:31.000Z
https://api.questflow.ai,0xcce63e660ba0e40eb85f4a67a78df79e9638b57b,547698,16517925937,44010,2026-03-02T13:11:31.000Z
https://api.questflow.ai,0xeab3f693f774932d6a8db490b951735c221e46e4,547698,16517925937,44010,2026-03-02T13:11:31.000Z
https://api.questflow.ai,0x97856cea192b4f2e606b94d2a7783eb882a333ff,547698,16517925937,44010,2026-03-02T13:11:31.000Z
https://api.questflow.ai,0x3af6fc2741c2ef4e8ea1bcf3e99a9ebf5c7b2741,547698,16517925937,44010,2026-03-02T13:11:31.000Z
https://api.questflow.ai,0x108890e3e50660ae5cd2f3ff3bf380ae9e6e777d,547698,16517925937,44010,2026-03-02T13:11:31.000Z
https://api.questflow.ai,0x4d47aed24d9d75668d6c3d831e364736cc31934c,547698,16517925937,44010,2026-03-02T13:11:31.000Z
https://basetomcat.com,0x0d6041f6f8fee3b66efb633716af12c2da331d77,535228,20326482000,182,2026-06-29T05:26:07.000Z
https://x402.anyspend.com,0x1e8e93cb91778e5b1a3639706789195a838960f8,514159,129403570150,269,2026-07-02T03:53:13.000Z
https://cabal.x420.dev,0x93109d14f6665a9c9675290d3cd5a6c07bbafdbd,434520,93675914400,6462,2025-11-12T18:59:39.000Z
https://pong.x420.dev,0x93109d14f6665a9c9675290d3cd5a6c07bbafdbd,434520,93675914400,6462,2025-11-12T18:59:39.000Z
https://poop.x420.dev,0x93109d14f6665a9c9675290d3cd5a6c07bbafdbd,434520,93675914400,6462,2025-11-12T18:59:39.000Z
https://prb.x420.dev,0x93109d14f6665a9c9675290d3cd5a6c07bbafdbd,434520,93675914400,6462,2025-11-12T18:59:39.000Z
https://jnd.x420.dev,0x93109d14f6665a9c9675290d3cd5a6c07bbafdbd,434520,93675914400,6462,2025-11-12T18:59:39.000Z
https://wadwa.x420.dev,0x93109d14f6665a9c9675290d3cd5a6c07bbafdbd,434520,93675914400,6462,2025-11-12T18:59:39.000Z
https://pamp.x420.dev,0x93109d14f6665a9c9675290d3cd5a6c07bbafdbd,434520,93675914400,6462,2025-11-12T18:59:39.000Z
https://sat.x420.dev,0x93109d14f6665a9c9675290d3cd5a6c07bbafdbd,434520,93675914400,6462,2025-11-12T18:59:39.000Z
https://dog.x420.dev,0x93109d14f6665a9c9675290d3cd5a6c07bbafdbd,434520,93675914400,6462,2025-11-12T18:59:39.000Z
https://df.x420.dev,0x93109d14f6665a9c9675290d3cd5a6c07bbafdbd,434520,93675914400,6462,2025-11-12T18:59:39.000Z
https://tc.x420.dev,0x93109d14f6665a9c9675290d3cd5a6c07bbafdbd,434520,93675914400,6462,2025-11-12T18:59:39.000Z
https://spx6900.x420.dev,0x93109d14f6665a9c9675290d3cd5a6c07bbafdbd,434520,93675914400,6462,2025-11-12T18:59:39.000Z
https://ztaiff.x420.dev,0x93109d14f6665a9c9675290d3cd5a6c07bbafdbd,434520,93675914400,6462,2025-11-12T18:59:39.000Z
https://test.x420.app,0x93109d14f6665a9c9675290d3cd5a6c07bbafdbd,434520,93675914400,6462,2025-11-12T18:59:39.000Z
https://mlg.x420.dev,0x93109d14f6665a9c9675290d3cd5a6c07bbafdbd,434520,93675914400,6462,2025-11-12T18:59:39.000Z
https://test.x420.dev,0x93109d14f6665a9c9675290d3cd5a6c07bbafdbd,434520,93675914400,6462,2025-11-12T18:59:39.000Z
https://doge.x420.dev,0x93109d14f6665a9c9675290d3cd5a6c07bbafdbd,434520,93675914400,6462,2025-11-12T18:59:39.000Z
https://onepiece.x420.dev,0x93109d14f6665a9c9675290d3cd5a6c07bbafdbd,434520,93675914400,6462,2025-11-12T18:59:39.000Z
https://run.x420.dev,0x93109d14f6665a9c9675290d3cd5a6c07bbafdbd,434520,93675914400,6462,2025-11-12T18:59:39.000Z
https://mga.x420.dev,0x93109d14f6665a9c9675290d3cd5a6c07bbafdbd,434520,93675914400,6462,2025-11-12T18:59:39.000Z
https://nine.x420.dev,0x93109d14f6665a9c9675290d3cd5a6c07bbafdbd,434520,93675914400,6462,2025-11-12T18:59:39.000Z
https://base.x420.dev,0x93109d14f6665a9c9675290d3cd5a6c07bbafdbd,434520,93675914400,6462,2025-11-12T18:59:39.000Z
https://bitcoin.x420.dev,0x93109d14f6665a9c9675290d3cd5a6c07bbafdbd,434520,93675914400,6462,2025-11-12T18:59:39.000Z
https://x420bot.x420.dev,0x93109d14f6665a9c9675290d3cd5a6c07bbafdbd,434520,93675914400,6462,2025-11-12T18:59:39.000Z
https://yaoming.x420.dev,0x93109d14f6665a9c9675290d3cd5a6c07bbafdbd,434520,93675914400,6462,2025-11-12T18:59:39.000Z
https://kale.x420.app,0x93109d14f6665a9c9675290d3cd5a6c07bbafdbd,434520,93675914400,6462,2025-11-12T18:59:39.000Z
https://free.x420.dev,0x93109d14f6665a9c9675290d3cd5a6c07bbafdbd,434520,93675914400,6462,2025-11-12T18:59:39.000Z
https://test9999.x420.dev,0x93109d14f6665a9c9675290d3cd5a6c07bbafdbd,434520,93675914400,6462,2025-11-12T18:59:39.000Z
https://bald.x420.dev,0x93109d14f6665a9c9675290d3cd5a6c07bbafdbd,434520,93675914400,6462,2025-11-12T18:59:39.000Z
https://mz.x420.dev,0x93109d14f6665a9c9675290d3cd5a6c07bbafdbd,434520,93675914400,6462,2025-11-12T18:59:39.000Z
https://x420.x420.dev,0x93109d14f6665a9c9675290d3cd5a6c07bbafdbd,434520,93675914400,6462,2025-11-12T18:59:39.000Z
https://bnb.x420.dev,0x93109d14f6665a9c9675290d3cd5a6c07bbafdbd,434520,93675914400,6462,2025-11-12T18:59:39.000Z
https://rollak.x420.dev,0x93109d14f6665a9c9675290d3cd5a6c07bbafdbd,434520,93675914400,6462,2025-11-12T18:59:39.000Z
https://faker.x420.dev,0x93109d14f6665a9c9675290d3cd5a6c07bbafdbd,434520,93675914400,6462,2025-11-12T18:59:39.000Z
https://x105.x420.dev,0x93109d14f6665a9c9675290d3cd5a6c07bbafdbd,434520,93675914400,6462,2025-11-12T18:59:39.000Z
https://dir.x420.dev,0x93109d14f6665a9c9675290d3cd5a6c07bbafdbd,434520,93675914400,6462,2025-11-12T18:59:39.000Z
https://jlkjljlk.x420.dev,0x93109d14f6665a9c9675290d3cd5a6c07bbafdbd,434520,93675914400,6462,2025-11-12T18:59:39.000Z
https://one.x420.dev,0x93109d14f6665a9c9675290d3cd5a6c07bbafdbd,434520,93675914400,6462,2025-11-12T18:59:39.000Z
https://flash.x420.dev,0x93109d14f6665a9c9675290d3cd5a6c07bbafdbd,434520,93675914400,6462,2025-11-12T18:59:39.000Z
https://build.x420.dev,0x93109d14f6665a9c9675290d3cd5a6c07bbafdbd,434520,93675914400,6462,2025-11-12T18:59:39.000Z
https://dream.x420.dev,0x93109d14f6665a9c9675290d3cd5a6c07bbafdbd,434520,93675914400,6462,2025-11-12T18:59:39.000Z
https://schzoagn.x420.dev,0x93109d14f6665a9c9675290d3cd5a6c07bbafdbd,434520,93675914400,6462,2025-11-12T18:59:39.000Z
https://usd1.x420.dev,0x93109d14f6665a9c9675290d3cd5a6c07bbafdbd,434520,93675914400,6462,2025-11-12T18:59:39.000Z
https://mon.x420.dev,0x93109d14f6665a9c9675290d3cd5a6c07bbafdbd,434520,93675914400,6462,2025-11-12T18:59:39.000Z
https://x420dog.x420.dev,0x93109d14f6665a9c9675290d3cd5a6c07bbafdbd,434520,93675914400,6462,2025-11-12T18:59:39.000Z
https://gun.x420.dev,0x93109d14f6665a9c9675290d3cd5a6c07bbafdbd,434520,93675914400,6462,2025-11-12T18:59:39.000Z
https://frogs.x420.dev,0x93109d14f6665a9c9675290d3cd5a6c07bbafdbd,434520,93675914400,6462,2025-11-12T18:59:39.000Z
https://pepe.x420.dev,0x93109d14f6665a9c9675290d3cd5a6c07bbafdbd,434520,93675914400,6462,2025-11-12T18:59:39.000Z
https://www.x420.dev,0x93109d14f6665a9c9675290d3cd5a6c07bbafdbd,434520,93675914400,6462,2025-11-12T18:59:39.000Z
https://x420.dev,0x93109d14f6665a9c9675290d3cd5a6c07bbafdbd,434520,93675914400,6462,2025-11-12T18:59:39.000Z
https://shiba.x420.dev,0x93109d14f6665a9c9675290d3cd5a6c07bbafdbd,434520,93675914400,6462,2025-11-12T18:59:39.000Z
https://42069.x420.dev,0x93109d14f6665a9c9675290d3cd5a6c07bbafdbd,434520,93675914400,6462,2025-11-12T18:59:39.000Z
https://chill.x420.dev,0x93109d14f6665a9c9675290d3cd5a6c07bbafdbd,434520,93675914400,6462,2025-11-12T18:59:39.000Z
https://aaaaaaaa.x420.dev,0x93109d14f6665a9c9675290d3cd5a6c07bbafdbd,434520,93675914400,6462,2025-11-12T18:59:39.000Z
https://befun.x420.dev,0x93109d14f6665a9c9675290d3cd5a6c07bbafdbd,434520,93675914400,6462,2025-11-12T18:59:39.000Z
https://fish.x420.dev,0x93109d14f6665a9c9675290d3cd5a6c07bbafdbd,434520,93675914400,6462,2025-11-12T18:59:39.000Z
https://zoco.x420.dev,0x93109d14f6665a9c9675290d3cd5a6c07bbafdbd,434520,93675914400,6462,2025-11-12T18:59:39.000Z
https://im.x420.dev,0x93109d14f6665a9c9675290d3cd5a6c07bbafdbd,434520,93675914400,6462,2025-11-12T18:59:39.000Z
https://ppl.x420.dev,0x93109d14f6665a9c9675290d3cd5a6c07bbafdbd,434520,93675914400,6462,2025-11-12T18:59:39.000Z
https://infiy.x420.dev,0x93109d14f6665a9c9675290d3cd5a6c07bbafdbd,434520,93675914400,6462,2025-11-12T18:59:39.000Z
https://x8004.x420.dev,0x93109d14f6665a9c9675290d3cd5a6c07bbafdbd,434520,93675914400,6462,2025-11-12T18:59:39.000Z
https://lfg.x420.dev,0x93109d14f6665a9c9675290d3cd5a6c07bbafdbd,434520,93675914400,6462,2025-11-12T18:59:39.000Z
https://mamdani.x420.dev,0x93109d14f6665a9c9675290d3cd5a6c07bbafdbd,434520,93675914400,6462,2025-11-12T18:59:39.000Z
https://onefaith.x420.dev,0x93109d14f6665a9c9675290d3cd5a6c07bbafdbd,434520,93675914400,6462,2025-11-12T18:59:39.000Z
https://sin.x420.dev,0x93109d14f6665a9c9675290d3cd5a6c07bbafdbd,434520,93675914400,6462,2025-11-12T18:59:39.000Z
https://snek.x420.dev,0x93109d14f6665a9c9675290d3cd5a6c07bbafdbd,434520,93675914400,6462,2025-11-12T18:59:39.000Z
https://babydoge.x420.dev,0x93109d14f6665a9c9675290d3cd5a6c07bbafdbd,434520,93675914400,6462,2025-11-12T18:59:39.000Z
https://bhm.x420.dev,0x93109d14f6665a9c9675290d3cd5a6c07bbafdbd,434520,93675914400,6462,2025-11-12T18:59:39.000Z
https://catc.x420.dev,0x93109d14f6665a9c9675290d3cd5a6c07bbafdbd,434520,93675914400,6462,2025-11-12T18:59:39.000Z
https://angry.x420.dev,0x93109d14f6665a9c9675290d3cd5a6c07bbafdbd,434520,93675914400,6462,2025-11-12T18:59:39.000Z
https://stars.x420.dev,0x93109d14f6665a9c9675290d3cd5a6c07bbafdbd,434520,93675914400,6462,2025-11-12T18:59:39.000Z
https://vot.x420.dev,0x93109d14f6665a9c9675290d3cd5a6c07bbafdbd,434520,93675914400,6462,2025-11-12T18:59:39.000Z
https://dev.x420.dev,0x93109d14f6665a9c9675290d3cd5a6c07bbafdbd,434520,93675914400,6462,2025-11-12T18:59:39.000Z
https://ld.x420.dev,0x93109d14f6665a9c9675290d3cd5a6c07bbafdbd,434520,93675914400,6462,2025-11-12T18:59:39.000Z
https://fine.x420.dev,0x93109d14f6665a9c9675290d3cd5a6c07bbafdbd,434520,93675914400,6462,2025-11-12T18:59:39.000Z
https://chewdoge.x420.dev,0x93109d14f6665a9c9675290d3cd5a6c07bbafdbd,434520,93675914400,6462,2025-11-12T18:59:39.000Z
https://pr.x420.dev,0x93109d14f6665a9c9675290d3cd5a6c07bbafdbd,434520,93675914400,6462,2025-11-12T18:59:39.000Z
https://irc.x420.dev,0x93109d14f6665a9c9675290d3cd5a6c07bbafdbd,434520,93675914400,6462,2025-11-12T18:59:39.000Z
https://kum.x420.dev,0x93109d14f6665a9c9675290d3cd5a6c07bbafdbd,434520,93675914400,6462,2025-11-12T18:59:39.000Z
https://world.x420.dev,0x93109d14f6665a9c9675290d3cd5a6c07bbafdbd,434520,93675914400,6462,2025-11-12T18:59:39.000Z
https://munch.x420.dev,0x93109d14f6665a9c9675290d3cd5a6c07bbafdbd,434520,93675914400,6462,2025-11-12T18:59:39.000Z
https://kale.x420.dev,0x93109d14f6665a9c9675290d3cd5a6c07bbafdbd,434520,93675914400,6462,2025-11-12T18:59:39.000Z
https://api.ping.observer,0xd85c31854c2b0fb40aaa9e2fc4da23c21f829d46,433867,420958102900,76812,2025-11-15T13:34:51.000Z
https://api.ping.observer,0x1ac109eb7a517b8f53dc92fa0509df65c999f79c,433867,420958102900,76812,2025-11-15T13:34:51.000Z
https://api.ping.observer,0x5bf8b3107f111565229dabdbf8d6ed2e1c8e5986,433867,420958102900,76812,2025-11-15T13:34:51.000Z
https://api.ping.observer,0x31fedf52c95f7bc7fd865b89e8ce52e20e6c88eb,433867,420958102900,76812,2025-11-15T13:34:51.000Z
https://ue1xscho.nx.link,0xd85c31854c2b0fb40aaa9e2fc4da23c21f829d46,433867,420958102900,76812,2025-11-15T13:34:51.000Z
https://ue1xscho.nx.link,0x1ac109eb7a517b8f53dc92fa0509df65c999f79c,433867,420958102900,76812,2025-11-15T13:34:51.000Z
https://ue1xscho.nx.link,0x5bf8b3107f111565229dabdbf8d6ed2e1c8e5986,433867,420958102900,76812,2025-11-15T13:34:51.000Z
https://ue1xscho.nx.link,0x31fedf52c95f7bc7fd865b89e8ce52e20e6c88eb,433867,420958102900,76812,2025-11-15T13:34:51.000Z
https://vending-machine.heurist.xyz,0xca85edab3ede15059fdabf27d861a942196ccccf,422348,173240644000,2284,2026-01-16T02:23:17.000Z
https://nut402.vercel.app,0x941328ba462f729d4a0dab895f21bd69ad5b15e0,397125,59168295000,22140,2026-06-29T05:26:13.000Z
https://nut402.codenut.xyz,0x941328ba462f729d4a0dab895f21bd69ad5b15e0,397125,59168295000,22140,2026-06-29T05:26:13.000Z
https://x402.eddddy.com,0x9b4dc4f56ec94e629252db7990f885a414a26083,364593,366261000000,22407,2025-10-26T20:49:41.000Z
http://api.bipx402.com,0x9b4dc4f56ec94e629252db7990f885a414a26083,364593,366261000000,22407,2025-10-26T20:49:41.000Z
https://api.bipx402.com,0x9b4dc4f56ec94e629252db7990f885a414a26083,364593,366261000000,22407,2025-10-26T20:49:41.000Z
https://x402.twit.sh,0x9dba414637c611a16bea6f0796bfcbcbdc410df8,355524,62534499000,930,2026-07-02T03:55:03.000Z
http://402coin.xyz,0xdc365f7a21568e02280c7427065114fa914240bd,344524,348706120000,586,2025-10-30T14:40:59.000Z
https://mesh.heurist.xyz,0x7d9d1821d15b9e0b8ab98a058361233e255e405d,341455,8116173310,3577,2026-07-01T19:33:15.000Z
https://mesh.heurist.xyz,EAjHeMbh74YTddmTCWQ6PMXaR3fJPzKG9VEdKR4mPCcc,341455,8116173310,3577,2026-07-01T19:33:15.000Z
https://research.heurist.ai,0x7d9d1821d15b9e0b8ab98a058361233e255e405d,341455,8116173310,3577,2026-07-01T19:33:15.000Z
https://research.heurist.ai,EAjHeMbh74YTddmTCWQ6PMXaR3fJPzKG9VEdKR4mPCcc,341455,8116173310,3577,2026-07-01T19:33:15.000Z
https://mint.memebox.cc,0xbbb628c6af68523f4d323fdb774909bb0d598f95,300344,3175520000,278,2026-03-14T02:01:39.000Z
https://mint.memebox.cc,0x3121827110c48756c1422060a38282419105af5b,300344,3175520000,278,2026-03-14T02:01:39.000Z
https://x402.mode.network,0xe19c32d82d4cfb9d121fa04f9d22b11648f320f5,296838,296838000,21,2026-02-23T20:37:25.000Z
https://echo.router.merit.systems,0x034128338730855a835a4ab9c16a0fbd27441b0f,293304,56359715742,1614,2026-06-21T05:00:37.000Z
https://x402wai.wtf,0xb8fa3968255794b089756bdf1850f37c3a8e65b6,280936,39936000000,15016,2025-11-01T16:32:31.000Z
https://www.x402punks.wtf,0x49ef46bda2288e1ebc9dfe3a21d8a9154ab14cd5,277482,53905600000,10906,2026-06-12T04:42:17.000Z
https://api-x402.world.fun,0x86fa14c0edcaa2966e1c2c7a1eb20bea0af09537,272708,486129320,492,2026-04-18T14:26:47.000Z
https://public.zapper.xyz,0x43a2a720cd0911690c248075f4a29a5e7716f758,270936,571111300,202,2026-07-02T03:21:01.000Z
https://mint.x402mfers.com,0x90a03b43b39305439c49897e181b41a5c98dfb18,249435,2289254000,32,2025-11-12T09:44:53.000Z
https://www.slotx402.fun,0x089127f34ff7c55cec0a92ce4c386b9962ef204b,229092,770226000000,12189,2025-10-29T13:05:41.000Z
https://api.clusterprotocol.ai,0x68396bd35874695ad86cd29410bd80a550991a2b,212052,16419663000,726,2026-07-02T03:13:23.000Z
https://api.spac402.xyz,0x2e9be76f7a90b796f3b33f6b2056e0b869a6e86c,210570,210570000000,1376,2025-11-02T00:11:39.000Z
https://launch.402rush.fun,0x0b282f1f49a4674769577cd21ed22be29166eb6f,177707,178619040000,11649,2025-10-29T14:52:25.000Z
https://launch.402rush.fun,0x568eb29964eeed6242154d848e6bd3c7ffece7ad,177707,178619040000,11649,2025-10-29T14:52:25.000Z
https://launch.402rush.fun,0x775d0af040d684040d7162b314ab76ddca27561d,177707,178619040000,11649,2025-10-29T14:52:25.000Z
http://sol.blockrun.ai,AQqnMFBwGZEoti85aTVRy8XYpKrho7GaMDx9ZB3CEeKA,171931,12222587385,582,2026-07-02T01:26:51.000Z
http://sol.blockrun.ai,CtJTYWPQSL5jw9B2JRHmpQjYCSSgUX3LRvmMBhq55HmQ,171931,12222587385,582,2026-07-02T01:26:51.000Z
https://sol.blockrun.ai,AQqnMFBwGZEoti85aTVRy8XYpKrho7GaMDx9ZB3CEeKA,171931,12222587385,582,2026-07-02T01:26:51.000Z
https://sol.blockrun.ai,CtJTYWPQSL5jw9B2JRHmpQjYCSSgUX3LRvmMBhq55HmQ,171931,12222587385,582,2026-07-02T01:26:51.000Z
https://math.matrix402.com,0xb7fc5424d2743ea299fb4a0ee0de6ce74d320d88,168614,168614000000,1196,2025-10-31T16:15:19.000Z
https://api.matrix402.com,0xb7fc5424d2743ea299fb4a0ee0de6ce74d320d88,168614,168614000000,1196,2025-10-31T16:15:19.000Z
https://defi.hugen.tokyo,0x29322ea7ecb34aa6164cb2ddeb9ce650902e4f60,163780,5101806000,1114,2026-07-02T03:43:19.000Z
https://content-dx.hugen.tokyo,0x29322ea7ecb34aa6164cb2ddeb9ce650902e4f60,163780,5101806000,1114,2026-07-02T03:43:19.000Z
https://content.hugen.tokyo,0x29322ea7ecb34aa6164cb2ddeb9ce650902e4f60,163780,5101806000,1114,2026-07-02T03:43:19.000Z
https://defi-dx.hugen.tokyo,0x29322ea7ecb34aa6164cb2ddeb9ce650902e4f60,163780,5101806000,1114,2026-07-02T03:43:19.000Z
https://discovery.hugen.tokyo,0x29322ea7ecb34aa6164cb2ddeb9ce650902e4f60,163780,5101806000,1114,2026-07-02T03:43:19.000Z
https://domain-dx.hugen.tokyo,0x29322ea7ecb34aa6164cb2ddeb9ce650902e4f60,163780,5101806000,1114,2026-07-02T03:43:19.000Z
https://domain.hugen.tokyo,0x29322ea7ecb34aa6164cb2ddeb9ce650902e4f60,163780,5101806000,1114,2026-07-02T03:43:19.000Z
https://gotobi.hugen.tokyo,0x29322ea7ecb34aa6164cb2ddeb9ce650902e4f60,163780,5101806000,1114,2026-07-02T03:43:19.000Z
https://intel-dx.hugen.tokyo,0x29322ea7ecb34aa6164cb2ddeb9ce650902e4f60,163780,5101806000,1114,2026-07-02T03:43:19.000Z
https://intel.hugen.tokyo,0x29322ea7ecb34aa6164cb2ddeb9ce650902e4f60,163780,5101806000,1114,2026-07-02T03:43:19.000Z
https://scout-dx.hugen.tokyo,0x29322ea7ecb34aa6164cb2ddeb9ce650902e4f60,163780,5101806000,1114,2026-07-02T03:43:19.000Z
https://mailcheck-dx.hugen.tokyo,0x29322ea7ecb34aa6164cb2ddeb9ce650902e4f60,163780,5101806000,1114,2026-07-02T03:43:19.000Z
https://mailcheck.hugen.tokyo,0x29322ea7ecb34aa6164cb2ddeb9ce650902e4f60,163780,5101806000,1114,2026-07-02T03:43:19.000Z
https://visual-dx.hugen.tokyo,0x29322ea7ecb34aa6164cb2ddeb9ce650902e4f60,163780,5101806000,1114,2026-07-02T03:43:19.000Z
https://visual.hugen.tokyo,0x29322ea7ecb34aa6164cb2ddeb9ce650902e4f60,163780,5101806000,1114,2026-07-02T03:43:19.000Z
https://weather-dx.hugen.tokyo,0x29322ea7ecb34aa6164cb2ddeb9ce650902e4f60,163780,5101806000,1114,2026-07-02T03:43:19.000Z
https://cot.hugen.tokyo,0x29322ea7ecb34aa6164cb2ddeb9ce650902e4f60,163780,5101806000,1114,2026-07-02T03:43:19.000Z
https://whale.hugen.tokyo,0x29322ea7ecb34aa6164cb2ddeb9ce650902e4f60,163780,5101806000,1114,2026-07-02T03:43:19.000Z
https://tick.hugen.tokyo,0x29322ea7ecb34aa6164cb2ddeb9ce650902e4f60,163780,5101806000,1114,2026-07-02T03:43:19.000Z
https://weather.hugen.tokyo,0x29322ea7ecb34aa6164cb2ddeb9ce650902e4f60,163780,5101806000,1114,2026-07-02T03:43:19.000Z
https://scout.hugen.tokyo,0x29322ea7ecb34aa6164cb2ddeb9ce650902e4f60,163780,5101806000,1114,2026-07-02T03:43:19.000Z
http://p01--x402-pepe--jlqhr9wl7sxr.code.run,0x60423e4743f7750c6001bbd1dd0f9ee4dfb7eebf,152130,152184000000,6288,2025-10-27T09:47:49.000Z
https://x402pepe.xyz,0x60423e4743f7750c6001bbd1dd0f9ee4dfb7eebf,152130,152184000000,6288,2025-10-27T09:47:49.000Z
https://www.x402pepe.xyz,0x60423e4743f7750c6001bbd1dd0f9ee4dfb7eebf,152130,152184000000,6288,2025-10-27T09:47:49.000Z
https://mint.402.dog,0xd0cb638def525c1b1734c4925c280386a9211f5c,151742,251891750000,4280,2025-11-28T22:50:01.000Z
https://api.x420.dog,0xd0cb638def525c1b1734c4925c280386a9211f5c,151742,251891750000,4280,2025-11-28T22:50:01.000Z
https://payai.402.dog,0xd0cb638def525c1b1734c4925c280386a9211f5c,151742,251891750000,4280,2025-11-28T22:50:01.000Z
https://coinbase.402.dog,0xd0cb638def525c1b1734c4925c280386a9211f5c,151742,251891750000,4280,2025-11-28T22:50:01.000Z
https://api.minebean.com,0x78f993378ff7890daac1689f79e7db2291e73928,127522,12752200000,24,2026-07-01T08:38:09.000Z
http://api.polymer.zone,0x66c40946b0dffd04be467e18309857307ecd37cb,120855,11714574000,15,2026-07-02T03:54:25.000Z
https://api.polymer.zone,0x66c40946b0dffd04be467e18309857307ecd37cb,120855,11714574000,15,2026-07-02T03:54:25.000Z
https://agentic.eternalai.org,0x69372c520d467d4bd7f82ea93801a9cf133a48e9,108257,2042248320,617,2025-12-24T07:22:17.000Z
https://agentic.eternalai.org,0x145e95367d1524505bf44e9589a34b1ea62983c5,108257,2042248320,617,2025-12-24T07:22:17.000Z
https://agentic.eternalai.org,0xa247ff4b7115e8c5c67ad0a295310ae13e6081ea,108257,2042248320,617,2025-12-24T07:22:17.000Z
https://agentic.eternalai.org,0xa9adeceeb4276caac2e264686447893c7fb56149,108257,2042248320,617,2025-12-24T07:22:17.000Z
https://www.runeswap.com,0xde38aa71a304492bfbd5af0862fa97922359f1aa,104980,17483125000,21990,2025-11-13T09:31:21.000Z
https://open.x402.host,0x97316fa4730bc7d3b295234f8e4d04a0a4c093e8,104682,890192300,179,2026-02-19T01:06:47.000Z
https://open.x402.host,0x9a08ec748e5e71387d109a9478d076170f7f722d,104682,890192300,179,2026-02-19T01:06:47.000Z
http://open.x402.host,0x97316fa4730bc7d3b295234f8e4d04a0a4c093e8,104682,890192300,179,2026-02-19T01:06:47.000Z
http://open.x402.host,0x9a08ec748e5e71387d109a9478d076170f7f722d,104682,890192300,179,2026-02-19T01:06:47.000Z
https://vivisectional-sid-uncontrollably.ngrok-free.dev,0xbe77b857cf35cb4adebdbfd73df89410c8aa6213,100038,100038000000,2406,2025-10-26T03:35:01.000Z
https://pay.boo402.xyz,0xbe77b857cf35cb4adebdbfd73df89410c8aa6213,100038,100038000000,2406,2025-10-26T03:35:01.000Z
http://stonk-x402.xyz,0xfdc73317d5beefd8dd6953c0426f0c65ea747841,99889,98656450000,3649,2025-10-30T15:15:21.000Z
https://stonk-x402.xyz,0xfdc73317d5beefd8dd6953c0426f0c65ea747841,99889,98656450000,3649,2025-10-30T15:15:21.000Z
https://x404labs.xyz,0x87238b76dbd8d1d4e789f31fd183f88492b8f5ee,95700,10366500000,11397,2025-11-01T16:01:01.000Z
https://mpp.hyreagent.fun,7G73PLhKvAPBGTzG5ESAE4coE7QrVeTTKfhTxQZbyGgC,86265,1579306800,240,2026-07-02T03:20:17.000Z
https://api.oatp.cc,0x5d6df6b10c54617dac4bf9993ad9fa384b7b36d3,84400,19933000000,5220,2026-06-23T16:11:04.000Z
https://api.oatp.cc,AbbuSAH5Ur4a47KSVEzy4dP4wvLY8DSvdQDbJuJjiWfW,84400,19933000000,5220,2026-06-23T16:11:04.000Z
https://api.x402mrkt.com,0x0b55712de2ce8f93be30d53c03d48ea275cd14d0,84222,9325154000,58,2025-11-02T15:36:07.000Z
https://api.exa.ai,0x6d6e695b09861467c7d462f5aaf31cf3540b9192,79871,557385000,515,2026-07-02T03:33:53.000Z
https://api.10ssoon.com,0xbdbddbed6360e45a7fe0550a9a4f1fae4c5074e7,72996,72996000000,6853,2025-11-13T03:38:57.000Z
https://402.tech,0x381ed7205ed3b27c74c12e176f25cdcdec34d888,67086,5806498500,175,2025-11-15T18:37:25.000Z
https://402.tech,0x38eb82bec9f95b1ffe2c7a6b915b8514a125fd72,67086,5806498500,175,2025-11-15T18:37:25.000Z
https://merx.exchange,0xc3a8008790dcc37e51943968005af92761b6feff,66358,663562000,1318,2026-06-22T05:17:53.000Z
https://x402.clashofcoins.com,0x8b29dabd6fbb5a09dacbc7978eaed66a8540721d,62782,5109410000,1027,2026-07-01T08:39:19.000Z
https://x402.clashofcoins.com,0x93862e5b2b1fa10a01772e7e9ca7cdc7deb5ca25,62782,5109410000,1027,2026-07-01T08:39:19.000Z
https://agentlayer.xyz,0x43c805cbdaed097dbbcde780d69a5afe80677cb4,61635,13134900000,10494,2026-01-11T08:27:15.000Z
https://api.nansen.ai,0x93053f1e7a5efeda532fe69cbbe43cbec3a0f13f,61061,1649450000,607,2026-07-02T03:34:01.000Z
https://api.nansen.ai,J7ZvJEspvwP1oRxQZ7mYmNmT22NTm3GWq3t7HEbvPZYx,61061,1649450000,607,2026-07-02T03:34:01.000Z
https://www.cultx402.xyz,0x31d9da5528999e222f73579380a476847a8ace71,60663,370158600,96,2025-11-03T14:45:59.000Z
https://womp.wtf,0x439860417871ee23212527b24fb538553ff5af3c,59516,57982490000,1621,2025-10-30T14:09:29.000Z
https://www.daram402.me,0xe25b1b2a8328f07d93f7d436f3375be4f4def8cf,59310,59472000000,10094,2025-10-27T14:50:17.000Z
https://daram402.me,0xe25b1b2a8328f07d93f7d436f3375be4f4def8cf,59310,59472000000,10094,2025-10-27T14:50:17.000Z
https://dev-api2.slinkylayer.ai,0x4f4beb658084d7bd7ea0b6f74dbf6e99f93d422d,58964,3446154000,14956,2026-07-01T16:41:03.000Z
https://x402.slinkylayer.ai,0x4f4beb658084d7bd7ea0b6f74dbf6e99f93d422d,58964,3446154000,14956,2026-07-01T16:41:03.000Z
https://pingpong.fun,0x5da66d663d8388d2bc085b165d22d4798e51aecb,56308,6889007200,520,2025-11-01T02:52:53.000Z
https://pingpong.auction,0x5da66d663d8388d2bc085b165d22d4798e51aecb,56308,6889007200,520,2025-11-01T02:52:53.000Z
https://api.deepnets.ai,Bn7sLNmcL9ru5kt9gNwVn8e8Sx912dBTxiUBNiwjbiY8,56294,1215000000,105,2026-07-02T03:19:29.000Z
https://surf.cascade.fyi,0x6cf3c69ef61b7e257e63d064d721574e28998508,53444,327805900,224,2026-07-02T01:31:03.000Z
https://surf.cascade.fyi,Fo2EYEYbnJTNnBnbAgnjnG1c2fixpFn1vSUUHSeoHhRP,53444,327805900,224,2026-07-02T01:31:03.000Z
https://origin-mcp.fly.dev,0xb2e03d4aaca935fe1fa512e483edbda012d0dbb0,47884,48320000,68,2026-06-30T02:21:15.000Z
https://protocol.origindao.ai,0xb2e03d4aaca935fe1fa512e483edbda012d0dbb0,47884,48320000,68,2026-06-30T02:21:15.000Z
https://origin-exchange.fly.dev,0xb2e03d4aaca935fe1fa512e483edbda012d0dbb0,47884,48320000,68,2026-06-30T02:21:15.000Z
https://x402nft.fun,0x0a51219d1a80213769ec6d79927604492a86b129,45868,4770436000,430,2025-11-01T19:16:51.000Z
https://api.syraa.fun,53JhuF8bgxvUQ59nDG6kWs4awUQYCS3wswQmUsV5uC7t,44522,332278286,148,2026-07-01T18:28:17.000Z
https://api.syraa.fun,0xf9dcbff7eddd76c58412fd46f4160c96312ce734,44522,332278286,148,2026-07-01T18:28:17.000Z
https://x402zeroclick.com,0x45e3931cd308983c8cf0cf53d09e476292876faa,43192,80843392000,14856,2025-11-02T14:35:29.000Z
https://blockrun.ai,0x6e007731870ede419cfb31889cd5c4493cecb04c,42963,181931500,453,2026-07-02T03:45:07.000Z
https://blockrun.ai,0x058a5961fbe8cd8e4b47c69d3d82e159cb5d8f17,42963,181931500,453,2026-07-02T03:45:07.000Z
https://apinow.fun,0x9257cd24721e3c06e9f7655b77c283bcd9652132,42460,542887200,160,2026-07-01T05:27:33.000Z
https://gg402.vercel.app,0x9257cd24721e3c06e9f7655b77c283bcd9652132,42460,542887200,160,2026-07-01T05:27:33.000Z
http://gg402.vercel.app,0x9257cd24721e3c06e9f7655b77c283bcd9652132,42460,542887200,160,2026-07-01T05:27:33.000Z
http://xn--4kq65r55fm27d.com,0xf2873ae33de681d69f1675e961bb134e37984b2b,42356,41480660000,1256,2025-10-29T07:20:45.000Z
http://402coin.xyz,0xf2873ae33de681d69f1675e961bb134e37984b2b,42356,41480660000,1256,2025-10-29T07:20:45.000Z
https://api.itsgloria.ai,0xca1271e777c209e171826a681855351f4989cd0c,38108,708948000,436,2026-06-30T02:04:27.000Z
https://big-w.wtf,0x52e64c77bd7eb6c249791a6e4815de319f68e859,37388,36759350000,863,2025-10-30T07:36:55.000Z
https://api.neynar.com,0xa6a8736f18f383f1cc2d938576933e5ea7df01a1,36475,169513900,283,2026-07-02T02:22:47.000Z
https://api.loyalspark.online,0x40a8cdd6a10ec1a8cb3dfb2834675e7a2cf4ad8b,35391,242470000,76,2026-07-02T03:52:47.000Z
https://bzxmejzssxjazswgwqqs.supabase.co,0x40a8cdd6a10ec1a8cb3dfb2834675e7a2cf4ad8b,35391,242470000,76,2026-07-02T03:52:47.000Z
https://402bulls.xyz,0x4d89d2c8da27d80f32873ee2d10ab92e4c19396f,33387,118494000,28782,2025-11-10T15:16:39.000Z
https://x402-dapp-web.vercel.app,0x4d89d2c8da27d80f32873ee2d10ab92e4c19396f,33387,118494000,28782,2025-11-10T15:16:39.000Z
https://www.402bulls.xyz,0x4d89d2c8da27d80f32873ee2d10ab92e4c19396f,33387,118494000,28782,2025-11-10T15:16:39.000Z
https://www.basehub.fun,0x7d2ceb7a0e0c39a3d0f7b5b491659fde4bb7bcfe,32694,2757040000,1643,2026-07-02T03:32:21.000Z
https://basehub-alpha.vercel.app,0x7d2ceb7a0e0c39a3d0f7b5b491659fde4bb7bcfe,32694,2757040000,1643,2026-07-02T03:32:21.000Z
https://api.defibud.xyz,0x2a5075a5b7d8e652f2d6e103e1dd4130aae0f089,31500,31500000000,6621,2025-10-29T12:20:49.000Z
http://api.defibud.xyz,0x2a5075a5b7d8e652f2d6e103e1dd4130aae0f089,31500,31500000000,6621,2025-10-29T12:20:49.000Z
https://stableemail.dev,0xdb5aa553feeb2c3e3d03e8360b36fb0f7e480671,31387,1029560000,275,2026-07-02T03:07:59.000Z
https://stableemail.dev,HvBMG7ezcwDssxXP7DPJJsveyDnvUm2wNySBR5WF2XEY,31387,1029560000,275,2026-07-02T03:07:59.000Z
https://marketing.apitoai.xyz,0x7362b94b23ce9f6cf9ec8e08d0f00582b048b696,31317,1364286000,210,2026-05-16T12:52:43.000Z
https://crypto.402box.io,0x7362b94b23ce9f6cf9ec8e08d0f00582b048b696,31317,1364286000,210,2026-05-16T12:52:43.000Z
https://solopreneur.402box.io,0x7362b94b23ce9f6cf9ec8e08d0f00582b048b696,31317,1364286000,210,2026-05-16T12:52:43.000Z
https://agents.402box.io,0x7362b94b23ce9f6cf9ec8e08d0f00582b048b696,31317,1364286000,210,2026-05-16T12:52:43.000Z
https://expansion.402box.io,0x7362b94b23ce9f6cf9ec8e08d0f00582b048b696,31317,1364286000,210,2026-05-16T12:52:43.000Z
https://legal.402box.io,0x7362b94b23ce9f6cf9ec8e08d0f00582b048b696,31317,1364286000,210,2026-05-16T12:52:43.000Z
https://marketing.402box.io,0x7362b94b23ce9f6cf9ec8e08d0f00582b048b696,31317,1364286000,210,2026-05-16T12:52:43.000Z
https://app.cusethejuice.com,0xf9905a9c4784533c8cee3487b4546ed03126dca5,26358,154316491,3498,2026-07-01T17:18:21.000Z
https://betora.pro,0x81d66d42620f4ab9c1edd48299e030d17aef490e,24779,73240309000,10923,2025-10-28T14:42:09.000Z
https://api.xona-agent.com,9VaDVp1Wb78G4Wm6VuTiMrpESjrUymXefQTHcJGRSTEA,23932,2149823364,660,2026-07-02T00:37:50.000Z
https://x402.ottoai.services,0x0e84ddedaae6a779c462c22a59f301ec31b6b808,22550,128774000,904,2026-07-02T03:40:01.000Z
https://x402.ottoai.services,0x5bb4b0c766e0d5d791d9403fc275c22064709f68,22550,128774000,904,2026-07-02T03:40:01.000Z
https://x402-api.aubr.ai,0x44dc2dceaa22c7ef6b2e2cf2362fd3fb476b7c2c,22431,657260000,89,2026-07-01T05:14:13.000Z
http://x402.aubr.ai,0x44dc2dceaa22c7ef6b2e2cf2362fd3fb476b7c2c,22431,657260000,89,2026-07-01T05:14:13.000Z
https://x402.aubr.ai,0x44dc2dceaa22c7ef6b2e2cf2362fd3fb476b7c2c,22431,657260000,89,2026-07-01T05:14:13.000Z
https://api.moom-x402.fun,0x089883de0b1af1810ecdf4c1768d98479362b162,22230,22230000000,16322,2025-10-29T09:53:05.000Z
https://pong.ink,0xc3f88ba2bb817115ebd9084f12b3dc6bd57211d0,21686,198344300000,1437,2025-10-26T16:51:21.000Z
https://pong.ink,0x2ba62f69b18fa2fc4a01fd0b8c14219f7913c51c,21686,198344300000,1437,2025-10-26T16:51:21.000Z
https://pong.ink,0xd303022494902c15a40a66ff8650d64185fc8796,21686,198344300000,1437,2025-10-26T16:51:21.000Z
https://pong.ink,0x56de8185d693ac066e02f3fea8fe8cde88b79c62,21686,198344300000,1437,2025-10-26T16:51:21.000Z
https://www.x402doge.wtf,0xb910b205290dfade128f6d7c4d6f24552b060de9,21448,21448000000,17834,2025-11-01T23:51:47.000Z
https://api.molty.cash,0x8755a2faf86c9e3758450d703f8bbcada343c62e,20426,1094356497,65,2026-07-01T16:04:35.000Z
https://api.molty.cash,FWoD65bNMnYuvA4sjSokrJvTV61nUbPfAuxgjiGZtNT9,20426,1094356497,65,2026-07-01T16:04:35.000Z
https://api.x402mai.com,0xff337f57119a6481c9a74aa4b41e76b1d01c23e5,20230,202300000000,3538,2025-10-29T13:51:49.000Z
https://apis.x402mai.com,0xff337f57119a6481c9a74aa4b41e76b1d01c23e5,20230,202300000000,3538,2025-10-29T13:51:49.000Z
http://mint.baseland.space,0xa4750b8fa6b82899ae9fee569e83640f5f241f75,20141,20141000000,1299,2025-10-28T03:36:29.000Z
https://mint.baseland.cc,0xa4750b8fa6b82899ae9fee569e83640f5f241f75,20141,20141000000,1299,2025-10-28T03:36:29.000Z
https://mint.baseland.online,0xa4750b8fa6b82899ae9fee569e83640f5f241f75,20141,20141000000,1299,2025-10-28T03:36:29.000Z
https://mint.baseland.space,0xa4750b8fa6b82899ae9fee569e83640f5f241f75,20141,20141000000,1299,2025-10-28T03:36:29.000Z
https://api.booms.top,0x7d5a228c351cc4728880a198763ad8356a9a5edb,20073,20316000000,2412,2025-11-03T18:29:19.000Z
https://mint.800402.tech,0x1aa476f4b62b9dffd4d217c6ec6f3ef1cb0b462d,19128,19164000000,1700,2025-10-31T14:10:27.000Z
https://www.800402.tech,0x1aa476f4b62b9dffd4d217c6ec6f3ef1cb0b462d,19128,19164000000,1700,2025-10-31T14:10:27.000Z
https://x402-data-bazaar.vercel.app,0x348df429bd49a7506128c74ce1124a81b4b7dc9d,19012,621168000,164,2026-07-01T05:27:09.000Z
https://merc-trust.vercel.app,0x348df429bd49a7506128c74ce1124a81b4b7dc9d,19012,621168000,164,2026-07-01T05:27:09.000Z
https://x402.aurelianflo.com,0x348df429bd49a7506128c74ce1124a81b4b7dc9d,19012,621168000,164,2026-07-01T05:27:09.000Z
https://aurelianflo.com,0x348df429bd49a7506128c74ce1124a81b4b7dc9d,19012,621168000,164,2026-07-01T05:27:09.000Z
https://www.aurelianflo.com,0x348df429bd49a7506128c74ce1124a81b4b7dc9d,19012,621168000,164,2026-07-01T05:27:09.000Z
https://api.aurelianflo.com,0x348df429bd49a7506128c74ce1124a81b4b7dc9d,19012,621168000,164,2026-07-01T05:27:09.000Z
https://api.oddify.xyz,0xe9a1558d6c8177f97e8fd533ac7da2f04f1b48b5,18695,1408502000,205,2025-11-04T16:01:05.000Z
https://mcp.fortclaw.com,0xb0afd9d61bdeaaff2f1aaa4a37f78c6860c9c4f8,17510,23440060,23,2026-02-13T12:21:01.000Z
https://x402.agentutility.ai,0x6c0752c09e7f6fa6526fcdf40e456a159ebb5621,17318,394355000,190,2026-07-02T03:44:07.000Z
https://agents.allium.so,0x61fdbe66c1aeaf491b8e121c83070aa750ddcada,16390,83075200,31,2026-03-17T20:00:45.000Z
https://x402.gopluslabs.io,0xf823a3ed999132b27a5c95305e0559cdf208f4b2,15594,1568400000,38,2026-03-18T21:00:59.000Z
http://x402.gopluslabs.io,0xf823a3ed999132b27a5c95305e0559cdf208f4b2,15594,1568400000,38,2026-03-18T21:00:59.000Z
https://api.onesource.io,0x52e29e0d2aa49bfbfc548c0a9f2196f4aa51f3ea,15446,65006000,1743,2026-07-01T15:00:43.000Z
https://basex402.lol,0xdf5316acaeb7146668d9fae29d6c0d994ab23cb3,14789,290141124,39,2026-03-25T05:51:15.000Z
https://api.x-router.ai,0xeb4da07be74b26b2966b3cd07842cade70e47d53,14718,210267996,200,2026-07-02T03:45:55.000Z
https://stablestudio.io,0x07f067959297767c887dbfa3c72379c66e82a045,14676,5217468495,455,2026-07-02T01:23:25.000Z
https://stablestudio.dev,0x07f067959297767c887dbfa3c72379c66e82a045,14676,5217468495,455,2026-07-02T01:23:25.000Z
https://x402.payai.network,0xc6699d2aada6c36dfea5c248dd70f9cb0235cb63,14522,145166000,2136,2025-11-11T05:27:37.000Z
https://x402.getzoey.ai,0xc6699d2aada6c36dfea5c248dd70f9cb0235cb63,14522,145166000,2136,2025-11-11T05:27:37.000Z
https://x402.zeroresearch.ai,0xc6699d2aada6c36dfea5c248dd70f9cb0235cb63,14522,145166000,2136,2025-11-11T05:27:37.000Z
https://api.100xsoon.com,0xf114a1224e1a44ea65d7472d40dd53e8c45d5928,14516,100197470000,566,2026-06-16T08:48:17.000Z
https://api.100xsoon.com,0xc8e85a9917e94da95a487fe861171ceb40bc4ee4,14516,100197470000,566,2026-06-16T08:48:17.000Z
https://onchain-reputation-agent.arumam.engineer,0x892e4feed0128f11d486fd451aff4a78171c8748,14196,3071026884,68,2025-12-03T02:00:13.000Z
https://jatevo.ai,0x892e4feed0128f11d486fd451aff4a78171c8748,14196,3071026884,68,2025-12-03T02:00:13.000Z
https://onchain-reputation-agent-1.arumam.engineer,0x892e4feed0128f11d486fd451aff4a78171c8748,14196,3071026884,68,2025-12-03T02:00:13.000Z
https://gasroute-oracle-production.up.railway.app,0x892e4feed0128f11d486fd451aff4a78171c8748,14196,3071026884,68,2025-12-03T02:00:13.000Z
https://slippage-sentinel.vercel.app,0x892e4feed0128f11d486fd451aff4a78171c8748,14196,3071026884,68,2025-12-03T02:00:13.000Z
https://crossdex-arbitrage-alert.vercel.app,0x892e4feed0128f11d486fd451aff4a78171c8748,14196,3071026884,68,2025-12-03T02:00:13.000Z
https://onchain-agent.arumam.engineer,0x892e4feed0128f11d486fd451aff4a78171c8748,14196,3071026884,68,2025-12-03T02:00:13.000Z
https://connect.loomlay.com,0x9bea314659593ac6651a78931f1c1839737b3f9c,14142,840797672,6,2025-11-25T12:22:37.000Z
https://lowpaymentfee.com,0x1a2b13e97f5f837c8f9fa1f95a1484b7c70d85f3,13970,190870000,20,2026-06-01T15:17:57.000Z
https://api-beta.daydreams.systems,0xb308ed39d67d0d4bae5bc2faef60c66bbb6ae429,13881,4213577448,807,2026-02-03T04:17:47.000Z
https://agentone-production.up.railway.app,0xb308ed39d67d0d4bae5bc2faef60c66bbb6ae429,13881,4213577448,807,2026-02-03T04:17:47.000Z
https://tz-agent.daydreams.systems,0xb308ed39d67d0d4bae5bc2faef60c66bbb6ae429,13881,4213577448,807,2026-02-03T04:17:47.000Z
https://search.daydreams.systems,0xb308ed39d67d0d4bae5bc2faef60c66bbb6ae429,13881,4213577448,807,2026-02-03T04:17:47.000Z
https://summary-agent.daydreams.systems,0xb308ed39d67d0d4bae5bc2faef60c66bbb6ae429,13881,4213577448,807,2026-02-03T04:17:47.000Z
https://twitter-space-agent-production.up.railway.app,0xb308ed39d67d0d4bae5bc2faef60c66bbb6ae429,13881,4213577448,807,2026-02-03T04:17:47.000Z
https://twitter-servers.up.railway.app,0xb308ed39d67d0d4bae5bc2faef60c66bbb6ae429,13881,4213577448,807,2026-02-03T04:17:47.000Z
https://agent-production-0f54.up.railway.app,0xb308ed39d67d0d4bae5bc2faef60c66bbb6ae429,13881,4213577448,807,2026-02-03T04:17:47.000Z
https://financial-agent.daydreams.systems,0xb308ed39d67d0d4bae5bc2faef60c66bbb6ae429,13881,4213577448,807,2026-02-03T04:17:47.000Z
https://buffet.daydreams.systems,0xb308ed39d67d0d4bae5bc2faef60c66bbb6ae429,13881,4213577448,807,2026-02-03T04:17:47.000Z
http://agentsunday-production.up.railway.app,0xb308ed39d67d0d4bae5bc2faef60c66bbb6ae429,13881,4213577448,807,2026-02-03T04:17:47.000Z
https://socialx402.com,0xcfa26f13c6c18307033ece13bbb8f470da5b4dbe,13247,786263000,348,2026-07-02T03:37:39.000Z
https://socialx402.com,Ab4tooTiV5tWj5tiYHnw2t2p4QHcYjEMd4ZboB8JpF5q,13247,786263000,348,2026-07-02T03:37:39.000Z
https://stablesocial.dev,0xcfa26f13c6c18307033ece13bbb8f470da5b4dbe,13247,786263000,348,2026-07-02T03:37:39.000Z
https://stablesocial.dev,Ab4tooTiV5tWj5tiYHnw2t2p4QHcYjEMd4ZboB8JpF5q,13247,786263000,348,2026-07-02T03:37:39.000Z
https://api.agentlux.ai,0x2bd0aec63aa0fb17219fe7c7ea0f0b7d64b87625,13140,247641000,55,2026-06-18T06:06:47.000Z
https://api.agentlux.ai,0x7c4607cd62705198f2337b0b7e60c4bbe5594788,13140,247641000,55,2026-06-18T06:06:47.000Z
https://api.agentlux.ai,0xe7e5b0a02a7bbc3573a816cb3e1afe1500bbe241,13140,247641000,55,2026-06-18T06:06:47.000Z
https://mcp.goo.farm,0x000c9b32e9c724f742948f85eb48410978f99403,12946,410560000,308,2026-02-04T14:32:49.000Z
https://agentquant-1.onrender.com,0x758d2532ff6a304d1a0c2fdf46264590e4ef0637,12776,5521488030,167,2026-07-01T16:45:09.000Z
https://04dcqgnj.nx.link,0x758d2532ff6a304d1a0c2fdf46264590e4ef0637,12776,5521488030,167,2026-07-01T16:45:09.000Z
https://k293sctu.nx.link,0x758d2532ff6a304d1a0c2fdf46264590e4ef0637,12776,5521488030,167,2026-07-01T16:45:09.000Z
https://x402.api.netmind.ai,0x758d2532ff6a304d1a0c2fdf46264590e4ef0637,12776,5521488030,167,2026-07-01T16:45:09.000Z
https://qqc4j6ht.nx.link,0x758d2532ff6a304d1a0c2fdf46264590e4ef0637,12776,5521488030,167,2026-07-01T16:45:09.000Z
https://j7nchp9n.nx.link,0x758d2532ff6a304d1a0c2fdf46264590e4ef0637,12776,5521488030,167,2026-07-01T16:45:09.000Z
https://www.genbase.fun,0xf338bdd9ec443335b1c33ad3bb21a421a36f97ea,12632,2338120000,1594,2026-06-29T05:27:09.000Z
https://netintel-production-440c.up.railway.app,0xdadc335482ad545296fd7b28518a251ffcbeb9df,11965,103042000,167,2026-07-02T03:49:07.000Z
https://netintel.dev,0xdadc335482ad545296fd7b28518a251ffcbeb9df,11965,103042000,167,2026-07-02T03:49:07.000Z
https://tropir.xyz,EZXrXVFaP8uQEf4k8eLKJ65fNCwrgthkjYqEikjiUN5G,11898,13608000000,500,2025-12-01T22:21:23.000Z
https://402-server.pinata-marketing-enterprise.workers.dev,0xc900f41481b4f7c612af9ce3b1d16a7a1b6bd96e,11863,19724100,107,2026-06-18T17:15:05.000Z
https://api.octav.fi,0x35bdde2e5f25418c4a630751603c991138af5253,11613,290325000,90,2026-06-20T04:58:07.000Z
https://pinionos.com,0x101cd32b9beee93845ead7bc604a5f1873330acf,11612,716060000,3156,2026-02-28T18:08:05.000Z
https://web.surf.cascade.fyi,0xdd6090df24e88caf558839584dd53bcef79c6338,10626,33482000,59,2026-06-05T16:54:53.000Z
https://twitter.surf.cascade.fyi,0xdd6090df24e88caf558839584dd53bcef79c6338,10626,33482000,59,2026-06-05T16:54:53.000Z
https://reddit.surf.cascade.fyi,0xdd6090df24e88caf558839584dd53bcef79c6338,10626,33482000,59,2026-06-05T16:54:53.000Z
https://inference.surf.cascade.fyi,0xdd6090df24e88caf558839584dd53bcef79c6338,10626,33482000,59,2026-06-05T16:54:53.000Z
https://api.luckyx402.com,0xcfff3a96d4187862ab198abcf32764e901d3f478,10475,137720180000,1204,2025-11-01T15:56:37.000Z
https://api.luckyx402.com,0x78beebc8136321a1e037d0c7cd508ebc9591f620,10475,137720180000,1204,2025-11-01T15:56:37.000Z
http://api.luckyx402.com,0xcfff3a96d4187862ab198abcf32764e901d3f478,10475,137720180000,1204,2025-11-01T15:56:37.000Z
http://api.luckyx402.com,0x78beebc8136321a1e037d0c7cd508ebc9591f620,10475,137720180000,1204,2025-11-01T15:56:37.000Z
https://jumpad.fun,0x61710d4ebb9bdeb1585461a76aa275700d90428e,10391,89152020000,1643,2025-11-15T13:27:09.000Z
https://jumpad.fun,0xe1df6968935328ccc7259c2063411a8035ef87c7,10391,89152020000,1643,2025-11-15T13:27:09.000Z
https://x402.onchainexpat.com,0xd8ba61a0b0974db0ec8e325c7628470526558e9b,10387,979160000,229,2026-07-01T08:47:25.000Z
https://x402.onchainexpat.com,CcYVS3Jbb1JnE8xSpQQmkBWy3ttKadUmqAzNo52HeUMJ,10387,979160000,229,2026-07-01T08:47:25.000Z
https://padelmaps.org,0xd8ba61a0b0974db0ec8e325c7628470526558e9b,10387,979160000,229,2026-07-01T08:47:25.000Z
https://padelmaps.org,CcYVS3Jbb1JnE8xSpQQmkBWy3ttKadUmqAzNo52HeUMJ,10387,979160000,229,2026-07-01T08:47:25.000Z
https://x402-api.heyelsa.ai,0xecb6175395806a3781ae7e5bae6d0abcb214ee4d,10378,95766000,4176,2026-02-02T10:29:35.000Z
https://basex402.ai,0x4c15cf7ccd50964ce823d204b34fff1c265e2633,10214,10214000000,10072,2026-06-20T05:11:01.000Z
https://nexwave.so,7RPNsA1PotVJhaAnKcBoydNgbx7YsN9kH8VBJa2g8EW9,9469,9469000,1,2026-04-30T02:45:10.000Z
https://mtest-production-78d5.up.railway.app,0xddc65ea0b4c4a7b3845d88f96f02a85dea248b7f,9142,91282870000,385,2025-10-26T15:21:17.000Z
https://mint.x402cloud.xyz,0xddc65ea0b4c4a7b3845d88f96f02a85dea248b7f,9142,91282870000,385,2025-10-26T15:21:17.000Z
https://server.r1xlabs.com,0x0d644cfe30f0777ccca6563618d9519d6b8979ac,9020,627100000,416,2025-11-11T21:47:35.000Z
https://wolframalpha.x402.paysponge.com,0x6302d9e6dbb22fec3c350551568bb39b4b35ad57,8894,161450984,662,2026-07-02T03:45:49.000Z
https://wolframalpha.x402.paysponge.com,9246XrsAEKH6hAyEQe5PvdpUL1p5Ktj9c7ySnwQn6ois,8894,161450984,662,2026-07-02T03:45:49.000Z
https://2captcha.x402.paysponge.com,0x6302d9e6dbb22fec3c350551568bb39b4b35ad57,8894,161450984,662,2026-07-02T03:45:49.000Z
https://2captcha.x402.paysponge.com,9246XrsAEKH6hAyEQe5PvdpUL1p5Ktj9c7ySnwQn6ois,8894,161450984,662,2026-07-02T03:45:49.000Z
https://api.paysponge.com,0x6302d9e6dbb22fec3c350551568bb39b4b35ad57,8894,161450984,662,2026-07-02T03:45:49.000Z
https://api.paysponge.com,9246XrsAEKH6hAyEQe5PvdpUL1p5Ktj9c7ySnwQn6ois,8894,161450984,662,2026-07-02T03:45:49.000Z
https://deepbluebase.xyz,0x47ffc880cff2e8f18fd9567fab5a1fbd217b5552,8769,252240000,339,2026-05-30T04:51:05.000Z
https://api.deepbluebase.xyz,0x47ffc880cff2e8f18fd9567fab5a1fbd217b5552,8769,252240000,339,2026-05-30T04:51:05.000Z
https://basehope.org,0xb7e215aa9dcf1bde07a967591c33f37e1a8e1c4c,8618,37122000000,3648,2025-10-31T02:51:51.000Z
https://402-kappa.vercel.app,0xb7e215aa9dcf1bde07a967591c33f37e1a8e1c4c,8618,37122000000,3648,2025-10-31T02:51:51.000Z
http://402-five.vercel.app,0xb7e215aa9dcf1bde07a967591c33f37e1a8e1c4c,8618,37122000000,3648,2025-10-31T02:51:51.000Z
https://402-five.vercel.app,0xb7e215aa9dcf1bde07a967591c33f37e1a8e1c4c,8618,37122000000,3648,2025-10-31T02:51:51.000Z
https://stabletravel.dev,0xdd257723b86b4947483905cdacbbbc70facf2ec0,8593,179038880,351,2026-07-02T03:52:35.000Z
https://gpt55.558686.xyz,0x1f0130669ca6fd02e025a984cc038f139df19a2f,8572,169599006,178,2026-07-02T03:48:47.000Z
https://payanagent.com,0x1f0130669ca6fd02e025a984cc038f139df19a2f,8572,169599006,178,2026-07-02T03:48:47.000Z
https://api.400860.xyz,0x1f0130669ca6fd02e025a984cc038f139df19a2f,8572,169599006,178,2026-07-02T03:48:47.000Z
https://x402-wallet.558686.xyz,0x1f0130669ca6fd02e025a984cc038f139df19a2f,8572,169599006,178,2026-07-02T03:48:47.000Z
https://x402-seller.558686.xyz,0x1f0130669ca6fd02e025a984cc038f139df19a2f,8572,169599006,178,2026-07-02T03:48:47.000Z
https://x402-utils.558686.xyz,0x1f0130669ca6fd02e025a984cc038f139df19a2f,8572,169599006,178,2026-07-02T03:48:47.000Z
https://x402btc.vercel.app,0x70b5b14a97a00b460229c58938738574946fc268,8333,425396931,61,2025-10-29T01:51:35.000Z
https://agents.memeputer.com,6ocSMKg1izdjeo6dN68fx8fWGyVw48eRcjEajTt9g9nM,7945,258790000,325,2026-05-21T19:00:06.000Z
https://agents.memeputer.com,A9PoFSoL3JQhqnofgrH2rkZe5QbpfLpZqsaCrxA9R8cZ,7945,258790000,325,2026-05-21T19:00:06.000Z
https://agents.memeputer.com,D7dEh9aA1sqCKRj5BNrR3bmps7WMm1kxL5MrtRqLMPsX,7945,258790000,325,2026-05-21T19:00:06.000Z
https://agents.memeputer.com,6zV4H6hiSwFLRmdrft5Xmngdrbw8WSRp8BuxABG3eJgH,7945,258790000,325,2026-05-21T19:00:06.000Z
https://agents.memeputer.com,AntmJaUKLJp4mqQDLXP4ka1hh1RyFXmWrCzBGMzW1Jir,7945,258790000,325,2026-05-21T19:00:06.000Z
https://agents.memeputer.com,Brir1paAMJZuH8Hw4gdSsTGxcyvykzzXUiuxMXabuws4,7945,258790000,325,2026-05-21T19:00:06.000Z
https://agents.memeputer.com,7E7iHToY9g8jQWD9mmLyAWoarrkamZrfDQJBEMD4oqvw,7945,258790000,325,2026-05-21T19:00:06.000Z
https://agents.memeputer.com,6TMUbsxkKwzEG9RV4eA2EgDeJvRS6WyWXGuP6mQDGkGe,7945,258790000,325,2026-05-21T19:00:06.000Z
https://agents.memeputer.com,GABLnJcm15qzn9khaYy6iaPQHsv8DCwVwTYFKfM8z5FH,7945,258790000,325,2026-05-21T19:00:06.000Z
https://x402.blackswan.wtf,0x154b1006435e5cfe2206e7777c1003f9438119b1,7700,107560000,44,2026-06-29T10:03:49.000Z
https://wavacoin.xyz,0x412e0cc06449b9dbbe45fd0bcf7d10370134c866,7660,7626019400,222,2025-10-31T06:46:31.000Z
https://wurkapi.fun,SAT8g2xU7AFy7eUmNJ9SNrM6yYo7LDCi13GXJ8Ez9kC,7625,3404376840,304,2026-07-01T22:40:00.000Z
https://x402hub.dev,0x2461392b378301c118988896b1edae15072fc439,7558,888100000,86,2025-10-29T06:57:57.000Z
https://www.x402hub.dev,0x2461392b378301c118988896b1edae15072fc439,7558,888100000,86,2025-10-29T06:57:57.000Z
http://www.x402hub.dev,0x2461392b378301c118988896b1edae15072fc439,7558,888100000,86,2025-10-29T06:57:57.000Z
https://pro-api.coingecko.com,0x110cdbba7fe6434ec4ce3464cc523942ad6fb784,7348,74360000,553,2026-07-02T02:59:49.000Z
https://pro-api.coingecko.com,8XhngTRitTcUJMiaDJ6azw8GRSiFPpwhnmV3HYQLHUpL,7348,74360000,553,2026-07-02T02:59:49.000Z
http://pro-api.coingecko.com,0x110cdbba7fe6434ec4ce3464cc523942ad6fb784,7348,74360000,553,2026-07-02T02:59:49.000Z
http://pro-api.coingecko.com,8XhngTRitTcUJMiaDJ6azw8GRSiFPpwhnmV3HYQLHUpL,7348,74360000,553,2026-07-02T02:59:49.000Z
https://api.myceliasignal.com,0xd593832ce9c2b13b192ba50b55dd9af44e96700d,7096,643004000,47,2026-07-02T02:30:55.000Z
https://x402.computer,0xc717f2b1dbe987ab84bb4d16c6433fa94592b2bc,7052,70520000,32,2025-11-01T18:53:03.000Z
https://api.jarvisclaw.ai,0xdc59fa7b64988b846e76ec9849bb68f889071506,7044,395933432,29,2026-07-01T16:45:51.000Z
https://minifetch.com,0xffa9155a0e4b3d8d42351da226cc1feee449686f,6908,16348000,114,2026-07-02T00:54:09.000Z
https://www.x402flowers.wtf,0xf39359f6db565d1b590fcf270770165a9133f2ed,6810,3221738000,678,2026-06-12T04:50:17.000Z
https://x402.nolimit.foundation,0x3417828c83e8c1e787dc6dbefd79f93e0c13f694,6783,383275000,579,2025-12-21T20:34:03.000Z
https://x402.nolimit.foundation,CVF8ApyzZHCKw1xCm8Fyywej2XSGasjnPuXKvwCd55z8,6783,383275000,579,2025-12-21T20:34:03.000Z
https://stablespotlight.dev,6cvgmdrsVxyiuPzqMCSBnS7fAmA5Mk2VG4BcfVhC8jdC,6743,705250100,122,2026-05-12T15:32:58.000Z
https://stablespotlight.dev,0x91f0be9181da57c36bbf7d5eaa36845fe54f2ae9,6743,705250100,122,2026-05-12T15:32:58.000Z
https://relay.httpayer.com,0xb2f1c3beb9c4c4bb7fe8e55a9751603c2a3c0e54,6727,71628751,61,2026-04-13T20:53:15.000Z
https://relay.httpayer.com,AYtz1b7qrJ52ySVjagMhXo86DttGY2vyT1pWKd72RYaE,6727,71628751,61,2026-04-13T20:53:15.000Z
https://stableupload.dev,0x06dff3c8380b5d1799874ada903fc3422882fd6f,6694,167175000,387,2026-07-02T03:51:19.000Z
http://api.x402sdk.io,0x8ca6f995ef28271fe250d06ebb9b7c26085bb684,6606,66060000000,546,2025-10-29T19:47:01.000Z
https://api.moltalyzer.xyz,0xf444abc53f5e1e73caec7df64d147ddb119514a0,6579,60345000,819,2026-07-02T03:05:09.000Z
https://x402.quicknode.com,0xf46394addda95a3d5bcc1124605e3d15d204623c,6525,226503000,60,2026-07-01T08:47:13.000Z
https://x402.quicknode.com,2LWbc9Mi6dRUrdEHBttoNS4udDtH1A4xwBdm1EKqcT57,6525,226503000,60,2026-07-01T08:47:13.000Z
https://api.tokenmetrics.com,0x836df31fa999524fcdf2326ebc926ed1339ab68f,6386,210120000,28,2025-12-10T05:01:51.000Z
https://x402pudgy.vercel.app,0x6438eecb0cfd68f94ffc4acfe036dbbaf7001361,6202,215849739,45,2025-10-29T03:43:01.000Z
https://api.invokr.dev,0x3a13db39e5fed07d9af608ebe3cbb656905e2535,6097,286401000,56,2025-10-27T02:24:23.000Z
https://z402.cash,0x95c5cec98732caa3f665f3fc282dbd395353f281,6021,1566990000,22,2025-10-30T18:41:41.000Z
https://xfroranft.xyz,0xda9097c5672928a16c42889cd4b07d9a766827ee,5798,521490000,98,2026-01-03T08:15:11.000Z
https://btcnode.uk,0x6a667a72d3d36d95421474019aa46f0308d643fc,5696,33284000,64,2026-07-01T17:37:25.000Z
https://global-econ-x402-production.up.railway.app,0x3dcbef58b30fac60a897cd4ed1daed5de33b32e1,5630,28817000,294,2026-07-02T03:19:23.000Z
https://globalapi.dev,0x3dcbef58b30fac60a897cd4ed1daed5de33b32e1,5630,28817000,294,2026-07-02T03:19:23.000Z
https://au-data-x402-production.up.railway.app,0x3dcbef58b30fac60a897cd4ed1daed5de33b32e1,5630,28817000,294,2026-07-02T03:19:23.000Z
https://x402pay.vercel.app,0x955d86b1d047c2a5d4e81725b11324c4aed054cb,5569,5295500000,859,2025-10-25T09:49:59.000Z
http://x402pay.vercel.app,0x955d86b1d047c2a5d4e81725b11324c4aed054cb,5569,5295500000,859,2025-10-25T09:49:59.000Z
https://x402pay.pro,0x955d86b1d047c2a5d4e81725b11324c4aed054cb,5569,5295500000,859,2025-10-25T09:49:59.000Z
http://www.x402pay.pro,0x955d86b1d047c2a5d4e81725b11324c4aed054cb,5569,5295500000,859,2025-10-25T09:49:59.000Z
https://api.vaults.fyi,0x108bcd8a07c3fdfca3aa500784a8573123a1029f,5560,253694000,72,2026-06-25T19:26:27.000Z
https://apiv2.laevitas.ch,0xdb5c2df47e4a6df74edeb6de3159ae38b8cc10fd,5529,552900000,66,2026-07-02T01:34:25.000Z
https://apiv2.laevitas.ch,DdeMfXrDae49VAkvVZHUhWh7FDuirAuFCuuJruqXv5G2,5529,552900000,66,2026-07-02T01:34:25.000Z
https://www.shitx402.wtf,0x191751c5fbd3784db6a7c0cb134967c4d049c685,5431,5431000000,2250,2025-10-29T13:34:59.000Z
https://helius.api.corbits.dev,FvaJmaAob2woFwxmvHroKXr8WRqUwEY5cWMCKoES2Bbu,5279,43250000,153,2026-04-15T22:25:56.000Z
https://helius.api.corbits.dev,0xc643c929c3d5d0ef2b1bce9af8cfb67653c2582c,5279,43250000,153,2026-04-15T22:25:56.000Z
https://api.printmoneylab.com,0xcf9223ece895258dea8d288aebcf846ab8e342fb,5182,55591000,239,2026-07-02T03:30:25.000Z
https://api.printmoneylab.com,3Ywxk31SvWKwZBdY6bLvjmn5h4mzWcT3HJ5UZbYXoVy9,5182,55591000,239,2026-07-02T03:30:25.000Z
https://json-validator-production.up.railway.app,0x6e8b64638b24c6d625b045dd353120d850064e2e,5100,13420000,362,2026-07-02T03:51:49.000Z
https://password-strength-production.up.railway.app,0x6e8b64638b24c6d625b045dd353120d850064e2e,5100,13420000,362,2026-07-02T03:51:49.000Z
https://screenshot-pdf-x402-production.up.railway.app,0x6e8b64638b24c6d625b045dd353120d850064e2e,5100,13420000,362,2026-07-02T03:51:49.000Z
https://solana-launches-production.up.railway.app,0x6e8b64638b24c6d625b045dd353120d850064e2e,5100,13420000,362,2026-07-02T03:51:49.000Z
https://csv-to-json-production-0ca3.up.railway.app,0x6e8b64638b24c6d625b045dd353120d850064e2e,5100,13420000,362,2026-07-02T03:51:49.000Z
https://solana-fees-production.up.railway.app,0x6e8b64638b24c6d625b045dd353120d850064e2e,5100,13420000,362,2026-07-02T03:51:49.000Z
https://solana-pools-production.up.railway.app,0x6e8b64638b24c6d625b045dd353120d850064e2e,5100,13420000,362,2026-07-02T03:51:49.000Z
https://token-ohlcv-production-0cce.up.railway.app,0x6e8b64638b24c6d625b045dd353120d850064e2e,5100,13420000,362,2026-07-02T03:51:49.000Z
https://token-holders-production.up.railway.app,0x6e8b64638b24c6d625b045dd353120d850064e2e,5100,13420000,362,2026-07-02T03:51:49.000Z
https://text-translator-production.up.railway.app,0x6e8b64638b24c6d625b045dd353120d850064e2e,5100,13420000,362,2026-07-02T03:51:49.000Z
https://text-classifier-production.up.railway.app,0x6e8b64638b24c6d625b045dd353120d850064e2e,5100,13420000,362,2026-07-02T03:51:49.000Z
https://vector-search-production-bc61.up.railway.app,0x6e8b64638b24c6d625b045dd353120d850064e2e,5100,13420000,362,2026-07-02T03:51:49.000Z
https://url-shortener-production-5384.up.railway.app,0x6e8b64638b24c6d625b045dd353120d850064e2e,5100,13420000,362,2026-07-02T03:51:49.000Z
https://code-sandbox-production-9b5e.up.railway.app,0x6e8b64638b24c6d625b045dd353120d850064e2e,5100,13420000,362,2026-07-02T03:51:49.000Z
https://barcode-generator-production-3545.up.railway.app,0x6e8b64638b24c6d625b045dd353120d850064e2e,5100,13420000,362,2026-07-02T03:51:49.000Z
https://markdown-to-html-production-da89.up.railway.app,0x6e8b64638b24c6d625b045dd353120d850064e2e,5100,13420000,362,2026-07-02T03:51:49.000Z
https://weather-api-production-c885.up.railway.app,0x6e8b64638b24c6d625b045dd353120d850064e2e,5100,13420000,362,2026-07-02T03:51:49.000Z
https://timezone-converter-production-d3c5.up.railway.app,0x6e8b64638b24c6d625b045dd353120d850064e2e,5100,13420000,362,2026-07-02T03:51:49.000Z
https://stock-price-production-3ec1.up.railway.app,0x6e8b64638b24c6d625b045dd353120d850064e2e,5100,13420000,362,2026-07-02T03:51:49.000Z
https://base64-codec-production-1047.up.railway.app,0x6e8b64638b24c6d625b045dd353120d850064e2e,5100,13420000,362,2026-07-02T03:51:49.000Z
https://token-price-production-f72e.up.railway.app,0x6e8b64638b24c6d625b045dd353120d850064e2e,5100,13420000,362,2026-07-02T03:51:49.000Z
https://text-to-speech-production-0f12.up.railway.app,0x6e8b64638b24c6d625b045dd353120d850064e2e,5100,13420000,362,2026-07-02T03:51:49.000Z
https://dns-lookup-production-437a.up.railway.app,0x6e8b64638b24c6d625b045dd353120d850064e2e,5100,13420000,362,2026-07-02T03:51:49.000Z
https://unit-converter-production-0b91.up.railway.app,0x6e8b64638b24c6d625b045dd353120d850064e2e,5100,13420000,362,2026-07-02T03:51:49.000Z
https://lorem-ipsum-production-efa3.up.railway.app,0x6e8b64638b24c6d625b045dd353120d850064e2e,5100,13420000,362,2026-07-02T03:51:49.000Z
https://ssl-checker-production-3dda.up.railway.app,0x6e8b64638b24c6d625b045dd353120d850064e2e,5100,13420000,362,2026-07-02T03:51:49.000Z
https://word-counter-production.up.railway.app,0x6e8b64638b24c6d625b045dd353120d850064e2e,5100,13420000,362,2026-07-02T03:51:49.000Z
https://slug-generator-production.up.railway.app,0x6e8b64638b24c6d625b045dd353120d850064e2e,5100,13420000,362,2026-07-02T03:51:49.000Z
https://diff-checker-production.up.railway.app,0x6e8b64638b24c6d625b045dd353120d850064e2e,5100,13420000,362,2026-07-02T03:51:49.000Z
https://http-headers-production.up.railway.app,0x6e8b64638b24c6d625b045dd353120d850064e2e,5100,13420000,362,2026-07-02T03:51:49.000Z
https://ens-resolver-production-891c.up.railway.app,0x6e8b64638b24c6d625b045dd353120d850064e2e,5100,13420000,362,2026-07-02T03:51:49.000Z
https://whale-alert-production-98b5.up.railway.app,0x6e8b64638b24c6d625b045dd353120d850064e2e,5100,13420000,362,2026-07-02T03:51:49.000Z
https://markdown-renderer-production.up.railway.app,0x6e8b64638b24c6d625b045dd353120d850064e2e,5100,13420000,362,2026-07-02T03:51:49.000Z
https://image-resize-production-962d.up.railway.app,0x6e8b64638b24c6d625b045dd353120d850064e2e,5100,13420000,362,2026-07-02T03:51:49.000Z
https://gas-estimator-production-f7f1.up.railway.app,0x6e8b64638b24c6d625b045dd353120d850064e2e,5100,13420000,362,2026-07-02T03:51:49.000Z
https://port-scanner-production-bdb2.up.railway.app,0x6e8b64638b24c6d625b045dd353120d850064e2e,5100,13420000,362,2026-07-02T03:51:49.000Z
https://crontab-generator-production.up.railway.app,0x6e8b64638b24c6d625b045dd353120d850064e2e,5100,13420000,362,2026-07-02T03:51:49.000Z
https://jwt-decoder-production.up.railway.app,0x6e8b64638b24c6d625b045dd353120d850064e2e,5100,13420000,362,2026-07-02T03:51:49.000Z
https://hl-funding-production.up.railway.app,0x6e8b64638b24c6d625b045dd353120d850064e2e,5100,13420000,362,2026-07-02T03:51:49.000Z
https://hl-portfolio-production.up.railway.app,0x6e8b64638b24c6d625b045dd353120d850064e2e,5100,13420000,362,2026-07-02T03:51:49.000Z
https://nft-metadata-production.up.railway.app,0x6e8b64638b24c6d625b045dd353120d850064e2e,5100,13420000,362,2026-07-02T03:51:49.000Z
https://hl-spot-production.up.railway.app,0x6e8b64638b24c6d625b045dd353120d850064e2e,5100,13420000,362,2026-07-02T03:51:49.000Z
https://prediction-markets-production-3e07.up.railway.app,0x6e8b64638b24c6d625b045dd353120d850064e2e,5100,13420000,362,2026-07-02T03:51:49.000Z
https://hyperliquid-data-production.up.railway.app,0x6e8b64638b24c6d625b045dd353120d850064e2e,5100,13420000,362,2026-07-02T03:51:49.000Z
https://pii-detector-production.up.railway.app,0x6e8b64638b24c6d625b045dd353120d850064e2e,5100,13420000,362,2026-07-02T03:51:49.000Z
https://pdf-generator-x402-production.up.railway.app,0x6e8b64638b24c6d625b045dd353120d850064e2e,5100,13420000,362,2026-07-02T03:51:49.000Z
https://event-resolver-production.up.railway.app,0x6e8b64638b24c6d625b045dd353120d850064e2e,5100,13420000,362,2026-07-02T03:51:49.000Z
https://research-report-production.up.railway.app,0x6e8b64638b24c6d625b045dd353120d850064e2e,5100,13420000,362,2026-07-02T03:51:49.000Z
https://webhook-tester-production-e956.up.railway.app,0x6e8b64638b24c6d625b045dd353120d850064e2e,5100,13420000,362,2026-07-02T03:51:49.000Z
https://image-generator-production-ba4e.up.railway.app,0x6e8b64638b24c6d625b045dd353120d850064e2e,5100,13420000,362,2026-07-02T03:51:49.000Z
https://ens-resolver-production-f3eb.up.railway.app,0x6e8b64638b24c6d625b045dd353120d850064e2e,5100,13420000,362,2026-07-02T03:51:49.000Z
https://sms-validator-production-d5a0.up.railway.app,0x6e8b64638b24c6d625b045dd353120d850064e2e,5100,13420000,362,2026-07-02T03:51:49.000Z
https://gas-estimator-production-a95a.up.railway.app,0x6e8b64638b24c6d625b045dd353120d850064e2e,5100,13420000,362,2026-07-02T03:51:49.000Z
https://port-scanner-production-c3e2.up.railway.app,0x6e8b64638b24c6d625b045dd353120d850064e2e,5100,13420000,362,2026-07-02T03:51:49.000Z
https://whale-alert-production-3f6f.up.railway.app,0x6e8b64638b24c6d625b045dd353120d850064e2e,5100,13420000,362,2026-07-02T03:51:49.000Z
https://image-resize-production-6df7.up.railway.app,0x6e8b64638b24c6d625b045dd353120d850064e2e,5100,13420000,362,2026-07-02T03:51:49.000Z
https://user-agent-parser-production.up.railway.app,0x6e8b64638b24c6d625b045dd353120d850064e2e,5100,13420000,362,2026-07-02T03:51:49.000Z
https://cron-parser-production-128b.up.railway.app,0x6e8b64638b24c6d625b045dd353120d850064e2e,5100,13420000,362,2026-07-02T03:51:49.000Z
https://regex-generator-production-0566.up.railway.app,0x6e8b64638b24c6d625b045dd353120d850064e2e,5100,13420000,362,2026-07-02T03:51:49.000Z
https://hash-generator-production.up.railway.app,0x6e8b64638b24c6d625b045dd353120d850064e2e,5100,13420000,362,2026-07-02T03:51:49.000Z
https://email-verification-x402-production.up.railway.app,0x6e8b64638b24c6d625b045dd353120d850064e2e,5100,13420000,362,2026-07-02T03:51:49.000Z
https://dex-quotes-x402-production.up.railway.app,0x6e8b64638b24c6d625b045dd353120d850064e2e,5100,13420000,362,2026-07-02T03:51:49.000Z
https://domain-intelligence-x402-production.up.railway.app,0x6e8b64638b24c6d625b045dd353120d850064e2e,5100,13420000,362,2026-07-02T03:51:49.000Z
https://funding-arb-production-1034.up.railway.app,0x6e8b64638b24c6d625b045dd353120d850064e2e,5100,13420000,362,2026-07-02T03:51:49.000Z
https://funding-rates-x402-production.up.railway.app,0x6e8b64638b24c6d625b045dd353120d850064e2e,5100,13420000,362,2026-07-02T03:51:49.000Z
https://gdpr-scanner-production.up.railway.app,0x6e8b64638b24c6d625b045dd353120d850064e2e,5100,13420000,362,2026-07-02T03:51:49.000Z
https://hl-vaults-production.up.railway.app,0x6e8b64638b24c6d625b045dd353120d850064e2e,5100,13420000,362,2026-07-02T03:51:49.000Z
https://hyperliquid-whales-production.up.railway.app,0x6e8b64638b24c6d625b045dd353120d850064e2e,5100,13420000,362,2026-07-02T03:51:49.000Z
https://email-deliverability-production.up.railway.app,0x6e8b64638b24c6d625b045dd353120d850064e2e,5100,13420000,362,2026-07-02T03:51:49.000Z
https://fact-checker-production-097f.up.railway.app,0x6e8b64638b24c6d625b045dd353120d850064e2e,5100,13420000,362,2026-07-02T03:51:49.000Z
https://ai-summarizer-production-b148.up.railway.app,0x6e8b64638b24c6d625b045dd353120d850064e2e,5100,13420000,362,2026-07-02T03:51:49.000Z
https://currency-converter-production-b190.up.railway.app,0x6e8b64638b24c6d625b045dd353120d850064e2e,5100,13420000,362,2026-07-02T03:51:49.000Z
https://address-validator-production-33e1.up.railway.app,0x6e8b64638b24c6d625b045dd353120d850064e2e,5100,13420000,362,2026-07-02T03:51:49.000Z
https://keyword-research-production-2ba5.up.railway.app,0x6e8b64638b24c6d625b045dd353120d850064e2e,5100,13420000,362,2026-07-02T03:51:49.000Z
https://liquidation-oracle-x402-production.up.railway.app,0x6e8b64638b24c6d625b045dd353120d850064e2e,5100,13420000,362,2026-07-02T03:51:49.000Z
https://nft-floor-production.up.railway.app,0x6e8b64638b24c6d625b045dd353120d850064e2e,5100,13420000,362,2026-07-02T03:51:49.000Z
https://orderbook-depth-production.up.railway.app,0x6e8b64638b24c6d625b045dd353120d850064e2e,5100,13420000,362,2026-07-02T03:51:49.000Z
https://language-detector-production-9ef8.up.railway.app,0x6e8b64638b24c6d625b045dd353120d850064e2e,5100,13420000,362,2026-07-02T03:51:49.000Z
https://uuid-generator-production.up.railway.app,0x6e8b64638b24c6d625b045dd353120d850064e2e,5100,13420000,362,2026-07-02T03:51:49.000Z
https://markdown-to-html-x402-production.up.railway.app,0x6e8b64638b24c6d625b045dd353120d850064e2e,5100,13420000,362,2026-07-02T03:51:49.000Z
https://trust-score-production-ff18.up.railway.app,0x6e8b64638b24c6d625b045dd353120d850064e2e,5100,13420000,362,2026-07-02T03:51:49.000Z
https://html-to-markdown-production-3fc7.up.railway.app,0x6e8b64638b24c6d625b045dd353120d850064e2e,5100,13420000,362,2026-07-02T03:51:49.000Z
https://seo-analyzer-x402-production.up.railway.app,0x6e8b64638b24c6d625b045dd353120d850064e2e,5100,13420000,362,2026-07-02T03:51:49.000Z
https://web-scraper-x402-production.up.railway.app,0x6e8b64638b24c6d625b045dd353120d850064e2e,5100,13420000,362,2026-07-02T03:51:49.000Z
https://token-safety-x402-production.up.railway.app,0x6e8b64638b24c6d625b045dd353120d850064e2e,5100,13420000,362,2026-07-02T03:51:49.000Z
https://defi-yields-x402-production.up.railway.app,0x6e8b64638b24c6d625b045dd353120d850064e2e,5100,13420000,362,2026-07-02T03:51:49.000Z
https://person-enrichment-x402-production.up.railway.app,0x6e8b64638b24c6d625b045dd353120d850064e2e,5100,13420000,362,2026-07-02T03:51:49.000Z
https://email-finder-x402-production.up.railway.app,0x6e8b64638b24c6d625b045dd353120d850064e2e,5100,13420000,362,2026-07-02T03:51:49.000Z
https://twitter-scraper-production-a1e8.up.railway.app,0x6e8b64638b24c6d625b045dd353120d850064e2e,5100,13420000,362,2026-07-02T03:51:49.000Z
https://wallet-portfolio-x402-production.up.railway.app,0x6e8b64638b24c6d625b045dd353120d850064e2e,5100,13420000,362,2026-07-02T03:51:49.000Z
https://tech-enrichment-x402-production.up.railway.app,0x6e8b64638b24c6d625b045dd353120d850064e2e,5100,13420000,362,2026-07-02T03:51:49.000Z
https://web-search-production-7393.up.railway.app,0x6e8b64638b24c6d625b045dd353120d850064e2e,5100,13420000,362,2026-07-02T03:51:49.000Z
https://ip-geolocation-production.up.railway.app,0x6e8b64638b24c6d625b045dd353120d850064e2e,5100,13420000,362,2026-07-02T03:51:49.000Z
https://phone-validation-x402-production.up.railway.app,0x6e8b64638b24c6d625b045dd353120d850064e2e,5100,13420000,362,2026-07-02T03:51:49.000Z
https://crypto-news-production-b0f2.up.railway.app,0x6e8b64638b24c6d625b045dd353120d850064e2e,5100,13420000,362,2026-07-02T03:51:49.000Z
https://sentiment-analyzer-production-b1f6.up.railway.app,0x6e8b64638b24c6d625b045dd353120d850064e2e,5100,13420000,362,2026-07-02T03:51:49.000Z
https://gas-oracle-x402-production.up.railway.app,0x6e8b64638b24c6d625b045dd353120d850064e2e,5100,13420000,362,2026-07-02T03:51:49.000Z
https://bridge-routes-x402-production.up.railway.app,0x6e8b64638b24c6d625b045dd353120d850064e2e,5100,13420000,362,2026-07-02T03:51:49.000Z
https://qr-code-production-cf4b.up.railway.app,0x6e8b64638b24c6d625b045dd353120d850064e2e,5100,13420000,362,2026-07-02T03:51:49.000Z
https://token-ohlcv-production.up.railway.app,0x6e8b64638b24c6d625b045dd353120d850064e2e,5100,13420000,362,2026-07-02T03:51:49.000Z
https://text-to-speech-x402-production.up.railway.app,0x6e8b64638b24c6d625b045dd353120d850064e2e,5100,13420000,362,2026-07-02T03:51:49.000Z
https://barcode-generator-x402-production.up.railway.app,0x6e8b64638b24c6d625b045dd353120d850064e2e,5100,13420000,362,2026-07-02T03:51:49.000Z
https://airdrop-checker-production.up.railway.app,0x6e8b64638b24c6d625b045dd353120d850064e2e,5100,13420000,362,2026-07-02T03:51:49.000Z
https://token-price-x402-production.up.railway.app,0x6e8b64638b24c6d625b045dd353120d850064e2e,5100,13420000,362,2026-07-02T03:51:49.000Z
https://email-send-production.up.railway.app,0x6e8b64638b24c6d625b045dd353120d850064e2e,5100,13420000,362,2026-07-02T03:51:49.000Z
https://stock-price-x402-production.up.railway.app,0x6e8b64638b24c6d625b045dd353120d850064e2e,5100,13420000,362,2026-07-02T03:51:49.000Z
https://color-palette-production-8c81.up.railway.app,0x6e8b64638b24c6d625b045dd353120d850064e2e,5100,13420000,362,2026-07-02T03:51:49.000Z
https://weather-api-x402-production.up.railway.app,0x6e8b64638b24c6d625b045dd353120d850064e2e,5100,13420000,362,2026-07-02T03:51:49.000Z
https://timezone-converter-x402-production.up.railway.app,0x6e8b64638b24c6d625b045dd353120d850064e2e,5100,13420000,362,2026-07-02T03:51:49.000Z
https://base64-codec-x402-production.up.railway.app,0x6e8b64638b24c6d625b045dd353120d850064e2e,5100,13420000,362,2026-07-02T03:51:49.000Z
https://company-enrichment-x402-production.up.railway.app,0x6e8b64638b24c6d625b045dd353120d850064e2e,5100,13420000,362,2026-07-02T03:51:49.000Z
https://social-profile-x402-production.up.railway.app,0x6e8b64638b24c6d625b045dd353120d850064e2e,5100,13420000,362,2026-07-02T03:51:49.000Z
https://jupiter-quotes-production.up.railway.app,0x6e8b64638b24c6d625b045dd353120d850064e2e,5100,13420000,362,2026-07-02T03:51:49.000Z
https://base-defi-production.up.railway.app,0x6e8b64638b24c6d625b045dd353120d850064e2e,5100,13420000,362,2026-07-02T03:51:49.000Z
https://ocr-extract-production.up.railway.app,0x6e8b64638b24c6d625b045dd353120d850064e2e,5100,13420000,362,2026-07-02T03:51:49.000Z
https://klymax402.com,0x6e8b64638b24c6d625b045dd353120d850064e2e,5100,13420000,362,2026-07-02T03:51:49.000Z
https://api.ai402.fun,0x86a2622937e791afd93163aed58a752c3c4c4920,5044,50440000000,456,2025-10-28T07:42:11.000Z
https://httpay.xyz,0x5f5d6fcb315871c26f720dc6fef17052dd984359,5010,44366000,120,2026-06-14T04:10:45.000Z
https://3672fa34-7f25-4e6a-831d-997b06bedf06-00-1i1a41syjss7w.sisko.replit.dev,0xf00daf15713e82fbb7bdc4b818444d93d655de96,4936,1376224000,180,2026-07-02T03:34:11.000Z
https://wurkapi.fun,0xf00daf15713e82fbb7bdc4b818444d93d655de96,4936,1376224000,180,2026-07-02T03:34:11.000Z
https://2s.io,0x2b6d4988db4723e6908db86ab2b8dfbc51fc32c5,4783,18932820,241,2026-07-02T03:50:15.000Z
https://2s.io,TW6ntaGzvj63ZgPjszd4FCGmVTGfzv1MAYZbjYcyWhn,4783,18932820,241,2026-07-02T03:50:15.000Z
https://insurepulse.vercel.app,0x50ab2018c06c6e4eaa9ba52057eb55ed284912fc,4687,589215000,86,2026-07-02T03:33:25.000Z
https://findpulse-omega.vercel.app,0x50ab2018c06c6e4eaa9ba52057eb55ed284912fc,4687,589215000,86,2026-07-02T03:33:25.000Z
https://gamepulse-zeta.vercel.app,0x50ab2018c06c6e4eaa9ba52057eb55ed284912fc,4687,589215000,86,2026-07-02T03:33:25.000Z
https://transitpulse.vercel.app,0x50ab2018c06c6e4eaa9ba52057eb55ed284912fc,4687,589215000,86,2026-07-02T03:33:25.000Z
https://travelpulse-nu.vercel.app,0x50ab2018c06c6e4eaa9ba52057eb55ed284912fc,4687,589215000,86,2026-07-02T03:33:25.000Z
https://marketpulse-brown.vercel.app,0x50ab2018c06c6e4eaa9ba52057eb55ed284912fc,4687,589215000,86,2026-07-02T03:33:25.000Z
https://mealpulse.vercel.app,0x50ab2018c06c6e4eaa9ba52057eb55ed284912fc,4687,589215000,86,2026-07-02T03:33:25.000Z
https://nutripulse-alpha.vercel.app,0x50ab2018c06c6e4eaa9ba52057eb55ed284912fc,4687,589215000,86,2026-07-02T03:33:25.000Z
https://mindpulse-lilac.vercel.app,0x50ab2018c06c6e4eaa9ba52057eb55ed284912fc,4687,589215000,86,2026-07-02T03:33:25.000Z
https://venturepulse-nine.vercel.app,0x50ab2018c06c6e4eaa9ba52057eb55ed284912fc,4687,589215000,86,2026-07-02T03:33:25.000Z
https://petpulse-alpha.vercel.app,0x50ab2018c06c6e4eaa9ba52057eb55ed284912fc,4687,589215000,86,2026-07-02T03:33:25.000Z
https://parentpulse-delta.vercel.app,0x50ab2018c06c6e4eaa9ba52057eb55ed284912fc,4687,589215000,86,2026-07-02T03:33:25.000Z
https://patentpulse-self.vercel.app,0x50ab2018c06c6e4eaa9ba52057eb55ed284912fc,4687,589215000,86,2026-07-02T03:33:25.000Z
https://policypulse-ten.vercel.app,0x50ab2018c06c6e4eaa9ba52057eb55ed284912fc,4687,589215000,86,2026-07-02T03:33:25.000Z
https://riskpulse-five.vercel.app,0x50ab2018c06c6e4eaa9ba52057eb55ed284912fc,4687,589215000,86,2026-07-02T03:33:25.000Z
https://proppulse-gules.vercel.app,0x50ab2018c06c6e4eaa9ba52057eb55ed284912fc,4687,589215000,86,2026-07-02T03:33:25.000Z
https://racingpulse.vercel.app,0x50ab2018c06c6e4eaa9ba52057eb55ed284912fc,4687,589215000,86,2026-07-02T03:33:25.000Z
https://onchainpulse-nine.vercel.app,0x50ab2018c06c6e4eaa9ba52057eb55ed284912fc,4687,589215000,86,2026-07-02T03:33:25.000Z
https://cryptopulse-xi-five.vercel.app,0x50ab2018c06c6e4eaa9ba52057eb55ed284912fc,4687,589215000,86,2026-07-02T03:33:25.000Z
https://signalpulse-peach.vercel.app,0x50ab2018c06c6e4eaa9ba52057eb55ed284912fc,4687,589215000,86,2026-07-02T03:33:25.000Z
https://clear-care-pulse.vercel.app,0x50ab2018c06c6e4eaa9ba52057eb55ed284912fc,4687,589215000,86,2026-07-02T03:33:25.000Z
https://alphapulse-omega.vercel.app,0x50ab2018c06c6e4eaa9ba52057eb55ed284912fc,4687,589215000,86,2026-07-02T03:33:25.000Z
https://biopulse-nine.vercel.app,0x50ab2018c06c6e4eaa9ba52057eb55ed284912fc,4687,589215000,86,2026-07-02T03:33:25.000Z
https://fitpulse-vert.vercel.app,0x50ab2018c06c6e4eaa9ba52057eb55ed284912fc,4687,589215000,86,2026-07-02T03:33:25.000Z
https://franchisepulse-six.vercel.app,0x50ab2018c06c6e4eaa9ba52057eb55ed284912fc,4687,589215000,86,2026-07-02T03:33:25.000Z
https://arbipulse.vercel.app,0x50ab2018c06c6e4eaa9ba52057eb55ed284912fc,4687,589215000,86,2026-07-02T03:33:25.000Z
https://autopulse-navy.vercel.app,0x50ab2018c06c6e4eaa9ba52057eb55ed284912fc,4687,589215000,86,2026-07-02T03:33:25.000Z
https://buildpulse-alpha.vercel.app,0x50ab2018c06c6e4eaa9ba52057eb55ed284912fc,4687,589215000,86,2026-07-02T03:33:25.000Z
https://chronicapulse.vercel.app,0x50ab2018c06c6e4eaa9ba52057eb55ed284912fc,4687,589215000,86,2026-07-02T03:33:25.000Z
https://climatepulse-six.vercel.app,0x50ab2018c06c6e4eaa9ba52057eb55ed284912fc,4687,589215000,86,2026-07-02T03:33:25.000Z
https://collectablespulse.vercel.app,0x50ab2018c06c6e4eaa9ba52057eb55ed284912fc,4687,589215000,86,2026-07-02T03:33:25.000Z
https://fanpulse-tau.vercel.app,0x50ab2018c06c6e4eaa9ba52057eb55ed284912fc,4687,589215000,86,2026-07-02T03:33:25.000Z
https://fieldpulse-tan.vercel.app,0x50ab2018c06c6e4eaa9ba52057eb55ed284912fc,4687,589215000,86,2026-07-02T03:33:25.000Z
https://compliancepulse-eight.vercel.app,0x50ab2018c06c6e4eaa9ba52057eb55ed284912fc,4687,589215000,86,2026-07-02T03:33:25.000Z
https://dealpulse-weld.vercel.app,0x50ab2018c06c6e4eaa9ba52057eb55ed284912fc,4687,589215000,86,2026-07-02T03:33:25.000Z
https://debtpulse.vercel.app,0x50ab2018c06c6e4eaa9ba52057eb55ed284912fc,4687,589215000,86,2026-07-02T03:33:25.000Z
https://edupulse-xi-blond.vercel.app,0x50ab2018c06c6e4eaa9ba52057eb55ed284912fc,4687,589215000,86,2026-07-02T03:33:25.000Z
https://footballpulse-six.vercel.app,0x50ab2018c06c6e4eaa9ba52057eb55ed284912fc,4687,589215000,86,2026-07-02T03:33:25.000Z
https://filingspulse.vercel.app,0x50ab2018c06c6e4eaa9ba52057eb55ed284912fc,4687,589215000,86,2026-07-02T03:33:25.000Z
https://govspendpulse.vercel.app,0x50ab2018c06c6e4eaa9ba52057eb55ed284912fc,4687,589215000,86,2026-07-02T03:33:25.000Z
https://tradepulse-five.vercel.app,0x50ab2018c06c6e4eaa9ba52057eb55ed284912fc,4687,589215000,86,2026-07-02T03:33:25.000Z
https://waterpulse-henna.vercel.app,0x50ab2018c06c6e4eaa9ba52057eb55ed284912fc,4687,589215000,86,2026-07-02T03:33:25.000Z
https://econsignalpulse.vercel.app,0x50ab2018c06c6e4eaa9ba52057eb55ed284912fc,4687,589215000,86,2026-07-02T03:33:25.000Z
https://gridpulse-amber.vercel.app,0x50ab2018c06c6e4eaa9ba52057eb55ed284912fc,4687,589215000,86,2026-07-02T03:33:25.000Z
https://homepulse-seven.vercel.app,0x50ab2018c06c6e4eaa9ba52057eb55ed284912fc,4687,589215000,86,2026-07-02T03:33:25.000Z
https://careerpulse-steel.vercel.app,0x50ab2018c06c6e4eaa9ba52057eb55ed284912fc,4687,589215000,86,2026-07-02T03:33:25.000Z
https://grantpulse-three.vercel.app,0x50ab2018c06c6e4eaa9ba52057eb55ed284912fc,4687,589215000,86,2026-07-02T03:33:25.000Z
https://harvestpulse.vercel.app,0x50ab2018c06c6e4eaa9ba52057eb55ed284912fc,4687,589215000,86,2026-07-02T03:33:25.000Z
https://herbapulse.vercel.app,0x50ab2018c06c6e4eaa9ba52057eb55ed284912fc,4687,589215000,86,2026-07-02T03:33:25.000Z
https://safepulse-xi.vercel.app,0x50ab2018c06c6e4eaa9ba52057eb55ed284912fc,4687,589215000,86,2026-07-02T03:33:25.000Z
https://taxpulse-phi.vercel.app,0x50ab2018c06c6e4eaa9ba52057eb55ed284912fc,4687,589215000,86,2026-07-02T03:33:25.000Z
https://seniorpulse.vercel.app,0x50ab2018c06c6e4eaa9ba52057eb55ed284912fc,4687,589215000,86,2026-07-02T03:33:25.000Z
https://legalpulse-rho.vercel.app,0x50ab2018c06c6e4eaa9ba52057eb55ed284912fc,4687,589215000,86,2026-07-02T03:33:25.000Z
https://immigrationpulse.vercel.app,0x50ab2018c06c6e4eaa9ba52057eb55ed284912fc,4687,589215000,86,2026-07-02T03:33:25.000Z
https://remittancepulse.vercel.app,0x50ab2018c06c6e4eaa9ba52057eb55ed284912fc,4687,589215000,86,2026-07-02T03:33:25.000Z
https://truthpulse-five.vercel.app,0x50ab2018c06c6e4eaa9ba52057eb55ed284912fc,4687,589215000,86,2026-07-02T03:33:25.000Z
https://vetpulse-five.vercel.app,0x50ab2018c06c6e4eaa9ba52057eb55ed284912fc,4687,589215000,86,2026-07-02T03:33:25.000Z
https://wealthpulse-phi.vercel.app,0x50ab2018c06c6e4eaa9ba52057eb55ed284912fc,4687,589215000,86,2026-07-02T03:33:25.000Z
https://esgpulse.vercel.app,0x50ab2018c06c6e4eaa9ba52057eb55ed284912fc,4687,589215000,86,2026-07-02T03:33:25.000Z
https://clinicalintelpulse.vercel.app,0x50ab2018c06c6e4eaa9ba52057eb55ed284912fc,4687,589215000,86,2026-07-02T03:33:25.000Z
https://talentpulse-six.vercel.app,0x50ab2018c06c6e4eaa9ba52057eb55ed284912fc,4687,589215000,86,2026-07-02T03:33:25.000Z
https://cyberpulse-six.vercel.app,0x50ab2018c06c6e4eaa9ba52057eb55ed284912fc,4687,589215000,86,2026-07-02T03:33:25.000Z
https://longevitypulse.vercel.app,0x50ab2018c06c6e4eaa9ba52057eb55ed284912fc,4687,589215000,86,2026-07-02T03:33:25.000Z
https://stateedge.vercel.app,0x50ab2018c06c6e4eaa9ba52057eb55ed284912fc,4687,589215000,86,2026-07-02T03:33:25.000Z
https://macropulse-alpha.vercel.app,0x50ab2018c06c6e4eaa9ba52057eb55ed284912fc,4687,589215000,86,2026-07-02T03:33:25.000Z
https://mcp-pulsenetwork.vercel.app,0x50ab2018c06c6e4eaa9ba52057eb55ed284912fc,4687,589215000,86,2026-07-02T03:33:25.000Z
https://pong-pay-production.up.railway.app,0x878533ac28c5ff837a7b17c82f867d39280667cc,4625,6214015000,580,2025-10-28T07:11:25.000Z
https://api.x402pepe.com,0xcd681c9081a4217974d6529eeba41fa9bb97bed3,4062,10650000000,1326,2025-10-29T03:47:27.000Z
http://api.x402pepe.com,0xcd681c9081a4217974d6529eeba41fa9bb97bed3,4062,10650000000,1326,2025-10-29T03:47:27.000Z
https://efeaadbb7e2b.ngrok-free.app,0x52848ecb5f52c28080b74c545a92a7cc228a2086,4026,8989860000,27,2025-10-29T21:20:57.000Z
https://8809e75c2ea5.ngrok-free.app,0x52848ecb5f52c28080b74c545a92a7cc228a2086,4026,8989860000,27,2025-10-29T21:20:57.000Z
https://d50bb7c1e3c4.ngrok-free.app,0x52848ecb5f52c28080b74c545a92a7cc228a2086,4026,8989860000,27,2025-10-29T21:20:57.000Z
https://live-api.metainside.io,0x52848ecb5f52c28080b74c545a92a7cc228a2086,4026,8989860000,27,2025-10-29T21:20:57.000Z
https://api.butt-base.fun,0x5c4c55925f413f803c41f50af18efc3e601334f0,4000,16464100000,602,2025-10-28T03:12:13.000Z
https://xspy.pro,0x93958d39d88eb8372bb9c1c82c0d6c0c332848af,3902,45660000,28,2026-07-02T03:33:57.000Z
https://api.agentcamo.xyz,0x93958d39d88eb8372bb9c1c82c0d6c0c332848af,3902,45660000,28,2026-07-02T03:33:57.000Z
https://x402.goprivate.fund,DMoQXD2X9rP64qpjuCEpNNZWuW4FnG2cRDBktM7HLGJV,3896,19480000000,10,2026-02-06T02:40:54.000Z
https://x402.api.agentmail.to,0x6e3184c204e596ded89e8a5693b602097f4ab687,3841,1138160000,178,2026-07-01T11:03:09.000Z
https://x402.api.agentmail.to,7r4e5dwNS68MDaxbw7N8jbzHq7RCMBp9z6smHFH4NXWw,3841,1138160000,178,2026-07-01T11:03:09.000Z
https://gateway.spraay.app,0xad62f03c7514bb8c51f1ea70c2b75c37404695c8,3775,80832000,48,2026-07-02T03:26:11.000Z
https://miladyx402.xyz,0xb34b56a5d9f0238156bc216d531c5b01020817db,3728,35781000000,1269,2025-10-27T16:25:21.000Z
https://x402-milady.netlify.app,0xb34b56a5d9f0238156bc216d531c5b01020817db,3728,35781000000,1269,2025-10-27T16:25:21.000Z
https://utilsforagents.com,0x7e67204eea076e8803b5753e5441ba0e62be13a4,3546,10638000,12,2026-07-02T03:19:05.000Z
https://telesint-api.onrender.com,0x7f74ce6d34ee0180f0217a16ce05f3b91272570f,3508,113610000,19,2026-06-30T00:31:59.000Z
https://x402.serendb.com,0x83334ef0c6f6396413c508a7762741e9fd8b20e9,3435,18240000,5,2026-01-09T22:06:09.000Z
https://capable-grace-production-ab1c.up.railway.app,0xb836a641dae76424861f7f1fcb37c1295e44e329,3376,42094000,56,2026-06-28T03:31:53.000Z
https://x402.naiko.io,0xb836a641dae76424861f7f1fcb37c1295e44e329,3376,42094000,56,2026-06-28T03:31:53.000Z
https://x402factory.ai,AGENTxr77msTPAmGk4DwdumueVAa3SvtyrpTf6tWMeWD,3332,3410805221,143,2026-06-30T02:20:35.000Z
https://x402factory.ai,0x402faccc3faeb72351cc2b68c7966faf5f22b0d4,3332,3410805221,143,2026-06-30T02:20:35.000Z
https://x402factory.ai,0x402b79ecb8c09348739e17efc14768066de645fe,3332,3410805221,143,2026-06-30T02:20:35.000Z
https://x402factory.ai,BRiDGeEqiNGZrvLWCHLBmfwuagC3cUhAEFzYCaJDFCME,3332,3410805221,143,2026-06-30T02:20:35.000Z
https://agents.api.memeputer.com,G31J8ZeVKo6j6xkxkjCcHENhQGNQid575MRvyixxNUJQ,3302,833000000,270,2026-05-21T20:58:29.000Z
https://agents.api.memeputer.com,B183T55VQfiHySK18c9VUPpmqWFsm4Xiyw57zQBesGKd,3302,833000000,270,2026-05-21T20:58:29.000Z
https://agents.memeputer.com,G31J8ZeVKo6j6xkxkjCcHENhQGNQid575MRvyixxNUJQ,3302,833000000,270,2026-05-21T20:58:29.000Z
https://agents.memeputer.com,B183T55VQfiHySK18c9VUPpmqWFsm4Xiyw57zQBesGKd,3302,833000000,270,2026-05-21T20:58:29.000Z
https://nonvisceral-eloisa-mousily.ngrok-free.dev,0x671e9400266f99c5cb63661392a07c205e1accea,3290,81390000,7,2026-07-02T03:00:37.000Z
https://x402stock.vercel.app,0x3070fbb3803819fb5bdfe9286fdc6325a877fa85,3200,93710000,96,2026-07-02T03:41:01.000Z
https://x402stock.xyz,0x3070fbb3803819fb5bdfe9286fdc6325a877fa85,3200,93710000,96,2026-07-02T03:41:01.000Z
http://api.grove.city,0x079d8cab4da9b5817612e98b8f6fc72cb1cb25a6,3145,1904816500,130,2026-01-05T21:27:59.000Z
https://api.score.xyz,0xe98e1b346d8b9c99ee1d6443440e14ca3640b940,3128,31280000,4,2025-11-19T16:07:29.000Z
https://x402mint-production.up.railway.app,0xad1f20d42cf00acc0e41775be090711ff6b79089,3101,208610000000,979,2025-10-29T19:06:39.000Z
https://mint-rpc.x402.vip,0xad1f20d42cf00acc0e41775be090711ff6b79089,3101,208610000000,979,2025-10-29T19:06:39.000Z
https://mint-rpl.x402.vip,0xad1f20d42cf00acc0e41775be090711ff6b79089,3101,208610000000,979,2025-10-29T19:06:39.000Z
https://x402.dtelecom.org,0x47d3394c7234714e4b9e9b74827c12be847f9dda,3058,3718320000,49,2026-07-02T03:43:59.000Z
https://x402.dtelecom.org,8MPzJeXx1RipFmRADExptc3UK4EV3nhEFN6NRSx7o7jm,3058,3718320000,49,2026-07-02T03:43:59.000Z
https://stable-deepline.dev,0xade02dff58b0316f04cd59806e3fdb4690fe89ab,2986,372400000,90,2026-07-02T03:50:31.000Z
https://iou.atxp.ai,0x7f9d1a879750168b8f4a59734b1262d1778fdb5a,2958,672918557082,2092,2026-04-08T19:06:05.000Z
https://api.strale.io,0x66d7c2f952362bfb24fd7f02a9bec9c754ea83bc,2947,230997591,53,2026-07-01T21:57:07.000Z
https://x402mint.fun,0xba75bdc4366f95c7e691f200b9b2d8d3b172c12e,2911,25220488000,174,2025-10-31T09:58:21.000Z
https://stablecrypto.dev,0x124f620b4f3b53559cd9148c9b1b2773ca104478,2835,80290000,168,2026-07-01T14:06:15.000Z
https://stablecrypto.dev,GedsrmCHThhYpCVmxBuCVariiXXeVN8iJPtbuXDouJ3K,2835,80290000,168,2026-07-01T14:06:15.000Z
https://api.crushrewards.dev,2hYY7wHhXsoWnskQRzYFUNH7YboXNMEqbGnAFHpRuB2W,2774,33810000,64,2026-06-28T18:44:39.000Z
https://api.crushrewards.dev,0xe2e662cf219025afc0c9bf850b6a2b0a0b5517fe,2774,33810000,64,2026-06-28T18:44:39.000Z
https://api.syntalic.com,2hYY7wHhXsoWnskQRzYFUNH7YboXNMEqbGnAFHpRuB2W,2774,33810000,64,2026-06-28T18:44:39.000Z
https://api.syntalic.com,0xe2e662cf219025afc0c9bf850b6a2b0a0b5517fe,2774,33810000,64,2026-06-28T18:44:39.000Z
https://inspiring-fulfillment-production.up.railway.app,0x70da5f2a851fb936eff8207f2733b0914cc44b7d,2760,82658240000,278,2026-06-28T00:35:09.000Z
https://x721.up.railway.app,0x70da5f2a851fb936eff8207f2733b0914cc44b7d,2760,82658240000,278,2026-06-28T00:35:09.000Z
https://x721.dev,0x70da5f2a851fb936eff8207f2733b0914cc44b7d,2760,82658240000,278,2026-06-28T00:35:09.000Z
https://content-dx.hugen.tokyo,4du4AfkjJEwch2zk3shkPJVZfyJHNDnNjEWC6AboaS5Z,2674,59440000,34,2026-07-01T08:37:38.000Z
https://content.hugen.tokyo,4du4AfkjJEwch2zk3shkPJVZfyJHNDnNjEWC6AboaS5Z,2674,59440000,34,2026-07-01T08:37:38.000Z
https://defi-dx.hugen.tokyo,4du4AfkjJEwch2zk3shkPJVZfyJHNDnNjEWC6AboaS5Z,2674,59440000,34,2026-07-01T08:37:38.000Z
https://defi.hugen.tokyo,4du4AfkjJEwch2zk3shkPJVZfyJHNDnNjEWC6AboaS5Z,2674,59440000,34,2026-07-01T08:37:38.000Z
https://discovery.hugen.tokyo,4du4AfkjJEwch2zk3shkPJVZfyJHNDnNjEWC6AboaS5Z,2674,59440000,34,2026-07-01T08:37:38.000Z
https://domain-dx.hugen.tokyo,4du4AfkjJEwch2zk3shkPJVZfyJHNDnNjEWC6AboaS5Z,2674,59440000,34,2026-07-01T08:37:38.000Z
https://domain.hugen.tokyo,4du4AfkjJEwch2zk3shkPJVZfyJHNDnNjEWC6AboaS5Z,2674,59440000,34,2026-07-01T08:37:38.000Z
https://gotobi.hugen.tokyo,4du4AfkjJEwch2zk3shkPJVZfyJHNDnNjEWC6AboaS5Z,2674,59440000,34,2026-07-01T08:37:38.000Z
https://intel-dx.hugen.tokyo,4du4AfkjJEwch2zk3shkPJVZfyJHNDnNjEWC6AboaS5Z,2674,59440000,34,2026-07-01T08:37:38.000Z
https://intel.hugen.tokyo,4du4AfkjJEwch2zk3shkPJVZfyJHNDnNjEWC6AboaS5Z,2674,59440000,34,2026-07-01T08:37:38.000Z
https://mailcheck-dx.hugen.tokyo,4du4AfkjJEwch2zk3shkPJVZfyJHNDnNjEWC6AboaS5Z,2674,59440000,34,2026-07-01T08:37:38.000Z
https://mailcheck.hugen.tokyo,4du4AfkjJEwch2zk3shkPJVZfyJHNDnNjEWC6AboaS5Z,2674,59440000,34,2026-07-01T08:37:38.000Z
https://scout-dx.hugen.tokyo,4du4AfkjJEwch2zk3shkPJVZfyJHNDnNjEWC6AboaS5Z,2674,59440000,34,2026-07-01T08:37:38.000Z
https://visual-dx.hugen.tokyo,4du4AfkjJEwch2zk3shkPJVZfyJHNDnNjEWC6AboaS5Z,2674,59440000,34,2026-07-01T08:37:38.000Z
https://visual.hugen.tokyo,4du4AfkjJEwch2zk3shkPJVZfyJHNDnNjEWC6AboaS5Z,2674,59440000,34,2026-07-01T08:37:38.000Z
https://weather-dx.hugen.tokyo,4du4AfkjJEwch2zk3shkPJVZfyJHNDnNjEWC6AboaS5Z,2674,59440000,34,2026-07-01T08:37:38.000Z
https://weather.hugen.tokyo,4du4AfkjJEwch2zk3shkPJVZfyJHNDnNjEWC6AboaS5Z,2674,59440000,34,2026-07-01T08:37:38.000Z
https://scout.hugen.tokyo,4du4AfkjJEwch2zk3shkPJVZfyJHNDnNjEWC6AboaS5Z,2674,59440000,34,2026-07-01T08:37:38.000Z
https://x402.holoworld.com,3TiAJNCa97K591JfhigpenXKHjBn6pQ3B66Jj4AiwFdj,2609,130450000000,2606,2025-11-11T12:57:04.000Z
https://x402fcs.com,0xc37c762e0c0171d6a393d4ab36d84563df20fd1a,2454,2454000000,60,2026-01-01T06:39:13.000Z
https://api.nicedao.site,0x2793a916ddc38ea5e26c4d1576d31aaec229d696,2442,11574000000,1192,2025-11-02T13:11:55.000Z
https://bluepages.fyi,0xc21bdbba05d3662f0f63ac6d209c6cb17e61aad3,2385,753570000,45,2026-06-26T14:11:07.000Z
https://api.heyanon.ai,0x0f7546edc9dee9959d136194e11df3e3c28101f8,2334,57460000,24,2026-06-20T04:12:45.000Z
https://api.robotdomainsearch.com,0xc06c0b4ab2e9b5fc64c88c29a1d6cea1661390bc,2318,76540000,7,2026-04-05T06:05:59.000Z
https://x402scan.com,0x2ec4545f96a24876764bf2b04d54e66a1351be71,2263,41442000,83,2026-07-01T21:12:17.000Z
https://www.x402scan.com,0x2ec4545f96a24876764bf2b04d54e66a1351be71,2263,41442000,83,2026-07-01T21:12:17.000Z
https://x402mkt.com,0xd3d4175f16e89d86d00ef92d652dae1bbb7ca37b,2256,22163450000,775,2025-12-18T03:43:19.000Z
https://ipfs.openx402.ai,0x00a30414873b542af93947f903c3e6b20c447cf3,2215,23050000,31,2025-12-07T18:37:05.000Z
https://api.thetrustlayer.xyz,0x7b390424b3e211c0739585778de97ae719ccd137,2182,2362000,12,2026-06-22T04:50:05.000Z
https://x402.silverbackdefi.app,0xd34411a70effbdd000c529bbf572082ffdcf1794,2174,28951000,57,2026-07-01T08:31:58.000Z
https://x402.silverbackdefi.app,4HVvnhyXTkMnPbMBo9r3kfvYhzW4JSbLGdXg9SkUcVSe,2174,28951000,57,2026-07-01T08:31:58.000Z
https://x402.silverbackdefi.app,0x402c1246842f2cdbc8e0b98a67d7a59aae22b394,2174,28951000,57,2026-07-01T08:31:58.000Z
https://x402.silverbackdefi.app,BACKWH4RoCFWALyGa7bf4F7w7G3d3q1B3T7G1ACox4o2,2174,28951000,57,2026-07-01T08:31:58.000Z
https://polymarketeer.vercel.app,0xfbd7b7ed48146ad9beff956212c77ce056815ad0,2140,176934300,106,2026-06-29T05:24:05.000Z
https://flipr-x402.fly.dev,0xfda5a8dc19e814a7880515feb88308bbee625d6d,2112,1000741200,46,2026-06-01T23:42:15.000Z
https://bitcoinsapi.com,0xe166267c3648b5ca4419f2c58faed8cd4df87d54,2107,12826000,16,2026-06-04T18:40:31.000Z
https://cdp.bitcoinsapi.com,0xe166267c3648b5ca4419f2c58faed8cd4df87d54,2107,12826000,16,2026-06-04T18:40:31.000Z
https://x402.asksurf.ai,0x4e2ef8df36a74b168333e92686018c3b3fb2e3e7,2105,422596000,63,2026-06-20T04:11:09.000Z
https://x402.asksurf.ai,HadxDtiEuPnBPMB7oCi5qfTpwQjT48yR1uwZ3pTcvXwb,2105,422596000,63,2026-06-20T04:11:09.000Z
https://darrylbots.com,0x0bf63f37b0f512839c001548dc66a6a99bfc019b,2100,2275000,18,2026-06-28T06:25:03.000Z
https://resolvebots.com,0x0bf63f37b0f512839c001548dc66a6a99bfc019b,2100,2275000,18,2026-06-28T06:25:03.000Z
https://proxy.suverse.io,0x260fbe1ec46968ee02e5b972507d7bb7f09f82b0,2091,68712500,125,2026-07-02T03:53:29.000Z
https://proxy.suverse.io,CBYMYxfMGdA98qkzrYqTzTiQhP3H2scU95EB4ZxoRxuM,2091,68712500,125,2026-07-02T03:53:29.000Z
https://proxy.suverse.io,0xe90316121189715cdc2515b7c2673658b810b751,2091,68712500,125,2026-07-02T03:53:29.000Z
https://proxy.suverse.io,0x7d7ce550251fd81457bfe9afb40c800c2cd50a73,2091,68712500,125,2026-07-02T03:53:29.000Z
https://proxy.suverse.io,0x1b258d4962e2a0103e932c155a3b9efcac40964a,2091,68712500,125,2026-07-02T03:53:29.000Z
https://proxy.suverse.io,0x2d50131399ddb89de63eee353eeda2c7ab97dfba,2091,68712500,125,2026-07-02T03:53:29.000Z
https://x402-pong.fly.dev,0x9b8e08d786a4b43b6003bc91e87f177dfd8f781b,2020,80519500,15,2025-12-15T18:17:27.000Z
https://pong-pay.fly.dev,0x9b8e08d786a4b43b6003bc91e87f177dfd8f781b,2020,80519500,15,2025-12-15T18:17:27.000Z
https://optionally-relevant-corgi.ngrok-free.app,0x9b8e08d786a4b43b6003bc91e87f177dfd8f781b,2020,80519500,15,2025-12-15T18:17:27.000Z
http://x402-pong.fly.dev,0x9b8e08d786a4b43b6003bc91e87f177dfd8f781b,2020,80519500,15,2025-12-15T18:17:27.000Z
https://pingpong-fun.fly.dev,0x9b8e08d786a4b43b6003bc91e87f177dfd8f781b,2020,80519500,15,2025-12-15T18:17:27.000Z
https://x402helper.xyz,0x3803a19280deefe533d177c4a169412bd341101b,2014,46831200,192,2026-07-01T18:51:39.000Z
https://api.dapplooker.com,0x70cf605bb180daf00c3e2f1ca3df5bb602664452,1998,12825300,15,2025-11-27T07:16:15.000Z
https://api.snack.money,0x1223d566f05ea54e5854434c4552c9f5c2259e0f,1962,464768100,78,2025-12-04T16:30:15.000Z
https://x402-tools.vercel.app,0xbad1aa224bfe4feb460e12b2553dcdf98a7098d0,1962,19620000,94,2026-07-02T00:52:15.000Z
https://try402.fun,0x7fd666849405ab08b942d7a0936a2eda5bd34924,1950,5316716653,76,2025-11-17T06:10:53.000Z
https://try402.fun,0xd9e96c74a3f6de115d27a04f9b6c2772a039f1f5,1950,5316716653,76,2025-11-17T06:10:53.000Z
https://compute.aurracloud.com,0x06dd40010f8ab8562f05230bce17b496ac0f52b4,1894,226686290,34,2025-12-05T17:55:27.000Z
https://aurabots.fun,0x06dd40010f8ab8562f05230bce17b496ac0f52b4,1894,226686290,34,2025-12-05T17:55:27.000Z
https://recoup-api-git-sweetmantech-myc-3562-37a0ab-recoupable-ad724970.vercel.app,0xbaf31935ed514e8f7da81d0a730ab5362deeeeb7,1878,112937340,51,2026-06-29T05:32:47.000Z
https://recoup-api-git-sweetmantech-myc-3559-4dbc37-recoupable-ad724970.vercel.app,0xbaf31935ed514e8f7da81d0a730ab5362deeeeb7,1878,112937340,51,2026-06-29T05:32:47.000Z
https://recoup-api-git-sweetmantech-myc-3575-ffb88f-recoupable-ad724970.vercel.app,0xbaf31935ed514e8f7da81d0a730ab5362deeeeb7,1878,112937340,51,2026-06-29T05:32:47.000Z
https://recoup-api-git-sweetmantech-myc-3577-ae06b3-recoupable-ad724970.vercel.app,0xbaf31935ed514e8f7da81d0a730ab5362deeeeb7,1878,112937340,51,2026-06-29T05:32:47.000Z
https://recoup-api-git-sweetmantech-myc-4077-32a4e4-recoupable-ad724970.vercel.app,0xbaf31935ed514e8f7da81d0a730ab5362deeeeb7,1878,112937340,51,2026-06-29T05:32:47.000Z
https://recoup-api-git-sweetmantech-myc-3556-9d6261-recoupable-ad724970.vercel.app,0xbaf31935ed514e8f7da81d0a730ab5362deeeeb7,1878,112937340,51,2026-06-29T05:32:47.000Z
https://recoup-api.vercel.app,0xbaf31935ed514e8f7da81d0a730ab5362deeeeb7,1878,112937340,51,2026-06-29T05:32:47.000Z
https://recoup-api-git-sweetmantech-myc-3552-32e6b7-recoupable-ad724970.vercel.app,0xbaf31935ed514e8f7da81d0a730ab5362deeeeb7,1878,112937340,51,2026-06-29T05:32:47.000Z
https://recoup-api-git-sweetmantech-myc-3557-0ab8ac-recoupable-ad724970.vercel.app,0xbaf31935ed514e8f7da81d0a730ab5362deeeeb7,1878,112937340,51,2026-06-29T05:32:47.000Z
https://slamai.dev,0xd85096faec1ac03075667b4c1a1661f5623bf111,1870,13924068,172,2026-06-26T11:26:49.000Z
https://api.slamai.dev,0xd85096faec1ac03075667b4c1a1661f5623bf111,1870,13924068,172,2026-06-26T11:26:49.000Z
https://slamlink-ai-main-50fbb45.d2.zuplo.dev,0xd85096faec1ac03075667b4c1a1661f5623bf111,1870,13924068,172,2026-06-26T11:26:49.000Z
https://www.surplusintelligence.ai,0x8581784d3e598cca3482375cff2409ac9dd8c402,1839,62747064,36,2026-07-01T21:04:25.000Z
https://main.doge402.fun,0x3c72a79f1f8821fa231ba18a77a9446d9eea212f,1826,3683224000,438,2025-10-25T05:37:49.000Z
https://api.doge402.fun,0x3c72a79f1f8821fa231ba18a77a9446d9eea212f,1826,3683224000,438,2025-10-25T05:37:49.000Z
https://api2.doge402.fun,0x3c72a79f1f8821fa231ba18a77a9446d9eea212f,1826,3683224000,438,2025-10-25T05:37:49.000Z
https://mint.x402dawg.xyz,0x55d2b9b12ac964a5444f8293ecb3b148a3f4f1dd,1826,22420006000,1284,2025-11-03T18:26:31.000Z
https://api.grapevine.fyi,0x2e189de763b404e834bb7ca2d1defdb289177604,1824,205540000,10,2025-12-05T14:20:43.000Z
https://api.speakeasyrelay.com,0xe9f8df484aa0fdcc73cab1eabe778718c852b6f7,1824,13190000,2,2026-03-14T23:25:07.000Z
https://data.crestsystems.ai,0xae0dfe00827c07b7db4514683bcc3ad0e85200b1,1796,50582000,145,2026-07-02T02:38:01.000Z
https://x402.kirha.com,0x46c52aa3823488efd7f7e0dab066976419292e6e,1762,66709973,9,2026-01-30T19:05:05.000Z
https://api.interzoid.com,0xdceca23ff8a7145e1b5b35427c9886cf21a67566,1730,161300000,262,2026-07-02T03:43:51.000Z
https://match.interzoid.com,0xdceca23ff8a7145e1b5b35427c9886cf21a67566,1730,161300000,262,2026-07-02T03:43:51.000Z
https://the-stall.intuitek.ai,0x03d773c52b67993e60ecb3134b17436fe03b584c,1722,58108000,64,2026-06-26T19:00:13.000Z
https://api.anchor-x402.com,0x127462e296fac1a7f5cf33ba57bb2f0fff5cd0b6,1707,131207000,170,2026-07-01T19:04:53.000Z
https://api.the402.ai,0x21bce104282d6a089539c34addde152d42a02d0e,1669,15597000,35,2026-07-01T05:32:13.000Z
https://okebro.fun,BiTCHsBaJwx37cykC2TaVhFtw9oAmx7mxV5ikijxabog,1655,383001272000,2,2025-12-03T03:49:36.000Z
https://okebro.fun,FUCK3n47gydH1hrBCoZbfzUZgfgpFTW8QSqFoCneN2ga,1655,383001272000,2,2025-12-03T03:49:36.000Z
https://agent402.vercel.app,0xa1ddc999aae816d3adc7eb0624701ad88084e915,1619,2603020400,600,2025-10-29T22:32:35.000Z
https://www.agent402.online,0xa1ddc999aae816d3adc7eb0624701ad88084e915,1619,2603020400,600,2025-10-29T22:32:35.000Z
https://agent402.online,0xa1ddc999aae816d3adc7eb0624701ad88084e915,1619,2603020400,600,2025-10-29T22:32:35.000Z
https://api.messari.io,0x75ddd3c42eace13c59ea0cd1141b886a1c70d2a5,1575,370830000,74,2026-07-01T16:01:59.000Z
https://epsteinemails.xyz,0xf9702d558eaec22a655df33b1e3ac996fac2f1ea,1573,1636000,5,2026-03-03T01:05:43.000Z
https://api.venice.ai,0x2670b922ef37c7df47158725c0cc407b5382293f,1573,1267210000,114,2026-07-02T02:12:23.000Z
https://api.retry402.com,0xbcc0521cdd5a003f4f76d3e01e982b13937527dc,1538,15380000000,318,2025-10-26T23:50:05.000Z
https://basepost.vercel.app,0xac391ce9c37516c1b53168328728f2a153799f6e,1533,24936000,277,2026-06-01T19:50:21.000Z
https://basepost.vercel.app,0x5d6b055f4d7d2a60b0534abf9e8d8e61abf7ea27,1533,24936000,277,2026-06-01T19:50:21.000Z
https://jatevo.ai,0xa3320f09b78123b5f26ebf966c233058a922c809,1528,213130000,119,2026-04-16T08:18:31.000Z
https://jatevo.ai,53CvrbpSQvU4gyxye6SP5DnyqKouLoqxnpZBCpoF4BGF,1528,213130000,119,2026-04-16T08:18:31.000Z
https://5df592ec-84d2-4307-aa70-51ed1b0f6716-00-14bqx64b7b7oc.spock.replit.dev,0xa3320f09b78123b5f26ebf966c233058a922c809,1528,213130000,119,2026-04-16T08:18:31.000Z
https://5df592ec-84d2-4307-aa70-51ed1b0f6716-00-14bqx64b7b7oc.spock.replit.dev,53CvrbpSQvU4gyxye6SP5DnyqKouLoqxnpZBCpoF4BGF,1528,213130000,119,2026-04-16T08:18:31.000Z
https://jatevo.id,0xa3320f09b78123b5f26ebf966c233058a922c809,1528,213130000,119,2026-04-16T08:18:31.000Z
https://jatevo.id,53CvrbpSQvU4gyxye6SP5DnyqKouLoqxnpZBCpoF4BGF,1528,213130000,119,2026-04-16T08:18:31.000Z
https://boundary-guard-x402.onrender.com,0x4200ab5af9e541b6a89eb39eef3140f83d9de8b0,1504,16230000,7,2026-07-02T03:33:57.000Z
https://x402-resource-scanner.vercel.app,0x4200ab5af9e541b6a89eb39eef3140f83d9de8b0,1504,16230000,7,2026-07-02T03:33:57.000Z
https://api.aixbt.tech,0x8e4b195c14f20e1ba4c40234f471e1781f293b45,1500,2547000000,147,2026-07-01T10:29:51.000Z
https://mint.doge402.fun,0x1c71d8edd98dc1c07631bc133a9274ec83ad982e,1498,4540104400,70,2025-10-25T16:23:29.000Z
https://x402.911fund.io,0xd86f1f35d6b15febef2f4a4390b584d8a7dec0b6,1486,49048000,98,2026-07-02T00:00:49.000Z
https://x402.911fund.io,CtbPTTFMRfULUMz7DjPDRCKXVSBEcAEXeTUq4n7fSFuf,1486,49048000,98,2026-07-02T00:00:49.000Z
https://law-mcp.toulaw.workers.dev,0x4ed0e65b400d115a21d21a5e2d9a63e3b2718034,1474,14740000,5,2026-07-02T03:34:37.000Z
https://token-api.x402hub.xyz,0xf43f7a7b8370d28ecb6606636dc61c0470c4ec91,1458,1827000,258,2026-06-29T05:21:33.000Z
https://places-api.x402hub.xyz,0xf43f7a7b8370d28ecb6606636dc61c0470c4ec91,1458,1827000,258,2026-06-29T05:21:33.000Z
https://string-utils.dirtroad.dev,0x71dc0bc68e7f0e2c5aace661b0f3fb995a80aaf4,1455,453570,15,2025-11-16T18:09:53.000Z
https://api.dirtroad.dev,0x71dc0bc68e7f0e2c5aace661b0f3fb995a80aaf4,1455,453570,15,2025-11-16T18:09:53.000Z
https://api-dirtroad-dev-pr-1.onrender.com,0x71dc0bc68e7f0e2c5aace661b0f3fb995a80aaf4,1455,453570,15,2025-11-16T18:09:53.000Z
https://rehqwsypjnjirhuiapqh.supabase.co,DsKmdkYx49Xc1WhqMUAztwhdYPTqieyC98VmnnJdgpXX,1453,73430000,15,2026-07-01T08:35:03.000Z
https://mcp.cryptoiz.org,DsKmdkYx49Xc1WhqMUAztwhdYPTqieyC98VmnnJdgpXX,1453,73430000,15,2026-07-01T08:35:03.000Z
https://www.x501ana.com,4AN5a7QjG2DE9Gefw7fwBzEKWAFwqf6pKdUAeUtjQdUr,1442,14384000000,178,2025-10-25T04:08:38.000Z
https://app.moltbrain.dev,0xacce7d23eb89d7f1930ac95fc044182175feca2d,1435,14350000,326,2026-02-26T12:40:27.000Z
https://glim.sh,9MkM5Ra48KFcSv9HDQ8sb3C3r5HjouEwGQ6sp1cx1vde,1424,7031800,37,2026-07-02T03:23:11.000Z
https://glim.sh,0xc751344ee09b5159160173f77d4a1169bcd386a1,1424,7031800,37,2026-07-02T03:23:11.000Z
https://vibesprings.net,0x38c063312719220c676e988f0dee14b4ec0e44c8,1417,29557000,161,2026-07-02T03:55:17.000Z
https://x402-agent-suite-production.up.railway.app,0xd56013abd05e588f2d025193fce90416816bdbbc,1414,94380000,6,2026-06-10T21:03:43.000Z
https://x402trustlayer.xyz,0xd56013abd05e588f2d025193fce90416816bdbbc,1414,94380000,6,2026-06-10T21:03:43.000Z
https://x402-cybercentry-erc-8004-agent-verification.up.railway.app,0xfee13309251b632317ea2d475d6aba7e7e0219e6,1390,44487000,42,2026-06-30T17:54:35.000Z
https://x402-cybercentry-wallet-verification.up.railway.app,0xfee13309251b632317ea2d475d6aba7e7e0219e6,1390,44487000,42,2026-06-30T17:54:35.000Z
https://x402-cybercentry-private-data-verification.up.railway.app,0xfee13309251b632317ea2d475d6aba7e7e0219e6,1390,44487000,42,2026-06-30T17:54:35.000Z
https://x402-cybercentry-ethereum-token-verification.up.railway.app,0xfee13309251b632317ea2d475d6aba7e7e0219e6,1390,44487000,42,2026-06-30T17:54:35.000Z
https://x402-cybercentry-solidity-code-verification.up.railway.app,0xfee13309251b632317ea2d475d6aba7e7e0219e6,1390,44487000,42,2026-06-30T17:54:35.000Z
https://x402-cybercentry-solana-token-verification.up.railway.app,0xfee13309251b632317ea2d475d6aba7e7e0219e6,1390,44487000,42,2026-06-30T17:54:35.000Z
https://x402-cybercentry-cyber-security-consultant.up.railway.app,0xfee13309251b632317ea2d475d6aba7e7e0219e6,1390,44487000,42,2026-06-30T17:54:35.000Z
https://x402-cybercentry-web-application-verification.up.railway.app,0xfee13309251b632317ea2d475d6aba7e7e0219e6,1390,44487000,42,2026-06-30T17:54:35.000Z
https://x402-cybercentry-quantum-cryptography-verification.up.railway.app,0xfee13309251b632317ea2d475d6aba7e7e0219e6,1390,44487000,42,2026-06-30T17:54:35.000Z
https://centry.cybercentry.co.uk,0xfee13309251b632317ea2d475d6aba7e7e0219e6,1390,44487000,42,2026-06-30T17:54:35.000Z
https://x402-cybercentry.up.railway.app,0xfee13309251b632317ea2d475d6aba7e7e0219e6,1390,44487000,42,2026-06-30T17:54:35.000Z
https://test.a402.space,0x3fcf313af2a19025012e7ed1d689636c607f4655,1336,89700000,36,2025-12-09T07:37:21.000Z
https://backend-thirdweb-facilitator.x402canvas.com,0x42583eb015ef7b9183a8cb71438fbf4519b9212e,1321,1972660000,27,2025-11-01T07:33:35.000Z
https://draw.x402canvas.com,0x42583eb015ef7b9183a8cb71438fbf4519b9212e,1321,1972660000,27,2025-11-01T07:33:35.000Z
https://rumourx402-api.vercel.app,0x949026a4c7c854c7bc9e0871a15002583e9736d6,1292,1328000,412,2025-12-05T08:30:31.000Z
https://clawhunter.fun,HuSiSpcUoUEF4hct1MRsGtNGz8EdBiTs7p2WtJGksLSa,1282,26519000,8,2026-07-02T02:52:51.000Z
https://clawhunter.fun,0x3201c49ff1b6c2dfd3250935e7b2fcd26b7f59e5,1282,26519000,8,2026-07-02T02:52:51.000Z
https://lookup.bustercall.workers.dev,0xd83a6d335b7792b409cdb5763a3c8885386402f0,1281,23606000,4,2026-06-29T12:32:03.000Z
https://dripstack.com,0xbf22b6ddb5a08c823856a779f1004eea60c5ab92,1276,131400000,114,2026-07-01T17:07:37.000Z
https://dripstack.xyz,0xbf22b6ddb5a08c823856a779f1004eea60c5ab92,1276,131400000,114,2026-07-01T17:07:37.000Z
https://api.x402gle.com,inDex8GnbM9qKAWuQm58sBn8ZdRgJwbMPBrhsbYow77,1267,64700000,435,2026-07-01T10:11:21.000Z
https://api.x402gle.com,0xdddd31b7383441bff24738053169e740bf74eb5e,1267,64700000,435,2026-07-01T10:11:21.000Z
https://svm402.com,0xdd8c16002a967fbc039c1eabb6bc2db0d9ef6aed,1224,12395000,1,2026-05-09T09:24:27.000Z
https://api.memoryapi.org,0x24facafeb49b4e3facf0b3e69604a2f4640c9bf2,1216,6296000,155,2026-07-02T03:38:47.000Z
https://econ.memoryapi.org,0x24facafeb49b4e3facf0b3e69604a2f4640c9bf2,1216,6296000,155,2026-07-02T03:38:47.000Z
https://filing.memoryapi.org,0x24facafeb49b4e3facf0b3e69604a2f4640c9bf2,1216,6296000,155,2026-07-02T03:38:47.000Z
https://legal.memoryapi.org,0x24facafeb49b4e3facf0b3e69604a2f4640c9bf2,1216,6296000,155,2026-07-02T03:38:47.000Z
https://predict.memoryapi.org,0x24facafeb49b4e3facf0b3e69604a2f4640c9bf2,1216,6296000,155,2026-07-02T03:38:47.000Z
https://food.memoryapi.org,0x24facafeb49b4e3facf0b3e69604a2f4640c9bf2,1216,6296000,155,2026-07-02T03:38:47.000Z
https://bio.memoryapi.org,0x24facafeb49b4e3facf0b3e69604a2f4640c9bf2,1216,6296000,155,2026-07-02T03:38:47.000Z
https://news.memoryapi.org,0x24facafeb49b4e3facf0b3e69604a2f4640c9bf2,1216,6296000,155,2026-07-02T03:38:47.000Z
https://nasa.memoryapi.org,0x24facafeb49b4e3facf0b3e69604a2f4640c9bf2,1216,6296000,155,2026-07-02T03:38:47.000Z
https://property.memoryapi.org,0x24facafeb49b4e3facf0b3e69604a2f4640c9bf2,1216,6296000,155,2026-07-02T03:38:47.000Z
https://geo.memoryapi.org,0x24facafeb49b4e3facf0b3e69604a2f4640c9bf2,1216,6296000,155,2026-07-02T03:38:47.000Z
https://clinical.memoryapi.org,0x24facafeb49b4e3facf0b3e69604a2f4640c9bf2,1216,6296000,155,2026-07-02T03:38:47.000Z
https://global.memoryapi.org,0x24facafeb49b4e3facf0b3e69604a2f4640c9bf2,1216,6296000,155,2026-07-02T03:38:47.000Z
https://euro.memoryapi.org,0x24facafeb49b4e3facf0b3e69604a2f4640c9bf2,1216,6296000,155,2026-07-02T03:38:47.000Z
https://health.memoryapi.org,0x24facafeb49b4e3facf0b3e69604a2f4640c9bf2,1216,6296000,155,2026-07-02T03:38:47.000Z
https://cron.memoryapi.org,0x24facafeb49b4e3facf0b3e69604a2f4640c9bf2,1216,6296000,155,2026-07-02T03:38:47.000Z
https://time.memoryapi.org,0x24facafeb49b4e3facf0b3e69604a2f4640c9bf2,1216,6296000,155,2026-07-02T03:38:47.000Z
https://flight.memoryapi.org,0x24facafeb49b4e3facf0b3e69604a2f4640c9bf2,1216,6296000,155,2026-07-02T03:38:47.000Z
https://contracts.memoryapi.org,0x24facafeb49b4e3facf0b3e69604a2f4640c9bf2,1216,6296000,155,2026-07-02T03:38:47.000Z
https://api.northeastdealintel.com,0x24facafeb49b4e3facf0b3e69604a2f4640c9bf2,1216,6296000,155,2026-07-02T03:38:47.000Z
https://market.memoryapi.org,0x24facafeb49b4e3facf0b3e69604a2f4640c9bf2,1216,6296000,155,2026-07-02T03:38:47.000Z
https://ai.memoryapi.org,0x24facafeb49b4e3facf0b3e69604a2f4640c9bf2,1216,6296000,155,2026-07-02T03:38:47.000Z
https://rep.memoryapi.org,0x24facafeb49b4e3facf0b3e69604a2f4640c9bf2,1216,6296000,155,2026-07-02T03:38:47.000Z
https://intel.memoryapi.org,0x24facafeb49b4e3facf0b3e69604a2f4640c9bf2,1216,6296000,155,2026-07-02T03:38:47.000Z
https://research.memoryapi.org,0x24facafeb49b4e3facf0b3e69604a2f4640c9bf2,1216,6296000,155,2026-07-02T03:38:47.000Z
https://defi.memoryapi.org,0x24facafeb49b4e3facf0b3e69604a2f4640c9bf2,1216,6296000,155,2026-07-02T03:38:47.000Z
https://promptqualityscore.com,0xb40a687ca5483ebc02f870348f6e08971cae1308,1213,41271000,19,2026-07-02T03:34:31.000Z
https://ged-x402.jvalamis.workers.dev,0xb3c2776ce3f99cb3366520c27b4ac5d436942ab6,1197,89790400,112,2026-07-02T03:28:39.000Z
https://ged-x402-embed.jvalamis.workers.dev,0xb3c2776ce3f99cb3366520c27b4ac5d436942ab6,1197,89790400,112,2026-07-02T03:28:39.000Z
https://ged-x402-media.jvalamis.workers.dev,0xb3c2776ce3f99cb3366520c27b4ac5d436942ab6,1197,89790400,112,2026-07-02T03:28:39.000Z
https://ged-x402-search.jvalamis.workers.dev,0xb3c2776ce3f99cb3366520c27b4ac5d436942ab6,1197,89790400,112,2026-07-02T03:28:39.000Z
https://jobs.gedx402.com,0xb3c2776ce3f99cb3366520c27b4ac5d436942ab6,1197,89790400,112,2026-07-02T03:28:39.000Z
https://ged-x402-chat.jvalamis.workers.dev,0xb3c2776ce3f99cb3366520c27b4ac5d436942ab6,1197,89790400,112,2026-07-02T03:28:39.000Z
https://ged-x402-llm.jvalamis.workers.dev,0xb3c2776ce3f99cb3366520c27b4ac5d436942ab6,1197,89790400,112,2026-07-02T03:28:39.000Z
https://ged-x402-image.jvalamis.workers.dev,0xb3c2776ce3f99cb3366520c27b4ac5d436942ab6,1197,89790400,112,2026-07-02T03:28:39.000Z
https://ged-x402-browser.jvalamis.workers.dev,0xb3c2776ce3f99cb3366520c27b4ac5d436942ab6,1197,89790400,112,2026-07-02T03:28:39.000Z
https://ged-x402-jobs.jvalamis.workers.dev,0xb3c2776ce3f99cb3366520c27b4ac5d436942ab6,1197,89790400,112,2026-07-02T03:28:39.000Z
https://media.gedx402.com,0xb3c2776ce3f99cb3366520c27b4ac5d436942ab6,1197,89790400,112,2026-07-02T03:28:39.000Z
https://llm.gedx402.com,0xb3c2776ce3f99cb3366520c27b4ac5d436942ab6,1197,89790400,112,2026-07-02T03:28:39.000Z
https://embed.gedx402.com,0xb3c2776ce3f99cb3366520c27b4ac5d436942ab6,1197,89790400,112,2026-07-02T03:28:39.000Z
https://image.gedx402.com,0xb3c2776ce3f99cb3366520c27b4ac5d436942ab6,1197,89790400,112,2026-07-02T03:28:39.000Z
https://agents.gedx402.com,0xb3c2776ce3f99cb3366520c27b4ac5d436942ab6,1197,89790400,112,2026-07-02T03:28:39.000Z
https://storage.gedx402.com,0xb3c2776ce3f99cb3366520c27b4ac5d436942ab6,1197,89790400,112,2026-07-02T03:28:39.000Z
https://rag.gedx402.com,0xb3c2776ce3f99cb3366520c27b4ac5d436942ab6,1197,89790400,112,2026-07-02T03:28:39.000Z
https://verify.gedx402.com,0xb3c2776ce3f99cb3366520c27b4ac5d436942ab6,1197,89790400,112,2026-07-02T03:28:39.000Z
https://search.gedx402.com,0xb3c2776ce3f99cb3366520c27b4ac5d436942ab6,1197,89790400,112,2026-07-02T03:28:39.000Z
https://images-api.gedx402.com,0xb3c2776ce3f99cb3366520c27b4ac5d436942ab6,1197,89790400,112,2026-07-02T03:28:39.000Z
https://gateway.gedx402.com,0xb3c2776ce3f99cb3366520c27b4ac5d436942ab6,1197,89790400,112,2026-07-02T03:28:39.000Z
https://social.gedx402.com,0xb3c2776ce3f99cb3366520c27b4ac5d436942ab6,1197,89790400,112,2026-07-02T03:28:39.000Z
https://chat.gedx402.com,0xb3c2776ce3f99cb3366520c27b4ac5d436942ab6,1197,89790400,112,2026-07-02T03:28:39.000Z
https://browser.gedx402.com,0xb3c2776ce3f99cb3366520c27b4ac5d436942ab6,1197,89790400,112,2026-07-02T03:28:39.000Z
https://db.gedx402.com,0xb3c2776ce3f99cb3366520c27b4ac5d436942ab6,1197,89790400,112,2026-07-02T03:28:39.000Z
https://oi.lonestaroracle.xyz,0x52ab53912d37759b2ad364f22dd06b16714b6c06,1193,192770000,54,2026-07-02T02:28:29.000Z
https://liq.lonestaroracle.xyz,0x52ab53912d37759b2ad364f22dd06b16714b6c06,1193,192770000,54,2026-07-02T02:28:29.000Z
https://weather.lonestaroracle.xyz,0x52ab53912d37759b2ad364f22dd06b16714b6c06,1193,192770000,54,2026-07-02T02:28:29.000Z
https://crownblock.lonestaroracle.xyz,0x52ab53912d37759b2ad364f22dd06b16714b6c06,1193,192770000,54,2026-07-02T02:28:29.000Z
https://token.lonestaroracle.xyz,0x52ab53912d37759b2ad364f22dd06b16714b6c06,1193,192770000,54,2026-07-02T02:28:29.000Z
https://wallet.lonestaroracle.xyz,0x52ab53912d37759b2ad364f22dd06b16714b6c06,1193,192770000,54,2026-07-02T02:28:29.000Z
https://grid.lonestaroracle.xyz,0x52ab53912d37759b2ad364f22dd06b16714b6c06,1193,192770000,54,2026-07-02T02:28:29.000Z
https://rattler.lonestaroracle.xyz,0x52ab53912d37759b2ad364f22dd06b16714b6c06,1193,192770000,54,2026-07-02T02:28:29.000Z
https://copperhead.lonestaroracle.xyz,0x52ab53912d37759b2ad364f22dd06b16714b6c06,1193,192770000,54,2026-07-02T02:28:29.000Z
https://ta.lonestaroracle.xyz,0x52ab53912d37759b2ad364f22dd06b16714b6c06,1193,192770000,54,2026-07-02T02:28:29.000Z
https://contract.lonestaroracle.xyz,0x52ab53912d37759b2ad364f22dd06b16714b6c06,1193,192770000,54,2026-07-02T02:28:29.000Z
https://news.lonestaroracle.xyz,0x52ab53912d37759b2ad364f22dd06b16714b6c06,1193,192770000,54,2026-07-02T02:28:29.000Z
https://equity.lonestaroracle.xyz,0x52ab53912d37759b2ad364f22dd06b16714b6c06,1193,192770000,54,2026-07-02T02:28:29.000Z
https://options.lonestaroracle.xyz,0x52ab53912d37759b2ad364f22dd06b16714b6c06,1193,192770000,54,2026-07-02T02:28:29.000Z
https://portfolio.lonestaroracle.xyz,0x52ab53912d37759b2ad364f22dd06b16714b6c06,1193,192770000,54,2026-07-02T02:28:29.000Z
https://macro.lonestaroracle.xyz,0x52ab53912d37759b2ad364f22dd06b16714b6c06,1193,192770000,54,2026-07-02T02:28:29.000Z
https://earnings.lonestaroracle.xyz,0x52ab53912d37759b2ad364f22dd06b16714b6c06,1193,192770000,54,2026-07-02T02:28:29.000Z
https://insider.lonestaroracle.xyz,0x52ab53912d37759b2ad364f22dd06b16714b6c06,1193,192770000,54,2026-07-02T02:28:29.000Z
https://realestate.lonestaroracle.xyz,0x52ab53912d37759b2ad364f22dd06b16714b6c06,1193,192770000,54,2026-07-02T02:28:29.000Z
https://agri.lonestaroracle.xyz,0x52ab53912d37759b2ad364f22dd06b16714b6c06,1193,192770000,54,2026-07-02T02:28:29.000Z
https://govedge.lonestaroracle.xyz,0x52ab53912d37759b2ad364f22dd06b16714b6c06,1193,192770000,54,2026-07-02T02:28:29.000Z
https://stable.lonestaroracle.xyz,0x52ab53912d37759b2ad364f22dd06b16714b6c06,1193,192770000,54,2026-07-02T02:28:29.000Z
https://whale.lonestaroracle.xyz,0x52ab53912d37759b2ad364f22dd06b16714b6c06,1193,192770000,54,2026-07-02T02:28:29.000Z
https://geo.lonestaroracle.xyz,0x52ab53912d37759b2ad364f22dd06b16714b6c06,1193,192770000,54,2026-07-02T02:28:29.000Z
https://cottonmouth.lonestaroracle.xyz,0x52ab53912d37759b2ad364f22dd06b16714b6c06,1193,192770000,54,2026-07-02T02:28:29.000Z
https://compute.lonestaroracle.xyz,0x52ab53912d37759b2ad364f22dd06b16714b6c06,1193,192770000,54,2026-07-02T02:28:29.000Z
https://metals.lonestaroracle.xyz,0x52ab53912d37759b2ad364f22dd06b16714b6c06,1193,192770000,54,2026-07-02T02:28:29.000Z
https://supply.lonestaroracle.xyz,0x52ab53912d37759b2ad364f22dd06b16714b6c06,1193,192770000,54,2026-07-02T02:28:29.000Z
https://latam.lonestaroracle.xyz,0x52ab53912d37759b2ad364f22dd06b16714b6c06,1193,192770000,54,2026-07-02T02:28:29.000Z
https://lease.lonestaroracle.xyz,0x52ab53912d37759b2ad364f22dd06b16714b6c06,1193,192770000,54,2026-07-02T02:28:29.000Z
https://stake.lonestaroracle.xyz,0x52ab53912d37759b2ad364f22dd06b16714b6c06,1193,192770000,54,2026-07-02T02:28:29.000Z
https://doc.lonestaroracle.xyz,0x52ab53912d37759b2ad364f22dd06b16714b6c06,1193,192770000,54,2026-07-02T02:28:29.000Z
https://launches.lonestaroracle.xyz,0x52ab53912d37759b2ad364f22dd06b16714b6c06,1193,192770000,54,2026-07-02T02:28:29.000Z
https://defi.lonestaroracle.xyz,0x52ab53912d37759b2ad364f22dd06b16714b6c06,1193,192770000,54,2026-07-02T02:28:29.000Z
https://wealth.lonestaroracle.xyz,0x52ab53912d37759b2ad364f22dd06b16714b6c06,1193,192770000,54,2026-07-02T02:28:29.000Z
https://bundle.lonestaroracle.xyz,0x52ab53912d37759b2ad364f22dd06b16714b6c06,1193,192770000,54,2026-07-02T02:28:29.000Z
https://floyd.lonestaroracle.xyz,0x52ab53912d37759b2ad364f22dd06b16714b6c06,1193,192770000,54,2026-07-02T02:28:29.000Z
https://chainscout.lonestaroracle.xyz,0x52ab53912d37759b2ad364f22dd06b16714b6c06,1193,192770000,54,2026-07-02T02:28:29.000Z
https://content.lonestaroracle.xyz,0x52ab53912d37759b2ad364f22dd06b16714b6c06,1193,192770000,54,2026-07-02T02:28:29.000Z
https://cascade.lonestaroracle.xyz,0x52ab53912d37759b2ad364f22dd06b16714b6c06,1193,192770000,54,2026-07-02T02:28:29.000Z
https://aero.lonestaroracle.xyz,0x52ab53912d37759b2ad364f22dd06b16714b6c06,1193,192770000,54,2026-07-02T02:28:29.000Z
https://funding.lonestaroracle.xyz,0x52ab53912d37759b2ad364f22dd06b16714b6c06,1193,192770000,54,2026-07-02T02:28:29.000Z
https://x402puzzle.wtf,0x0f158cb810b43699a8a80510eadd57059f14104b,1186,1186000000,509,2026-06-19T05:38:49.000Z
https://4xbaobao.com,0x505eed850a17c41cb0aa10a7e51c360d4b0c1662,1164,48760000000,256,2025-10-29T00:07:37.000Z
https://emc2ai.io,0xc9368b30bd620164fd1a05a5d99dcaf8ae754775,1158,819700000,51,2026-07-02T02:38:15.000Z
https://api.firecrawl.dev,0xab4fb7151e7e2b9ec99e9ce1bc2d5288fba15f52,1151,11456000,90,2026-02-01T06:43:09.000Z
https://roster-vault.orbonomy.xyz,0xe53cf11c367390122af3431b7c47d323f9ccbf38,1128,61220000,5,2026-07-01T17:25:43.000Z
https://canon.orbonomy.xyz,0xe53cf11c367390122af3431b7c47d323f9ccbf38,1128,61220000,5,2026-07-01T17:25:43.000Z
https://bolt.orbonomy.xyz,0xe53cf11c367390122af3431b7c47d323f9ccbf38,1128,61220000,5,2026-07-01T17:25:43.000Z
https://www.orbonomy.xyz,0xe53cf11c367390122af3431b7c47d323f9ccbf38,1128,61220000,5,2026-07-01T17:25:43.000Z
https://vert.orbonomy.xyz,0xe53cf11c367390122af3431b7c47d323f9ccbf38,1128,61220000,5,2026-07-01T17:25:43.000Z
https://vercanon.orbonomy.xyz,0xe53cf11c367390122af3431b7c47d323f9ccbf38,1128,61220000,5,2026-07-01T17:25:43.000Z
https://backup-v2api.orbonomy.xyz,0xe53cf11c367390122af3431b7c47d323f9ccbf38,1128,61220000,5,2026-07-01T17:25:43.000Z
https://novav2.orbonomy.xyz,0xe53cf11c367390122af3431b7c47d323f9ccbf38,1128,61220000,5,2026-07-01T17:25:43.000Z
https://api.orbonomy.xyz,0xe53cf11c367390122af3431b7c47d323f9ccbf38,1128,61220000,5,2026-07-01T17:25:43.000Z
https://scrapfly.orbonomy.xyz,0xe53cf11c367390122af3431b7c47d323f9ccbf38,1128,61220000,5,2026-07-01T17:25:43.000Z
https://v0-canon.orbonomy.xyz,0xe53cf11c367390122af3431b7c47d323f9ccbf38,1128,61220000,5,2026-07-01T17:25:43.000Z
https://orbonomy-xyz.vercel.app,0xe53cf11c367390122af3431b7c47d323f9ccbf38,1128,61220000,5,2026-07-01T17:25:43.000Z
https://roamv2.orbonomy.xyz,0xe53cf11c367390122af3431b7c47d323f9ccbf38,1128,61220000,5,2026-07-01T17:25:43.000Z
https://orbonomy.xyz,0xe53cf11c367390122af3431b7c47d323f9ccbf38,1128,61220000,5,2026-07-01T17:25:43.000Z
https://datault.orbonomy.xyz,0xe53cf11c367390122af3431b7c47d323f9ccbf38,1128,61220000,5,2026-07-01T17:25:43.000Z
https://novva.orbonomy.xyz,0xe53cf11c367390122af3431b7c47d323f9ccbf38,1128,61220000,5,2026-07-01T17:25:43.000Z
https://deltadata.orbonomy.xyz,0xe53cf11c367390122af3431b7c47d323f9ccbf38,1128,61220000,5,2026-07-01T17:25:43.000Z
https://scrap.orbonomy.xyz,0xe53cf11c367390122af3431b7c47d323f9ccbf38,1128,61220000,5,2026-07-01T17:25:43.000Z
https://nova-orbonomy.vercel.app,0xe53cf11c367390122af3431b7c47d323f9ccbf38,1128,61220000,5,2026-07-01T17:25:43.000Z
https://402roam.orbonomy.xyz,0xe53cf11c367390122af3431b7c47d323f9ccbf38,1128,61220000,5,2026-07-01T17:25:43.000Z
https://scrapifrivly.orbonomy.xyz,0xe53cf11c367390122af3431b7c47d323f9ccbf38,1128,61220000,5,2026-07-01T17:25:43.000Z
https://402stay.orbonomy.xyz,0xe53cf11c367390122af3431b7c47d323f9ccbf38,1128,61220000,5,2026-07-01T17:25:43.000Z
https://roster.orbonomy.xyz,0xe53cf11c367390122af3431b7c47d323f9ccbf38,1128,61220000,5,2026-07-01T17:25:43.000Z
https://v1-0-bolt.orbonomy.xyz,0xe53cf11c367390122af3431b7c47d323f9ccbf38,1128,61220000,5,2026-07-01T17:25:43.000Z
https://nova.orbonomy.xyz,0xe53cf11c367390122af3431b7c47d323f9ccbf38,1128,61220000,5,2026-07-01T17:25:43.000Z
https://apa.orbonomy.xyz,0xe53cf11c367390122af3431b7c47d323f9ccbf38,1128,61220000,5,2026-07-01T17:25:43.000Z
https://roam.orbonomy.xyz,0xe53cf11c367390122af3431b7c47d323f9ccbf38,1128,61220000,5,2026-07-01T17:25:43.000Z
https://orbonomy.vercel.app,0xe53cf11c367390122af3431b7c47d323f9ccbf38,1128,61220000,5,2026-07-01T17:25:43.000Z
https://app.orbonomy.xyz,0xe53cf11c367390122af3431b7c47d323f9ccbf38,1128,61220000,5,2026-07-01T17:25:43.000Z
https://tascanon.orbonomy.xyz,0xe53cf11c367390122af3431b7c47d323f9ccbf38,1128,61220000,5,2026-07-01T17:25:43.000Z
https://scrapi.orbonomy.xyz,0xe53cf11c367390122af3431b7c47d323f9ccbf38,1128,61220000,5,2026-07-01T17:25:43.000Z
https://datsavalt.vercel.app,0xe53cf11c367390122af3431b7c47d323f9ccbf38,1128,61220000,5,2026-07-01T17:25:43.000Z
https://main.orbonomy.xyz,0xe53cf11c367390122af3431b7c47d323f9ccbf38,1128,61220000,5,2026-07-01T17:25:43.000Z
https://rost3r.orbonomy.xyz,0xe53cf11c367390122af3431b7c47d323f9ccbf38,1128,61220000,5,2026-07-01T17:25:43.000Z
https://backup-api.orbonomy.xyz,0xe53cf11c367390122af3431b7c47d323f9ccbf38,1128,61220000,5,2026-07-01T17:25:43.000Z
https://scr-fi.orbonomy.xyz,0xe53cf11c367390122af3431b7c47d323f9ccbf38,1128,61220000,5,2026-07-01T17:25:43.000Z
https://veri.orbonomy.xyz,0xe53cf11c367390122af3431b7c47d323f9ccbf38,1128,61220000,5,2026-07-01T17:25:43.000Z
https://v2-bolt.orbonomy.xyz,0xe53cf11c367390122af3431b7c47d323f9ccbf38,1128,61220000,5,2026-07-01T17:25:43.000Z
https://scrapifly.orbonomy.xyz,0xe53cf11c367390122af3431b7c47d323f9ccbf38,1128,61220000,5,2026-07-01T17:25:43.000Z
https://v0-bolt.orbonomy.xyz,0xe53cf11c367390122af3431b7c47d323f9ccbf38,1128,61220000,5,2026-07-01T17:25:43.000Z
https://rost3r-v0.orbonomy.xyz,0xe53cf11c367390122af3431b7c47d323f9ccbf38,1128,61220000,5,2026-07-01T17:25:43.000Z
https://test-scrapfly.orbonomy.xyz,0xe53cf11c367390122af3431b7c47d323f9ccbf38,1128,61220000,5,2026-07-01T17:25:43.000Z
https://boltx402.orbonomy.xyz,0xe53cf11c367390122af3431b7c47d323f9ccbf38,1128,61220000,5,2026-07-01T17:25:43.000Z
https://scravfly.vercel.app,0xe53cf11c367390122af3431b7c47d323f9ccbf38,1128,61220000,5,2026-07-01T17:25:43.000Z
https://aury.orbonomy.xyz,0xe53cf11c367390122af3431b7c47d323f9ccbf38,1128,61220000,5,2026-07-01T17:25:43.000Z
https://datsavault.vercel.app,0xe53cf11c367390122af3431b7c47d323f9ccbf38,1128,61220000,5,2026-07-01T17:25:43.000Z
https://x402.tweetx402.com,0x9ddbc42e8fea0d9a7fd68934545d3a9bff334307,1111,1611100,6,2026-03-04T22:36:33.000Z
https://api.tweetx402.com,0x9ddbc42e8fea0d9a7fd68934545d3a9bff334307,1111,1611100,6,2026-03-04T22:36:33.000Z
https://api.carbon-cashmere.de,GgS891nMiEETjBEFw1QQxVcAqsRV34mDYpxh24TrpCiD,1110,46683000,27,2026-07-01T05:19:37.000Z
https://api.carbon-cashmere.de,0xf8b2dd46542175ad46e14e6133340e652665f2ee,1110,46683000,27,2026-07-01T05:19:37.000Z
https://x402.aoe.oxbull.tech,0x797d17c4df742772287322cf0ba40be7d9873737,1107,881160000,195,2025-11-06T08:50:41.000Z
https://catsanex.up.railway.app,0xfda996093a448947af917d4c2c0a10488e9072ab,1106,5514000000,3,2025-11-22T04:24:25.000Z
https://ip402.xyz,0xed617f79201248df99909fbde4269b6eeaee39b6,1080,10800000,28,2026-07-02T03:18:12.000Z
https://ip402.xyz,7Cd8FJ6hCKKTphtj2oDNQrevkMc4CcHCuLNWkw38so6Q,1080,10800000,28,2026-07-02T03:18:12.000Z
https://blocksearch.dev,5DHhYFTCwYcoUK9nh4omrcm6htGPThcnMHWcK4mCTtPz,1074,24522000,36,2026-05-06T11:48:18.000Z
https://twitter.surf.cascade.fyi,E7BFB4ucyNsa8K52uQsCyKgw4Dg9vHA5mo73W6aWTNZY,1062,2804000,6,2026-06-03T18:50:19.000Z
https://web.surf.cascade.fyi,E7BFB4ucyNsa8K52uQsCyKgw4Dg9vHA5mo73W6aWTNZY,1062,2804000,6,2026-06-03T18:50:19.000Z
https://reddit.surf.cascade.fyi,E7BFB4ucyNsa8K52uQsCyKgw4Dg9vHA5mo73W6aWTNZY,1062,2804000,6,2026-06-03T18:50:19.000Z
https://inference.surf.cascade.fyi,E7BFB4ucyNsa8K52uQsCyKgw4Dg9vHA5mo73W6aWTNZY,1062,2804000,6,2026-06-03T18:50:19.000Z
https://x402.icu,0x76f15a092c7ddac99b2276e9289f061fa1244c45,1029,1029000000,35,2026-06-28T09:33:53.000Z
https://gateway.gocreativeai.com,0xbaf55b24ca99bd7393b6e627093b13c6628b53cc,1029,43121000,94,2026-07-02T03:52:13.000Z
https://api.gocreativeai.com,0xbaf55b24ca99bd7393b6e627093b13c6628b53cc,1029,43121000,94,2026-07-02T03:52:13.000Z
https://omnicall.gocreativeai.com,0xbaf55b24ca99bd7393b6e627093b13c6628b53cc,1029,43121000,94,2026-07-02T03:52:13.000Z
https://predict.gocreativeai.com,0xbaf55b24ca99bd7393b6e627093b13c6628b53cc,1029,43121000,94,2026-07-02T03:52:13.000Z
https://x402bald.online,0x61b7eaefcac5e896d922d132c15894900a0e0f82,1016,1016000000,962,2025-10-26T19:01:11.000Z
https://minting-1-one.vercel.app,0xb84f47aba03234e5626894e1545e8c512e75a86c,1016,101600000000,4,2025-11-03T04:44:53.000Z
https://minting-1-one.vercel.app,0x882059ed94c15594bc5f4a4e74c8f97bebe260ff,1016,101600000000,4,2025-11-03T04:44:53.000Z
https://minting-1-one.vercel.app,0x1c8c5413e2c98d5d2e3c3296e19e8b1aa2f99458,1016,101600000000,4,2025-11-03T04:44:53.000Z
https://minting-1-one.vercel.app,0x3899807f59f4749c56b88b5710ec348c81d3b258,1016,101600000000,4,2025-11-03T04:44:53.000Z
https://x402.thenext.games,0xda4460345aadb042c75549b8ee6a079ef320b959,1012,1012000000,54,2025-11-21T23:55:21.000Z
https://laso.finance,0x3291e96b3bff7ed56e3ca8364273c5b4654b2b37,961,9583447000,162,2026-07-01T18:08:19.000Z
https://laso.finance,3MZVk97x9SeRxbYpc3jhzRfU2fyA3emYutnqfn9kNfYX,961,9583447000,162,2026-07-01T18:08:19.000Z
https://agntos.dev,0x7fa8ac4b42fd0c97ca983bc73135edbea5bd6ab2,948,244124000,9,2026-06-10T17:06:29.000Z
https://palmyr.ai,0x7fa8ac4b42fd0c97ca983bc73135edbea5bd6ab2,948,244124000,9,2026-06-10T17:06:29.000Z
https://gxfc.world,0x042b979121a56839a18a26738a23fd050353485e,948,1296000000,270,2025-10-29T08:17:43.000Z
https://pqs.onchainintel.net,0xd2dfc5796de622e08c13f3016e92cfa15ea33d0f,934,25117000,6,2026-05-12T14:43:01.000Z
https://x402.dessistant.xyz,0x9d11294e16d5e37da2a8d0b476407cfa55783546,932,80250000,20,2026-01-10T00:06:43.000Z
https://x402.coinopai.com,0x1304ec1a8945365e43a5c18a734065f107b417ca,927,43998000,42,2026-07-01T14:38:23.000Z
https://monolithx402.com,EUCzXap68ZCjmaHRw1Lhdk3GKU3YkGBZ8yiV1yHvGSM,924,3693001000,64,2025-11-10T17:18:08.000Z
https://dev-api.rencom.ai,0x7ae0fb44e68f2f5c3266bbc849af00be2f62eac1,914,9140000,11,2026-01-22T00:53:45.000Z
https://api.rencom.ai,0x7ae0fb44e68f2f5c3266bbc849af00be2f62eac1,914,9140000,11,2026-01-22T00:53:45.000Z
https://api.vibe.airforce,0x80437842a9b6d7257d0bbf1fbc8571121ac225a8,913,20700000,18,2026-07-01T11:33:23.000Z
https://api.solenrich.com,66Qvhr1xnwqbCT36KfHfZF1JpoWdmCQ3uFYTN335CGXe,898,11146000,6,2026-06-30T08:42:37.000Z
https://payx402.fun,0xda8d766bc482a7953b72283f56c12ce00da6a86a,880,5615940000,86,2025-10-30T22:36:25.000Z
https://payx402-mu.vercel.app,0xda8d766bc482a7953b72283f56c12ce00da6a86a,880,5615940000,86,2025-10-30T22:36:25.000Z
https://api.logos.readia.io,cAXdcMFHK6y9yTP7AMETzXC7zvTeDBbQ5f4nvSWDx51,855,78480000,60,2026-06-29T00:45:32.000Z
https://api.logos.readia.io,0xec115640b09416a59fe77e4e7b852fe700fa6bf1,855,78480000,60,2026-06-29T00:45:32.000Z
https://api.x402dice.casino,0x09cecd50b421d704f499302e32d3a2142774bad1,852,852000000,280,2025-11-12T05:50:13.000Z
https://api.signalfuse.co,0xf080a1aab08650946acda41410a7edc14f7be035,849,10451000,35,2026-07-02T03:43:11.000Z
https://x402.atomicstream.net,2chGLRxzvoTgQXhqyoqpwn5yVChRx8qQMXPLDud7D2e4,844,352500000,16,2026-06-29T14:16:07.000Z
https://x402-demo-discovery-endpoint.vercel.app,0x021028695eafdde60e139d87000a8bd6cb65645e,830,830000,161,2026-06-23T14:17:17.000Z
https://auto-mint-delta.vercel.app,0x9c6fc00f9644d5c74def90fecd5502a5bf00d076,830,7706003800,10,2025-10-31T10:48:15.000Z
https://auto-mint-delta.vercel.app,0x75dfd1e9b5c5a963d2e2109c52705b7f2255944f,830,7706003800,10,2025-10-31T10:48:15.000Z
https://auto-mint-delta.vercel.app,0xc4e0449fd82d019e37ed8df68702cc69256144e1,830,7706003800,10,2025-10-31T10:48:15.000Z
https://auto-mint-delta.vercel.app,0xb1d9e24c9010535b82b72c0f8ad0237b72603fd5,830,7706003800,10,2025-10-31T10:48:15.000Z
https://api.babyblueviper.com,0x161dbdd73d025e9aedd4918a67c28e5bf9a87fb9,825,62831210,7,2026-07-01T20:25:51.000Z
https://fooga.fun,0xd7320fff9eea5d8d2ab79920fa4ab40bb8265308,818,1736000000,310,2026-06-21T04:53:43.000Z
https://coinbase.fooga.fun,0xd7320fff9eea5d8d2ab79920fa4ab40bb8265308,818,1736000000,310,2026-06-21T04:53:43.000Z
https://gateway.grapevine.fyi,0x9991a6c50cd5a59c1dd084bbd825238c783a912a,814,39559000,65,2026-06-28T04:35:37.000Z
https://gateway.grapevine.fyi,0xbc03df2d9f44cc552ebbff39860f2cc4fc751d0e,814,39559000,65,2026-06-28T04:35:37.000Z
https://gateway.grapevine.fyi,0xb2848049a272ab31581ace5ce77917168cf181e9,814,39559000,65,2026-06-28T04:35:37.000Z
https://gateway.grapevine.fyi,0x9f137a6134b62437813e4ef88bac89f6cb408511,814,39559000,65,2026-06-28T04:35:37.000Z
https://gateway.grapevine.fyi,0x70faa7333f352f74452afc24156f171100a0a8ab,814,39559000,65,2026-06-28T04:35:37.000Z
https://api.predictionmarketdata.io,0x995c0abdcd2ad76548e5f7deb54d32549b2b781f,785,1001000,13,2026-07-01T20:30:13.000Z
https://mako.pollinateresearch.com,0x6e4dfbe49858e9cb93162352d75dbd1e409a7737,771,39210000,11,2026-07-01T21:58:19.000Z
https://hmo.payapi.market,0xffc458db291b4abce020fe3de4f91f2770e537b1,749,1822000,121,2026-07-02T02:28:33.000Z
https://web-production-18a32.up.railway.app,0xffc458db291b4abce020fe3de4f91f2770e537b1,749,1822000,121,2026-07-02T02:28:33.000Z
https://agent.weatherxm.com,0xdcb51547c2f538043a45bb4b8c92f03f4682c0b3,747,747000,16,2026-06-24T03:01:09.000Z
https://proof-of-intelligence-mint-web.vercel.app,0x32d831cd322eb5df497a1a640175a874b5372bf8,742,552800000,14,2025-12-11T19:56:41.000Z
https://poim.io,0x32d831cd322eb5df497a1a640175a874b5372bf8,742,552800000,14,2025-12-11T19:56:41.000Z
https://oagx402.987659876.xyz,0xee72b902af7466023595512e3359bb5bf312977c,736,265780000,77,2026-07-01T01:28:23.000Z
https://x402play.987659876.xyz,0xee72b902af7466023595512e3359bb5bf312977c,736,265780000,77,2026-07-01T01:28:23.000Z
https://x402.987659876.xyz,0xee72b902af7466023595512e3359bb5bf312977c,736,265780000,77,2026-07-01T01:28:23.000Z
http://x402new.987659876.xyz,0xee72b902af7466023595512e3359bb5bf312977c,736,265780000,77,2026-07-01T01:28:23.000Z
http://x402newn.987659876.xyz,0xee72b902af7466023595512e3359bb5bf312977c,736,265780000,77,2026-07-01T01:28:23.000Z
https://x4022.987659876.xyz,0xee72b902af7466023595512e3359bb5bf312977c,736,265780000,77,2026-07-01T01:28:23.000Z
https://x4021.987659876.xyz,0xee72b902af7466023595512e3359bb5bf312977c,736,265780000,77,2026-07-01T01:28:23.000Z
https://donate.0000402.xyz,0xee72b902af7466023595512e3359bb5bf312977c,736,265780000,77,2026-07-01T01:28:23.000Z
https://tempfile.0000402.xyz,0xee72b902af7466023595512e3359bb5bf312977c,736,265780000,77,2026-07-01T01:28:23.000Z
https://x402human.987659876.xyz,0xee72b902af7466023595512e3359bb5bf312977c,736,265780000,77,2026-07-01T01:28:23.000Z
https://x402omniac.987659876.xyz,0xee72b902af7466023595512e3359bb5bf312977c,736,265780000,77,2026-07-01T01:28:23.000Z
https://x402pastebin.987659876.xyz,0xee72b902af7466023595512e3359bb5bf312977c,736,265780000,77,2026-07-01T01:28:23.000Z
https://x402proxy.987659876.xyz,0xee72b902af7466023595512e3359bb5bf312977c,736,265780000,77,2026-07-01T01:28:23.000Z
https://play.0000402.xyz,0xee72b902af7466023595512e3359bb5bf312977c,736,265780000,77,2026-07-01T01:28:23.000Z
https://canvas.0000402.xyz,0xee72b902af7466023595512e3359bb5bf312977c,736,265780000,77,2026-07-01T01:28:23.000Z
https://omniac.0000402.xyz,0xee72b902af7466023595512e3359bb5bf312977c,736,265780000,77,2026-07-01T01:28:23.000Z
http://human.0000402.xyz,0xee72b902af7466023595512e3359bb5bf312977c,736,265780000,77,2026-07-01T01:28:23.000Z
https://human.0000402.xyz,0xee72b902af7466023595512e3359bb5bf312977c,736,265780000,77,2026-07-01T01:28:23.000Z
https://proxy.0000402.xyz,0xee72b902af7466023595512e3359bb5bf312977c,736,265780000,77,2026-07-01T01:28:23.000Z
https://timecapsule.0000402.xyz,0xee72b902af7466023595512e3359bb5bf312977c,736,265780000,77,2026-07-01T01:28:23.000Z
https://cron.0000402.xyz,0xee72b902af7466023595512e3359bb5bf312977c,736,265780000,77,2026-07-01T01:28:23.000Z
https://stamp.0000402.xyz,0xee72b902af7466023595512e3359bb5bf312977c,736,265780000,77,2026-07-01T01:28:23.000Z
https://leaderboard.0000402.xyz,0xee72b902af7466023595512e3359bb5bf312977c,736,265780000,77,2026-07-01T01:28:23.000Z
https://pastebin.0000402.xyz,0xee72b902af7466023595512e3359bb5bf312977c,736,265780000,77,2026-07-01T01:28:23.000Z
https://punksinapunk.0000402.xyz,0xee72b902af7466023595512e3359bb5bf312977c,736,265780000,77,2026-07-01T01:28:23.000Z
https://giveth.0000402.xyz,0xee72b902af7466023595512e3359bb5bf312977c,736,265780000,77,2026-07-01T01:28:23.000Z
https://forecast.0000402.xyz,0xee72b902af7466023595512e3359bb5bf312977c,736,265780000,77,2026-07-01T01:28:23.000Z
https://x402-store-v2.rileycraig14.workers.dev,0xc91ce6291edc0713ec753bafba002506ffb2b95c,735,13590000,63,2026-07-02T03:50:13.000Z
https://nexus-agent-xa12.onrender.com,0xc91ce6291edc0713ec753bafba002506ffb2b95c,735,13590000,63,2026-07-02T03:50:13.000Z
https://store.agentexchange.work,0xc91ce6291edc0713ec753bafba002506ffb2b95c,735,13590000,63,2026-07-02T03:50:13.000Z
https://x402-agent-store.rileycraig14.workers.dev,0xc91ce6291edc0713ec753bafba002506ffb2b95c,735,13590000,63,2026-07-02T03:50:13.000Z
https://nacian.finance,0xc231db8a696d922f82e32ed2bbdd492105e7db41,734,10092800,10,2026-03-01T15:41:09.000Z
https://api.nacian.app,0xc231db8a696d922f82e32ed2bbdd492105e7db41,734,10092800,10,2026-03-01T15:41:09.000Z
https://x402-market-intel-mcp.mtree.workers.dev,0x1664530dc2a1ca350b1dbad1fc1f1a70c90fe4de,730,109840000,26,2026-07-01T19:20:29.000Z
https://xbirdapi.up.railway.app,0x7229a8476173674c5d66a5161a123cac345c45e8,725,4230000,9,2026-04-09T18:17:49.000Z
https://seller.tome.global,0x9ddcbd9899585c14d6a3eae45f16e57aa553e746,717,473460000,273,2025-11-13T03:54:29.000Z
https://x402.thenext.games,0x9ddcbd9899585c14d6a3eae45f16e57aa553e746,717,473460000,273,2025-11-13T03:54:29.000Z
https://402.shopping,0x9ddcbd9899585c14d6a3eae45f16e57aa553e746,717,473460000,273,2025-11-13T03:54:29.000Z
http://402.shopping,0x9ddcbd9899585c14d6a3eae45f16e57aa553e746,717,473460000,273,2025-11-13T03:54:29.000Z
http://seller.tome.global:443,0x9ddcbd9899585c14d6a3eae45f16e57aa553e746,717,473460000,273,2025-11-13T03:54:29.000Z
https://www.capminal.ai,0xf9d1d63f362bbf1ee08ab9acb36fe74afc48d5f1,711,30873000,84,2026-06-23T17:11:39.000Z
http://x402-sales-chrombot.evalengine.ai,0x21dfc81726538fcfd7dfb5e4d14aab4475ef8694,706,7240000,47,2026-06-24T01:00:05.000Z
https://x402-sales-chrombot.evalengine.ai,0x21dfc81726538fcfd7dfb5e4d14aab4475ef8694,706,7240000,47,2026-06-24T01:00:05.000Z
https://chrombot-x402.vercel.app,0x21dfc81726538fcfd7dfb5e4d14aab4475ef8694,706,7240000,47,2026-06-24T01:00:05.000Z
https://plush.fun,0x21dfc81726538fcfd7dfb5e4d14aab4475ef8694,706,7240000,47,2026-06-24T01:00:05.000Z
https://favorites-ppc-meat-loved.trycloudflare.com,0x21dfc81726538fcfd7dfb5e4d14aab4475ef8694,706,7240000,47,2026-06-24T01:00:05.000Z
https://staging.plush.fun,0x21dfc81726538fcfd7dfb5e4d14aab4475ef8694,706,7240000,47,2026-06-24T01:00:05.000Z
https://chrombot-x402-inohxop4k-eval-engine.vercel.app,0x21dfc81726538fcfd7dfb5e4d14aab4475ef8694,706,7240000,47,2026-06-24T01:00:05.000Z
https://chrombot-x402-qf0bnhmrg-eval-engine.vercel.app,0x21dfc81726538fcfd7dfb5e4d14aab4475ef8694,706,7240000,47,2026-06-24T01:00:05.000Z
https://x402.dopamint.ai,0x5054acbbdd6aed95231cbe833f7bf1db7c248bff,704,3382607800,26,2025-12-09T09:10:59.000Z
https://minting-dream.vercel.app,0x524e9896171bc1f846bbdcfb3488b3b064202d97,698,20940000000,4,2025-10-31T15:17:01.000Z
https://minting-dream.vercel.app,0x60a85c9b610e74d7398bad56344e1e1353a635f8,698,20940000000,4,2025-10-31T15:17:01.000Z
https://minting-dream.vercel.app,0xc891f0ec2f0a8dc708cb032d8e87d63250771d2a,698,20940000000,4,2025-10-31T15:17:01.000Z
https://minting-dream.vercel.app,0x6799567aa32f07c29fd98a251863aa441c68732b,698,20940000000,4,2025-10-31T15:17:01.000Z
https://gifu-server.onrender.com,0xcd95802a4abddd75a5750dd2d6935007ef268275,697,449220000,62,2026-06-22T04:07:03.000Z
https://api.x402layer.cc,0xcd95802a4abddd75a5750dd2d6935007ef268275,697,449220000,62,2026-06-22T04:07:03.000Z
https://cryptyx.ai,0x0cd2c9724f185a029101b4aeacf3f114415c394f,696,29570000,10,2026-07-02T00:44:49.000Z
https://api.linkedpanda.com,0xe740d5701749d262da5e4fcb9f814c5b6d91cf46,667,113590000,43,2026-07-01T17:36:23.000Z
https://x402-next-mainnet-wheat.vercel.app,0x749b7b7a6944d72266be9500fc8c221b6a7554ce,660,5370480,82,2026-06-23T14:17:39.000Z
https://recoup-api-git-sweetmantech-myc-3543-0da566-recoupable-ad724970.vercel.app,0x749b7b7a6944d72266be9500fc8c221b6a7554ce,660,5370480,82,2026-06-23T14:17:39.000Z
https://recoup-api.vercel.app,0x749b7b7a6944d72266be9500fc8c221b6a7554ce,660,5370480,82,2026-06-23T14:17:39.000Z
https://recoup-api-git-sweetmantech-myc-3555-37865d-recoupable-ad724970.vercel.app,0x749b7b7a6944d72266be9500fc8c221b6a7554ce,660,5370480,82,2026-06-23T14:17:39.000Z
https://api.recoupable.com,0x749b7b7a6944d72266be9500fc8c221b6a7554ce,660,5370480,82,2026-06-23T14:17:39.000Z
https://recoup-api-git-sweetmantech-myc-3545-451076-recoupable-ad724970.vercel.app,0x749b7b7a6944d72266be9500fc8c221b6a7554ce,660,5370480,82,2026-06-23T14:17:39.000Z
https://recoup-qgrbqflbo-recoupable-ad724970.vercel.app,0x749b7b7a6944d72266be9500fc8c221b6a7554ce,660,5370480,82,2026-06-23T14:17:39.000Z
https://recoup-qwc7go4tk-recoupable-ad724970.vercel.app,0x749b7b7a6944d72266be9500fc8c221b6a7554ce,660,5370480,82,2026-06-23T14:17:39.000Z
https://recoup-api-git-sweetmantech-myc-3550-b3eea0-recoupable-ad724970.vercel.app,0x749b7b7a6944d72266be9500fc8c221b6a7554ce,660,5370480,82,2026-06-23T14:17:39.000Z
https://recoup-28x9ye415-recoupable-ad724970.vercel.app,0x749b7b7a6944d72266be9500fc8c221b6a7554ce,660,5370480,82,2026-06-23T14:17:39.000Z
https://recoup-rketqmcdu-recoupable-ad724970.vercel.app,0x749b7b7a6944d72266be9500fc8c221b6a7554ce,660,5370480,82,2026-06-23T14:17:39.000Z
https://mru-oracle.com,0x237371f8b372a02b58fb430eb564b7c5cb936f75,652,1389000,15,2026-06-23T18:54:47.000Z
https://xluihnzwcmxybtygewvy.supabase.co,0x02eda2d6d29020b426a55ca6dc4d98e4724305b2,625,6250000,21,2026-01-27T11:08:43.000Z
https://polynews.news,0x6ee49a7872844397fb52870cc07b308ffadc9427,624,24066000,20,2026-06-23T14:41:27.000Z
https://stablejobs.dev,0xf04220c87894e7cbc0273f38c18195dab0db5fe5,617,116276680,53,2026-06-30T19:16:37.000Z
https://x402.tiny.place,tiny3UuVCZKwfY6CzeaLF7p3uW1uHdziaDvSTiXoFXN,597,15580020000,40,2026-06-26T09:37:57.000Z
https://api.tiny.place,tiny3UuVCZKwfY6CzeaLF7p3uW1uHdziaDvSTiXoFXN,597,15580020000,40,2026-06-26T09:37:57.000Z
https://tripadvisor.x402.paysponge.com,0xd73912ba30832328a3db96bee73ebfab58b7429f,588,9550000,84,2026-05-28T13:34:44.000Z
https://tripadvisor.x402.paysponge.com,9hw9Py9uMGtXRNpABZjifcK1t3suwzjyri9L9QYKg6zZ,588,9550000,84,2026-05-28T13:34:44.000Z
https://www.hirescrape.com,0xb5194a98dbdbb7028b585db26b972e7f0f3f826a,584,39954750,38,2026-07-01T23:31:23.000Z
https://x402audit.dev,0xb5194a98dbdbb7028b585db26b972e7f0f3f826a,584,39954750,38,2026-07-01T23:31:23.000Z
https://hirescrape.com,0xb5194a98dbdbb7028b585db26b972e7f0f3f826a,584,39954750,38,2026-07-01T23:31:23.000Z
https://stablephone.dev,0xd219db8179bb9c1899ef87f39eeba9d1070c6801,571,292170000,112,2026-07-02T03:09:19.000Z
https://www.dingdotfun.com,0x5d4315ea0f515569d532dd1d8ffbad656c08ac84,571,2704000000,18,2025-12-07T08:44:27.000Z
https://www.dingdotfun.com,0x7d429ecbdce5ff516d6e0a93299cbba97203f2d3,571,2704000000,18,2025-12-07T08:44:27.000Z
https://stablefinance.dev,0xbd17480bf6ff056f7b91d9adc9dfda001eb7283d,564,11280000,36,2026-07-02T03:24:31.000Z
https://stablememes.dev,0x3f17ae7d36d77ca0b8194144f5763283d17e7955,562,8390000,21,2026-06-24T15:38:09.000Z
https://convrgent.ai,0xc273630db49632ecd077c7df606b306e400a9882,562,280300000,24,2026-07-02T00:20:23.000Z
https://scan.convrgent.ai,0xc273630db49632ecd077c7df606b306e400a9882,562,280300000,24,2026-07-02T00:20:23.000Z
https://optionally-relevant-corgi.ngrok-free.app,0xb37346a279da4d27d174bcd862a684df28d56678,554,8615200,8,2025-11-16T00:01:31.000Z
https://api.socialintel.dev,0xb1acd9e0269023546074400a434e703b646aabba,548,183140000,26,2026-06-23T16:07:29.000Z
https://socialintel.dev,0xb1acd9e0269023546074400a434e703b646aabba,548,183140000,26,2026-06-23T16:07:29.000Z
https://x402-mint.onrender.com,0x9cd17f8cb4266987c6d7f35c65c3aa8931af0cd2,544,8160000000,27,2025-11-11T23:01:59.000Z
https://stabledomains.dev,0xabcb091d90419e1c8ad4818f1b33fc4645501892,538,691710000,51,2026-07-01T14:40:43.000Z
https://stabledomains.dev,3nYZM3osXZ5KQQ9PZusmgzr8Qr8gspaAK7UYJtZ6k8VF,538,691710000,51,2026-07-01T14:40:43.000Z
https://x402-data-hub.vercel.app,0x75a6f372011fa73d8dea36c4d86b7dad4493e79e,537,38351000,5,2026-07-01T04:56:45.000Z
https://x402-social-intel.vercel.app,0x75a6f372011fa73d8dea36c4d86b7dad4493e79e,537,38351000,5,2026-07-01T04:56:45.000Z
https://x402-chain-intel.vercel.app,0x75a6f372011fa73d8dea36c4d86b7dad4493e79e,537,38351000,5,2026-07-01T04:56:45.000Z
https://x402-demo-api-omega.vercel.app,0x75a6f372011fa73d8dea36c4d86b7dad4493e79e,537,38351000,5,2026-07-01T04:56:45.000Z
https://x402-multi-hub.vercel.app,0x75a6f372011fa73d8dea36c4d86b7dad4493e79e,537,38351000,5,2026-07-01T04:56:45.000Z
https://x402-free-hub.vercel.app,0x75a6f372011fa73d8dea36c4d86b7dad4493e79e,537,38351000,5,2026-07-01T04:56:45.000Z
https://x402-content-hub.vercel.app,0x75a6f372011fa73d8dea36c4d86b7dad4493e79e,537,38351000,5,2026-07-01T04:56:45.000Z
https://x402-agent-toolkit.vercel.app,0x75a6f372011fa73d8dea36c4d86b7dad4493e79e,537,38351000,5,2026-07-01T04:56:45.000Z
https://x402-demo-api-tau.vercel.app,0x75a6f372011fa73d8dea36c4d86b7dad4493e79e,537,38351000,5,2026-07-01T04:56:45.000Z
https://x402-alpha-scraper.vercel.app,0x75a6f372011fa73d8dea36c4d86b7dad4493e79e,537,38351000,5,2026-07-01T04:56:45.000Z
https://x402-ai-gateway-rosy.vercel.app,0x75a6f372011fa73d8dea36c4d86b7dad4493e79e,537,38351000,5,2026-07-01T04:56:45.000Z
https://x402-demo-api-kaya.vercel.app,0x75a6f372011fa73d8dea36c4d86b7dad4493e79e,537,38351000,5,2026-07-01T04:56:45.000Z
https://x402-trading-hub-v2.vercel.app,0x75a6f372011fa73d8dea36c4d86b7dad4493e79e,537,38351000,5,2026-07-01T04:56:45.000Z
https://x402-social-hub.vercel.app,0x75a6f372011fa73d8dea36c4d86b7dad4493e79e,537,38351000,5,2026-07-01T04:56:45.000Z
https://x402-trading-hub.vercel.app,0x75a6f372011fa73d8dea36c4d86b7dad4493e79e,537,38351000,5,2026-07-01T04:56:45.000Z
https://x402-data-hub-v2.vercel.app,0x75a6f372011fa73d8dea36c4d86b7dad4493e79e,537,38351000,5,2026-07-01T04:56:45.000Z
https://x402-tools-hub.vercel.app,0x75a6f372011fa73d8dea36c4d86b7dad4493e79e,537,38351000,5,2026-07-01T04:56:45.000Z
https://sna4an-hub-v1.vercel.app,0x75a6f372011fa73d8dea36c4d86b7dad4493e79e,537,38351000,5,2026-07-01T04:56:45.000Z
https://sna4an-hub-v2.vercel.app,0x75a6f372011fa73d8dea36c4d86b7dad4493e79e,537,38351000,5,2026-07-01T04:56:45.000Z
https://sna4an-trading-v2.vercel.app,0x75a6f372011fa73d8dea36c4d86b7dad4493e79e,537,38351000,5,2026-07-01T04:56:45.000Z
https://sna4an-mega-v2.vercel.app,0x75a6f372011fa73d8dea36c4d86b7dad4493e79e,537,38351000,5,2026-07-01T04:56:45.000Z
https://social-hub-v5.vercel.app,0x75a6f372011fa73d8dea36c4d86b7dad4493e79e,537,38351000,5,2026-07-01T04:56:45.000Z
https://data-hub-v5.vercel.app,0x75a6f372011fa73d8dea36c4d86b7dad4493e79e,537,38351000,5,2026-07-01T04:56:45.000Z
https://tools-hub-v5.vercel.app,0x75a6f372011fa73d8dea36c4d86b7dad4493e79e,537,38351000,5,2026-07-01T04:56:45.000Z
https://trading-hub-v5.vercel.app,0x75a6f372011fa73d8dea36c4d86b7dad4493e79e,537,38351000,5,2026-07-01T04:56:45.000Z
https://x402-demo-api-theta.vercel.app,0x75a6f372011fa73d8dea36c4d86b7dad4493e79e,537,38351000,5,2026-07-01T04:56:45.000Z
https://x402-alpha-hub.vercel.app,0x75a6f372011fa73d8dea36c4d86b7dad4493e79e,537,38351000,5,2026-07-01T04:56:45.000Z
https://x402-rapidapi-hub.vercel.app,0x75a6f372011fa73d8dea36c4d86b7dad4493e79e,537,38351000,5,2026-07-01T04:56:45.000Z
https://sbx-x402.sapa-ai.com,0x880d72a41f08ffbba30dd3ace2b1a50081a7d12a,527,21819000,51,2026-02-26T04:35:37.000Z
https://sbx-x402.sapa-ai.com,0xc100ad2c7cfc9d7e57d4cae4f75765232fa58337,527,21819000,51,2026-02-26T04:35:37.000Z
https://api-x402.asksally.xyz,0x880d72a41f08ffbba30dd3ace2b1a50081a7d12a,527,21819000,51,2026-02-26T04:35:37.000Z
https://api-x402.asksally.xyz,0xc100ad2c7cfc9d7e57d4cae4f75765232fa58337,527,21819000,51,2026-02-26T04:35:37.000Z
https://x402.minara.ai,0xcf5815e9063fa0b04be0cb5c1db583eef9ef5fbb,504,115600000,25,2026-07-01T10:46:11.000Z
https://staging-echo.merit.systems,0xf97d54f304fa5c3a705aac8408846786b1f9abba,502,497610385,173,2025-10-29T17:36:05.000Z
https://stablebrowser.dev,0xcb79b3c5a7dadcd7c30e3be252c0ca44a06c6f78,502,50200000,32,2026-07-02T02:27:43.000Z
https://funding-rates-x402.data-labs.cloud,0x4bafaae3442454bce41b51877017170d2d461ebe,497,644000,4,2026-07-01T08:37:49.000Z
https://playground.llliiiii.workers.dev,0x9ea1a1241202f2f30b5461429d9c37a1ad95aa46,472,338190000,34,2026-06-03T00:28:13.000Z
https://aoe-tip-seller.magicalcifer.workers.dev,0x9ea1a1241202f2f30b5461429d9c37a1ad95aa46,472,338190000,34,2026-06-03T00:28:13.000Z
http://api.aoe.oxbull.tech,0x9ea1a1241202f2f30b5461429d9c37a1ad95aa46,472,338190000,34,2026-06-03T00:28:13.000Z
https://api.aoe.oxbull.tech,0x9ea1a1241202f2f30b5461429d9c37a1ad95aa46,472,338190000,34,2026-06-03T00:28:13.000Z
https://agent.collabrachain.fun,7QgUsgVto3kB7JEG9GU7Xizr3i1K22zRhwgK9X4cpiCp,471,13010000,16,2026-05-17T07:37:40.000Z
https://api.collabrachain.fun,7QgUsgVto3kB7JEG9GU7Xizr3i1K22zRhwgK9X4cpiCp,471,13010000,16,2026-05-17T07:37:40.000Z
https://api.402.bot,0xff443725bcfa9e85e7da20b59d26e39b1efa26b4,463,4045000,4,2026-03-21T08:59:01.000Z
https://staging.toolkit.dev,0x0cc2cdc0eb992860d6c2a216b1dc0895fd2df82f,458,15750000,62,2026-07-01T07:32:23.000Z
https://library.proofivy.com,0x38189d98110a395a1366f1c95875f81fd458a6c3,457,6720000,12,2026-06-24T08:30:59.000Z
https://library.proofivy.com,0x859af250df0b68bfd0768ca22142a1afa0abeaf4,457,6720000,12,2026-06-24T08:30:59.000Z
https://chainray.online,0xef0d99f3ae2927a4ba2a6e794fb849baef8b5c11,456,6653000,10,2026-07-01T05:32:17.000Z
https://x402.shizu.me,0x217e5fe265eb78b29067bf8324ef03a7d8e167c4,448,1447000,133,2026-07-02T03:20:13.000Z
https://www.stable-govfiles.dev,0x880ae37b0d51b9c51c809bba8d2ef9fdffee7fd1,445,178000000,13,2026-07-01T13:20:05.000Z
https://api.oopsmoney.io,8YSUi7Cp8qnaJmJ1JX6QRqAKFPXpK25NMtBJiBi7MS34,445,2185020030,122,2025-10-26T16:27:32.000Z
https://oopsmoneys.com,8YSUi7Cp8qnaJmJ1JX6QRqAKFPXpK25NMtBJiBi7MS34,445,2185020030,122,2025-10-26T16:27:32.000Z
https://x402.cambrian.network,0x4c3b0b1cab290300bd5a36ad5f33a607acbd7ac3,440,20922000,30,2026-07-01T07:30:11.000Z
https://api.munition.io,0x54d6c2c08e10f1a1d3da88df513bbe9bcf1a4afa,439,17574000,116,2026-07-02T03:45:13.000Z
https://api.x402.jobs,3c6MzRxcM5Ftxu8vE9vNNBYwpMJ6ynsU7HrpYGB6sjVs,437,603902597,36,2026-02-26T17:24:24.000Z
https://api.x402.jobs,4g79fSKVDbAe1E58w8iCGJcVc31yAkry1YU3QocDtxQQ,437,603902597,36,2026-02-26T17:24:24.000Z
https://nittarab.dev,0x89764c3ded721c29999a237cf935a34e1c8edf97,434,6500000,12,2026-06-23T15:30:03.000Z
https://stableestate.dev,0x2e87ae5ab4d061c1213c70dd58b0cfb9c955753d,430,4300000,16,2026-07-02T01:12:09.000Z
https://yddkctoq.nx.link,0x1c0cc9813b7c136c8f124cbc3c7acd217e141230,430,6969643,1,2026-06-14T11:57:23.000Z
https://aisecurityguard.io,0x4b1683872786d72516fbebfc061bfac550e271d2,418,42170200,12,2026-06-21T04:12:35.000Z
https://eltociear-secrets-audit.hf.space,0x2b60e27be6bf979de4ed769838a8ddbb8afe7392,416,2720000,158,2026-07-02T03:53:35.000Z
https://eltociear-contract-guard.hf.space,0x2b60e27be6bf979de4ed769838a8ddbb8afe7392,416,2720000,158,2026-07-02T03:53:35.000Z
https://eltociear-skill-audit.hf.space,0x2b60e27be6bf979de4ed769838a8ddbb8afe7392,416,2720000,158,2026-07-02T03:53:35.000Z
https://eltociear-tokenguard.hf.space,0x2b60e27be6bf979de4ed769838a8ddbb8afe7392,416,2720000,158,2026-07-02T03:53:35.000Z
https://x402trustlayer.xyz,9c7tE587KpGYBjiNQrjw3nGvxQHhSYKU4Ba6WRgQsHkt,415,26840000,4,2026-06-10T00:14:54.000Z
https://x402-agent-suite-production.up.railway.app,9c7tE587KpGYBjiNQrjw3nGvxQHhSYKU4Ba6WRgQsHkt,415,26840000,4,2026-06-10T00:14:54.000Z
https://eliza.getimagine.club,0x13a9e3ee4a25c3c72d67f42044438aabc54f2b96,411,457585000,135,2026-01-20T21:10:31.000Z
https://qr.wdh.sh,0x04b563909fdafeace9cba26f1848141bd140d741,408,7764000,24,2026-07-01T09:31:29.000Z
https://charts.wdh.sh,0x04b563909fdafeace9cba26f1848141bd140d741,408,7764000,24,2026-07-01T09:31:29.000Z
https://short.wdh.sh,0x04b563909fdafeace9cba26f1848141bd140d741,408,7764000,24,2026-07-01T09:31:29.000Z
https://files.wdh.sh,0x04b563909fdafeace9cba26f1848141bd140d741,408,7764000,24,2026-07-01T09:31:29.000Z
https://md.wdh.sh,0x04b563909fdafeace9cba26f1848141bd140d741,408,7764000,24,2026-07-01T09:31:29.000Z
https://regimeshift.xyz,0x82b17d0bb4de9ae6c3491257b60e8245e70acd7b,407,4898000,16,2026-07-01T17:30:13.000Z
https://www.x402rocks.xyz,0x7995f522536878c0ae0b70d8260db4bc6b07ed71,407,4070000000,114,2025-10-26T07:43:59.000Z
https://kg.dyor.network,0x191eaf1d2134aacc2d7209ef5df077e4f134af34,404,608950000,8,2026-07-01T04:11:03.000Z
https://basedog.org,0xc657302b1aba9c73feaaef2a45537761c05c48f2,402,2337000000,44,2025-11-10T14:28:03.000Z
https://meryol-agenticmarket-x402.hf.space,0x8eef0e8b6a65911f848976388c26b3ccda4ab601,400,3126000,24,2026-07-01T07:01:15.000Z
https://meryol-payai.hf.space,0x8eef0e8b6a65911f848976388c26b3ccda4ab601,400,3126000,24,2026-07-01T07:01:15.000Z
https://x402station.io,0x4053338c7cb38624c0bc23c900f78cf8470b4e38,394,49895000,20,2026-06-20T10:56:05.000Z
https://api.auor.io,0x57210b95ecbfd6f2ee74d77830228b48d1878867,390,2896000,98,2026-07-02T03:54:29.000Z
https://true-cast-agent.vercel.app,0xa8c1a5d3c372c65c04f91f87a43f549619a9483f,388,36982000,50,2026-01-08T11:42:47.000Z
https://jesuschrist.sh,0xfbd46201267609ad3c66bd1b99b7f1cc80b1852f,386,64319478,56,2026-07-01T05:27:03.000Z
https://www.jesuschrist.sh,0xfbd46201267609ad3c66bd1b99b7f1cc80b1852f,386,64319478,56,2026-07-01T05:27:03.000Z
https://agentcash.honcho.dev,0xfbd46201267609ad3c66bd1b99b7f1cc80b1852f,386,64319478,56,2026-07-01T05:27:03.000Z
https://chess402.vercel.app,0xfbd46201267609ad3c66bd1b99b7f1cc80b1852f,386,64319478,56,2026-07-01T05:27:03.000Z
https://sixpath.vercel.app,0x11468fdbade737af1ab403a4291546ee9ac95144,382,26030000,1,2026-06-27T02:01:15.000Z
https://basebuilder-defi.vercel.app,0x11468fdbade737af1ab403a4291546ee9ac95144,382,26030000,1,2026-06-27T02:01:15.000Z
https://basebuilder-trading.vercel.app,0x11468fdbade737af1ab403a4291546ee9ac95144,382,26030000,1,2026-06-27T02:01:15.000Z
https://basebuilder-stocks.vercel.app,0x11468fdbade737af1ab403a4291546ee9ac95144,382,26030000,1,2026-06-27T02:01:15.000Z
https://basebuilder-social.vercel.app,0x11468fdbade737af1ab403a4291546ee9ac95144,382,26030000,1,2026-06-27T02:01:15.000Z
https://basebuilder-twitter.vercel.app,0x11468fdbade737af1ab403a4291546ee9ac95144,382,26030000,1,2026-06-27T02:01:15.000Z
https://basebuilder-ecommerce.vercel.app,0x11468fdbade737af1ab403a4291546ee9ac95144,382,26030000,1,2026-06-27T02:01:15.000Z
https://x402-social-hub-new.vercel.app,0x11468fdbade737af1ab403a4291546ee9ac95144,382,26030000,1,2026-06-27T02:01:15.000Z
https://data-hub-x402.vercel.app,0x11468fdbade737af1ab403a4291546ee9ac95144,382,26030000,1,2026-06-27T02:01:15.000Z
https://tools-hub-x402.vercel.app,0x11468fdbade737af1ab403a4291546ee9ac95144,382,26030000,1,2026-06-27T02:01:15.000Z
https://trading-hub-x402.vercel.app,0x11468fdbade737af1ab403a4291546ee9ac95144,382,26030000,1,2026-06-27T02:01:15.000Z
https://sna4an-hub-v4.vercel.app,0x11468fdbade737af1ab403a4291546ee9ac95144,382,26030000,1,2026-06-27T02:01:15.000Z
https://sna4an-trading-v4.vercel.app,0x11468fdbade737af1ab403a4291546ee9ac95144,382,26030000,1,2026-06-27T02:01:15.000Z
https://sna4an-mega-v4.vercel.app,0x11468fdbade737af1ab403a4291546ee9ac95144,382,26030000,1,2026-06-27T02:01:15.000Z
https://exit-trading-v2.vercel.app,0x11468fdbade737af1ab403a4291546ee9ac95144,382,26030000,1,2026-06-27T02:01:15.000Z
https://exit-hub-v2.vercel.app,0x11468fdbade737af1ab403a4291546ee9ac95144,382,26030000,1,2026-06-27T02:01:15.000Z
https://social-hub-v3.vercel.app,0x11468fdbade737af1ab403a4291546ee9ac95144,382,26030000,1,2026-06-27T02:01:15.000Z
https://data-hub-v3.vercel.app,0x11468fdbade737af1ab403a4291546ee9ac95144,382,26030000,1,2026-06-27T02:01:15.000Z
https://tools-hub-v3.vercel.app,0x11468fdbade737af1ab403a4291546ee9ac95144,382,26030000,1,2026-06-27T02:01:15.000Z
https://trading-hub-v3.vercel.app,0x11468fdbade737af1ab403a4291546ee9ac95144,382,26030000,1,2026-06-27T02:01:15.000Z
https://exit-mega-v2.vercel.app,0x11468fdbade737af1ab403a4291546ee9ac95144,382,26030000,1,2026-06-27T02:01:15.000Z
https://social-hub-v4.vercel.app,0x11468fdbade737af1ab403a4291546ee9ac95144,382,26030000,1,2026-06-27T02:01:15.000Z
https://sna4an-hub-v5.vercel.app,0x11468fdbade737af1ab403a4291546ee9ac95144,382,26030000,1,2026-06-27T02:01:15.000Z
https://sna4an-trading-v5.vercel.app,0x11468fdbade737af1ab403a4291546ee9ac95144,382,26030000,1,2026-06-27T02:01:15.000Z
https://sna4an-mega-v5.vercel.app,0x11468fdbade737af1ab403a4291546ee9ac95144,382,26030000,1,2026-06-27T02:01:15.000Z
https://data-hub-v4-ten.vercel.app,0x11468fdbade737af1ab403a4291546ee9ac95144,382,26030000,1,2026-06-27T02:01:15.000Z
https://tools-hub-v4-xi.vercel.app,0x11468fdbade737af1ab403a4291546ee9ac95144,382,26030000,1,2026-06-27T02:01:15.000Z
https://trading-hub-v4-omega.vercel.app,0x11468fdbade737af1ab403a4291546ee9ac95144,382,26030000,1,2026-06-27T02:01:15.000Z
https://basebuilder-crypto.vercel.app,0x11468fdbade737af1ab403a4291546ee9ac95144,382,26030000,1,2026-06-27T02:01:15.000Z
https://basebuilder-misc.vercel.app,0x11468fdbade737af1ab403a4291546ee9ac95144,382,26030000,1,2026-06-27T02:01:15.000Z
https://basebuilder-ai.vercel.app,0x11468fdbade737af1ab403a4291546ee9ac95144,382,26030000,1,2026-06-27T02:01:15.000Z
https://basebuilder-search.vercel.app,0x11468fdbade737af1ab403a4291546ee9ac95144,382,26030000,1,2026-06-27T02:01:15.000Z
https://basebuilder-sentiment.vercel.app,0x11468fdbade737af1ab403a4291546ee9ac95144,382,26030000,1,2026-06-27T02:01:15.000Z
https://basebuilder-linkedin.vercel.app,0x11468fdbade737af1ab403a4291546ee9ac95144,382,26030000,1,2026-06-27T02:01:15.000Z
https://ggwp-ten.vercel.app,0x11468fdbade737af1ab403a4291546ee9ac95144,382,26030000,1,2026-06-27T02:01:15.000Z
https://blackbobs-ai.vercel.app,0x11468fdbade737af1ab403a4291546ee9ac95144,382,26030000,1,2026-06-27T02:01:15.000Z
https://pay.wepomp.fun,0xc2570f8004752de0a7294d622bca499e98cf17b4,381,1315200000,155,2026-06-22T05:07:19.000Z
https://www.aibeats.fun,0x7bdfd8054c330c5d161871081e5af01a465bd224,378,88742000,32,2025-12-26T14:19:11.000Z
https://b5e06fe1-e22a-486c-9d67-fdeae8e749e5-00-3g66k5y0vk40e.riker.replit.dev,0x7bdfd8054c330c5d161871081e5af01a465bd224,378,88742000,32,2025-12-26T14:19:11.000Z
https://x402.creative-tim.com,0x45ac00db8bdd4b837abbbf75888cbdfe6b6d8943,378,78030000,179,2026-07-02T03:23:33.000Z
https://gateway-production-8e04.up.railway.app,0xfdeae251395004654fbd741824d08df95315ed6c,375,23583000,36,2026-03-04T08:51:43.000Z
https://work.ecliptic.gg,0xfdeae251395004654fbd741824d08df95315ed6c,375,23583000,36,2026-03-04T08:51:43.000Z
https://api.daydreams.ecliptic.gg,0xfdeae251395004654fbd741824d08df95315ed6c,375,23583000,36,2026-03-04T08:51:43.000Z
https://daydreams.ecliptic.gg,0xfdeae251395004654fbd741824d08df95315ed6c,375,23583000,36,2026-03-04T08:51:43.000Z
https://madeonsol.com,88xSdWeuGxWLXGe7sWk2baMEfaaB9iJ9vuU5MjQCycVU,374,4260000,8,2026-06-29T20:14:58.000Z
https://x402-gateway-vercel-9wzawmkhy-jiayaoqijias-projects.vercel.app,0xab4ce88db0277e05cfb5eeb346f6dfb635950ed0,366,15172860,3,2025-11-12T10:50:51.000Z
https://x402-gateway-vercel-pl61dg8ms-jiayaoqijias-projects.vercel.app,0xab4ce88db0277e05cfb5eeb346f6dfb635950ed0,366,15172860,3,2025-11-12T10:50:51.000Z
https://x402-gateway-vercel.vercel.app,0xab4ce88db0277e05cfb5eeb346f6dfb635950ed0,366,15172860,3,2025-11-12T10:50:51.000Z
https://ewkkrzmcqquplckwzocn.supabase.co,0x2ea515be7dfdb274cb5d65328518094dfe4a933a,364,3634540000,56,2025-10-29T19:46:15.000Z
https://mintv2.x402cloud.xyz,0x2ea515be7dfdb274cb5d65328518094dfe4a933a,364,3634540000,56,2025-10-29T19:46:15.000Z
https://x402wall.fun,2pyPgr6fFh1q58HaJ1c5uTGhd4cJUtZvT5hBZFKgpwN4,358,10405070000,106,2026-03-02T06:36:30.000Z
https://stableninja.dev,0xc0ccf68a8e61a4d25eecfcacd486e673e900de0a,345,3450000,16,2026-07-01T08:10:27.000Z
https://x402.eruditepay.com,0x6961b88476a9b89c4ed97a4af4d190754d5e70a1,342,2132000,6,2026-03-16T04:15:55.000Z
https://services.eruditepay.com,0x6961b88476a9b89c4ed97a4af4d190754d5e70a1,342,2132000,6,2026-03-16T04:15:55.000Z
https://data.eruditepay.com,0x6961b88476a9b89c4ed97a4af4d190754d5e70a1,342,2132000,6,2026-03-16T04:15:55.000Z
https://bridge.eruditepay.com,0x6961b88476a9b89c4ed97a4af4d190754d5e70a1,342,2132000,6,2026-03-16T04:15:55.000Z
https://blastinkx402.netlify.app,0xd46a08348ad6167e2433289ef248e2c3e1d399a6,335,27730000,2,2026-06-26T22:50:45.000Z
https://0ink.netlify.app,0xd46a08348ad6167e2433289ef248e2c3e1d399a6,335,27730000,2,2026-06-26T22:50:45.000Z
https://inkboxx402.netlify.app,0xd46a08348ad6167e2433289ef248e2c3e1d399a6,335,27730000,2,2026-06-26T22:50:45.000Z
https://inkx402.netlify.app,0xd46a08348ad6167e2433289ef248e2c3e1d399a6,335,27730000,2,2026-06-26T22:50:45.000Z
https://dr-inkbox.netlify.app,0xd46a08348ad6167e2433289ef248e2c3e1d399a6,335,27730000,2,2026-06-26T22:50:45.000Z
https://inkinbox402.netlify.app,0xd46a08348ad6167e2433289ef248e2c3e1d399a6,335,27730000,2,2026-06-26T22:50:45.000Z
https://1nk30x.netlify.app,0xd46a08348ad6167e2433289ef248e2c3e1d399a6,335,27730000,2,2026-06-26T22:50:45.000Z
https://0inkbox.netlify.app,0xd46a08348ad6167e2433289ef248e2c3e1d399a6,335,27730000,2,2026-06-26T22:50:45.000Z
https://0inkbox402.netlify.app,0xd46a08348ad6167e2433289ef248e2c3e1d399a6,335,27730000,2,2026-06-26T22:50:45.000Z
https://drv1-inkbox402.netlify.app,0xd46a08348ad6167e2433289ef248e2c3e1d399a6,335,27730000,2,2026-06-26T22:50:45.000Z
https://b402ink.netlify.app,0xd46a08348ad6167e2433289ef248e2c3e1d399a6,335,27730000,2,2026-06-26T22:50:45.000Z
https://0xinkbox.netlify.app,0xd46a08348ad6167e2433289ef248e2c3e1d399a6,335,27730000,2,2026-06-26T22:50:45.000Z
https://0inkbox420.netlify.app,0xd46a08348ad6167e2433289ef248e2c3e1d399a6,335,27730000,2,2026-06-26T22:50:45.000Z
https://inkonbase402.netlify.app,0xd46a08348ad6167e2433289ef248e2c3e1d399a6,335,27730000,2,2026-06-26T22:50:45.000Z
https://402inkagent.netlify.app,0xd46a08348ad6167e2433289ef248e2c3e1d399a6,335,27730000,2,2026-06-26T22:50:45.000Z
https://402inkbased.netlify.app,0xd46a08348ad6167e2433289ef248e2c3e1d399a6,335,27730000,2,2026-06-26T22:50:45.000Z
https://agentink.netlify.app,0xd46a08348ad6167e2433289ef248e2c3e1d399a6,335,27730000,2,2026-06-26T22:50:45.000Z
https://lastink.netlify.app,0xd46a08348ad6167e2433289ef248e2c3e1d399a6,335,27730000,2,2026-06-26T22:50:45.000Z
https://inkbox402.netlify.app,0xd46a08348ad6167e2433289ef248e2c3e1d399a6,335,27730000,2,2026-06-26T22:50:45.000Z
https://boxink402.netlify.app,0xd46a08348ad6167e2433289ef248e2c3e1d399a6,335,27730000,2,2026-06-26T22:50:45.000Z
https://dr-inkbox402.netlify.app,0xd46a08348ad6167e2433289ef248e2c3e1d399a6,335,27730000,2,2026-06-26T22:50:45.000Z
https://pen-inkbox402.netlify.app,0xd46a08348ad6167e2433289ef248e2c3e1d399a6,335,27730000,2,2026-06-26T22:50:45.000Z
https://1nk30x402.netlify.app,0xd46a08348ad6167e2433289ef248e2c3e1d399a6,335,27730000,2,2026-06-26T22:50:45.000Z
https://inkonbox.netlify.app,0xd46a08348ad6167e2433289ef248e2c3e1d399a6,335,27730000,2,2026-06-26T22:50:45.000Z
https://paintink-inkbox402.netlify.app,0xd46a08348ad6167e2433289ef248e2c3e1d399a6,335,27730000,2,2026-06-26T22:50:45.000Z
https://api.aitrailblazer.net,0x6d91adf2c545047cbbc5b37a5f457cce081b48d3,334,43120000,16,2026-06-23T03:49:09.000Z
https://api.grove.city,0x4c6a8e3ae72a4bf31594aede621b92683f62034a,334,49720000,98,2026-03-03T12:11:59.000Z
https://api.delx.ai,0x9f8bd9875b3e0b632a24a3a7c73f7787175e73a2,330,14800000,16,2026-06-18T06:19:19.000Z
https://app.blinks.zone,2XpbenepQZxDihUduzSKAQKrGG7wDX2S2PTAUYHTW6fP,330,429000,7,2026-01-13T16:47:45.000Z
http://app.blinks.zone,2XpbenepQZxDihUduzSKAQKrGG7wDX2S2PTAUYHTW6fP,330,429000,7,2026-01-13T16:47:45.000Z
https://zx10r-x402-api.onrender.com,0x4df66b6c140778fe0717880a7c6dde5ea53acdea,326,4915000,131,2026-07-02T03:49:55.000Z
https://api.kadec0.xyz,0x4df66b6c140778fe0717880a7c6dde5ea53acdea,326,4915000,131,2026-07-02T03:49:55.000Z
https://x402search.xyz,0x442fff418fa765d07736e55e87cec2d4776c13c1,325,3250000,4,2026-04-07T17:02:57.000Z
https://www.xplace.dev,0xd5c6489d0c40bd7711dc9fcd831f328151164c75,324,5492000,59,2026-06-29T05:22:45.000Z
https://api.purch.xyz,8LiXrHC61irY8qwj6qevoiRXxYfrTgSaHVbm8rav6HT2,324,915510000,51,2026-06-29T00:17:22.000Z
https://stableapify.dev,0x23d931f95831cee50b5f5edf4d0e88270f6c8411,316,7714100,38,2026-07-02T03:18:45.000Z
https://google-trends.use.x402atlas.com,0x9aaceabad8e1858b72fcea1665381b168841b2fa,316,23140000,12,2026-07-01T20:16:51.000Z
https://basezos.vercel.app,0x873f87d6a2b5126e950c03ec03e3d7b82d91bf1d,312,765232500,21,2025-12-17T03:56:01.000Z
https://agent.news,0xc0900bc3ed4520b761012ca75164d0d4746124bc,309,155020000,22,2026-06-18T04:44:31.000Z
https://api.invoket.com,0x4465825b0ac713aa2fa07ea29023020804a128ee,307,4589000,31,2026-07-02T03:14:23.000Z
https://qr.x402tools.xyz,0xcebbb82a183faa69b929ed1f417aafc63fa3b5b6,306,789000,10,2026-07-01T09:32:19.000Z
https://dns.x402tools.xyz,0xcebbb82a183faa69b929ed1f417aafc63fa3b5b6,306,789000,10,2026-07-01T09:32:19.000Z
https://mailcheck.x402tools.xyz,0xcebbb82a183faa69b929ed1f417aafc63fa3b5b6,306,789000,10,2026-07-01T09:32:19.000Z
https://rendex.x402tools.xyz,0xcebbb82a183faa69b929ed1f417aafc63fa3b5b6,306,789000,10,2026-07-01T09:32:19.000Z
https://snap.x402tools.xyz,0xcebbb82a183faa69b929ed1f417aafc63fa3b5b6,306,789000,10,2026-07-01T09:32:19.000Z
https://docparse.x402tools.xyz,0xcebbb82a183faa69b929ed1f417aafc63fa3b5b6,306,789000,10,2026-07-01T09:32:19.000Z
https://guard.x402tools.xyz,0xcebbb82a183faa69b929ed1f417aafc63fa3b5b6,306,789000,10,2026-07-01T09:32:19.000Z
https://visionex.x402tools.xyz,0xcebbb82a183faa69b929ed1f417aafc63fa3b5b6,306,789000,10,2026-07-01T09:32:19.000Z
https://ai-broker.payin.com,0xe8fb62154382af0812539cfe61b48321d8f846a8,306,20160000,12,2025-12-28T00:14:27.000Z
https://imagecross.com,0xe8fb62154382af0812539cfe61b48321d8f846a8,306,20160000,12,2025-12-28T00:14:27.000Z
https://skim402.com,0x63ae98f3363b346a94fcc1cbcb621f1c2b1fcddc,305,916000,10,2026-06-30T09:00:23.000Z
https://databr.api.br,0x7be9cf559dcea961cda4b3118445b9dcc5af4a40,304,1340000,1,2026-02-23T21:56:03.000Z
https://app.recaipe.com,0xb360e5423cb09407b2e5fabf3e656182abca6c3a,303,15630000,21,2025-11-12T07:24:29.000Z
https://ryzeagent.xyz,0x0000000000000000000000000000000000000001,296,3116000,24,2026-06-03T00:27:45.000Z
https://miva-x402.vercel.app,0x0000000000000000000000000000000000000001,296,3116000,24,2026-06-03T00:27:45.000Z
https://mpp.myntagent.fun,0x0000000000000000000000000000000000000001,296,3116000,24,2026-06-03T00:27:45.000Z
https://api.ryzeagent.xyz,0x0000000000000000000000000000000000000001,296,3116000,24,2026-06-03T00:27:45.000Z
https://web3-signals-api-production.up.railway.app,0xdf0c4a88cf28e24cd63a0d2ac54052c65f0c7700,294,294000,8,2026-06-29T19:11:17.000Z
https://x402.zeracloud.online,0x0aa175994b6f1693687c034452fb08ac9e453cb9,292,63360000,2,2025-11-08T00:35:49.000Z
http://x402.zeracloud.online,0x0aa175994b6f1693687c034452fb08ac9e453cb9,292,63360000,2,2025-11-08T00:35:49.000Z
https://4xbaobao.meme,0xc194ac11d7be195a199edf4454f2cd7573e20c0a,285,27799739,18,2025-10-28T21:06:49.000Z
https://lavarnd.up.railway.app,0x8fb6bd5e6deb10f360c7681d594657df5d4aaf8f,284,284000,36,2026-05-09T14:02:01.000Z
https://xinfos-x402-backend-production.up.railway.app,0x5c51dd8b7946f71aad6ede69c1b2e64ab2e0e19f,284,4620000,12,2025-11-29T01:21:05.000Z
https://theloopbreaker.com,0xfa15ee28939b222b0448261a22156070f0a7813c,281,28240000,9,2026-05-28T19:12:01.000Z
https://ethmumbai-three.vercel.app,0x7d9a95c46d50231016f12a79c5bdea2936570b05,279,55800000,9,2026-06-29T05:33:25.000Z
https://x402labs.cloud,Gw8dS27C9qDL28rQyjyXxGowAqTuYqWwdCwX5xnuB7nY,274,1821360,6,2025-11-20T01:00:11.000Z
https://http-status-checker.underscoredone.com,0xe9740820225b3918b4ddd1292c7ca4ca0e2c2f08,274,2740000,68,2026-07-01T15:16:13.000Z
https://dmarc-lookup.underscoredone.com,0xe9740820225b3918b4ddd1292c7ca4ca0e2c2f08,274,2740000,68,2026-07-01T15:16:13.000Z
https://dns-lookup.x402.paysponge.com,0xe9740820225b3918b4ddd1292c7ca4ca0e2c2f08,274,2740000,68,2026-07-01T15:16:13.000Z
https://api.paysponge.com,0xe9740820225b3918b4ddd1292c7ca4ca0e2c2f08,274,2740000,68,2026-07-01T15:16:13.000Z
https://url-extractor.x402.paysponge.com,0xe9740820225b3918b4ddd1292c7ca4ca0e2c2f08,274,2740000,68,2026-07-01T15:16:13.000Z
https://qr-code-generator.underscoredone.com,0xe9740820225b3918b4ddd1292c7ca4ca0e2c2f08,274,2740000,68,2026-07-01T15:16:13.000Z
https://domain-age-checker.underscoredone.com,0xe9740820225b3918b4ddd1292c7ca4ca0e2c2f08,274,2740000,68,2026-07-01T15:16:13.000Z
https://curl-http-request.underscoredone.com,0xe9740820225b3918b4ddd1292c7ca4ca0e2c2f08,274,2740000,68,2026-07-01T15:16:13.000Z
https://port-scanner.underscoredone.com,0xe9740820225b3918b4ddd1292c7ca4ca0e2c2f08,274,2740000,68,2026-07-01T15:16:13.000Z
https://domain-availability-checker.underscoredone.com,0xe9740820225b3918b4ddd1292c7ca4ca0e2c2f08,274,2740000,68,2026-07-01T15:16:13.000Z
https://json-suite.underscoredone.com,0xe9740820225b3918b4ddd1292c7ca4ca0e2c2f08,274,2740000,68,2026-07-01T15:16:13.000Z
https://seo-data-extractor.underscoredone.com,0xe9740820225b3918b4ddd1292c7ca4ca0e2c2f08,274,2740000,68,2026-07-01T15:16:13.000Z
https://cpi-report-us.underscoredone.com,0xe9740820225b3918b4ddd1292c7ca4ca0e2c2f08,274,2740000,68,2026-07-01T15:16:13.000Z
https://hackernews-data.underscoredone.com,0xe9740820225b3918b4ddd1292c7ca4ca0e2c2f08,274,2740000,68,2026-07-01T15:16:13.000Z
https://cors-header-checker.underscoredone.com,0xe9740820225b3918b4ddd1292c7ca4ca0e2c2f08,274,2740000,68,2026-07-01T15:16:13.000Z
https://api.wepomp.fun,0x7872c948f7c8b5a3d47ba4370486462af9ccb54c,273,1321944000,99,2025-10-27T07:17:57.000Z
https://testaddscan042.vercel.app,0x7872c948f7c8b5a3d47ba4370486462af9ccb54c,273,1321944000,99,2025-10-27T07:17:57.000Z
https://pay.wepomp.fun,0x7872c948f7c8b5a3d47ba4370486462af9ccb54c,273,1321944000,99,2025-10-27T07:17:57.000Z
https://stable-shovels.dev,0x967f08fc4d3b9651314207f6cd4c7d166b94880c,271,32030000,7,2026-06-23T16:05:29.000Z
https://o6htzlrn.nx.link,0x416301691d75f29ce8ea355246d3c87baa65d38b,270,2691900,1,2026-06-28T00:58:21.000Z
https://zg8qqc21.nx.link,0x416301691d75f29ce8ea355246d3c87baa65d38b,270,2691900,1,2026-06-28T00:58:21.000Z
https://x402.memento.money,4fHV8uTV48qmGRE4XBrvM1RXLrRSerr3xregHb6EA5jX,269,1345000000,267,2026-01-05T18:24:24.000Z
https://x402-api.vybenetwork.xyz,0x5a557ddd13cee04dcb54625ff28a53e13e2ed548,267,1599000,4,2026-06-29T06:38:38.000Z
https://x402-api.vybenetwork.xyz,HJHeNjURYf3Lwp5iTnfSt8ktn3oGGTV3A8atJHLn281K,267,1599000,4,2026-06-29T06:38:38.000Z
https://crypto.apitoll.cloud,0x3da40a9ad36640a2c0f533bac368490095574664,264,356000,109,2026-07-02T03:05:39.000Z
https://crypto-sentiment-api-production.up.railway.app,0x48365516b2d74a3dfa621289e76507940466480f,264,7920000,10,2026-05-01T03:14:01.000Z
https://api.genvox.io,0x48365516b2d74a3dfa621289e76507940466480f,264,7920000,10,2026-05-01T03:14:01.000Z
https://stablepeopledata.dev,0x7f33b3c113915a0f2981070553ba9538c0f90171,263,89860000,41,2026-07-01T06:22:31.000Z
https://scrapfly.vercel.app,0x06a9cf1a681b01a43466f36239c40e2cc23db162,260,20030000,2,2026-07-01T05:43:33.000Z
https://nemuchan.vercel.app,0x06a9cf1a681b01a43466f36239c40e2cc23db162,260,20030000,2,2026-07-01T05:43:33.000Z
https://nemura.orbonomy.xyz,0x06a9cf1a681b01a43466f36239c40e2cc23db162,260,20030000,2,2026-07-01T05:43:33.000Z
https://nemumu.orbonomy.xyz,0x06a9cf1a681b01a43466f36239c40e2cc23db162,260,20030000,2,2026-07-01T05:43:33.000Z
https://nennuchan.vercel.app,0x06a9cf1a681b01a43466f36239c40e2cc23db162,260,20030000,2,2026-07-01T05:43:33.000Z
https://macro-lanss.vercel.app,0x06a9cf1a681b01a43466f36239c40e2cc23db162,260,20030000,2,2026-07-01T05:43:33.000Z
https://nennuchwan.vercel.app,0x06a9cf1a681b01a43466f36239c40e2cc23db162,260,20030000,2,2026-07-01T05:43:33.000Z
https://v1macros-lensys.vercel.app,0x06a9cf1a681b01a43466f36239c40e2cc23db162,260,20030000,2,2026-07-01T05:43:33.000Z
https://macrows-lenss.vercel.app,0x06a9cf1a681b01a43466f36239c40e2cc23db162,260,20030000,2,2026-07-01T05:43:33.000Z
https://nemumu.vercel.app,0x06a9cf1a681b01a43466f36239c40e2cc23db162,260,20030000,2,2026-07-01T05:43:33.000Z
https://nremum.vercel.app,0x06a9cf1a681b01a43466f36239c40e2cc23db162,260,20030000,2,2026-07-01T05:43:33.000Z
https://macros-lensys.vercel.app,0x06a9cf1a681b01a43466f36239c40e2cc23db162,260,20030000,2,2026-07-01T05:43:33.000Z
https://nemurispace.vercel.app,0x06a9cf1a681b01a43466f36239c40e2cc23db162,260,20030000,2,2026-07-01T05:43:33.000Z
https://nemu-gamma.vercel.app,0x06a9cf1a681b01a43466f36239c40e2cc23db162,260,20030000,2,2026-07-01T05:43:33.000Z
https://macrolenss.vercel.app,0x06a9cf1a681b01a43466f36239c40e2cc23db162,260,20030000,2,2026-07-01T05:43:33.000Z
https://macrolens-kohl-omega.vercel.app,0x06a9cf1a681b01a43466f36239c40e2cc23db162,260,20030000,2,2026-07-01T05:43:33.000Z
https://mascronlens.vercel.app,0x06a9cf1a681b01a43466f36239c40e2cc23db162,260,20030000,2,2026-07-01T05:43:33.000Z
https://marcolens.vercel.app,0x06a9cf1a681b01a43466f36239c40e2cc23db162,260,20030000,2,2026-07-01T05:43:33.000Z
https://marcrons.vercel.app,0x06a9cf1a681b01a43466f36239c40e2cc23db162,260,20030000,2,2026-07-01T05:43:33.000Z
https://marcroslencs.vercel.app,0x06a9cf1a681b01a43466f36239c40e2cc23db162,260,20030000,2,2026-07-01T05:43:33.000Z
https://stablevoice.dev,0xc2f5fc2f46c8640a60a1ebfa9776338cc1b1e1dc,258,8070000,29,2026-07-01T13:57:19.000Z
https://api.memoclaw.com,0xf51a5840a826020dbeb026ccaa6580baf22c7470,254,314000,1,2026-02-17T13:08:57.000Z
https://readx.sh,0x13e060adcc6f4b731da8382b333027b8b2bff707,251,10267000,9,2026-07-01T13:27:21.000Z
https://readx.1x402.sh,0x13e060adcc6f4b731da8382b333027b8b2bff707,251,10267000,9,2026-07-01T13:27:21.000Z
https://x.1x402.sh,0x13e060adcc6f4b731da8382b333027b8b2bff707,251,10267000,9,2026-07-01T13:27:21.000Z
https://app.earnfi.fun,ANhAZ9uuc7wGh1ssKXhSk7xMM7vP4AXHxYZsk1V9PqoU,247,466347420,22,2026-07-02T01:43:01.000Z
http://avav.one,0x7d4efe8365f7bf7419267b93c17088edc4f9f3b0,246,79302000,8,2025-11-02T15:30:25.000Z
http://www.avav.one,0x7d4efe8365f7bf7419267b93c17088edc4f9f3b0,246,79302000,8,2025-11-02T15:30:25.000Z
https://avav.one,0x7d4efe8365f7bf7419267b93c17088edc4f9f3b0,246,79302000,8,2025-11-02T15:30:25.000Z
https://www.avav.one,0x7d4efe8365f7bf7419267b93c17088edc4f9f3b0,246,79302000,8,2025-11-02T15:30:25.000Z
http://103.30.76.54:4021,0x7d4efe8365f7bf7419267b93c17088edc4f9f3b0,246,79302000,8,2025-11-02T15:30:25.000Z
https://www.avav.online,0x7d4efe8365f7bf7419267b93c17088edc4f9f3b0,246,79302000,8,2025-11-02T15:30:25.000Z
https://x402.ekailabs.xyz,0x9234d9795470db23eb4a6610db12db8642cca806,244,4080000,6,2025-12-18T05:12:11.000Z
https://superhighway.walls.sh,0xf7fdeffc3abc97379418b0a687fdb54e1cbce163,244,388000,7,2026-07-01T14:32:17.000Z
https://a402.space,0xdc6baed9ebab627d72b8a0c5c51fdf6e83a1e503,241,13301370000,71,2025-12-23T09:24:23.000Z
https://neuroavichi.vercel.app,0x65c0c6b453008b786424b3c5a268c6885a8f11cc,240,40085000,2,2026-07-01T05:40:51.000Z
https://neurofi-chi.vercel.app,0x65c0c6b453008b786424b3c5a268c6885a8f11cc,240,40085000,2,2026-07-01T05:40:51.000Z
https://ccc-tools-phi.vercel.app,0x65c0c6b453008b786424b3c5a268c6885a8f11cc,240,40085000,2,2026-07-01T05:40:51.000Z
https://axonx.vercel.app,0x65c0c6b453008b786424b3c5a268c6885a8f11cc,240,40085000,2,2026-07-01T05:40:51.000Z
https://aiaxon402.vercel.app,0x65c0c6b453008b786424b3c5a268c6885a8f11cc,240,40085000,2,2026-07-01T05:40:51.000Z
https://aiaia-xaxon402.vercel.app,0x65c0c6b453008b786424b3c5a268c6885a8f11cc,240,40085000,2,2026-07-01T05:40:51.000Z
https://aiaia-xaxo.vercel.app,0x65c0c6b453008b786424b3c5a268c6885a8f11cc,240,40085000,2,2026-07-01T05:40:51.000Z
https://aiaiaxaxon402.vercel.app,0x65c0c6b453008b786424b3c5a268c6885a8f11cc,240,40085000,2,2026-07-01T05:40:51.000Z
https://aiaxon.vercel.app,0x65c0c6b453008b786424b3c5a268c6885a8f11cc,240,40085000,2,2026-07-01T05:40:51.000Z
https://rovichi.vercel.app,0x65c0c6b453008b786424b3c5a268c6885a8f11cc,240,40085000,2,2026-07-01T05:40:51.000Z
https://axaxon402.vercel.app,0x65c0c6b453008b786424b3c5a268c6885a8f11cc,240,40085000,2,2026-07-01T05:40:51.000Z
https://aiaxaxon402.vercel.app,0x65c0c6b453008b786424b3c5a268c6885a8f11cc,240,40085000,2,2026-07-01T05:40:51.000Z
https://axiaxai.vercel.app,0x65c0c6b453008b786424b3c5a268c6885a8f11cc,240,40085000,2,2026-07-01T05:40:51.000Z
https://axixixia.vercel.app,0x65c0c6b453008b786424b3c5a268c6885a8f11cc,240,40085000,2,2026-07-01T05:40:51.000Z
https://cryptodefidataintel-production.up.railway.app,0x8fc4006534801c17a3368075a1fb3b3c511edb1f,240,1080000,90,2026-07-01T15:48:53.000Z
https://web-production-78e17.up.railway.app,0x8fc4006534801c17a3368075a1fb3b3c511edb1f,240,1080000,90,2026-07-01T15:48:53.000Z
https://projectx402-production.up.railway.app,0x8fc4006534801c17a3368075a1fb3b3c511edb1f,240,1080000,90,2026-07-01T15:48:53.000Z
https://web-production-2d1051.up.railway.app,0x8fc4006534801c17a3368075a1fb3b3c511edb1f,240,1080000,90,2026-07-01T15:48:53.000Z
https://project-formatter-production.up.railway.app,0x8fc4006534801c17a3368075a1fb3b3c511edb1f,240,1080000,90,2026-07-01T15:48:53.000Z
https://q1qkkomp.nx.link,0xdaabdaac8073a7dabdc96f6909e8476ab4001b34,238,5399661301,1,2025-10-31T16:26:15.000Z
https://api.clawdvine.sh,0x1a1e1b82da7e91e9567a40b0f952748b586389f9,237,228100000,18,2026-02-19T22:42:45.000Z
https://datadon.onrender.com,0x5622912cc90de831c5fcec5eb65e10fb3892c75d,232,220210000,53,2026-06-28T02:40:03.000Z
https://www.datadon.xyz,0x5622912cc90de831c5fcec5eb65e10fb3892c75d,232,220210000,53,2026-06-28T02:40:03.000Z
https://x402deadpunk.onrender.com,0xd1f77d607d8d39074125dad406f1c697b69f6dfd,231,65073000,24,2025-11-17T10:43:35.000Z
https://x402deadpunk.vercel.app,0xd1f77d607d8d39074125dad406f1c697b69f6dfd,231,65073000,24,2025-11-17T10:43:35.000Z
https://api-dev.agents.skillfulai.io,0xf80f9479ad1d2601ee347d55b5b1f6b27071267f,231,2310000,16,2026-06-23T16:54:01.000Z
https://rng.sociologic.ai,0x0b6e3594df4faa6d66196d5a3271796ad8bb505d,228,4360000,24,2026-06-29T09:26:07.000Z
https://trace.sociologic.ai,0x0b6e3594df4faa6d66196d5a3271796ad8bb505d,228,4360000,24,2026-06-29T09:26:07.000Z
https://x402.bedev.hubble-rpc.xyz,0x471aa07c5f5c587254d977c1a59bf085158725ee,228,5192200,8,2025-10-24T05:44:05.000Z
https://jeetscreener.io,69GBNKDqX85oZBa26x5ser9xdvJaFmzWfpuUG8AabBs4,226,333000,10,2026-05-01T03:04:29.000Z
https://jeetscreener.io,0xcf180e1542b3ed0dd88f9dcd8db346d2eea5588e,226,333000,10,2026-05-01T03:04:29.000Z
https://bolt.orbonomy.xyz,0x83179d3d6211d309dea09d7c1cb65105efc68016,223,5700000,2,2026-06-21T05:46:41.000Z
https://zetavault.vercel.app,0x83179d3d6211d309dea09d7c1cb65105efc68016,223,5700000,2,2026-06-21T05:46:41.000Z
https://data-vault-zeta.vercel.app,0x83179d3d6211d309dea09d7c1cb65105efc68016,223,5700000,2,2026-06-21T05:46:41.000Z
https://zetdatavault.vercel.app,0x83179d3d6211d309dea09d7c1cb65105efc68016,223,5700000,2,2026-06-21T05:46:41.000Z
https://datavaultzeta.vercel.app,0x83179d3d6211d309dea09d7c1cb65105efc68016,223,5700000,2,2026-06-21T05:46:41.000Z
https://www.ritmex.one,0x65008fcb26ce56da9c53122458b06cf84b7368dd,221,129614000,80,2026-06-24T03:01:35.000Z
https://www.signalsfeed.com,0xcde02cb53da623d929fef26d56c1cd9ddc9ca880,220,2200000,12,2026-06-09T00:32:45.000Z
https://signalsfeed.com,0xcde02cb53da623d929fef26d56c1cd9ddc9ca880,220,2200000,12,2026-06-09T00:32:45.000Z
https://smartanalyst-production.up.railway.app,0xce465c087305314f8f0ead5a450898f19efd0e03,220,5853000,5,2025-08-28T02:31:15.000Z
https://agentanalyst-production.up.railway.app,0xce465c087305314f8f0ead5a450898f19efd0e03,220,5853000,5,2025-08-28T02:31:15.000Z
https://priceagent-production.up.railway.app,0xce465c087305314f8f0ead5a450898f19efd0e03,220,5853000,5,2025-08-28T02:31:15.000Z
https://scoutpay-production.up.railway.app,0xce465c087305314f8f0ead5a450898f19efd0e03,220,5853000,5,2025-08-28T02:31:15.000Z
https://x402-hello-agent-production.up.railway.app,0xce465c087305314f8f0ead5a450898f19efd0e03,220,5853000,5,2025-08-28T02:31:15.000Z
https://goal402-x402.percha.workers.dev,0x22a2e19bdbe9f3ffef652fcbc3cdd0f67147ef38,218,812000,14,2026-06-23T14:10:41.000Z
https://allinonecents.orbonomy.xyz,0x8f2c1077b27d6f7f4ab8dc96ea111cfab11a18f1,217,2170000,2,2026-07-01T05:38:51.000Z
https://allinonecents.vercel.app,0x8f2c1077b27d6f7f4ab8dc96ea111cfab11a18f1,217,2170000,2,2026-07-01T05:38:51.000Z
https://allin-onecents.orbonomy.xyz,0x8f2c1077b27d6f7f4ab8dc96ea111cfab11a18f1,217,2170000,2,2026-07-01T05:38:51.000Z
https://ea2ott-ip-202-56-166-134.tunnelmole.net,0xf5d994183747bddf159f3c144a1ca65b94217ee9,216,8532000,9,2025-10-29T14:37:41.000Z
https://wwziwc-ip-202-56-166-134.tunnelmole.net,0xf5d994183747bddf159f3c144a1ca65b94217ee9,216,8532000,9,2025-10-29T14:37:41.000Z
https://mr0llx-ip-202-56-166-134.tunnelmole.net,0xf5d994183747bddf159f3c144a1ca65b94217ee9,216,8532000,9,2025-10-29T14:37:41.000Z
https://es5wmf-ip-202-56-166-134.tunnelmole.net,0xf5d994183747bddf159f3c144a1ca65b94217ee9,216,8532000,9,2025-10-29T14:37:41.000Z
https://arerog-ip-202-56-166-134.tunnelmole.net,0xf5d994183747bddf159f3c144a1ca65b94217ee9,216,8532000,9,2025-10-29T14:37:41.000Z
https://entropy.rip,0x47bd1b5dd86fdec100fa8f899a43f5e04fbfa824,216,11160000,6,2026-06-21T05:16:17.000Z
https://plasmama.rip,0xa13fa60049cda6078dcdf00465afb1ee7a466574,211,494400000,129,2025-10-27T11:25:13.000Z
https://otaku.so,0xe42b492846a2a220fb607745a63af7d91a035d12,210,2940000,21,2026-02-15T21:52:39.000Z
https://agent1-gateway.aurracloud.com,0x14898e940620eba4c121e1823178e4b99d3745e1,210,2388000,26,2026-05-10T18:58:17.000Z
https://agent1-gateway.aurracloud.com,0xc2e5a132aeb6ab4b27c8d72b78a709e66f2c89f4,210,2388000,26,2026-05-10T18:58:17.000Z
https://agent1-gateway.aurracloud.com,0x08e5a81a79ff215c398ab09f190bb30aec20c01d,210,2388000,26,2026-05-10T18:58:17.000Z
https://dev-api.compute3.ai,0xa0510c59eed692348abfeb230d5ef644445e3e9a,208,335860000,24,2026-02-27T13:47:59.000Z
https://pay.comput3.ai,0xa0510c59eed692348abfeb230d5ef644445e3e9a,208,335860000,24,2026-02-27T13:47:59.000Z
https://defi-api.agenticfi.wtf,0xb3e9391f04f791462ed2a1ebafabe254d7afe3a5,207,217000,56,2026-07-01T15:50:09.000Z
https://pulse-x402.vercel.app,0xd4802ea87d43cddbf0e7d52f7001323cdd7dfbb1,207,144900000,153,2025-12-17T20:39:07.000Z
https://api.x402flip.fun,0x56b306ef0cb4a5806a1a8c60467b98401cc739fa,203,752000000,56,2025-11-10T15:17:55.000Z
https://graphadvocate.com,0x0ff5a6ecef783bba35463ec2f8403b9b5e9e7c86,202,4582000,16,2026-06-30T15:46:35.000Z
https://graph-advocate-production.up.railway.app,0x0ff5a6ecef783bba35463ec2f8403b9b5e9e7c86,202,4582000,16,2026-06-30T15:46:35.000Z
https://amalgix.io,0x286d186477e969e9dc3550f044994ed898fb0bef,201,8982000,20,2026-05-29T16:58:59.000Z
https://x402-summariser-production.up.railway.app,0x1b0006dbfbf4d8ec99cd7c40c43566eaa7d95fed,200,55900000,14,2025-11-13T20:36:27.000Z
https://mcp.rootedge.ai,0x09f2830636f2edf71f7ca929dcc20cc1f161c897,196,2600000,10,2026-07-02T00:43:43.000Z
https://api.quantoracle.dev,0xc94f5f33ae446a50ce31157db81253bfddfe2af6,196,13103000,4,2026-06-19T05:04:29.000Z
https://anthropic.yeetful.com,0x66268791b55e1f5fa585d990326519f101407257,194,1332000,18,2026-07-01T12:42:47.000Z
https://cheap-search--gw.swerver.net,0x6714bc80c674e6e01300ea0d24fde3a7f05aa85e,194,1940000,5,2026-06-27T07:45:19.000Z
https://websearch--gw.swerver.net,0x6714bc80c674e6e01300ea0d24fde3a7f05aa85e,194,1940000,5,2026-06-27T07:45:19.000Z
https://api.glianalabs.com,0x7662e00f8ab4c362166e1ff649ff6c2a638c80ad,194,18436550,12,2026-07-01T05:19:57.000Z
https://api.tarsx402.network,GoMUdxa3tyKhUuJKEwqF1bvPVUK8qv4VsCisJfRfYfLF,194,3880000,36,2026-07-01T08:31:55.000Z
https://x0x.life,0x5a9a85acfb7d258133052cfc04495dba5c330ed7,194,8066000000,84,2025-10-27T13:05:13.000Z
https://api-x402.roshambo.lol,0xcb2cac163a1ba45d8777a38e9ebbfec061148cf7,192,5283900000,84,2025-11-11T10:04:11.000Z
https://lensc.vercel.app,0x3c8dccb5b064b5918b427f5596ccc0fc9a928ca4,191,15600000,2,2026-06-27T00:16:21.000Z
https://cryptuluns.vercel.app,0x3c8dccb5b064b5918b427f5596ccc0fc9a928ca4,191,15600000,2,2026-06-27T00:16:21.000Z
https://67olens.vercel.app,0x3c8dccb5b064b5918b427f5596ccc0fc9a928ca4,191,15600000,2,2026-06-27T00:16:21.000Z
https://tolens.vercel.app,0x3c8dccb5b064b5918b427f5596ccc0fc9a928ca4,191,15600000,2,2026-06-27T00:16:21.000Z
https://67olens-x402.vercel.app,0x3c8dccb5b064b5918b427f5596ccc0fc9a928ca4,191,15600000,2,2026-06-27T00:16:21.000Z
https://7olens.vercel.app,0x3c8dccb5b064b5918b427f5596ccc0fc9a928ca4,191,15600000,2,2026-06-27T00:16:21.000Z
https://cryptolens-rosy.vercel.app,0x3c8dccb5b064b5918b427f5596ccc0fc9a928ca4,191,15600000,2,2026-06-27T00:16:21.000Z
https://lenscrypt.vercel.app,0x3c8dccb5b064b5918b427f5596ccc0fc9a928ca4,191,15600000,2,2026-06-27T00:16:21.000Z
https://v2tolens.vercel.app,0x3c8dccb5b064b5918b427f5596ccc0fc9a928ca4,191,15600000,2,2026-06-27T00:16:21.000Z
https://api.cryptoetfsentinel.com,0x169bf49c6ee5a179190121ab8d180b50e31683d1,190,30146000,8,2026-07-02T03:50:23.000Z
https://hardx402.vercel.app,0xe395b9ba2f93236489ac953146485c435d1a267b,189,1890000,45,2025-12-07T10:11:49.000Z
https://x403.vercel.app,0x67786f840644b8680d6d88ecf2e5bbd1bf7c6a9b,189,1450004400,54,2025-10-25T14:43:57.000Z
https://api.adprompt.io,0x21ed5b91b28418202642a321d4050b7018ed938f,189,147400000,14,2026-06-26T17:57:23.000Z
https://x402.adprompt.io,0x21ed5b91b28418202642a321d4050b7018ed938f,189,147400000,14,2026-06-26T17:57:23.000Z
https://api.bitrefill.com,0x480cd46e6fade651a0437deadda53d5c8e7d846a,188,334291000,19,2026-07-01T04:28:15.000Z
https://api.hypercli.com,0xb4ad76dfebc6a98d4c99bb43ea8a8023ab57a902,187,1534500000,29,2026-06-28T00:48:43.000Z
https://api.hypercli.com,0xfb5ab435ab3ad0e0e22545a9211bd35b7fd89592,187,1534500000,29,2026-06-28T00:48:43.000Z
https://api.hyperclaw.app,0xb4ad76dfebc6a98d4c99bb43ea8a8023ab57a902,187,1534500000,29,2026-06-28T00:48:43.000Z
https://api.hyperclaw.app,0xfb5ab435ab3ad0e0e22545a9211bd35b7fd89592,187,1534500000,29,2026-06-28T00:48:43.000Z
https://finmath.qzqh5rrbkz.workers.dev,0x38724ec63a3686930b1156cd2e8f244445b86cd0,184,269000,3,2026-06-22T05:21:25.000Z
https://www.x402life.com,0x8eb5f5e8b4bfc05615ca41b2699123cd6dc92ef1,183,1830000000,41,2025-10-25T18:15:43.000Z
https://x402.miroshark.xyz,0x67976cebb5266b50a08c0dcb676e03baf305e3a2,183,183000000,38,2026-07-01T12:36:41.000Z
https://x402repo.vercel.app,0xabf01df9428ead5418473a7c91244826a3af23b3,183,39512000,21,2026-06-23T15:00:21.000Z
https://tensorfeed.ai,0x549c82e6bfc54bdae9a2073744cbc2af5d1fc6d1,182,4360000,32,2026-07-02T02:30:11.000Z
https://www.prowldata.dev,0xe0bd6ccdbc97d478095eb92f6fed243360df5dc9,182,997000,6,2026-05-20T18:37:19.000Z
https://stabletube.dev,0xf4b8037bf3709f37c5ffe224004d2e61833d084c,181,8900000,22,2026-07-01T04:05:25.000Z
https://search.reversesandbox.com,0x5770e66181984aa8510777790016b64aeda4f8b2,181,380000,25,2026-07-02T03:55:11.000Z
https://www.402bnb.fun,0x8008639993d305eaf408f185ab22eed814746f5f,179,1790000000,163,2026-04-29T02:31:57.000Z
https://cryptobuddy-96zq.onrender.com,0x58be3eb5c86dacfc6ac71fad3aad8a7d07eeb391,178,47200000,8,2026-06-21T04:08:01.000Z
https://api.x402cloud.space,8BVE7pEafYZkhZh7H5pStXTs6xu4nuyu4pEffqyk8x15,177,2391848,8,2026-06-22T16:34:43.000Z
https://api.x402cloud.space,0xda8068e061c8d087630ff50c4201c4254c6e1454,177,2391848,8,2026-06-22T16:34:43.000Z
https://agentoracle.co,0xdf90200b0031051bbf7a66bb9387d2ecf599e109,176,7680000,24,2026-06-27T14:02:41.000Z
https://coinrailz.com,0xa4bbe37f9a6ae2dc36a607b91eb148c0ae163c91,176,103300000,3,2026-06-13T23:28:11.000Z
https://book-bot.app,0x26b354827942a0802552e433d357c78d78d2e987,176,25266000,23,2026-06-23T14:40:13.000Z
https://www.book-bot.app,0x26b354827942a0802552e433d357c78d78d2e987,176,25266000,23,2026-06-23T14:40:13.000Z
https://agentlair.dev,0x90ee1ebccfa2021711c595e1410e22401570b4ac,175,1076000,3,2026-07-01T06:46:03.000Z
https://payment.ardrive.io,0x6a0a10ffd285c971b841bee8892878c0d583bf67,174,5416078,16,2026-06-10T06:09:25.000Z
https://turbo.ardrive.io,0x6a0a10ffd285c971b841bee8892878c0d583bf67,174,5416078,16,2026-06-10T06:09:25.000Z
https://alephack.vercel.app,0xc53f94948a361d46e19a28364a286c9a576b1c41,174,12950000,1,2026-06-27T19:32:27.000Z
https://veritas.orbonomy.xyz,0xc53f94948a361d46e19a28364a286c9a576b1c41,174,12950000,1,2026-06-27T19:32:27.000Z
https://alphencook.vercel.app,0xc53f94948a361d46e19a28364a286c9a576b1c41,174,12950000,1,2026-06-27T19:32:27.000Z
https://veritas-theta-lilac.vercel.app,0xc53f94948a361d46e19a28364a286c9a576b1c41,174,12950000,1,2026-06-27T19:32:27.000Z
https://basedveritas.vercel.app,0xc53f94948a361d46e19a28364a286c9a576b1c41,174,12950000,1,2026-06-27T19:32:27.000Z
https://alpha-cook.vercel.app,0xc53f94948a361d46e19a28364a286c9a576b1c41,174,12950000,1,2026-06-27T19:32:27.000Z
https://basedfact.vercel.app,0xc53f94948a361d46e19a28364a286c9a576b1c41,174,12950000,1,2026-06-27T19:32:27.000Z
https://api-orbonomy.vercel.app,0xc53f94948a361d46e19a28364a286c9a576b1c41,174,12950000,1,2026-06-27T19:32:27.000Z
https://alphacx402.vercel.app,0xc53f94948a361d46e19a28364a286c9a576b1c41,174,12950000,1,2026-06-27T19:32:27.000Z
https://402alphacook.vercel.app,0xc53f94948a361d46e19a28364a286c9a576b1c41,174,12950000,1,2026-06-27T19:32:27.000Z
https://alphack.vercel.app,0xc53f94948a361d46e19a28364a286c9a576b1c41,174,12950000,1,2026-06-27T19:32:27.000Z
https://alphacook.vercel.app,0xc53f94948a361d46e19a28364a286c9a576b1c41,174,12950000,1,2026-06-27T19:32:27.000Z
https://alphcok.vercel.app,0xc53f94948a361d46e19a28364a286c9a576b1c41,174,12950000,1,2026-06-27T19:32:27.000Z
https://vu.velvetdao.xyz,0xd8ca10c55296bd8ca1dd409ea2f0fa72fb0c643f,174,1740000,26,2026-06-28T00:11:35.000Z
https://ragradar.vercel.app,0x8919fe5aa2a18d69d1ff869c2903b313f35e8061,173,9583000,2,2026-07-01T05:32:19.000Z
https://grid.ragradar.space,0x8919fe5aa2a18d69d1ff869c2903b313f35e8061,173,9583000,2,2026-07-01T05:32:19.000Z
https://ragradar.space,0x8919fe5aa2a18d69d1ff869c2903b313f35e8061,173,9583000,2,2026-07-01T05:32:19.000Z
https://scrpapi.ragradar.space,0x8919fe5aa2a18d69d1ff869c2903b313f35e8061,173,9583000,2,2026-07-01T05:32:19.000Z
https://backup.ragradar.space,0x8919fe5aa2a18d69d1ff869c2903b313f35e8061,173,9583000,2,2026-07-01T05:32:19.000Z
https://brid.ragradar.space,0x8919fe5aa2a18d69d1ff869c2903b313f35e8061,173,9583000,2,2026-07-01T05:32:19.000Z
https://ragdar.vercel.app,0x8919fe5aa2a18d69d1ff869c2903b313f35e8061,173,9583000,2,2026-07-01T05:32:19.000Z
https://scrpp.ragradar.space,0x8919fe5aa2a18d69d1ff869c2903b313f35e8061,173,9583000,2,2026-07-01T05:32:19.000Z
https://scrapis.ragradar.space,0x8919fe5aa2a18d69d1ff869c2903b313f35e8061,173,9583000,2,2026-07-01T05:32:19.000Z
https://suede-ai-app.onrender.com,0xb5a05466712fd5bcdf2883f43cc6b1799428032d,168,70912000,14,2026-06-21T05:03:57.000Z
https://app.suedeai.xyz,0xb5a05466712fd5bcdf2883f43cc6b1799428032d,168,70912000,14,2026-06-21T05:03:57.000Z
https://nanobrain-alpha.vercel.app,0xcaf6f4af9c1df98530e74a3ecbb88df077cbbc87,168,1680000,10,2026-02-20T18:46:09.000Z
https://gateway.offchain.wtf,0x786a0db0c2110951baf55e419b57412ed29ba1b0,167,1670000,10,2026-06-23T14:48:37.000Z
https://api.8k4protocol.com,0xb273616670037c0870e9835b3ffbe68f58de68b0,166,355000,8,2026-06-03T19:45:29.000Z
http://stableflare.dev,0xb6a6ba7f58fe92e77bce040cc0818c63ab9ac768,163,42100000,32,2026-06-30T17:36:07.000Z
https://stableflare.dev,0xb6a6ba7f58fe92e77bce040cc0818c63ab9ac768,163,42100000,32,2026-06-30T17:36:07.000Z
https://4xpandaria.com,0xda1555354f96077ac4bbb328fc29f44b255f814b,163,815000000,24,2025-10-28T02:07:47.000Z
https://baobao.meme,0xda1555354f96077ac4bbb328fc29f44b255f814b,163,815000000,24,2025-10-28T02:07:47.000Z
https://market2000.xyz,0x06df1cdeefff8a777468c6caee0d269f00fabba1,162,8220200,6,2026-06-21T05:39:03.000Z
https://evplus-funding-server.onrender.com,0xc1a2f762f67af72fd05e79afa23f8358a4d7dbaf,159,15400000,26,2026-03-05T18:08:59.000Z
https://api.evplus.ai,0xc1a2f762f67af72fd05e79afa23f8358a4d7dbaf,159,15400000,26,2026-03-05T18:08:59.000Z
https://api.hyperextend.xyz,0x548fc289526ab2f0391d562a723cda64bbf1abc4,158,1587690,9,2026-06-23T01:20:39.000Z
https://stablebase.dev,0xdedd050dfe4212d52f2a6ed6a2d5d3289de0d5ac,158,7720000,8,2026-06-23T15:07:53.000Z
https://cf-x402-rpc-worker-shadownet.operations-4bf.workers.dev,0xe967c21b0e718135d132c32589a2d1ba743e9120,157,1570000,2,2025-10-24T18:57:07.000Z
https://auth.api.shadownet.polymer.zone,0xe967c21b0e718135d132c32589a2d1ba743e9120,157,1570000,2,2025-10-24T18:57:07.000Z
https://auth.api.polymer.zone,0xe967c21b0e718135d132c32589a2d1ba743e9120,157,1570000,2,2025-10-24T18:57:07.000Z
https://api.shadownet.polymer.zone,0xe967c21b0e718135d132c32589a2d1ba743e9120,157,1570000,2,2025-10-24T18:57:07.000Z
https://boofy.fun,0x2e3ab1b1519fdd3270cffb23ea72dfb858cb7720,155,155000000,54,2026-06-23T02:48:37.000Z
https://convert.guru,0x222c4f009c63e24ce9176c0f7f3b64e7da0f0699,154,1082000,4,2026-06-29T22:03:45.000Z
https://x402-endpoints.onrender.com,0x1d1b81247c407521e2a01f3e21514870dcf1620f,154,7610000,24,2026-07-02T01:04:17.000Z
https://webtools402.176-109-107-191.sslip.io,0x2d3af92df6129878509f152e531e1bec2b34c423,153,823000,48,2026-07-02T03:37:41.000Z
https://disruption.forgemesh.io,0xa8774facfd3da2ea11f240c977b9973d78adfcfe,153,7690000,7,2026-07-01T14:41:03.000Z
https://api.flipflopbet.com,0xcbf3e1ab2784e91f650c728df7a0bd4fdf48717d,153,32220000,14,2025-11-07T11:52:43.000Z
https://agentcash.minerva.io,0xbb69ca22112d76cc3f52b45c529645f815910001,153,5222000,18,2026-06-18T06:08:23.000Z
https://alpha.1rpc.ai,0x47f7a44252836ef693393870a0d3c9bcd4b07544,150,12692615,35,2026-06-21T05:00:33.000Z
https://api.verisage.xyz,0xe9ee0938479fff5b58a367ea918561ed97b6f57d,150,16500000,33,2025-12-28T21:47:33.000Z
http://xx402.vercel.app,0x1bb5dabe390cf04bf743175a1b57a55ce288ae7f,149,149000,46,2026-06-23T14:18:53.000Z
https://xx402.vercel.app,0x1bb5dabe390cf04bf743175a1b57a55ce288ae7f,149,149000,46,2026-06-23T14:18:53.000Z
https://api.influship.com,0x6d02e3f7c68e7492cc5474ef8ce17dedfd11df89,149,4110000,13,2026-07-01T05:20:09.000Z
https://relaynetwork.ai,4TmAbwMAMqHSUPDWgFLZn9Ep3A3w5hqnY461dhg3xgaz,148,314000,2,2026-05-19T05:27:09.000Z
https://piprail.com,0x28dc25bf88bf06fc0a3af1747d1aa4a21f313ed0,145,910500,15,2026-06-21T15:33:57.000Z
https://transit402.dev,0x687e3217668dde7c32478a3f2613750c8bd505e9,145,2900000,13,2026-06-09T01:01:41.000Z
https://alpha.snipersearch.fun,0x5dbaacff0bf40fa40778d6e99a91811168d2f3cb,144,5411000,16,2026-06-18T05:50:53.000Z
https://api.gigabrain.gg,0xc82711a2eef450704447d5596ff27f4db971e165,144,41400000,48,2026-06-22T04:12:17.000Z
https://api.bhooverse.xyz,0xfb947742815ebef12c465116db931e4bfd81d94d,144,642280000,100,2025-10-31T16:41:17.000Z
https://x402name.com,0x7ccc1f34e49d27bccee154a87149e0e9f88c7c2a,144,195000000,21,2025-11-27T18:51:15.000Z
https://twitterapi-x402.vercel.app,0x78143cc8921f98084a16801a6c3fb6bbd938a14a,141,1320000,39,2026-06-22T04:54:25.000Z
https://twitter-x402.xyz,0x78143cc8921f98084a16801a6c3fb6bbd938a14a,141,1320000,39,2026-06-22T04:54:25.000Z
https://hello-world-x402.vercel.app,0x2a47e248ee3b5f3e680b5f6b5832e5ef1206b7e3,140,140000,29,2026-06-25T01:55:13.000Z
https://stablemesh.dev,0xfbca05073748ab9605370732dd70d7a14a0b7146,138,46680000,10,2026-06-09T01:05:07.000Z
https://intel.twzrd.xyz,GFpLvocNdEjnSsLH3VJQL6wGcjGxTbUBrj6fqN3Qe1Gs,138,6120000,9,2026-07-02T02:18:00.000Z
https://www.ai-nexus402.app,0x07735d3636a0673e614a52962df0f14885de6be3,137,6850000,35,2026-06-15T10:29:59.000Z
https://tts.forgemesh.io,0x962794fb8ad92941faf1ab446b9e30637b86f331,137,485000,4,2026-07-02T01:42:09.000Z
https://voice.forgemesh.io,0x962794fb8ad92941faf1ab446b9e30637b86f331,137,485000,4,2026-07-02T01:42:09.000Z
https://cr4vvol.vercel.app,0x1ee54e2a34cc77cad27cb47c8bf06dc0920d0596,137,3880000,1,2026-06-25T10:37:51.000Z
https://cravvol.vercel.app,0x1ee54e2a34cc77cad27cb47c8bf06dc0920d0596,137,3880000,1,2026-06-25T10:37:51.000Z
https://crawol.vercel.app,0x1ee54e2a34cc77cad27cb47c8bf06dc0920d0596,137,3880000,1,2026-06-25T10:37:51.000Z
https://crawoul.vercel.app,0x1ee54e2a34cc77cad27cb47c8bf06dc0920d0596,137,3880000,1,2026-06-25T10:37:51.000Z
https://crawl.orbonomy.xyz,0x1ee54e2a34cc77cad27cb47c8bf06dc0920d0596,137,3880000,1,2026-06-25T10:37:51.000Z
https://cravvoul.vercel.app,0x1ee54e2a34cc77cad27cb47c8bf06dc0920d0596,137,3880000,1,2026-06-25T10:37:51.000Z
https://cryptointel-production.up.railway.app,0x2489e2d8c275326e52d72db91c686ce4c6e37a0f,136,22964000,40,2026-07-01T06:14:45.000Z
https://x402-random.vercel.app,0xf90e6125c8918f1adac31f85d80728db62f17d9b,135,1327500,33,2026-06-18T04:17:53.000Z
https://api.seneschal.space,0x46ba634261566cf242c853d1f49511f9268ba674,135,1665000,10,2026-07-01T20:26:47.000Z
https://api.x402layer.cc,3rcdSzTam4h5e6UN2USv5L2t9R4Ah466B4mHgxRVEqCx,135,1350000,18,2026-06-13T15:36:15.000Z
https://api.x402layer.cc,0x86646054f1d16749b7832d0f111df44cf4a0d33f,135,1350000,18,2026-06-13T15:36:15.000Z
https://clawshi.app,0x402768eeec14e5aab86aa9d45c5a3efec1545972,134,404000,102,2026-02-11T14:08:41.000Z
https://sna4an-mega-v3.vercel.app,0x590246f0039dff6600d39ffcb7f44f8543b0701f,134,10120000,2,2026-06-27T15:52:17.000Z
https://sna4an-hub-base.vercel.app,0x590246f0039dff6600d39ffcb7f44f8543b0701f,134,10120000,2,2026-06-27T15:52:17.000Z
https://sna4an-trading-base.vercel.app,0x590246f0039dff6600d39ffcb7f44f8543b0701f,134,10120000,2,2026-06-27T15:52:17.000Z
https://sna4an-mega-base.vercel.app,0x590246f0039dff6600d39ffcb7f44f8543b0701f,134,10120000,2,2026-06-27T15:52:17.000Z
https://sna4an-hub-v3.vercel.app,0x590246f0039dff6600d39ffcb7f44f8543b0701f,134,10120000,2,2026-06-27T15:52:17.000Z
https://sna4an-trading-v3.vercel.app,0x590246f0039dff6600d39ffcb7f44f8543b0701f,134,10120000,2,2026-06-27T15:52:17.000Z
https://sna4an-rapidapi-v1.vercel.app,0x590246f0039dff6600d39ffcb7f44f8543b0701f,134,10120000,2,2026-06-27T15:52:17.000Z
https://sna4an-trading-v1.vercel.app,0x590246f0039dff6600d39ffcb7f44f8543b0701f,134,10120000,2,2026-06-27T15:52:17.000Z
https://sna4an-tools-v1.vercel.app,0x590246f0039dff6600d39ffcb7f44f8543b0701f,134,10120000,2,2026-06-27T15:52:17.000Z
https://sna4an-data-v1.vercel.app,0x590246f0039dff6600d39ffcb7f44f8543b0701f,134,10120000,2,2026-06-27T15:52:17.000Z
https://sna4an-mega-v1.vercel.app,0x590246f0039dff6600d39ffcb7f44f8543b0701f,134,10120000,2,2026-06-27T15:52:17.000Z
https://blockbuster-ai.vercel.app,0x590246f0039dff6600d39ffcb7f44f8543b0701f,134,10120000,2,2026-06-27T15:52:17.000Z
https://56e8ec99-70ab-4ac7-ac99-95eadb1013b6-00-4jxhwwfedokw.sisko.replit.dev,CASHqrzUwRPcM2rHBaXv7DoAZD4eRsgc57nCVxF38VLB,133,3503783,5,2025-12-12T21:20:12.000Z
https://x402plug.fun,CASHqrzUwRPcM2rHBaXv7DoAZD4eRsgc57nCVxF38VLB,133,3503783,5,2025-12-12T21:20:12.000Z
https://x402factory.ai,CASHqrzUwRPcM2rHBaXv7DoAZD4eRsgc57nCVxF38VLB,133,3503783,5,2025-12-12T21:20:12.000Z
http://baldx402.lol,0xffb37e4d69a2637aec52e1a610d7ede3b3a8d1ed,133,736000000,45,2025-10-25T17:29:43.000Z
https://travel.brij.fi,4WvcrHiCTLEqWod3PeW3iFfjmJFsCbprQfkeNb2Rq59b,132,14200000,8,2026-06-15T15:36:47.000Z
https://orac-safety.orac.workers.dev,0x4a47b25c90ea79e32b043d9ee282826587187ca5,132,4530000,33,2026-07-01T05:27:35.000Z
https://orac-trust.orac.workers.dev,0x4a47b25c90ea79e32b043d9ee282826587187ca5,132,4530000,33,2026-07-01T05:27:35.000Z
https://api.ipintel.ai,0x0550779cfbc832657a8bb46bac9f359a5ad038b8,132,135000,51,2026-07-02T03:08:47.000Z
https://tools.ipintel.ai,0x0550779cfbc832657a8bb46bac9f359a5ad038b8,132,135000,51,2026-07-02T03:08:47.000Z
https://transit.agentic-jp.com,0x38c9f689274e2fc3ae360744ef88ce212077a584,131,306500,34,2026-07-02T02:24:23.000Z
https://diet.agentic-jp.com,0x38c9f689274e2fc3ae360744ef88ce212077a584,131,306500,34,2026-07-02T02:24:23.000Z
https://houjin.agentic-jp.com,0x38c9f689274e2fc3ae360744ef88ce212077a584,131,306500,34,2026-07-02T02:24:23.000Z
https://weather.agentic-jp.com,0x38c9f689274e2fc3ae360744ef88ce212077a584,131,306500,34,2026-07-02T02:24:23.000Z
https://holiday.agentic-jp.com,0x38c9f689274e2fc3ae360744ef88ce212077a584,131,306500,34,2026-07-02T02:24:23.000Z
https://address.agentic-jp.com,0x38c9f689274e2fc3ae360744ef88ce212077a584,131,306500,34,2026-07-02T02:24:23.000Z
https://furigana.agentic-jp.com,0x38c9f689274e2fc3ae360744ef88ce212077a584,131,306500,34,2026-07-02T02:24:23.000Z
https://luckymint.xyz,0xdc493826aab51fc523a587752a32b961581f1e72,130,256000000,30,2026-06-12T04:40:23.000Z
https://www.luckymint.xyz,0xdc493826aab51fc523a587752a32b961581f1e72,130,256000000,30,2026-06-12T04:40:23.000Z
https://property-risk-passport-api.lifebite-app.workers.dev,0x318a8bac69c4ec1f9e489ce223b7ce2d719bcd3b,130,649000,11,2026-06-30T21:15:25.000Z
http://109.123.230.244:3847,0x6896dcaa787b120bf41b5066a2a3f78ca56cce13,130,2135000,4,2026-05-10T10:47:57.000Z
https://orionkr.xyz,0x6896dcaa787b120bf41b5066a2a3f78ca56cce13,130,2135000,4,2026-05-10T10:47:57.000Z
https://api.yieldagentx402.app,0x97d794db5f8b6569a7fded9df57648f0b464d4f1,129,1290000,1,2026-07-01T22:15:39.000Z
https://api.baserocket.fun,0x70a2c280a7355d800d63c37c22fd22000bba6d76,128,45060000,8,2025-11-03T21:35:01.000Z
https://x402-dapp-solana-web.vercel.app,7JXNnYUKhsqwLyMKNYTqytyxmnhbWVDyjKHrbDTJvckx,128,1840000,36,2026-01-12T13:44:48.000Z
https://niconicoai.vercel.app,7JXNnYUKhsqwLyMKNYTqytyxmnhbWVDyjKHrbDTJvckx,128,1840000,36,2026-01-12T13:44:48.000Z
https://notify.melis.ai,0x1c680703d6cf7dfc9feabb5aa28e64b869ddb3bc,126,657000,13,2026-06-22T04:07:03.000Z
https://intentflow.melis.ai,0x1c680703d6cf7dfc9feabb5aa28e64b869ddb3bc,126,657000,13,2026-06-22T04:07:03.000Z
https://scrapepay.melis.ai,0x1c680703d6cf7dfc9feabb5aa28e64b869ddb3bc,126,657000,13,2026-06-22T04:07:03.000Z
https://schemagate.melis.ai,0x1c680703d6cf7dfc9feabb5aa28e64b869ddb3bc,126,657000,13,2026-06-22T04:07:03.000Z
https://markdownopt.melis.ai,0x1c680703d6cf7dfc9feabb5aa28e64b869ddb3bc,126,657000,13,2026-06-22T04:07:03.000Z
https://cacheserve.melis.ai,0x1c680703d6cf7dfc9feabb5aa28e64b869ddb3bc,126,657000,13,2026-06-22T04:07:03.000Z
https://docconvert-text.melis.ai,0x1c680703d6cf7dfc9feabb5aa28e64b869ddb3bc,126,657000,13,2026-06-22T04:07:03.000Z
https://docconvert-pdf.melis.ai,0x1c680703d6cf7dfc9feabb5aa28e64b869ddb3bc,126,657000,13,2026-06-22T04:07:03.000Z
https://structextract.melis.ai,0x1c680703d6cf7dfc9feabb5aa28e64b869ddb3bc,126,657000,13,2026-06-22T04:07:03.000Z
https://loopwall.melis.ai,0x1c680703d6cf7dfc9feabb5aa28e64b869ddb3bc,126,657000,13,2026-06-22T04:07:03.000Z
https://memoryserve.melis.ai,0x1c680703d6cf7dfc9feabb5aa28e64b869ddb3bc,126,657000,13,2026-06-22T04:07:03.000Z
https://imageguard.melis.ai,0x1c680703d6cf7dfc9feabb5aa28e64b869ddb3bc,126,657000,13,2026-06-22T04:07:03.000Z
https://memscrub.melis.ai,0x1c680703d6cf7dfc9feabb5aa28e64b869ddb3bc,126,657000,13,2026-06-22T04:07:03.000Z
https://promptguard.melis.ai,0x1c680703d6cf7dfc9feabb5aa28e64b869ddb3bc,126,657000,13,2026-06-22T04:07:03.000Z
https://linkrisk.melis.ai,0x1c680703d6cf7dfc9feabb5aa28e64b869ddb3bc,126,657000,13,2026-06-22T04:07:03.000Z
https://linksafe.melis.ai,0x1c680703d6cf7dfc9feabb5aa28e64b869ddb3bc,126,657000,13,2026-06-22T04:07:03.000Z
https://embedpay.melis.ai,0x1c680703d6cf7dfc9feabb5aa28e64b869ddb3bc,126,657000,13,2026-06-22T04:07:03.000Z
https://kyaoracle.melis.ai,0x1c680703d6cf7dfc9feabb5aa28e64b869ddb3bc,126,657000,13,2026-06-22T04:07:03.000Z
https://xaudit.melis.ai,0x1c680703d6cf7dfc9feabb5aa28e64b869ddb3bc,126,657000,13,2026-06-22T04:07:03.000Z
https://engedi.digi-life17.workers.dev,0xabc23c618ed32cb9c3064dff2798fc23c87a5a6d,126,1575000,3,2026-07-01T05:13:07.000Z
https://gateway.agonx402.com,9418vqXsaVbwUEP5q8FGtRxEtzrDgDc2ECfHrWWthvPQ,125,782000,1,2026-04-16T16:03:44.000Z
https://ty9d9wdq.nx.link,0xda2cf5e792aa7640b90a15528473c28f951f2788,125,0,1,2026-07-01T15:15:07.000Z
https://misfit.spot,0xa5b4ec2be534e8a58e8dad3454ae365c444f45c0,124,30953500,3,2025-11-18T17:15:41.000Z
https://agentic-reservations.vercel.app,0x2dd94d7cb82cb882e7599f020661a77adf9fdaf7,124,3400000,34,2026-07-01T03:14:41.000Z
https://agentres.dev,0x2dd94d7cb82cb882e7599f020661a77adf9fdaf7,124,3400000,34,2026-07-01T03:14:41.000Z
https://www.agentres.dev,0x2dd94d7cb82cb882e7599f020661a77adf9fdaf7,124,3400000,34,2026-07-01T03:14:41.000Z
https://gblin.digital,0x0eba5d314f4f5dcb7a094953fa9311a45172dd1b,124,620000,20,2026-07-01T22:10:47.000Z
https://gblin-sentinel.vercel.app,0x0eba5d314f4f5dcb7a094953fa9311a45172dd1b,124,620000,20,2026-07-01T22:10:47.000Z
https://x402.asterpay.io,0xd5f8481d8f25d3966d2010dbf9b47ffbdf745a9e,124,850000,46,2026-06-29T05:22:13.000Z
https://stablemedia.dev,0x26bbf0f6bc7a6492e4029327f2ef7c1363f9b4f6,123,1230000,10,2026-06-23T15:07:25.000Z
https://x-research.suzi.trade,FPfGD3kA8ZXWWMTZHLcFDMhVzyWhqstbgTpg1KoR7Vk4,123,17300000,14,2026-06-23T17:19:41.000Z
https://api.agentinternetruntime.com,0x17cf15d61026b4cdd26cff6042f8e7d2e0ca5e8d,120,22624000,22,2026-07-01T04:42:33.000Z
http://x402.o8.is,0xff365375777069ebd8fa575635eb31a0787afa6c,120,7650000,6,2026-06-23T15:11:13.000Z
https://x402.o8.is,0xff365375777069ebd8fa575635eb31a0787afa6c,120,7650000,6,2026-06-23T15:11:13.000Z
https://social-hub-v6.vercel.app,0x6f4257d230bdf1cd1827ffa19d24a0f753063900,119,8490000,2,2026-06-30T22:58:53.000Z
https://tools-hub-v6.vercel.app,0x6f4257d230bdf1cd1827ffa19d24a0f753063900,119,8490000,2,2026-06-30T22:58:53.000Z
https://data-hub-v6.vercel.app,0x6f4257d230bdf1cd1827ffa19d24a0f753063900,119,8490000,2,2026-06-30T22:58:53.000Z
https://trading-hub-v6.vercel.app,0x6f4257d230bdf1cd1827ffa19d24a0f753063900,119,8490000,2,2026-06-30T22:58:53.000Z
https://x402-rapidapi-hub-v3.vercel.app,0x6f4257d230bdf1cd1827ffa19d24a0f753063900,119,8490000,2,2026-06-30T22:58:53.000Z
https://x402-tools-hub-v3.vercel.app,0x6f4257d230bdf1cd1827ffa19d24a0f753063900,119,8490000,2,2026-06-30T22:58:53.000Z
https://x402-trading-hub-v2-v3.vercel.app,0x6f4257d230bdf1cd1827ffa19d24a0f753063900,119,8490000,2,2026-06-30T22:58:53.000Z
https://x402-data-hub-v2-v3.vercel.app,0x6f4257d230bdf1cd1827ffa19d24a0f753063900,119,8490000,2,2026-06-30T22:58:53.000Z
https://magnum-ai-flame.vercel.app,0x6f4257d230bdf1cd1827ffa19d24a0f753063900,119,8490000,2,2026-06-30T22:58:53.000Z
https://gdelt-x402-api.planbdj.workers.dev,0xda8a384c99832de7f176a6c21720227ac024e364,118,1520000,4,2026-06-22T05:14:03.000Z
https://news-x402.com,0xda8a384c99832de7f176a6c21720227ac024e364,118,1520000,4,2026-06-22T05:14:03.000Z
https://p01--test-402--bcdjt922dnwt.code.run,0xd09416aa5e09f9b5794a884f4e8787d3bb87f014,118,118000,36,2025-10-25T08:57:35.000Z
http://p01--test-402--bcdjt922dnwt.code.run,0xd09416aa5e09f9b5794a884f4e8787d3bb87f014,118,118000,36,2025-10-25T08:57:35.000Z
https://api.getanyapi.com,0x754bd2a6799e766b1e2b9f1ae7fbdc0ced96ef13,118,505950,9,2026-07-01T23:17:03.000Z
https://api.callbsman.com,0x7642cced89398bd638d9ee2f82da8cd3fc01ada1,117,129000,18,2026-06-09T20:13:57.000Z
https://x402.payperbyte.io,0xffff4b8da8c165b556326453446f6940c8afe0db,116,2739993,14,2026-07-02T02:47:23.000Z
https://econdash.org,0x39e10e5f431b26cae3d7d0a39aef86055d015d8c,116,2320000,8,2026-07-01T05:16:29.000Z
https://biznews.x402.bot,D5Do2wEoae1kNu8pXPyExXMf7nPmX949LDzZnc5Y5zgd,116,5720000,22,2026-05-28T21:04:48.000Z
https://arb.axryl.com,0xb1e82e1f0d3a736fe662269adc10fbe460fe1bf9,116,47400000,72,2025-12-25T04:00:19.000Z
https://medapi-three.vercel.app,0xe373af0e2de0b4cc380f0a64d8654152dd1fc78c,116,19890000,2,2026-07-01T05:41:55.000Z
https://mejmmedapi.vercel.app,0xe373af0e2de0b4cc380f0a64d8654152dd1fc78c,116,19890000,2,2026-07-01T05:41:55.000Z
https://0madeapi.vercel.app,0xe373af0e2de0b4cc380f0a64d8654152dd1fc78c,116,19890000,2,2026-07-01T05:41:55.000Z
https://alpha-madapi.vercel.app,0xe373af0e2de0b4cc380f0a64d8654152dd1fc78c,116,19890000,2,2026-07-01T05:41:55.000Z
https://madapi.tempochan.xyz,0xe373af0e2de0b4cc380f0a64d8654152dd1fc78c,116,19890000,2,2026-07-01T05:41:55.000Z
https://imadeapi.vercel.app,0xe373af0e2de0b4cc380f0a64d8654152dd1fc78c,116,19890000,2,2026-07-01T05:41:55.000Z
https://mamujamedapi.vercel.app,0xe373af0e2de0b4cc380f0a64d8654152dd1fc78c,116,19890000,2,2026-07-01T05:41:55.000Z
https://madmadaapi.vercel.app,0xe373af0e2de0b4cc380f0a64d8654152dd1fc78c,116,19890000,2,2026-07-01T05:41:55.000Z
https://minichan.vercel.app,0xa0ce23bd78b1dfed6a71484d186b33e3c78a1f19,115,10250000,2,2026-07-01T05:36:55.000Z
https://minizzzan.vercel.app,0xa0ce23bd78b1dfed6a71484d186b33e3c78a1f19,115,10250000,2,2026-07-01T05:36:55.000Z
https://app-minichi.vercel.app,0xa0ce23bd78b1dfed6a71484d186b33e3c78a1f19,115,10250000,2,2026-07-01T05:36:55.000Z
https://api-minichwan.vercel.app,0xa0ce23bd78b1dfed6a71484d186b33e3c78a1f19,115,10250000,2,2026-07-01T05:36:55.000Z
https://app-minichwan.vercel.app,0xa0ce23bd78b1dfed6a71484d186b33e3c78a1f19,115,10250000,2,2026-07-01T05:36:55.000Z
https://api-minichan.vercel.app,0xa0ce23bd78b1dfed6a71484d186b33e3c78a1f19,115,10250000,2,2026-07-01T05:36:55.000Z
https://app-minichwaan.vercel.app,0xa0ce23bd78b1dfed6a71484d186b33e3c78a1f19,115,10250000,2,2026-07-01T05:36:55.000Z
https://api.compute3.ai,0x657badc86c3169505435dc4db34803cdd91446e0,114,1071200000,28,2026-02-09T18:28:59.000Z
https://ai.azursafe.com,DQSu8nx8o4QGoQXfV6cX7dE75ogSNkfNV36UvmAd3q7i,113,2930000,12,2026-06-18T04:45:21.000Z
https://ai.azursafe.com,0xbc9ffc87e32bc848280ad4511c4a930afc5946bd,113,2930000,12,2026-06-18T04:45:21.000Z
https://domain-enricher.hahavoid0.workers.dev,0x4a82f147c8a4339409c9097adc1eedfd56e85bfe,112,3736000,23,2026-07-02T01:59:15.000Z
https://statepulse-api.hahavoid0.workers.dev,0x4a82f147c8a4339409c9097adc1eedfd56e85bfe,112,3736000,23,2026-07-02T01:59:15.000Z
https://pagediff-api.hahavoid0.workers.dev,0x4a82f147c8a4339409c9097adc1eedfd56e85bfe,112,3736000,23,2026-07-02T01:59:15.000Z
https://api.x402-video.com,0x5513e6e4b6a57b86ac70c71c5b94c7b3e2a1a9e3,112,159200000,4,2026-06-26T13:58:07.000Z
https://api.freepik.com,0x9f86b5b01d584e2ef5ac2c7a60f3e5164d548881,111,10634500,13,2026-03-12T03:04:25.000Z
https://resources.x402scan.com,0x2580556bebc20bf4ef1054704d1f3b3d57078e87,111,6750000,48,2026-06-19T04:56:25.000Z
https://x402.agoragentic.com,0xadb33740ac38c8f6721100ff813ab91d958670bc,110,9920000,36,2026-07-01T18:42:19.000Z
https://agoragentic.com,0xadb33740ac38c8f6721100ff813ab91d958670bc,110,9920000,36,2026-07-01T18:42:19.000Z
https://api.atlas402.com,0x8bee703d6214a266e245b0537085b1021e1ccaed,109,109000000,1,2025-10-30T07:49:29.000Z
https://shiporslip.com,0x04845e3e7ca6125ddb1949e32ab45d84fc30eaba,108,72008400,36,2025-11-05T13:13:59.000Z
https://darling-crepe-b545d1.netlify.app,0x04845e3e7ca6125ddb1949e32ab45d84fc30eaba,108,72008400,36,2025-11-05T13:13:59.000Z
https://xn--4kq65rx59c.com,0x2cdf87971cb04dfd98da47b5cca0add1e2ee36a4,108,504000,12,2025-10-28T02:26:13.000Z
https://test.pornfun.fun,0x2cdf87971cb04dfd98da47b5cca0add1e2ee36a4,108,504000,12,2025-10-28T02:26:13.000Z
https://api.xn--4kq65rx59c.com,0x2cdf87971cb04dfd98da47b5cca0add1e2ee36a4,108,504000,12,2025-10-28T02:26:13.000Z
http://fun.pornfun.fun,0x2cdf87971cb04dfd98da47b5cca0add1e2ee36a4,108,504000,12,2025-10-28T02:26:13.000Z
https://fun.pornfun.fun,0x2cdf87971cb04dfd98da47b5cca0add1e2ee36a4,108,504000,12,2025-10-28T02:26:13.000Z
https://kyc.madhousewallet.com,0xf802283ff77d5972ffd109b91b70d34591b5459e,107,2010000,9,2026-06-28T00:04:57.000Z
https://scan.madhousewallet.com,0xf802283ff77d5972ffd109b91b70d34591b5459e,107,2010000,9,2026-06-28T00:04:57.000Z
https://try.madhousewallet.com,0xf802283ff77d5972ffd109b91b70d34591b5459e,107,2010000,9,2026-06-28T00:04:57.000Z
https://bk9jpt7z.nx.link,0x6c404c6aa5ddd01a9a5978f67f16a4c44174c288,106,1056820,1,2026-05-28T19:47:35.000Z
https://netprotocol.app,0x6462f8f301bd08c206ee611aa00015ba41acc1d0,106,188500000,42,2026-06-16T18:49:13.000Z
https://www.netprotocol.app,0x6462f8f301bd08c206ee611aa00015ba41acc1d0,106,188500000,42,2026-06-16T18:49:13.000Z
https://launchpad.402rush.fun,0x2e71da53c9c9936a476366b34efadb4de6f695f1,106,106000000,50,2025-10-27T15:21:19.000Z
https://launchpad.402rush.fun,0x813fdb153021a7e7279e2a3651a2bcef49cd601a,106,106000000,50,2025-10-27T15:21:19.000Z
https://pay.x402labs.dev,0x96b72596f48af3fe7e8f2956b019e30260468f8e,105,4429410000,81,2025-11-18T14:56:05.000Z
https://x402.aurracloud.com,0x3fed1200e4367607b081a88813abfcd0c874f4af,104,2080000,14,2025-10-31T08:48:19.000Z
https://sna4an-mega-v6.vercel.app,0xbc0a5c19cf23d9bdd342e5de6e0d35fd060d0deb,104,9420000,1,2026-06-27T10:28:11.000Z
https://sna4an-trading-v6.vercel.app,0xbc0a5c19cf23d9bdd342e5de6e0d35fd060d0deb,104,9420000,1,2026-06-27T10:28:11.000Z
https://sna4an-hub-v6.vercel.app,0xbc0a5c19cf23d9bdd342e5de6e0d35fd060d0deb,104,9420000,1,2026-06-27T10:28:11.000Z
https://x402-mega-hub.vercel.app,0xbc0a5c19cf23d9bdd342e5de6e0d35fd060d0deb,104,9420000,1,2026-06-27T10:28:11.000Z
https://trading-hub-v7.vercel.app,0xbc0a5c19cf23d9bdd342e5de6e0d35fd060d0deb,104,9420000,1,2026-06-27T10:28:11.000Z
https://rapidapi-hub-v7.vercel.app,0xbc0a5c19cf23d9bdd342e5de6e0d35fd060d0deb,104,9420000,1,2026-06-27T10:28:11.000Z
https://data-hub-v7.vercel.app,0xbc0a5c19cf23d9bdd342e5de6e0d35fd060d0deb,104,9420000,1,2026-06-27T10:28:11.000Z
https://mega-hub-v7.vercel.app,0xbc0a5c19cf23d9bdd342e5de6e0d35fd060d0deb,104,9420000,1,2026-06-27T10:28:11.000Z
https://tools-hub-v7.vercel.app,0xbc0a5c19cf23d9bdd342e5de6e0d35fd060d0deb,104,9420000,1,2026-06-27T10:28:11.000Z
https://rapidapi-hub-v8.vercel.app,0xbc0a5c19cf23d9bdd342e5de6e0d35fd060d0deb,104,9420000,1,2026-06-27T10:28:11.000Z
https://trading-hub-v8.vercel.app,0xbc0a5c19cf23d9bdd342e5de6e0d35fd060d0deb,104,9420000,1,2026-06-27T10:28:11.000Z
https://tools-hub-v8.vercel.app,0xbc0a5c19cf23d9bdd342e5de6e0d35fd060d0deb,104,9420000,1,2026-06-27T10:28:11.000Z
https://mega-hub-v8.vercel.app,0xbc0a5c19cf23d9bdd342e5de6e0d35fd060d0deb,104,9420000,1,2026-06-27T10:28:11.000Z
https://data-hub-v8.vercel.app,0xbc0a5c19cf23d9bdd342e5de6e0d35fd060d0deb,104,9420000,1,2026-06-27T10:28:11.000Z
https://gongde-five.vercel.app,0x8537b30dcdbf8d154231ef0c433562287b3d31ab,104,112000000,16,2025-10-27T16:35:25.000Z
https://slimy-cougars-feel.loca.lt,0x000000000000000000000000000000000000dead,104,1688000,28,2026-05-27T14:06:07.000Z
https://polyodds.bet,0x5b34d3f21333c59ee4845cdf441bd86f4f04cc83,103,51500000,2,2026-06-03T19:57:51.000Z
https://46fb2816a95a.ngrok-free.app,0xa6459ef31c68dcf46cc603c526526db1c6ee4fd1,103,75052000,2,2025-09-16T09:30:11.000Z
https://daa254c34060.ngrok-free.app,0xa6459ef31c68dcf46cc603c526526db1c6ee4fd1,103,75052000,2,2025-09-16T09:30:11.000Z
https://api.shippingrates.org,Gcv56hKWuEGmXheBpJxAwQxvX6QAMimZzzVrHaVCbNWE,103,5179000,2,2026-03-21T08:11:52.000Z
https://aiscan-proxy31.glorionefirst.workers.dev,0x0a28ace35b9687a9334cd503b3c7d4b23734a1c7,103,31210000,3,2026-06-21T05:03:47.000Z
https://api.getaiscan.app,0x0a28ace35b9687a9334cd503b3c7d4b23734a1c7,103,31210000,3,2026-06-21T05:03:47.000Z
https://shield.vainplex.dev,0xfcafd9dac06a03f588d6f55b5336162dfd7202a6,103,689000,10,2026-07-01T05:27:31.000Z
https://api.agentcamo.xyz,EtsKHjyVgwzwRzd2vZB9egs8agY1pkb3HPL2mp2oZybr,102,1540000,2,2026-03-19T03:59:27.000Z
https://stableproduct.dev,0xd9f3261c9fea20a99d0708815010280c549e8ebf,101,1010000,14,2026-07-02T02:20:17.000Z
https://xfetch.clawmoney.ai,0x6125f97c8e6bacd27b4191e98deb0f32459ea38e,101,1010000,10,2026-06-23T14:54:55.000Z
https://witness.clawmoney.ai,0x6125f97c8e6bacd27b4191e98deb0f32459ea38e,101,1010000,10,2026-06-23T14:54:55.000Z
https://witness.bnbot.ai,0x6125f97c8e6bacd27b4191e98deb0f32459ea38e,101,1010000,10,2026-06-23T14:54:55.000Z
https://x402wid.vercel.app,4s8XQC2WzRfgH8Xiep7ybnCW11VKRCMwxQF6jknx3VPf,100,1000000,1,2026-06-30T21:01:17.000Z
https://tax402.com,0xde1a9e6b7639e255061372d607fa3101d1484e68,100,1000000,4,2025-12-06T22:10:27.000Z
https://risk-api.life.conway.tech,0x13580b9c6a9afbfe4c739e74136c1da174db9891,100,10000000,16,2026-07-01T08:49:25.000Z
https://x402-6m47uoam6-ethannisers.vercel.app,0x4cfa20938447559d444e8721af84db09f8d04965,100,4450000,27,2025-11-28T18:58:57.000Z
https://x402-ol30wwykw-ethannisers.vercel.app,0x4cfa20938447559d444e8721af84db09f8d04965,100,4450000,27,2025-11-28T18:58:57.000Z
https://x402-ikmj64xiv-ethannisers.vercel.app,0x4cfa20938447559d444e8721af84db09f8d04965,100,4450000,27,2025-11-28T18:58:57.000Z
https://x402-1s1sr5r00-ethannisers.vercel.app,0x4cfa20938447559d444e8721af84db09f8d04965,100,4450000,27,2025-11-28T18:58:57.000Z
https://x402-ja3jqzfon-ethannisers.vercel.app,0x4cfa20938447559d444e8721af84db09f8d04965,100,4450000,27,2025-11-28T18:58:57.000Z
https://x402-test.vercel.app,0x4cfa20938447559d444e8721af84db09f8d04965,100,4450000,27,2025-11-28T18:58:57.000Z
https://trust402.aztecbeacon.uk,0x3f4cee4c6bad04fcca3138dffdee579ddf17049b,100,1595000,15,2026-07-01T14:41:15.000Z
https://cubespace.cc,0x9fe4d5db163a47395de483020434aa326ece58d5,100,65701000,3,2026-03-14T05:31:17.000Z
https://x402club.com,0x9fe4d5db163a47395de483020434aa326ece58d5,100,65701000,3,2026-03-14T05:31:17.000Z
http://x402-coin.xyz,0x9fe4d5db163a47395de483020434aa326ece58d5,100,65701000,3,2026-03-14T05:31:17.000Z
http://www.x402-coin.xyz,0x9fe4d5db163a47395de483020434aa326ece58d5,100,65701000,3,2026-03-14T05:31:17.000Z
http://oso.ren:9777,0x9fe4d5db163a47395de483020434aa326ece58d5,100,65701000,3,2026-03-14T05:31:17.000Z
https://x402song.com,0x1be773bfb9dd3b1506971552372a92576c9ce382,99,386775000,33,2025-10-28T03:57:29.000Z
https://api-coo.vercel.app,0xce9784388a2b0e95e96f41b66f777e95a2ec66ff,99,135042000,33,2025-11-09T16:05:11.000Z
https://402xcoo.xyz,0xce9784388a2b0e95e96f41b66f777e95a2ec66ff,99,135042000,33,2025-11-09T16:05:11.000Z
https://api.xcache.io,0x425ba6096702dd974125a5b299f7394d579311be,98,48020000,14,2025-11-03T22:48:35.000Z
http://api.xcache.io,0x425ba6096702dd974125a5b299f7394d579311be,98,48020000,14,2025-11-03T22:48:35.000Z
https://api.saidprotocol.com,3Q6QAbCWmqJfXthcXxsxpj2SXvDcmDsJJsevwMgC8BrU,97,970000,2,2026-03-08T15:43:37.000Z
https://chess.ruliad.xyz,0xdc40cbf86727093c52582405703e5b97d5c64b66,96,422000,10,2026-06-26T20:37:01.000Z
https://api.ruliad.xyz,0xdc40cbf86727093c52582405703e5b97d5c64b66,96,422000,10,2026-06-26T20:37:01.000Z
https://lensscrypt.vercel.app,0x925ae18af11b68861f5e3959118ea2f0e486e481,95,5870000,1,2026-06-28T00:02:11.000Z
https://lensscryptic.vercel.app,0x925ae18af11b68861f5e3959118ea2f0e486e481,95,5870000,1,2026-06-28T00:02:11.000Z
https://uskrip.vercel.app,0x925ae18af11b68861f5e3959118ea2f0e486e481,95,5870000,1,2026-06-28T00:02:11.000Z
https://lanskap.vercel.app,0x925ae18af11b68861f5e3959118ea2f0e486e481,95,5870000,1,2026-06-28T00:02:11.000Z
https://kidnapi.vercel.app,0x925ae18af11b68861f5e3959118ea2f0e486e481,95,5870000,1,2026-06-28T00:02:11.000Z
https://basedrock.vercel.app,0x925ae18af11b68861f5e3959118ea2f0e486e481,95,5870000,1,2026-06-28T00:02:11.000Z
https://v2kidnapi.vercel.app,0x925ae18af11b68861f5e3959118ea2f0e486e481,95,5870000,1,2026-06-28T00:02:11.000Z
https://lemscrypt.vercel.app,0x925ae18af11b68861f5e3959118ea2f0e486e481,95,5870000,1,2026-06-28T00:02:11.000Z
https://r0ck-api.vercel.app,0x925ae18af11b68861f5e3959118ea2f0e486e481,95,5870000,1,2026-06-28T00:02:11.000Z
https://lanescrypt.vercel.app,0x925ae18af11b68861f5e3959118ea2f0e486e481,95,5870000,1,2026-06-28T00:02:11.000Z
https://api.x402oracle.com,0x2df1aec598a104fc15e80c0b60e50c497559a980,93,186000,78,2026-06-27T18:57:19.000Z
https://buttonmoney.vercel.app,0x80add3b20f9ff37d877594c7aaa7cd3534ab2ede,93,20900000,6,2026-06-25T14:13:03.000Z
https://moltbrain-x402-server-production-6c25.up.railway.app,0x0ea237b58219afec1c07ceb3f854b44fb71d6cc4,93,930000,24,2026-02-18T19:30:01.000Z
https://api.moltbrain.dev,0x0ea237b58219afec1c07ceb3f854b44fb71d6cc4,93,930000,24,2026-02-18T19:30:01.000Z
https://atelierai.xyz,0xa8cc4011eb545ee5d436a599c9a8bd03dd1e1df3,93,37246000,55,2026-07-02T02:37:39.000Z
https://gen.portalfoundation.ai,0xe68e6015f540c9778ad130e155a4c0265ea65d40,92,34835000,22,2026-07-01T14:34:49.000Z
https://api.arsweep.fun,9wVfWxbWLpHwyxVVkBJkzjeabHkdfZG6zyraVoLLB7jv,92,6200000,3,2026-04-15T13:31:46.000Z
https://x402datasource.com,0x3b9ce6236f3973ae3f5be1b630c76e5ea1153ae9,92,3475000,6,2026-06-22T04:23:41.000Z
https://ot-intel-api.onrender.com,0x1888192fac6a69e4cd7d078ec4bcf6f24f7c767b,91,5780000,11,2026-07-02T03:23:45.000Z
https://stableclaude.dev,0x447e981bd3d8267499860ff0f9afbc9f8ffcc514,90,30138800,18,2026-03-06T21:23:01.000Z
https://x402-entity-resolver-production.up.railway.app,0x5fa62365201ad373754c0a5cee69aa6167164a16,90,450000,4,2026-07-02T02:51:27.000Z
https://entityresolver.xyz,0x5fa62365201ad373754c0a5cee69aa6167164a16,90,450000,4,2026-07-02T02:51:27.000Z
https://x402.asalvocreative.com,0x5abad121dabb983e663fb8d08fea3dcf745af005,90,12480000,14,2026-07-01T03:24:23.000Z
https://supership.crestsystems.ai,0x5abad121dabb983e663fb8d08fea3dcf745af005,90,12480000,14,2026-07-01T03:24:23.000Z
https://api.trytilde.xyz,0x67835a517dcd24e3769daa751402d57ed4422996,89,178000,5,2026-01-27T09:55:21.000Z
https://agents.krumpybot.com,0x71a2ced2074f418f4e68a0a196ff3c1e59beb32e,89,425000,5,2026-06-28T16:15:33.000Z
https://get.xpaiai402.com,0x85f9ee9c3d19804d4d8efd4ca6cac6cf04d5402d,88,88000000,8,2025-11-02T08:54:13.000Z
https://v1.xpay402.net,0x85f9ee9c3d19804d4d8efd4ca6cac6cf04d5402d,88,88000000,8,2025-11-02T08:54:13.000Z
https://3hcvxvrh.nx.link,0xcbbdecc1287ae7492d75318796b5b3f8cc464694,87,867390,1,2026-04-08T00:46:41.000Z
https://apexrunner.ai,0x8d0663bbb967ebf1c047405a888ddf865f3e8854,86,130850000,10,2026-07-01T04:11:29.000Z
https://scrape402.xyz,0x21ba2c2f9cb292cf72360776389099dd0e9a3ae0,85,287000,5,2026-07-02T00:17:11.000Z
https://execbox.xyz,0x21ba2c2f9cb292cf72360776389099dd0e9a3ae0,85,287000,5,2026-07-02T00:17:11.000Z
https://cnvrt.ing,0xfad67ce5a834e68d5533ba7ac08619ff82a42084,85,1030000,15,2026-07-01T05:32:09.000Z
https://x402-dev.dopamint.ai,0x865260e7825c13ffb62e8127b1015da670205502,84,204858600,18,2025-12-30T19:04:21.000Z
https://x402.wach.quillai.network,0xeea4e16d5a8ede884ea05910ae03b8fa93b8d777,84,930000,6,2026-05-05T11:10:39.000Z
https://x402.wach.ai,0xeea4e16d5a8ede884ea05910ae03b8fa93b8d777,84,930000,6,2026-05-05T11:10:39.000Z
https://conc-exe.xyz,9uiwHcDNYg8rbPDRaJBfMHVo8f8CAgCCZzz1JB6XyEFN,83,14280000,7,2026-06-29T02:16:05.000Z
https://x402-x.madnodes.xyz,SBmg9Zv9VYJift71vKLzkoimDHV6LZqdwXYhSuBtU9C,82,4150000,3,2026-06-13T21:03:40.000Z
https://fifa2026.madnodes.xyz,SBmg9Zv9VYJift71vKLzkoimDHV6LZqdwXYhSuBtU9C,82,4150000,3,2026-06-13T21:03:40.000Z
https://api.hyper-growth.xyz,0xa5fe6759adaeb7689ed5ac086ef6360c3fcc381a,82,5600000,2,2026-06-20T05:44:09.000Z
https://www.stripfeed.dev,0x42b53c0666d6c35a92f1c8e7e79d051632d7a1ad,82,820000,1,2026-03-13T06:38:13.000Z
https://x402-router.fly.dev,0x69df50da9f212d0c70e9e3b809a66e7bb87d2517,82,1190000,1,2026-04-13T08:19:49.000Z
https://x402-ssl-check.fly.dev,0x69df50da9f212d0c70e9e3b809a66e7bb87d2517,82,1190000,1,2026-04-13T08:19:49.000Z
https://x402-carbon.fly.dev,0x69df50da9f212d0c70e9e3b809a66e7bb87d2517,82,1190000,1,2026-04-13T08:19:49.000Z
https://x402-link-safety.fly.dev,0x69df50da9f212d0c70e9e3b809a66e7bb87d2517,82,1190000,1,2026-04-13T08:19:49.000Z
https://x402-page-meta.fly.dev,0x69df50da9f212d0c70e9e3b809a66e7bb87d2517,82,1190000,1,2026-04-13T08:19:49.000Z
https://x402-perf-check.fly.dev,0x69df50da9f212d0c70e9e3b809a66e7bb87d2517,82,1190000,1,2026-04-13T08:19:49.000Z
https://x402-readability.fly.dev,0x69df50da9f212d0c70e9e3b809a66e7bb87d2517,82,1190000,1,2026-04-13T08:19:49.000Z
https://x402-sentinel.fly.dev,0x69df50da9f212d0c70e9e3b809a66e7bb87d2517,82,1190000,1,2026-04-13T08:19:49.000Z
https://x402-web-audit.fly.dev,0x69df50da9f212d0c70e9e3b809a66e7bb87d2517,82,1190000,1,2026-04-13T08:19:49.000Z
https://x402-domain-check.fly.dev,0x69df50da9f212d0c70e9e3b809a66e7bb87d2517,82,1190000,1,2026-04-13T08:19:49.000Z
https://x402-biz-intel.fly.dev,0x69df50da9f212d0c70e9e3b809a66e7bb87d2517,82,1190000,1,2026-04-13T08:19:49.000Z
https://x402-dns-intel.fly.dev,0x69df50da9f212d0c70e9e3b809a66e7bb87d2517,82,1190000,1,2026-04-13T08:19:49.000Z
https://x402-tech-stack.fly.dev,0x69df50da9f212d0c70e9e3b809a66e7bb87d2517,82,1190000,1,2026-04-13T08:19:49.000Z
https://x402orangapes.vercel.app,0x311238ef91b5ba9534500498d34c0315e4a17437,81,699300,18,2025-11-12T20:50:29.000Z
https://x402-premium.vercel.app,0x9f276af79b2b5de2946a88b0fe2717318f924d7c,81,1863000,12,2025-11-13T09:13:13.000Z
https://x402-demo-two.vercel.app,0x9f276af79b2b5de2946a88b0fe2717318f924d7c,81,1863000,12,2025-11-13T09:13:13.000Z
https://cryptxscopes.vercel.app,0x01b39f786f88a9bab5406091949a3bdea2699afb,81,8810000,2,2026-07-01T05:43:23.000Z
https://tokenxscopes.vercel.app,0x01b39f786f88a9bab5406091949a3bdea2699afb,81,8810000,2,2026-07-01T05:43:23.000Z
https://coinscrop.vercel.app,0x01b39f786f88a9bab5406091949a3bdea2699afb,81,8810000,2,2026-07-01T05:43:23.000Z
https://tokenscope-nine.vercel.app,0x01b39f786f88a9bab5406091949a3bdea2699afb,81,8810000,2,2026-07-01T05:43:23.000Z
https://tokenscopes.vercel.app,0x01b39f786f88a9bab5406091949a3bdea2699afb,81,8810000,2,2026-07-01T05:43:23.000Z
https://api.24klabs.ai,0xe73d86f185be79a33b0318d881b71f2a24371114,80,4068000,18,2026-07-02T03:20:13.000Z
https://agentkit-x402chess-production.up.railway.app,0x22e4907889693b10549e4bc88c36638d1951cb51,80,460000,18,2026-04-07T19:05:39.000Z
https://api.x402chess.com,0x22e4907889693b10549e4bc88c36638d1951cb51,80,460000,18,2026-04-07T19:05:39.000Z
https://api.x402checkers.com,0x22e4907889693b10549e4bc88c36638d1951cb51,80,460000,18,2026-04-07T19:05:39.000Z
https://achillesalpha.com,0x069c6012e053dfbf50390b19fae275ad96d22ed7,80,1018000,5,2026-06-22T05:20:13.000Z
https://q-api.quotient.social,0x397f540f94f9b152a1238f9f44b05b707bfa7d69,79,5320000,4,2026-04-26T11:35:09.000Z
https://proxy402.com,0xddb24bd8a6cb0f2d3eabf7a828c0b4364668b963,77,4638777,40,2025-11-07T15:56:17.000Z
https://img402.dev,0x77f3c9bcb898ad1d30e9a336e2cc3108d88d6c09,77,770000,20,2026-07-01T11:06:41.000Z
https://beta.vaultlayer.xyz,0x2190a1dba3e0a9f7216efc929e6faead44ad6131,76,29000000,20,2025-11-26T18:35:57.000Z
https://momoxai.netlify.app,0xd1e12cef00b69548fc8a7a0205caa97f793722ca,76,4530000,2,2026-06-20T15:17:19.000Z
https://momoai-cyan.vercel.app,0xd1e12cef00b69548fc8a7a0205caa97f793722ca,76,4530000,2,2026-06-20T15:17:19.000Z
https://402xaimomo.vercel.app,0xd1e12cef00b69548fc8a7a0205caa97f793722ca,76,4530000,2,2026-06-20T15:17:19.000Z
https://aimomochan.vercel.app,0xd1e12cef00b69548fc8a7a0205caa97f793722ca,76,4530000,2,2026-06-20T15:17:19.000Z
https://aimomo.vercel.app,0xd1e12cef00b69548fc8a7a0205caa97f793722ca,76,4530000,2,2026-06-20T15:17:19.000Z
https://clink-lithium-vault.fly.dev,0xb1ef5415e9d3695e16977b8be422ab7512f788c0,76,5420000,4,2026-06-21T05:35:47.000Z
http://scanx402crypto-production.up.railway.app,0x05f4dcc0677883e63fd1c4f22e2f5a66ca2b5e44,75,15600000,3,2025-11-03T01:53:51.000Z
http://x402-casino-production-9a1f.up.railway.app,0x05f4dcc0677883e63fd1c4f22e2f5a66ca2b5e44,75,15600000,3,2025-11-03T01:53:51.000Z
https://ponzi-casino-x402-production.up.railway.app,0x05f4dcc0677883e63fd1c4f22e2f5a66ca2b5e44,75,15600000,3,2025-11-03T01:53:51.000Z
http://x402-casino-production.up.railway.app,0x05f4dcc0677883e63fd1c4f22e2f5a66ca2b5e44,75,15600000,3,2025-11-03T01:53:51.000Z
https://x402-casino-production.up.railway.app,0x05f4dcc0677883e63fd1c4f22e2f5a66ca2b5e44,75,15600000,3,2025-11-03T01:53:51.000Z
https://x402.tunedfor.ai,0xcaf9b733b96a4f83a8f19d9abe889e33f74f10e8,74,40730000,2,2026-07-02T02:06:47.000Z
https://pay.hypelightning.com,0x70c0d5ac2e5ffa6b130511d8b9685cafd37c6cc6,74,1082000,6,2025-11-12T02:22:49.000Z
http://pay.hypelightning.com,0x70c0d5ac2e5ffa6b130511d8b9685cafd37c6cc6,74,1082000,6,2025-11-12T02:22:49.000Z
https://gas.apitoll.cloud,0xcc69d619e6053f88a4845066518f465bd06fc96c,74,118000,28,2026-07-01T00:11:43.000Z
https://evm-gas.apitoll.cloud,0xcc69d619e6053f88a4845066518f465bd06fc96c,74,118000,28,2026-07-01T00:11:43.000Z
https://news.apitoll.cloud,0xcc69d619e6053f88a4845066518f465bd06fc96c,74,118000,28,2026-07-01T00:11:43.000Z
https://x402.blocksec.ai,0xbe683fa884b75cd5cac20a13772ef8fffa716ad6,74,10180000,9,2026-06-24T03:01:31.000Z
https://api.prixe.io,0xa2477e16dcb42e2ad80f03fe97d7f1a1646cd1c0,73,53800,14,2026-01-08T21:20:45.000Z
https://edgar.apitoll.cloud,0x58bdad5e654691ac5ed4631758f3d8da00666b6c,72,255000,15,2026-07-02T03:50:59.000Z
https://travel-agent.forgemesh.io,0x7f7c9bff1ddf2817641740962a9872e6421ebbfc,72,8860000,28,2026-07-02T01:43:37.000Z
https://x402.fiasignals.com,0x8d32c6a3ee3fb8a8b4c5378f7c5a26cc320a853f,71,3905000,11,2026-06-26T23:20:41.000Z
https://api.locus.report,0xf121fbecec43e1b616d47285851c20d5fc64431b,71,30560000,6,2026-06-30T20:29:15.000Z
https://gpthree.xyz,GcjHMHVMCTSUmxuKiBZLhCmEJnmr7FRnMPH3VnW8Ljqn,71,177500000,8,2025-12-04T07:02:24.000Z
https://gpthree.vercel.app,GcjHMHVMCTSUmxuKiBZLhCmEJnmr7FRnMPH3VnW8Ljqn,71,177500000,8,2025-12-04T07:02:24.000Z
https://anomaly.forgemesh.io,0xe295b6641b32998537ae0f8e61babf729eaed6e5,71,1780000,5,2026-07-01T05:24:39.000Z
https://mvp.botpay.network,0xa0b01586039f9b4ff5ebc2ca77b6fbb36093e3d3,70,50641000,3,2026-02-19T02:54:15.000Z
https://api.mnemospark.ai,0xd8f4cb6b436831b649883c3ffb861f7c59ee28b4,70,91000000,20,2026-05-11T23:26:35.000Z
https://coingecko.use.x402atlas.com,0x32793f68dc2ea26bbc75eb900da120069e8b6d02,70,350000,8,2026-07-01T20:16:55.000Z
https://bread.markets,5CjzKTvs7BPkfjHh27JN1VcTSxqP9rzfP3nn1LGbJqsf,70,700000,10,2026-01-14T16:24:32.000Z
https://lionx402.com,0x68e3e7822cf83c824cf9606ec999b5e8a93c85b5,69,8399000,4,2026-07-02T02:51:05.000Z
https://api.creatorfinder.dev,0x97c75ef4c5ce59218e2ab666bf1785f5b84dda51,69,1725000,6,2026-05-08T21:03:05.000Z
https://optout.cash,0x97c75ef4c5ce59218e2ab666bf1785f5b84dda51,69,1725000,6,2026-05-08T21:03:05.000Z
https://60fbbbf9a15f31.lhr.life,0xfbdb0ad415e95c4843fd872fac967459572910f1,69,690000,2,2026-07-01T05:42:53.000Z
https://957d9b0cb02a58.lhr.life,0xfbdb0ad415e95c4843fd872fac967459572910f1,69,690000,2,2026-07-01T05:42:53.000Z
https://e9181776dcd8e0.lhr.life,0xfbdb0ad415e95c4843fd872fac967459572910f1,69,690000,2,2026-07-01T05:42:53.000Z
https://b0ededb2218ea3.lhr.life,0xfbdb0ad415e95c4843fd872fac967459572910f1,69,690000,2,2026-07-01T05:42:53.000Z
https://d57b4b77caf19d.lhr.life,0xfbdb0ad415e95c4843fd872fac967459572910f1,69,690000,2,2026-07-01T05:42:53.000Z
https://1bb3e0217ea429.lhr.life,0xfbdb0ad415e95c4843fd872fac967459572910f1,69,690000,2,2026-07-01T05:42:53.000Z
https://b23880d38f6d2e.lhr.life,0xfbdb0ad415e95c4843fd872fac967459572910f1,69,690000,2,2026-07-01T05:42:53.000Z
https://e70e63161a8b7f.lhr.life,0xfbdb0ad415e95c4843fd872fac967459572910f1,69,690000,2,2026-07-01T05:42:53.000Z
https://be4b2569d2f26e.lhr.life,0xfbdb0ad415e95c4843fd872fac967459572910f1,69,690000,2,2026-07-01T05:42:53.000Z
https://72bca5ceeb344d.lhr.life,0xfbdb0ad415e95c4843fd872fac967459572910f1,69,690000,2,2026-07-01T05:42:53.000Z
https://eaeac5c57979ad.lhr.life,0xfbdb0ad415e95c4843fd872fac967459572910f1,69,690000,2,2026-07-01T05:42:53.000Z
https://ee705cee4bd2a0.lhr.life,0xfbdb0ad415e95c4843fd872fac967459572910f1,69,690000,2,2026-07-01T05:42:53.000Z
https://775b05c476d02a.lhr.life,0xfbdb0ad415e95c4843fd872fac967459572910f1,69,690000,2,2026-07-01T05:42:53.000Z
https://92b1c6b4a586e5.lhr.life,0xfbdb0ad415e95c4843fd872fac967459572910f1,69,690000,2,2026-07-01T05:42:53.000Z
https://b5d0c962da4242.lhr.life,0xfbdb0ad415e95c4843fd872fac967459572910f1,69,690000,2,2026-07-01T05:42:53.000Z
https://0929e2c5a7a8d9.lhr.life,0xfbdb0ad415e95c4843fd872fac967459572910f1,69,690000,2,2026-07-01T05:42:53.000Z
https://0b6b3ef3ef602b.lhr.life,0xfbdb0ad415e95c4843fd872fac967459572910f1,69,690000,2,2026-07-01T05:42:53.000Z
https://059b4af55a665d.lhr.life,0xfbdb0ad415e95c4843fd872fac967459572910f1,69,690000,2,2026-07-01T05:42:53.000Z
https://c5e6dd2d25b4d8.lhr.life,0xfbdb0ad415e95c4843fd872fac967459572910f1,69,690000,2,2026-07-01T05:42:53.000Z
https://7a24e5c2a417ef.lhr.life,0xfbdb0ad415e95c4843fd872fac967459572910f1,69,690000,2,2026-07-01T05:42:53.000Z
https://8951e7b16f906d.lhr.life,0xfbdb0ad415e95c4843fd872fac967459572910f1,69,690000,2,2026-07-01T05:42:53.000Z
https://60a1655a7d7870.lhr.life,0xfbdb0ad415e95c4843fd872fac967459572910f1,69,690000,2,2026-07-01T05:42:53.000Z
https://bd9378b853442e.lhr.life,0xfbdb0ad415e95c4843fd872fac967459572910f1,69,690000,2,2026-07-01T05:42:53.000Z
https://5f952ce757518b.lhr.life,0xfbdb0ad415e95c4843fd872fac967459572910f1,69,690000,2,2026-07-01T05:42:53.000Z
https://c39f7120aeb31a.lhr.life,0xfbdb0ad415e95c4843fd872fac967459572910f1,69,690000,2,2026-07-01T05:42:53.000Z
https://8f9747c2dffd04.lhr.life,0xfbdb0ad415e95c4843fd872fac967459572910f1,69,690000,2,2026-07-01T05:42:53.000Z
https://246d8c38d71ea1.lhr.life,0xfbdb0ad415e95c4843fd872fac967459572910f1,69,690000,2,2026-07-01T05:42:53.000Z
https://8e6e162d784ab2.lhr.life,0xfbdb0ad415e95c4843fd872fac967459572910f1,69,690000,2,2026-07-01T05:42:53.000Z
https://aceddd5edb3519.lhr.life,0xfbdb0ad415e95c4843fd872fac967459572910f1,69,690000,2,2026-07-01T05:42:53.000Z
https://4e4e45d662d840.lhr.life,0xfbdb0ad415e95c4843fd872fac967459572910f1,69,690000,2,2026-07-01T05:42:53.000Z
https://6ca1243821178f.lhr.life,0xfbdb0ad415e95c4843fd872fac967459572910f1,69,690000,2,2026-07-01T05:42:53.000Z
https://0519bb1619d47e.lhr.life,0xfbdb0ad415e95c4843fd872fac967459572910f1,69,690000,2,2026-07-01T05:42:53.000Z
https://602749968b2a19.lhr.life,0xfbdb0ad415e95c4843fd872fac967459572910f1,69,690000,2,2026-07-01T05:42:53.000Z
https://c8831277490143.lhr.life,0xfbdb0ad415e95c4843fd872fac967459572910f1,69,690000,2,2026-07-01T05:42:53.000Z
https://be973a0ab9a372.lhr.life,0xfbdb0ad415e95c4843fd872fac967459572910f1,69,690000,2,2026-07-01T05:42:53.000Z
https://9f0a414a92d147.lhr.life,0xfbdb0ad415e95c4843fd872fac967459572910f1,69,690000,2,2026-07-01T05:42:53.000Z
https://235256cf95cbea.lhr.life,0xfbdb0ad415e95c4843fd872fac967459572910f1,69,690000,2,2026-07-01T05:42:53.000Z
https://c55ce43aac414b.lhr.life,0xfbdb0ad415e95c4843fd872fac967459572910f1,69,690000,2,2026-07-01T05:42:53.000Z
https://d04d188a89f28b.lhr.life,0xfbdb0ad415e95c4843fd872fac967459572910f1,69,690000,2,2026-07-01T05:42:53.000Z
https://9bc0adb40fea17.lhr.life,0xfbdb0ad415e95c4843fd872fac967459572910f1,69,690000,2,2026-07-01T05:42:53.000Z
https://118922f4da532e.lhr.life,0xfbdb0ad415e95c4843fd872fac967459572910f1,69,690000,2,2026-07-01T05:42:53.000Z
https://3f0fd4fe8ece64.lhr.life,0xfbdb0ad415e95c4843fd872fac967459572910f1,69,690000,2,2026-07-01T05:42:53.000Z
https://bdbcc608c088a9.lhr.life,0xfbdb0ad415e95c4843fd872fac967459572910f1,69,690000,2,2026-07-01T05:42:53.000Z
https://4c7765e7a59e21.lhr.life,0xfbdb0ad415e95c4843fd872fac967459572910f1,69,690000,2,2026-07-01T05:42:53.000Z
https://4aba080faeacc0.lhr.life,0xfbdb0ad415e95c4843fd872fac967459572910f1,69,690000,2,2026-07-01T05:42:53.000Z
https://1ab5f504104f77.lhr.life,0xfbdb0ad415e95c4843fd872fac967459572910f1,69,690000,2,2026-07-01T05:42:53.000Z
https://646446ed4b32c0.lhr.life,0xfbdb0ad415e95c4843fd872fac967459572910f1,69,690000,2,2026-07-01T05:42:53.000Z
https://098133dab90be2.lhr.life,0xfbdb0ad415e95c4843fd872fac967459572910f1,69,690000,2,2026-07-01T05:42:53.000Z
https://9ad97f796f55ac.lhr.life,0xfbdb0ad415e95c4843fd872fac967459572910f1,69,690000,2,2026-07-01T05:42:53.000Z
https://237953f0886846.lhr.life,0xfbdb0ad415e95c4843fd872fac967459572910f1,69,690000,2,2026-07-01T05:42:53.000Z
https://981c6fbec4cbf9.lhr.life,0xfbdb0ad415e95c4843fd872fac967459572910f1,69,690000,2,2026-07-01T05:42:53.000Z
https://c84f0f005f7401.lhr.life,0xfbdb0ad415e95c4843fd872fac967459572910f1,69,690000,2,2026-07-01T05:42:53.000Z
https://c1e876c11e77a7.lhr.life,0xfbdb0ad415e95c4843fd872fac967459572910f1,69,690000,2,2026-07-01T05:42:53.000Z
https://da30d62dd9dc99.lhr.life,0xfbdb0ad415e95c4843fd872fac967459572910f1,69,690000,2,2026-07-01T05:42:53.000Z
https://2fd164a0b8c555.lhr.life,0xfbdb0ad415e95c4843fd872fac967459572910f1,69,690000,2,2026-07-01T05:42:53.000Z
https://cf100d9f8e1466.lhr.life,0xfbdb0ad415e95c4843fd872fac967459572910f1,69,690000,2,2026-07-01T05:42:53.000Z
https://1ce66e2e54d851.lhr.life,0xfbdb0ad415e95c4843fd872fac967459572910f1,69,690000,2,2026-07-01T05:42:53.000Z
https://9f91cb5a1a2144.lhr.life,0xfbdb0ad415e95c4843fd872fac967459572910f1,69,690000,2,2026-07-01T05:42:53.000Z
https://ca35b894999ca8.lhr.life,0xfbdb0ad415e95c4843fd872fac967459572910f1,69,690000,2,2026-07-01T05:42:53.000Z
https://9bc73500adf4ee.lhr.life,0xfbdb0ad415e95c4843fd872fac967459572910f1,69,690000,2,2026-07-01T05:42:53.000Z
https://e75c77a7d5fccb.lhr.life,0xfbdb0ad415e95c4843fd872fac967459572910f1,69,690000,2,2026-07-01T05:42:53.000Z
https://659aaa507d9ec2.lhr.life,0xfbdb0ad415e95c4843fd872fac967459572910f1,69,690000,2,2026-07-01T05:42:53.000Z
https://1940647d27b699.lhr.life,0xfbdb0ad415e95c4843fd872fac967459572910f1,69,690000,2,2026-07-01T05:42:53.000Z
https://3cb310ce3cab3f.lhr.life,0xfbdb0ad415e95c4843fd872fac967459572910f1,69,690000,2,2026-07-01T05:42:53.000Z
https://92a126e319b5d8.lhr.life,0xfbdb0ad415e95c4843fd872fac967459572910f1,69,690000,2,2026-07-01T05:42:53.000Z
https://9d6dd8a86a44be.lhr.life,0xfbdb0ad415e95c4843fd872fac967459572910f1,69,690000,2,2026-07-01T05:42:53.000Z
https://ac716b05b47f6a.lhr.life,0xfbdb0ad415e95c4843fd872fac967459572910f1,69,690000,2,2026-07-01T05:42:53.000Z
https://ba234111b9bd45.lhr.life,0xfbdb0ad415e95c4843fd872fac967459572910f1,69,690000,2,2026-07-01T05:42:53.000Z
https://8566185d2eb431.lhr.life,0xfbdb0ad415e95c4843fd872fac967459572910f1,69,690000,2,2026-07-01T05:42:53.000Z
https://a78e5529ace35f.lhr.life,0xfbdb0ad415e95c4843fd872fac967459572910f1,69,690000,2,2026-07-01T05:42:53.000Z
https://dd54e5906a19c8.lhr.life,0xfbdb0ad415e95c4843fd872fac967459572910f1,69,690000,2,2026-07-01T05:42:53.000Z
https://484cd439af5dc2.lhr.life,0xfbdb0ad415e95c4843fd872fac967459572910f1,69,690000,2,2026-07-01T05:42:53.000Z
https://ddb5d253dfe959.lhr.life,0xfbdb0ad415e95c4843fd872fac967459572910f1,69,690000,2,2026-07-01T05:42:53.000Z
https://e3e9549403addd.lhr.life,0xfbdb0ad415e95c4843fd872fac967459572910f1,69,690000,2,2026-07-01T05:42:53.000Z
https://03632a72afe458.lhr.life,0xfbdb0ad415e95c4843fd872fac967459572910f1,69,690000,2,2026-07-01T05:42:53.000Z
https://9cca7a3eb67e10.lhr.life,0xfbdb0ad415e95c4843fd872fac967459572910f1,69,690000,2,2026-07-01T05:42:53.000Z
https://46a97c2db38dda.lhr.life,0xfbdb0ad415e95c4843fd872fac967459572910f1,69,690000,2,2026-07-01T05:42:53.000Z
https://f186108a350260.lhr.life,0xfbdb0ad415e95c4843fd872fac967459572910f1,69,690000,2,2026-07-01T05:42:53.000Z
https://e26366ff22e318.lhr.life,0xfbdb0ad415e95c4843fd872fac967459572910f1,69,690000,2,2026-07-01T05:42:53.000Z
https://323dce48fc7186.lhr.life,0xfbdb0ad415e95c4843fd872fac967459572910f1,69,690000,2,2026-07-01T05:42:53.000Z
https://9e157265dac291.lhr.life,0xfbdb0ad415e95c4843fd872fac967459572910f1,69,690000,2,2026-07-01T05:42:53.000Z
https://11397fbc5ac4be.lhr.life,0xfbdb0ad415e95c4843fd872fac967459572910f1,69,690000,2,2026-07-01T05:42:53.000Z
https://03a0a73b844fc2.lhr.life,0xfbdb0ad415e95c4843fd872fac967459572910f1,69,690000,2,2026-07-01T05:42:53.000Z
https://e3e809566d4600.lhr.life,0xfbdb0ad415e95c4843fd872fac967459572910f1,69,690000,2,2026-07-01T05:42:53.000Z
https://84ef10a5633280.lhr.life,0xfbdb0ad415e95c4843fd872fac967459572910f1,69,690000,2,2026-07-01T05:42:53.000Z
https://8abfde80c0b3f1.lhr.life,0xfbdb0ad415e95c4843fd872fac967459572910f1,69,690000,2,2026-07-01T05:42:53.000Z
https://b7269f53182d2d.lhr.life,0xfbdb0ad415e95c4843fd872fac967459572910f1,69,690000,2,2026-07-01T05:42:53.000Z
https://b6a3a2845d6692.lhr.life,0xfbdb0ad415e95c4843fd872fac967459572910f1,69,690000,2,2026-07-01T05:42:53.000Z
https://1e259e997e62d4.lhr.life,0xfbdb0ad415e95c4843fd872fac967459572910f1,69,690000,2,2026-07-01T05:42:53.000Z
https://b7f1d9a50f5d3f.lhr.life,0xfbdb0ad415e95c4843fd872fac967459572910f1,69,690000,2,2026-07-01T05:42:53.000Z
https://f0d9dd5a4bf5fe.lhr.life,0xfbdb0ad415e95c4843fd872fac967459572910f1,69,690000,2,2026-07-01T05:42:53.000Z
https://4fc26f28ba5ccb.lhr.life,0xfbdb0ad415e95c4843fd872fac967459572910f1,69,690000,2,2026-07-01T05:42:53.000Z
https://69e02f1ebcd5b9.lhr.life,0xfbdb0ad415e95c4843fd872fac967459572910f1,69,690000,2,2026-07-01T05:42:53.000Z
https://a5408b8153c34a.lhr.life,0xfbdb0ad415e95c4843fd872fac967459572910f1,69,690000,2,2026-07-01T05:42:53.000Z
https://c5352dee26d733.lhr.life,0xfbdb0ad415e95c4843fd872fac967459572910f1,69,690000,2,2026-07-01T05:42:53.000Z
https://abd67b1e3fe643.lhr.life,0xfbdb0ad415e95c4843fd872fac967459572910f1,69,690000,2,2026-07-01T05:42:53.000Z
https://0e8433f6fd0d1a.lhr.life,0xfbdb0ad415e95c4843fd872fac967459572910f1,69,690000,2,2026-07-01T05:42:53.000Z
https://cbf05372fa4bec.lhr.life,0xfbdb0ad415e95c4843fd872fac967459572910f1,69,690000,2,2026-07-01T05:42:53.000Z
https://800b9b4cf43a24.lhr.life,0xfbdb0ad415e95c4843fd872fac967459572910f1,69,690000,2,2026-07-01T05:42:53.000Z
https://1005efe863e45c.lhr.life,0xfbdb0ad415e95c4843fd872fac967459572910f1,69,690000,2,2026-07-01T05:42:53.000Z
https://ca6f349b767970.lhr.life,0xfbdb0ad415e95c4843fd872fac967459572910f1,69,690000,2,2026-07-01T05:42:53.000Z
https://a1339b37049807.lhr.life,0xfbdb0ad415e95c4843fd872fac967459572910f1,69,690000,2,2026-07-01T05:42:53.000Z
https://8719e94e95c31c.lhr.life,0xfbdb0ad415e95c4843fd872fac967459572910f1,69,690000,2,2026-07-01T05:42:53.000Z
https://89fb1509426ccd.lhr.life,0xfbdb0ad415e95c4843fd872fac967459572910f1,69,690000,2,2026-07-01T05:42:53.000Z
https://c40e08de99a978.lhr.life,0xfbdb0ad415e95c4843fd872fac967459572910f1,69,690000,2,2026-07-01T05:42:53.000Z
https://66f77ced89ad9a.lhr.life,0xfbdb0ad415e95c4843fd872fac967459572910f1,69,690000,2,2026-07-01T05:42:53.000Z
https://66327453c5d8df.lhr.life,0xfbdb0ad415e95c4843fd872fac967459572910f1,69,690000,2,2026-07-01T05:42:53.000Z
https://c714c3c415c7d7.lhr.life,0xfbdb0ad415e95c4843fd872fac967459572910f1,69,690000,2,2026-07-01T05:42:53.000Z
https://5270bb052a6c6c.lhr.life,0xfbdb0ad415e95c4843fd872fac967459572910f1,69,690000,2,2026-07-01T05:42:53.000Z
https://a104d173b39279.lhr.life,0xfbdb0ad415e95c4843fd872fac967459572910f1,69,690000,2,2026-07-01T05:42:53.000Z
https://920a4600166c76.lhr.life,0xfbdb0ad415e95c4843fd872fac967459572910f1,69,690000,2,2026-07-01T05:42:53.000Z
https://207101617442dc.lhr.life,0xfbdb0ad415e95c4843fd872fac967459572910f1,69,690000,2,2026-07-01T05:42:53.000Z
https://b44125bcf57ab3.lhr.life,0xfbdb0ad415e95c4843fd872fac967459572910f1,69,690000,2,2026-07-01T05:42:53.000Z
https://fbde4d3691e21b.lhr.life,0xfbdb0ad415e95c4843fd872fac967459572910f1,69,690000,2,2026-07-01T05:42:53.000Z
https://f883afc035ba75.lhr.life,0xfbdb0ad415e95c4843fd872fac967459572910f1,69,690000,2,2026-07-01T05:42:53.000Z
https://e83e08f03c769b.lhr.life,0xfbdb0ad415e95c4843fd872fac967459572910f1,69,690000,2,2026-07-01T05:42:53.000Z
https://666f5ce4fb4202.lhr.life,0xfbdb0ad415e95c4843fd872fac967459572910f1,69,690000,2,2026-07-01T05:42:53.000Z
https://a3b47f3c4cc530.lhr.life,0xfbdb0ad415e95c4843fd872fac967459572910f1,69,690000,2,2026-07-01T05:42:53.000Z
https://261587d68485a8.lhr.life,0xfbdb0ad415e95c4843fd872fac967459572910f1,69,690000,2,2026-07-01T05:42:53.000Z
https://ae670fb316beca.lhr.life,0xfbdb0ad415e95c4843fd872fac967459572910f1,69,690000,2,2026-07-01T05:42:53.000Z
https://209aa53fe8c890.lhr.life,0xfbdb0ad415e95c4843fd872fac967459572910f1,69,690000,2,2026-07-01T05:42:53.000Z
https://3ab466f1347ac0.lhr.life,0xfbdb0ad415e95c4843fd872fac967459572910f1,69,690000,2,2026-07-01T05:42:53.000Z
https://9eb72df0ccdaee.lhr.life,0xfbdb0ad415e95c4843fd872fac967459572910f1,69,690000,2,2026-07-01T05:42:53.000Z
https://07a51829e315d2.lhr.life,0xfbdb0ad415e95c4843fd872fac967459572910f1,69,690000,2,2026-07-01T05:42:53.000Z
https://c71a251cc54527.lhr.life,0xfbdb0ad415e95c4843fd872fac967459572910f1,69,690000,2,2026-07-01T05:42:53.000Z
https://0353a1066b787b.lhr.life,0xfbdb0ad415e95c4843fd872fac967459572910f1,69,690000,2,2026-07-01T05:42:53.000Z
https://cd3da3c124de32.lhr.life,0xfbdb0ad415e95c4843fd872fac967459572910f1,69,690000,2,2026-07-01T05:42:53.000Z
https://f19f42e8a99e4e.lhr.life,0xfbdb0ad415e95c4843fd872fac967459572910f1,69,690000,2,2026-07-01T05:42:53.000Z
https://6948086e1d05ea.lhr.life,0xfbdb0ad415e95c4843fd872fac967459572910f1,69,690000,2,2026-07-01T05:42:53.000Z
https://91027198efe527.lhr.life,0xfbdb0ad415e95c4843fd872fac967459572910f1,69,690000,2,2026-07-01T05:42:53.000Z
https://80dc505f87421c.lhr.life,0xfbdb0ad415e95c4843fd872fac967459572910f1,69,690000,2,2026-07-01T05:42:53.000Z
https://bf7650cc12c995.lhr.life,0xfbdb0ad415e95c4843fd872fac967459572910f1,69,690000,2,2026-07-01T05:42:53.000Z
https://881359de966e8d.lhr.life,0xfbdb0ad415e95c4843fd872fac967459572910f1,69,690000,2,2026-07-01T05:42:53.000Z
https://d61a5415aef6bc.lhr.life,0xfbdb0ad415e95c4843fd872fac967459572910f1,69,690000,2,2026-07-01T05:42:53.000Z
https://5b0c46acf74b55.lhr.life,0xfbdb0ad415e95c4843fd872fac967459572910f1,69,690000,2,2026-07-01T05:42:53.000Z
https://b96fb5a21f214c.lhr.life,0xfbdb0ad415e95c4843fd872fac967459572910f1,69,690000,2,2026-07-01T05:42:53.000Z
https://fa457c6d824eae.lhr.life,0xfbdb0ad415e95c4843fd872fac967459572910f1,69,690000,2,2026-07-01T05:42:53.000Z
https://3a0829a60469e6.lhr.life,0xfbdb0ad415e95c4843fd872fac967459572910f1,69,690000,2,2026-07-01T05:42:53.000Z
https://22f94d4f8fe2ff.lhr.life,0xfbdb0ad415e95c4843fd872fac967459572910f1,69,690000,2,2026-07-01T05:42:53.000Z
https://bd1671d5cd7b42.lhr.life,0xfbdb0ad415e95c4843fd872fac967459572910f1,69,690000,2,2026-07-01T05:42:53.000Z
https://a99fe269ba4f5e.lhr.life,0xfbdb0ad415e95c4843fd872fac967459572910f1,69,690000,2,2026-07-01T05:42:53.000Z
https://00be8ab632aa0f.lhr.life,0xfbdb0ad415e95c4843fd872fac967459572910f1,69,690000,2,2026-07-01T05:42:53.000Z
https://xx402.icu,0xfbdb0ad415e95c4843fd872fac967459572910f1,69,690000,2,2026-07-01T05:42:53.000Z
https://x402.xx402.icu,0xfbdb0ad415e95c4843fd872fac967459572910f1,69,690000,2,2026-07-01T05:42:53.000Z
https://fdn-node-production.up.railway.app,0x9ea815be6a61d1156b21662c9561a4739ea5fb83,68,136000,1,2026-04-26T02:09:15.000Z
https://twitter-servers.up.railway.app,0x58d2ff253998bc2f3b8f5bdbe9c52cad7b022739,68,39400000,7,2025-12-05T09:24:27.000Z
https://x402spaces.up.railway.app,0x58d2ff253998bc2f3b8f5bdbe9c52cad7b022739,68,39400000,7,2025-12-05T09:24:27.000Z
https://stablemerch.dev,0xca3cffdc216443a95fcde1d52a32645a34c7b5f0,68,1060000000,10,2026-06-30T20:28:45.000Z
https://echo-staging.up.railway.app,0x3cd831eacb67c73bb54002668c008b761063bdc3,68,22283100,32,2026-07-01T05:34:05.000Z
https://stablemusic.dev,0x588931e8a5d4aa8b072b297f555214e8c4f0be98,68,680000,7,2026-06-21T05:16:31.000Z
https://seoul-weather-402.fly.dev,0x1e15e64e815473385b571deec7bce4f0cc262817,68,680000,39,2026-07-01T03:09:17.000Z
https://agentpay.tools,0xe8b25a72dd6aef69515452a61ad231c7df2843b7,67,481000,8,2026-07-01T13:05:17.000Z
https://raoster-vault.vercel.app,0xfd2fe523e2a90a13296de1ac044dc2159b0c1245,67,5090000,1,2026-06-28T00:13:57.000Z
https://rasoster.vercel.app,0xfd2fe523e2a90a13296de1ac044dc2159b0c1245,67,5090000,1,2026-06-28T00:13:57.000Z
https://raoster-vaultv.vercel.app,0xfd2fe523e2a90a13296de1ac044dc2159b0c1245,67,5090000,1,2026-06-28T00:13:57.000Z
https://raoster.orbonomy.xyz,0xfd2fe523e2a90a13296de1ac044dc2159b0c1245,67,5090000,1,2026-06-28T00:13:57.000Z
https://r05t3r.vercel.app,0xfd2fe523e2a90a13296de1ac044dc2159b0c1245,67,5090000,1,2026-06-28T00:13:57.000Z
https://agentforge-taupe.vercel.app,0xfa6f352e71c44d217df04ecad902c82b72d2378c,67,1493000,1,2026-03-18T16:59:03.000Z
https://x402.hedgehogedge.com,0x69645debad2313ce41514472ea08536d472858df,66,13113600,2,2026-03-20T11:19:25.000Z
http://91.108.246.77:8000,0xde9ee70f54cd43909f555838fb69d088975b3531,66,6600000,10,2025-10-27T01:54:55.000Z
https://3dprintedcat.com,0x5b65f799fe84b25b744f7798b40357b786733ab1,65,1956000,3,2026-06-21T05:18:19.000Z
https://oracle.the-undesirables.com,0x642e8a7c289381f24f0395e0539f0ba41c74cc1b,65,21285000,4,2026-07-01T22:55:35.000Z
https://nectarpay.crypto-dreamr.com,0x4293f75e69b22ee68afa0f464de86e5cd80bed75,65,4960000,3,2026-06-03T10:21:25.000Z
https://stay402.vercel.app,0xda3f7733dd9c6b777a9ff26a079156e09310ec5d,65,5040000,3,2026-06-21T05:49:45.000Z
https://stayapi-jet.vercel.app,0xda3f7733dd9c6b777a9ff26a079156e09310ec5d,65,5040000,3,2026-06-21T05:49:45.000Z
https://stayagent.vercel.app,0xda3f7733dd9c6b777a9ff26a079156e09310ec5d,65,5040000,3,2026-06-21T05:49:45.000Z
https://base-agent-preflight.bytoken2023.workers.dev,0x94f751f04b98507d31b500b7ed50be68a1514873,63,536000,4,2026-07-01T05:34:07.000Z
https://api.osf-master-server.com,0x051a0ba2235210c47ca1b8df68a137ef0d8caf85,63,3720000,3,2026-06-30T17:08:41.000Z
https://x402.fuchss.app,0xbbecbe90f28632a9d52ed67b33b43767b8c89285,63,2246094,4,2026-07-01T14:54:53.000Z
https://tumpest.vercel.app,0x7684466936738a53add89bdf0bd6d8994f1a8f81,63,12150000,2,2026-07-01T05:37:29.000Z
https://tempest-2zzx.vercel.app,0x7684466936738a53add89bdf0bd6d8994f1a8f81,63,12150000,2,2026-07-01T05:37:29.000Z
https://tempost.vercel.app,0x7684466936738a53add89bdf0bd6d8994f1a8f81,63,12150000,2,2026-07-01T05:37:29.000Z
https://tempestars.vercel.app,0x7684466936738a53add89bdf0bd6d8994f1a8f81,63,12150000,2,2026-07-01T05:37:29.000Z
https://trempest.vercel.app,0x7684466936738a53add89bdf0bd6d8994f1a8f81,63,12150000,2,2026-07-01T05:37:29.000Z
https://x402.nichospt.net,0x954c90740b8247e4b0d4a3f92201167895405555,63,465000,12,2026-07-02T00:52:59.000Z
https://aviationapis.com,0x954c90740b8247e4b0d4a3f92201167895405555,63,465000,12,2026-07-02T00:52:59.000Z
https://proof402.vercel.app,0x0e525428d66c111672ce58b1bf649a6d167f36b1,62,310000,12,2026-07-01T14:41:15.000Z
https://x402.qlwy.xyz,0xfe4ea61657b3be3254ce5b35d9ba1f078d9a6174,62,164432000,8,2025-10-30T21:30:21.000Z
https://api.prereason.com,0xa499f6f6ab97ba87db2e1fd7a1e3534125b60018,61,1150000,2,2026-06-21T05:08:17.000Z
https://x402-live-portrait.vercel.app,0x6b3e6bc9f83d751d7373609433d83399294bc736,61,2170000,6,2026-06-09T01:45:49.000Z
https://dns.use.x402atlas.com,0x446e51deab3ae656c99e65369e8ef1148d23d7f7,60,360000,6,2026-07-01T21:27:59.000Z
https://numorapoi.orbonomy.xyz,0x5acba551238de7583de1492bd363c7c7a872404a,60,3650000,1,2026-06-27T11:08:25.000Z
https://numora-seven.vercel.app,0x5acba551238de7583de1492bd363c7c7a872404a,60,3650000,1,2026-06-27T11:08:25.000Z
https://numora.orbonomy.xyz,0x5acba551238de7583de1492bd363c7c7a872404a,60,3650000,1,2026-06-27T11:08:25.000Z
https://numnumora.vercel.app,0x5acba551238de7583de1492bd363c7c7a872404a,60,3650000,1,2026-06-27T11:08:25.000Z
https://numomo.vercel.app,0x5acba551238de7583de1492bd363c7c7a872404a,60,3650000,1,2026-06-27T11:08:25.000Z
https://numormo.vercel.app,0x5acba551238de7583de1492bd363c7c7a872404a,60,3650000,1,2026-06-27T11:08:25.000Z
https://agent-bounties-yield-pool.up.railway.app,0xe8394f8188e80f105e29d121d92dfd1dec31fd07,60,60000,1,2025-11-04T06:52:35.000Z
https://aracil.vercel.app,0x9c243497ca3ae3d04d3f0108faac72f8e78cf75d,60,5100000,1,2026-06-26T22:55:13.000Z
https://deforacle.vercel.app,0x9c243497ca3ae3d04d3f0108faac72f8e78cf75d,60,5100000,1,2026-06-26T22:55:13.000Z
https://oraclius.vercel.app,0x9c243497ca3ae3d04d3f0108faac72f8e78cf75d,60,5100000,1,2026-06-26T22:55:13.000Z
https://defi-oracle-two.vercel.app,0x9c243497ca3ae3d04d3f0108faac72f8e78cf75d,60,5100000,1,2026-06-26T22:55:13.000Z
https://defi-0racle.vercel.app,0x9c243497ca3ae3d04d3f0108faac72f8e78cf75d,60,5100000,1,2026-06-26T22:55:13.000Z
https://xytara-mcp-executor.onrender.com,0x209693bc6afc0c5328ba36faf03c514ef312287c,60,420000,4,2025-11-13T04:22:17.000Z
http://x402.neurobro.ai,0x090d5c06f8b33a1f1bd1816c44a87030d83bf7a9,60,39141000,10,2026-05-16T05:50:05.000Z
https://api.neurobro.ai,0x090d5c06f8b33a1f1bd1816c44a87030d83bf7a9,60,39141000,10,2026-05-16T05:50:05.000Z
https://x402.valkyry.fr,0x4c34489c1f0901695320c6429dd9c69dd51102d9,59,92000,24,2026-07-01T13:31:11.000Z
https://web.x402node.dev,0x04192409ff4963f81d8d04f8277eeada0419662a,59,1340000,3,2026-06-21T04:30:59.000Z
https://dual-gorgeous-brochure-xml.trycloudflare.com,0x5527d591b23f7b29404809a6761aa605483d0769,58,850000,9,2025-11-15T07:27:11.000Z
https://terminal-api-stag.aixbet.ai,0x5527d591b23f7b29404809a6761aa605483d0769,58,850000,9,2025-11-15T07:27:11.000Z
http://x402.bigbug.ai,0x57280ff3762897b4699c2213faeaed5a47300b82,58,1453000,6,2026-01-08T22:57:31.000Z
https://nft-alpha-x402.fly.dev,0x9e6a0ce78bb2915d0758cc6a1ce8ea77f1b71770,58,33650000,2,2026-06-26T23:15:31.000Z
https://tradingagents-x402.fly.dev,0x9e6a0ce78bb2915d0758cc6a1ce8ea77f1b71770,58,33650000,2,2026-06-26T23:15:31.000Z
https://x402.theupsiderai.com,0x2eff88c5d444ce9e552b01a1228e72c1f5295a84,58,8700000,6,2025-11-08T15:51:17.000Z
https://agentspec-one.vercel.app,0xe682dc3c6b79c1c87dfd17e5e25b1a07834b9f5d,57,1430000,6,2026-06-30T01:36:43.000Z
https://api.veradata.dev,0xcf1d31020a7915421f6d66b9835dcb6f422337e7,56,2960000,4,2026-07-02T03:31:43.000Z
https://api.intelica.dev,0xcf1d31020a7915421f6d66b9835dcb6f422337e7,56,2960000,4,2026-07-02T03:31:43.000Z
https://stockwaves.net,0xdc9f94a8b93f070b58cfa580cbe740d763005fe6,56,5410000,3,2026-06-24T11:12:37.000Z
https://rsa.computer,0x697c3debe4287de3902a36284cfe86320028bb19,55,5401000,3,2025-11-13T03:07:25.000Z
https://api.888raffle.fun,0x3c231c784decc0e411793694348d923bc4cfdcba,55,45190000,24,2025-10-26T15:25:09.000Z
https://data.lagoontechsystems.com,0xee6ecf92feae0e16e1e75c1cfc63c7dcec905f23,55,2030000,3,2026-07-01T05:42:29.000Z
https://x402-md.lagoontechsystems.com,0xee6ecf92feae0e16e1e75c1cfc63c7dcec905f23,55,2030000,3,2026-07-01T05:42:29.000Z
https://www.tip.md,0x0acf5ed0256746fd781b4334872f027d9468c7ef,54,33960000,18,2026-03-06T01:55:25.000Z
http://gittipstream:8080,0x0acf5ed0256746fd781b4334872f027d9468c7ef,54,33960000,18,2026-03-06T01:55:25.000Z
https://web-production-1a6e.up.railway.app,0x5aa1f2a3c4109fc945c9dc65d5e71274e643c07f,54,432000,12,2026-02-17T16:07:19.000Z
https://api2.402rush.fun,0x4b6f4a2f7c9954e87bc460aa747ab59c65d37680,54,54000000,47,2025-10-27T13:12:23.000Z
https://launchpad.402rush.fun,0x4b6f4a2f7c9954e87bc460aa747ab59c65d37680,54,54000000,47,2025-10-27T13:12:23.000Z
https://ccc-studios.vercel.app,0x7208363af179497f59977ce3981b6a6c55468f92,54,3825000,2,2026-07-01T05:28:27.000Z
https://cthreexstudios.vercel.app,0x7208363af179497f59977ce3981b6a6c55468f92,54,3825000,2,2026-07-01T05:28:27.000Z
https://cccstudios.vercel.app,0x7208363af179497f59977ce3981b6a6c55468f92,54,3825000,2,2026-07-01T05:28:27.000Z
https://tw3lvexdata.vercel.app,0x7208363af179497f59977ce3981b6a6c55468f92,54,3825000,2,2026-07-01T05:28:27.000Z
https://tw3lvtrexdata.vercel.app,0x7208363af179497f59977ce3981b6a6c55468f92,54,3825000,2,2026-07-01T05:28:27.000Z
https://twelvexdata.vercel.app,0x7208363af179497f59977ce3981b6a6c55468f92,54,3825000,2,2026-07-01T05:28:27.000Z
https://cthreestudios.vercel.app,0x7208363af179497f59977ce3981b6a6c55468f92,54,3825000,2,2026-07-01T05:28:27.000Z
https://twelvix402.vercel.app,0x7208363af179497f59977ce3981b6a6c55468f92,54,3825000,2,2026-07-01T05:28:27.000Z
https://agenttrust.uk,0xe08e64d4044cd7ce4bfbb44d908e358c4eafde09,54,1010000,5,2026-06-23T22:22:05.000Z
https://brookerbot-production.up.railway.app,0xc989ead84f34a0532a74cb4d6dd8fcdb91a6aa69,54,2700000,2,2025-11-07T22:18:41.000Z
https://api.node4all.com,0xd275612bf0bb35638432c4d95eaa8d5d22346ca6,54,409000,15,2026-07-01T01:40:41.000Z
https://www.bingx402.com,0xec2a91842ea6aaafafdf05f4ca65ce2cfe1023c4,52,1911000000,21,2025-11-06T06:52:27.000Z
https://defimath.vercel.app,0xeaac8a769dad33edd7217179f25d444f08b33ebb,52,4200000,1,2026-06-25T12:47:09.000Z
https://twelvex402.vercel.app,0xeaac8a769dad33edd7217179f25d444f08b33ebb,52,4200000,1,2026-06-25T12:47:09.000Z
https://v2defimath.vercel.app,0xeaac8a769dad33edd7217179f25d444f08b33ebb,52,4200000,1,2026-06-25T12:47:09.000Z
https://twelvi.vercel.app,0xeaac8a769dad33edd7217179f25d444f08b33ebb,52,4200000,1,2026-06-25T12:47:09.000Z
https://twelv0x.vercel.app,0xeaac8a769dad33edd7217179f25d444f08b33ebb,52,4200000,1,2026-06-25T12:47:09.000Z
https://twelv1x402.vercel.app,0xeaac8a769dad33edd7217179f25d444f08b33ebb,52,4200000,1,2026-06-25T12:47:09.000Z
https://cerawal.vercel.app,0x4ce88c693e838eed1a42c47ed82c6eb1373c3abf,52,5100000,3,2026-07-01T17:10:21.000Z
https://cerwal.vercel.app,0x4ce88c693e838eed1a42c47ed82c6eb1373c3abf,52,5100000,3,2026-07-01T17:10:21.000Z
https://tst.bingx402.com,0x665fa629edbfa938a3e8cf3dd8ae7f1eb5f92361,52,94000000,18,2025-10-28T09:25:43.000Z
https://pay.boo402.xyz,0xb6f8771b396e2ffac9fdb6061da789ae1c1366a1,52,52000000,19,2025-10-25T18:36:39.000Z
https://signals.nsgoods.org,0xc87a06dee4c0e85912296002617120bbfd5ef990,52,2530000,12,2026-06-30T16:14:55.000Z
https://trust.nsgoods.org,0xc87a06dee4c0e85912296002617120bbfd5ef990,52,2530000,12,2026-06-30T16:14:55.000Z
https://api.rungate.ai,0x30de99fc313c68b735c8850795a5351d7a0d1afd,52,292700,4,2026-04-21T04:46:03.000Z
https://willimake-it.dylan-caponi.workers.dev,0x309fd902b4b29905c8493c94a569673e1d6dc0d3,52,631000,8,2026-07-01T19:49:45.000Z
https://x402.autoamm.link,0xb58f3b8790d25fe5ec71ef13ddb63727753e7150,51,51,1,2026-01-08T05:16:29.000Z
https://bruh.up.railway.app,0x1296b7da6c2bd076e6868a486dfa3f1635b262cc,51,670000,6,2026-02-03T15:09:21.000Z
https://download.frontboat.xyz,0x1296b7da6c2bd076e6868a486dfa3f1635b262cc,51,670000,6,2026-02-03T15:09:21.000Z
https://api.cobalt402.tools,0x1296b7da6c2bd076e6868a486dfa3f1635b262cc,51,670000,6,2026-02-03T15:09:21.000Z
https://battleship.nanupanda.com,0x13e41253df87fcb0c242815dfa8923392a21cc49,51,5300000,2,2025-11-09T16:38:21.000Z
https://play402.fun,0x81f6424979088c6f0918cbaafe6b3212d75b1044,51,51000000,21,2025-11-10T21:11:09.000Z
https://usd-conversions-agent-production.up.railway.app,0x64c2310bd1151266aa2ad2410447e133b7f84e29,50,318000,3,2026-02-06T05:52:27.000Z
https://usd-conversions-production.up.railway.app,0x64c2310bd1151266aa2ad2410447e133b7f84e29,50,318000,3,2026-02-06T05:52:27.000Z
https://usd-currency-utility.up.railway.app,0x64c2310bd1151266aa2ad2410447e133b7f84e29,50,318000,3,2026-02-06T05:52:27.000Z
https://health.port402.com,0x64c2310bd1151266aa2ad2410447e133b7f84e29,50,318000,3,2026-02-06T05:52:27.000Z
https://skillscan-production.up.railway.app,0x64c2310bd1151266aa2ad2410447e133b7f84e29,50,318000,3,2026-02-06T05:52:27.000Z
https://skillscan.port402.com,0x64c2310bd1151266aa2ad2410447e133b7f84e29,50,318000,3,2026-02-06T05:52:27.000Z
https://www.ponzi402.com,3CiUGY3aDcLR1MBDnyM7Lx2Py7TJhCK3MAGgXgPaG6wQ,50,1320000000,9,2025-10-27T20:49:16.000Z
https://api.obol.sh,0xb81da38fdbc4ddc271c70f234444e49fcc0a4c74,49,61190000,4,2026-06-02T05:51:49.000Z
https://b3-marketplace-production.up.railway.app,0x0c2c5496bd43e6892386c7f3997b97101099f806,49,214010000,1,2025-11-27T09:31:39.000Z
https://api.foxcite.com,0x24eb5751ecb5f37d6d0837151e0a7bcbb214b3a4,49,18940000,1,2026-06-09T02:41:19.000Z
http://ec2-18-177-155-148.ap-northeast-1.compute.amazonaws.com:3402,0xa3e42373f98c540db56b33c9f81d26ee05707fcb,49,650000,8,2026-05-03T02:10:21.000Z
https://likelihoods.io,0xa3e42373f98c540db56b33c9f81d26ee05707fcb,49,650000,8,2026-05-03T02:10:21.000Z
https://api.smartflowproai.com,0xd779ce46567d21b9918f24f0640ca5ad6058c893,49,980000,8,2026-05-21T02:50:11.000Z
https://agent-bazaar-five.vercel.app,0xe216774fc179f90781dcac3eda816290bbdb7540,49,3429000,3,2026-06-25T23:55:03.000Z
https://bazaaaaaar.vercel.app,0xe216774fc179f90781dcac3eda816290bbdb7540,49,3429000,3,2026-06-25T23:55:03.000Z
https://agentsgunhop.vercel.app,0xe216774fc179f90781dcac3eda816290bbdb7540,49,3429000,3,2026-06-25T23:55:03.000Z
https://agentshoping.vercel.app,0xe216774fc179f90781dcac3eda816290bbdb7540,49,3429000,3,2026-06-25T23:55:03.000Z
https://contextaiagent.xyz,3zzUAYvpjqPBmdwqQKUh952LZSqijHHVCFymCtanFP3N,49,1120000,5,2026-06-30T09:15:37.000Z
https://e9d437a3-32ff-4049-8f77-608ccc9b7a02.mock.pstmn.io,0x89519de10b81aa25549e1760f7ab8dd2b88638b7,48,48000,3,2025-10-25T16:49:49.000Z
https://api.x402cloud.xyz,0x89519de10b81aa25549e1760f7ab8dd2b88638b7,48,48000,3,2025-10-25T16:49:49.000Z
https://imagegen.coinopai.com,0x4c1a4fce51fea51f128a01cce8becb106d391155,48,14800000,15,2026-07-02T01:54:31.000Z
https://api.craigmbrown.com,0x5e709929a4ab69ec3a8811d03417869059bc4eb9,48,11500000,11,2026-06-29T05:22:55.000Z
https://api.vectorway.io,0x8f7e2518f8e7e77a17ca2779aa3af301fae44c4c,48,17966000,1,2026-05-23T17:05:45.000Z
https://agent-memory-api-bix5.onrender.com,0x60c402878efcecae5733a88075328aa2320c39be,48,1830000,7,2026-06-30T16:08:39.000Z
https://agent-security-gateway.onrender.com,0x60c402878efcecae5733a88075328aa2320c39be,48,1830000,7,2026-06-30T16:08:39.000Z
https://agent-budget-guard.onrender.com,0x60c402878efcecae5733a88075328aa2320c39be,48,1830000,7,2026-06-30T16:08:39.000Z
https://agent-evolution-engine.onrender.com,0x60c402878efcecae5733a88075328aa2320c39be,48,1830000,7,2026-06-30T16:08:39.000Z
https://ai-agent-payment-safety-stack.onrender.com,0x60c402878efcecae5733a88075328aa2320c39be,48,1830000,7,2026-06-30T16:08:39.000Z
https://agent-paid-resource-control.onrender.com,0x60c402878efcecae5733a88075328aa2320c39be,48,1830000,7,2026-06-30T16:08:39.000Z
https://mint.shoufu.ink,0x0d61bb9587dd6212ba5c8e476af8c6de38ccea57,48,20280000,10,2025-10-26T20:30:29.000Z
http://mint.shoufu.ink,0x0d61bb9587dd6212ba5c8e476af8c6de38ccea57,48,20280000,10,2025-10-26T20:30:29.000Z
https://402.fpanda.fun,0xdee7ef2986905eac4dc94d56f5c6b64b34638b02,48,40080000,12,2025-10-29T14:22:13.000Z
https://www.402tux.xyz,0x4050d63feb82a0b0a913ee4083b2fc9baf6aa434,48,253020000,21,2025-11-04T17:06:49.000Z
https://xtux402.vercel.app,0x4050d63feb82a0b0a913ee4083b2fc9baf6aa434,48,253020000,21,2025-11-04T17:06:49.000Z
https://human-lint.vercel.app,0x3076e2a4cef0a835fa4ca67835e59c9778aaf776,47,39300000,4,2025-12-30T19:01:35.000Z
https://v0-x402-payment-protocol.vercel.app,0x24aa1257249a8b5663606771707c8df56a93eb92,47,461000,3,2025-10-29T18:20:59.000Z
https://api.howmuch.top,0x24aa1257249a8b5663606771707c8df56a93eb92,47,461000,3,2025-10-29T18:20:59.000Z
https://howmuch.top,0x24aa1257249a8b5663606771707c8df56a93eb92,47,461000,3,2025-10-29T18:20:59.000Z
https://travelpulse-nu.vercel.app,985iFjbnGQ3dJcwXnfRCMSrH4Jnc3kW1N6msR64B5KX1,47,6395000,3,2026-07-01T09:05:07.000Z
https://macropulse-alpha.vercel.app,985iFjbnGQ3dJcwXnfRCMSrH4Jnc3kW1N6msR64B5KX1,47,6395000,3,2026-07-01T09:05:07.000Z
https://marketpulse-brown.vercel.app,985iFjbnGQ3dJcwXnfRCMSrH4Jnc3kW1N6msR64B5KX1,47,6395000,3,2026-07-01T09:05:07.000Z
https://mealpulse.vercel.app,985iFjbnGQ3dJcwXnfRCMSrH4Jnc3kW1N6msR64B5KX1,47,6395000,3,2026-07-01T09:05:07.000Z
https://nutripulse-alpha.vercel.app,985iFjbnGQ3dJcwXnfRCMSrH4Jnc3kW1N6msR64B5KX1,47,6395000,3,2026-07-01T09:05:07.000Z
https://parentpulse-delta.vercel.app,985iFjbnGQ3dJcwXnfRCMSrH4Jnc3kW1N6msR64B5KX1,47,6395000,3,2026-07-01T09:05:07.000Z
https://patentpulse-self.vercel.app,985iFjbnGQ3dJcwXnfRCMSrH4Jnc3kW1N6msR64B5KX1,47,6395000,3,2026-07-01T09:05:07.000Z
https://policypulse-ten.vercel.app,985iFjbnGQ3dJcwXnfRCMSrH4Jnc3kW1N6msR64B5KX1,47,6395000,3,2026-07-01T09:05:07.000Z
https://petpulse-alpha.vercel.app,985iFjbnGQ3dJcwXnfRCMSrH4Jnc3kW1N6msR64B5KX1,47,6395000,3,2026-07-01T09:05:07.000Z
https://proppulse-gules.vercel.app,985iFjbnGQ3dJcwXnfRCMSrH4Jnc3kW1N6msR64B5KX1,47,6395000,3,2026-07-01T09:05:07.000Z
https://racingpulse.vercel.app,985iFjbnGQ3dJcwXnfRCMSrH4Jnc3kW1N6msR64B5KX1,47,6395000,3,2026-07-01T09:05:07.000Z
https://onchainpulse-nine.vercel.app,985iFjbnGQ3dJcwXnfRCMSrH4Jnc3kW1N6msR64B5KX1,47,6395000,3,2026-07-01T09:05:07.000Z
https://signalpulse-peach.vercel.app,985iFjbnGQ3dJcwXnfRCMSrH4Jnc3kW1N6msR64B5KX1,47,6395000,3,2026-07-01T09:05:07.000Z
https://alphapulse-omega.vercel.app,985iFjbnGQ3dJcwXnfRCMSrH4Jnc3kW1N6msR64B5KX1,47,6395000,3,2026-07-01T09:05:07.000Z
https://biopulse-nine.vercel.app,985iFjbnGQ3dJcwXnfRCMSrH4Jnc3kW1N6msR64B5KX1,47,6395000,3,2026-07-01T09:05:07.000Z
https://findpulse-omega.vercel.app,985iFjbnGQ3dJcwXnfRCMSrH4Jnc3kW1N6msR64B5KX1,47,6395000,3,2026-07-01T09:05:07.000Z
https://fitpulse-vert.vercel.app,985iFjbnGQ3dJcwXnfRCMSrH4Jnc3kW1N6msR64B5KX1,47,6395000,3,2026-07-01T09:05:07.000Z
https://franchisepulse-six.vercel.app,985iFjbnGQ3dJcwXnfRCMSrH4Jnc3kW1N6msR64B5KX1,47,6395000,3,2026-07-01T09:05:07.000Z
https://arbipulse.vercel.app,985iFjbnGQ3dJcwXnfRCMSrH4Jnc3kW1N6msR64B5KX1,47,6395000,3,2026-07-01T09:05:07.000Z
https://tradepulse-five.vercel.app,985iFjbnGQ3dJcwXnfRCMSrH4Jnc3kW1N6msR64B5KX1,47,6395000,3,2026-07-01T09:05:07.000Z
https://autopulse-navy.vercel.app,985iFjbnGQ3dJcwXnfRCMSrH4Jnc3kW1N6msR64B5KX1,47,6395000,3,2026-07-01T09:05:07.000Z
https://chronicapulse.vercel.app,985iFjbnGQ3dJcwXnfRCMSrH4Jnc3kW1N6msR64B5KX1,47,6395000,3,2026-07-01T09:05:07.000Z
https://climatepulse-six.vercel.app,985iFjbnGQ3dJcwXnfRCMSrH4Jnc3kW1N6msR64B5KX1,47,6395000,3,2026-07-01T09:05:07.000Z
https://buildpulse-alpha.vercel.app,985iFjbnGQ3dJcwXnfRCMSrH4Jnc3kW1N6msR64B5KX1,47,6395000,3,2026-07-01T09:05:07.000Z
https://collectablespulse.vercel.app,985iFjbnGQ3dJcwXnfRCMSrH4Jnc3kW1N6msR64B5KX1,47,6395000,3,2026-07-01T09:05:07.000Z
https://fanpulse-tau.vercel.app,985iFjbnGQ3dJcwXnfRCMSrH4Jnc3kW1N6msR64B5KX1,47,6395000,3,2026-07-01T09:05:07.000Z
https://compliancepulse-eight.vercel.app,985iFjbnGQ3dJcwXnfRCMSrH4Jnc3kW1N6msR64B5KX1,47,6395000,3,2026-07-01T09:05:07.000Z
https://dealpulse-weld.vercel.app,985iFjbnGQ3dJcwXnfRCMSrH4Jnc3kW1N6msR64B5KX1,47,6395000,3,2026-07-01T09:05:07.000Z
https://debtpulse.vercel.app,985iFjbnGQ3dJcwXnfRCMSrH4Jnc3kW1N6msR64B5KX1,47,6395000,3,2026-07-01T09:05:07.000Z
https://edupulse-xi-blond.vercel.app,985iFjbnGQ3dJcwXnfRCMSrH4Jnc3kW1N6msR64B5KX1,47,6395000,3,2026-07-01T09:05:07.000Z
https://fieldpulse-tan.vercel.app,985iFjbnGQ3dJcwXnfRCMSrH4Jnc3kW1N6msR64B5KX1,47,6395000,3,2026-07-01T09:05:07.000Z
https://venturepulse-nine.vercel.app,985iFjbnGQ3dJcwXnfRCMSrH4Jnc3kW1N6msR64B5KX1,47,6395000,3,2026-07-01T09:05:07.000Z
https://gamepulse-zeta.vercel.app,985iFjbnGQ3dJcwXnfRCMSrH4Jnc3kW1N6msR64B5KX1,47,6395000,3,2026-07-01T09:05:07.000Z
https://footballpulse-six.vercel.app,985iFjbnGQ3dJcwXnfRCMSrH4Jnc3kW1N6msR64B5KX1,47,6395000,3,2026-07-01T09:05:07.000Z
https://filingspulse.vercel.app,985iFjbnGQ3dJcwXnfRCMSrH4Jnc3kW1N6msR64B5KX1,47,6395000,3,2026-07-01T09:05:07.000Z
https://govspendpulse.vercel.app,985iFjbnGQ3dJcwXnfRCMSrH4Jnc3kW1N6msR64B5KX1,47,6395000,3,2026-07-01T09:05:07.000Z
https://waterpulse-henna.vercel.app,985iFjbnGQ3dJcwXnfRCMSrH4Jnc3kW1N6msR64B5KX1,47,6395000,3,2026-07-01T09:05:07.000Z
https://econsignalpulse.vercel.app,985iFjbnGQ3dJcwXnfRCMSrH4Jnc3kW1N6msR64B5KX1,47,6395000,3,2026-07-01T09:05:07.000Z
https://grantpulse-three.vercel.app,985iFjbnGQ3dJcwXnfRCMSrH4Jnc3kW1N6msR64B5KX1,47,6395000,3,2026-07-01T09:05:07.000Z
https://gridpulse-amber.vercel.app,985iFjbnGQ3dJcwXnfRCMSrH4Jnc3kW1N6msR64B5KX1,47,6395000,3,2026-07-01T09:05:07.000Z
https://herbapulse.vercel.app,985iFjbnGQ3dJcwXnfRCMSrH4Jnc3kW1N6msR64B5KX1,47,6395000,3,2026-07-01T09:05:07.000Z
https://harvestpulse.vercel.app,985iFjbnGQ3dJcwXnfRCMSrH4Jnc3kW1N6msR64B5KX1,47,6395000,3,2026-07-01T09:05:07.000Z
https://homepulse-seven.vercel.app,985iFjbnGQ3dJcwXnfRCMSrH4Jnc3kW1N6msR64B5KX1,47,6395000,3,2026-07-01T09:05:07.000Z
https://clear-care-pulse.vercel.app,985iFjbnGQ3dJcwXnfRCMSrH4Jnc3kW1N6msR64B5KX1,47,6395000,3,2026-07-01T09:05:07.000Z
https://transitpulse.vercel.app,985iFjbnGQ3dJcwXnfRCMSrH4Jnc3kW1N6msR64B5KX1,47,6395000,3,2026-07-01T09:05:07.000Z
https://cryptopulse-xi-five.vercel.app,985iFjbnGQ3dJcwXnfRCMSrH4Jnc3kW1N6msR64B5KX1,47,6395000,3,2026-07-01T09:05:07.000Z
https://safepulse-xi.vercel.app,985iFjbnGQ3dJcwXnfRCMSrH4Jnc3kW1N6msR64B5KX1,47,6395000,3,2026-07-01T09:05:07.000Z
https://legalpulse-rho.vercel.app,985iFjbnGQ3dJcwXnfRCMSrH4Jnc3kW1N6msR64B5KX1,47,6395000,3,2026-07-01T09:05:07.000Z
https://immigrationpulse.vercel.app,985iFjbnGQ3dJcwXnfRCMSrH4Jnc3kW1N6msR64B5KX1,47,6395000,3,2026-07-01T09:05:07.000Z
https://seniorpulse.vercel.app,985iFjbnGQ3dJcwXnfRCMSrH4Jnc3kW1N6msR64B5KX1,47,6395000,3,2026-07-01T09:05:07.000Z
https://insurepulse.vercel.app,985iFjbnGQ3dJcwXnfRCMSrH4Jnc3kW1N6msR64B5KX1,47,6395000,3,2026-07-01T09:05:07.000Z
https://remittancepulse.vercel.app,985iFjbnGQ3dJcwXnfRCMSrH4Jnc3kW1N6msR64B5KX1,47,6395000,3,2026-07-01T09:05:07.000Z
https://riskpulse-five.vercel.app,985iFjbnGQ3dJcwXnfRCMSrH4Jnc3kW1N6msR64B5KX1,47,6395000,3,2026-07-01T09:05:07.000Z
https://vetpulse-five.vercel.app,985iFjbnGQ3dJcwXnfRCMSrH4Jnc3kW1N6msR64B5KX1,47,6395000,3,2026-07-01T09:05:07.000Z
https://wealthpulse-phi.vercel.app,985iFjbnGQ3dJcwXnfRCMSrH4Jnc3kW1N6msR64B5KX1,47,6395000,3,2026-07-01T09:05:07.000Z
https://esgpulse.vercel.app,985iFjbnGQ3dJcwXnfRCMSrH4Jnc3kW1N6msR64B5KX1,47,6395000,3,2026-07-01T09:05:07.000Z
https://clinicalintelpulse.vercel.app,985iFjbnGQ3dJcwXnfRCMSrH4Jnc3kW1N6msR64B5KX1,47,6395000,3,2026-07-01T09:05:07.000Z
https://cyberpulse-six.vercel.app,985iFjbnGQ3dJcwXnfRCMSrH4Jnc3kW1N6msR64B5KX1,47,6395000,3,2026-07-01T09:05:07.000Z
https://longevitypulse.vercel.app,985iFjbnGQ3dJcwXnfRCMSrH4Jnc3kW1N6msR64B5KX1,47,6395000,3,2026-07-01T09:05:07.000Z
https://stateedge.vercel.app,985iFjbnGQ3dJcwXnfRCMSrH4Jnc3kW1N6msR64B5KX1,47,6395000,3,2026-07-01T09:05:07.000Z
https://taxpulse-phi.vercel.app,985iFjbnGQ3dJcwXnfRCMSrH4Jnc3kW1N6msR64B5KX1,47,6395000,3,2026-07-01T09:05:07.000Z
https://careerpulse-steel.vercel.app,985iFjbnGQ3dJcwXnfRCMSrH4Jnc3kW1N6msR64B5KX1,47,6395000,3,2026-07-01T09:05:07.000Z
https://mindpulse-lilac.vercel.app,985iFjbnGQ3dJcwXnfRCMSrH4Jnc3kW1N6msR64B5KX1,47,6395000,3,2026-07-01T09:05:07.000Z
https://truthpulse-five.vercel.app,985iFjbnGQ3dJcwXnfRCMSrH4Jnc3kW1N6msR64B5KX1,47,6395000,3,2026-07-01T09:05:07.000Z
https://talentpulse-six.vercel.app,985iFjbnGQ3dJcwXnfRCMSrH4Jnc3kW1N6msR64B5KX1,47,6395000,3,2026-07-01T09:05:07.000Z
https://www.voxight.online,0x260e18591371a6e7a3da0ac5f9d47ff06508b61f,46,4100000,6,2026-06-21T05:03:41.000Z
https://app.kognai.ai,0x260e18591371a6e7a3da0ac5f9d47ff06508b61f,46,4100000,6,2026-06-21T05:03:41.000Z
https://api.git402.com,0x06bd162d1ea331ac882ac63b0942add49bbc9a1b,46,460000,12,2025-11-04T07:56:47.000Z
https://cleared.ink,0x49b7945ebe2e10fb7a012f97095c3120e9753a35,46,1060000,6,2026-06-30T15:19:01.000Z
https://v.botpay.network,0x159be9e316bc5fac8ce05aec4eaae46e8f8a4908,46,20800000,6,2026-06-25T08:33:31.000Z
https://video.botpay.network,0x159be9e316bc5fac8ce05aec4eaae46e8f8a4908,46,20800000,6,2026-06-25T08:33:31.000Z
https://chain-analyzer.com,0xe8e26183736d796d401df30810207465fa708959,45,13193000,5,2026-06-23T16:07:01.000Z
https://agents.dyoeway.org,0x834b189a1c087d0af169a905454979952f59e8ac,45,1010000,11,2026-07-02T01:41:17.000Z
https://402me.up.railway.app,0xb5cdc0942845ec0ceb316d28d63a4487f99ed149,44,4390000,6,2025-10-25T18:42:23.000Z
https://aura.adex.network,0x998f31d7403db347aed69186421e52ece492b36f,44,722200,10,2026-04-23T13:49:09.000Z
https://x402-mainnet.vercel.app,0xa954852f41aabb6e8577eb661449531472aed775,44,5987000,16,2026-06-23T14:17:31.000Z
https://api.run402.com,0x059d091d51a0f011c9872eaa63df538f5ce15945,44,7470000,17,2026-06-29T17:54:29.000Z
https://x402.zeh.app,0x4dec2ac51e74edfcffa084a14a008faa9e6f739c,44,1120000,6,2025-11-10T11:35:53.000Z
https://fresh-market-watch-production.up.railway.app,0x4dec2ac51e74edfcffa084a14a008faa9e6f739c,44,1120000,6,2025-11-10T11:35:53.000Z
https://api.luxe-oracle.com,0xa07499517a57b8f5322bbab9549e991ad0ee4988,43,215000,2,2026-05-04T05:33:45.000Z
https://cryptojp.com,0xcd4cb0bb9dcbeb6ae93014a1ce83342e16edeec7,43,405000,3,2026-06-21T05:37:37.000Z
https://21.cash,0x8c913b70db8facdadc37bc2530559dbe879b95b5,43,4300000,5,2026-06-21T05:02:25.000Z
https://social-scanner-sigma.vercel.app,0x5f76c620558ae91177610e9ffae3cdc273a6eccf,43,1100000,1,2026-06-26T05:01:57.000Z
https://socialsigcan.vercel.app,0x5f76c620558ae91177610e9ffae3cdc273a6eccf,43,1100000,1,2026-06-26T05:01:57.000Z
https://social-scansigma.vercel.app,0x5f76c620558ae91177610e9ffae3cdc273a6eccf,43,1100000,1,2026-06-26T05:01:57.000Z
https://socialscann.vercel.app,0x5f76c620558ae91177610e9ffae3cdc273a6eccf,43,1100000,1,2026-06-26T05:01:57.000Z
https://autoscrape-api-seven.vercel.app,0xb50bca6e8ec9d0ca76c77965a0e1aa15a68fdac2,42,420000,8,2026-06-23T17:08:49.000Z
https://api.octodamus.com,0x5c6b3a3dae296d3cef50fef96afc73410959a6db,42,76690000,6,2026-06-24T13:05:05.000Z
https://www.x402dev.com,0x7d95514aed9f13aa89c8e5ed9c29d08e8e9bfa37,42,40454910,6,2026-05-14T11:09:51.000Z
https://api.mcpkeeper.com,0xfbec2286a808e114efff18b7eb09b96549245e7c,42,210000,1,2026-04-02T21:14:47.000Z
https://api.solprobe.xyz,0x8d2460e139a8be2fdb72a44a52bc494f7326adfc,42,4360000,4,2026-07-01T05:25:41.000Z
https://api.moonfeed.xyz,5nkB2ZSUgDWLux8NVzRKcKVX19LM6CWZ8vbWpHnmxRCs,42,21300000,2,2025-11-05T15:45:09.000Z
https://www.pingsol.dev,3K8EpdCXL2RgY3mbEtgCkPWVcyZcyNd69adRcmKCGuET,42,178000000,8,2025-10-25T17:44:50.000Z
https://api.g2e.io,6ZhxPRyvPDnorG7uQtC5tjsQokV5C3bxzfLP1Uam5Bn6,42,2390000,2,2026-03-06T05:45:52.000Z
https://x402.scanai.ai,0x85341007a2508177b6eae69f06370582d1ccc949,42,41010000,10,2025-10-27T16:02:33.000Z
https://hypernatt.com,0x5a78ace5dd133316c8aaf7e156fbfc57e1209cf9,42,150000,6,2026-06-24T01:41:17.000Z
https://askclaude.shop,0x3b5be4047c5a4f37c5e3a5951432ed794bf201ff,42,650000,12,2026-04-29T10:17:31.000Z
https://api-x402plunk.vercel.app,0xaea496e4cf8fa03207eecfe2b2e8226da7fd7ee3,42,80000000,2,2025-10-31T19:15:49.000Z
https://api.settleonbase.xyz,0x20c84933f3ffacff1c0b4d713b059377a9ef5fd1,42,3336000,16,2026-06-21T05:04:35.000Z
https://cheaptokens.ai,0xd185138cea135e60ca6e567be53dec81d89ce7d6,41,122520000,7,2026-05-28T21:21:33.000Z
https://x402.auteng.ai,0x16f452f90aced51f6ebd0b790eca12d196e42085,41,100250,9,2026-06-22T04:20:37.000Z
https://jsonrecon.com,0xc1726e09aea4b9b967353b7b56890955e9e5bc2c,40,600000,8,2026-06-21T04:05:39.000Z
https://gobstoon.fun,0xec0db970a5f68d29fad4fe31743f310dfdbe49b9,40,200000000,21,2025-10-30T00:24:43.000Z
https://hash-jack-x402.onrender.com,0xa858c8aa8c545d62551f0082407ca2cffad42ab0,40,44000000,1,2025-11-02T14:29:23.000Z
https://www.remixme.xyz,0x37ffc90bdb5b0c3acf8beccce4aa7e7d74ab38ba,40,30020000,16,2025-10-29T20:31:31.000Z
https://api.clandy.fun,0x67f6047f2a1468d3e9bde950ee2d22c8abda82d8,40,44000000,26,2025-11-21T20:50:23.000Z
https://scan.agentx402.cc,0x68c202bc2212fa72dd75467e2d637d0a347ebc24,40,38000200,20,2025-10-27T14:47:57.000Z
http://scan.agentx402.cc,0x68c202bc2212fa72dd75467e2d637d0a347ebc24,40,38000200,20,2025-10-27T14:47:57.000Z
https://web-unlocker.200ok.xyz,0x21c12b9c0c2da649e72f19f250b70903784bd0b4,40,400000,8,2026-06-13T19:47:49.000Z
https://x402.akave.com,0xbdebdf619a5c94165d63d8c591985dc803b0cd6a,40,40000,12,2026-06-23T14:17:47.000Z
https://x402.purch.xyz,4kARgrhmgiJcgEFSch94hzvJ69Jv1Cr3gXySMkPKCNjk,39,730000,6,2026-03-09T16:55:06.000Z
https://api.justaname.id,0xc529edd6d47c60923902514c7c0b3993ae42c2ec,39,39000,12,2026-06-30T02:20:43.000Z
https://api.aiapesignals.tech,0xe95e297550dbb0658e19b7e0c5bf8711f25c1ba2,39,3900000,7,2025-11-01T14:44:03.000Z
https://peddlr.vercel.app,0xd822366db920173b49ec15814e3c146f4937f276,39,4350000,1,2026-06-27T11:55:37.000Z
https://pedddlr402.vercel.app,0xd822366db920173b49ec15814e3c146f4937f276,39,4350000,1,2026-06-27T11:55:37.000Z
https://402peddlr.vercel.app,0xd822366db920173b49ec15814e3c146f4937f276,39,4350000,1,2026-06-27T11:55:37.000Z
https://pudlur.vercel.app,0xd822366db920173b49ec15814e3c146f4937f276,39,4350000,1,2026-06-27T11:55:37.000Z
https://perps-funding-agent-production.up.railway.app,0x3c53888a89e66d0e6d5ce13d0b9abcc0e9d4a8e4,38,2520000,6,2025-11-05T04:19:31.000Z
https://liquidation-sentinel.up.railway.app,0x3c53888a89e66d0e6d5ce13d0b9abcc0e9d4a8e4,38,2520000,6,2025-11-05T04:19:31.000Z
https://ledger-api.novadyne.ai,0xbecce6dd106cfa910f78fea188b2fcceb73bdd0f,38,188000,2,2026-06-29T01:39:07.000Z
https://vulnfeed-api.novadyne.ai,0xbecce6dd106cfa910f78fea188b2fcceb73bdd0f,38,188000,2,2026-06-29T01:39:07.000Z
https://api.402links.com,0x9943c1e38d909f6c9316310f475cdf891daeef0a,38,380000,2,2026-01-10T05:55:59.000Z
https://api.gudrok.io,0x4b85b19e2811e320c4c34c58a88145d5d4d6fc0d,38,380000,12,2026-06-23T16:57:27.000Z
https://api.questflow.ai,0xd87c12b1162204a7e9ceb0e208bf78ad4e6e6ea0,316,7359064,91,2025-11-15T19:29:49.000Z
https://api.questflow.ai,0x185ff259f238270c26ed47c9b4ea0f54f7b485e4,316,7359064,91,2025-11-15T19:29:49.000Z
https://api.questflow.ai,0xbe02ee2d15944ae193b7f5823adb130858f9e62f,316,7359064,91,2025-11-15T19:29:49.000Z
https://api.questflow.ai,0x2e30e507fdc3a537de307bc524a6465998baa908,316,7359064,91,2025-11-15T19:29:49.000Z
https://api.questflow.ai,0x5200fc91491a901b456e1aff070920c639e36552,316,7359064,91,2025-11-15T19:29:49.000Z
https://api.questflow.ai,0xb40d3de96efde64a678b869093ecd5f2ea0961a2,316,7359064,91,2025-11-15T19:29:49.000Z
https://api.questflow.ai,0x7c1751c4f6e0453e694cc891e0c903b8c2e59689,316,7359064,91,2025-11-15T19:29:49.000Z
https://api.questflow.ai,0x65bb08a37fecbce72cf2d5ad895e6e0767bf263f,316,7359064,91,2025-11-15T19:29:49.000Z
https://api.questflow.ai,0x01bb181b45d2a540dd40122dab6a91ac844b4256,316,7359064,91,2025-11-15T19:29:49.000Z
https://api.questflow.ai,0xdb889100b23ad3389dc4e41b305af2741e583a67,316,7359064,91,2025-11-15T19:29:49.000Z
https://api.questflow.ai,0xd031c46fe79cd3a5a34a127d7cfa65099164408b,316,7359064,91,2025-11-15T19:29:49.000Z
https://api.questflow.ai,0x5c0576c63d9fed4912b13a8089d403dcd2d3ae34,316,7359064,91,2025-11-15T19:29:49.000Z
https://api.questflow.ai,0x3761b089ae49e352336ab301c03ba8433a5e67f6,316,7359064,91,2025-11-15T19:29:49.000Z
https://api.questflow.ai,0x9a477100f19b2c3f8429f747b2ee1792d2b38016,316,7359064,91,2025-11-15T19:29:49.000Z
https://api.questflow.ai,0xec2cae30f3e585a5cb0b4b4163c65960501abbab,316,7359064,91,2025-11-15T19:29:49.000Z
https://api.questflow.ai,0x80f782f7c53c2afedb6f665ca5888668234967f4,316,7359064,91,2025-11-15T19:29:49.000Z
https://api.questflow.ai,0x9d58ad0dc888f32b03110ee0c9b961c70357a7bc,316,7359064,91,2025-11-15T19:29:49.000Z
https://api.questflow.ai,0xff5e014dd5a2eb03c31bd981d0f23bc4103156f9,316,7359064,91,2025-11-15T19:29:49.000Z
https://api.questflow.ai,0x3ff97ccaf1bce2f3d0e8664fd4b25da0c44aedf5,316,7359064,91,2025-11-15T19:29:49.000Z
https://api.questflow.ai,0xe48c2da94cd3576be39bb1f4ec12b9ad47c2c7e7,316,7359064,91,2025-11-15T19:29:49.000Z
https://api.questflow.ai,0x1d4102af1b6b74ade04b701b01a316ad269a504d,316,7359064,91,2025-11-15T19:29:49.000Z
https://api.questflow.ai,0xa07af235a87a51ed280c094b7c70ac748cf3f6f2,316,7359064,91,2025-11-15T19:29:49.000Z
https://api.questflow.ai,0x7bc2f8450827a3cde20c179896303e69cd5e756b,316,7359064,91,2025-11-15T19:29:49.000Z
https://api.questflow.ai,0x6c177cf308ba281dae51e06b32636e9f203fab92,316,7359064,91,2025-11-15T19:29:49.000Z
https://api.questflow.ai,0x1e619be06ef0d72a8b6c6b2a0232169c7458dd68,316,7359064,91,2025-11-15T19:29:49.000Z
https://api.questflow.ai,0xa2dd4ff41c04ea036af5074a83bf827d7fb416e4,316,7359064,91,2025-11-15T19:29:49.000Z
https://api.questflow.ai,0xb3a08a431e3c366c4515f774e4ea7eb38f5bd948,316,7359064,91,2025-11-15T19:29:49.000Z
https://api.questflow.ai,0x0f2d3fdb7677accd99d974a2f88eed570468e9f6,316,7359064,91,2025-11-15T19:29:49.000Z
https://api.questflow.ai,0x790cbd842e608e02d51415533f250ccc057bc8ba,316,7359064,91,2025-11-15T19:29:49.000Z
https://api.questflow.ai,0x84a7086fb7858c10a1eadde0140ab452bcbf9ab6,316,7359064,91,2025-11-15T19:29:49.000Z
https://api.questflow.ai,0x13feee9fa1d5acc993541ff0d3fc042e4dd0d514,316,7359064,91,2025-11-15T19:29:49.000Z
https://api.questflow.ai,0x2d342264fb769e7b279408c5978db9375caab87f,316,7359064,91,2025-11-15T19:29:49.000Z
https://api.questflow.ai,0x11f0f050abefa1f008dabf9529bd3782a4dcb7ac,316,7359064,91,2025-11-15T19:29:49.000Z
https://api.questflow.ai,0x556aafadcb75af155a3ff1f6f7e905675e700f28,316,7359064,91,2025-11-15T19:29:49.000Z
https://api.questflow.ai,0x6c1d957a7dc5670f3ff4c8a3842d946e19cca10c,316,7359064,91,2025-11-15T19:29:49.000Z
https://api.questflow.ai,0x290d822287f3ec84001b673e02c8413023575bcb,316,7359064,91,2025-11-15T19:29:49.000Z
https://api.questflow.ai,0xfaea4053f348db448a0fc572634b92d2d449a22a,316,7359064,91,2025-11-15T19:29:49.000Z
https://api.questflow.ai,0x6507bb5e04c9db8493fc457567e139a383af9fa0,316,7359064,91,2025-11-15T19:29:49.000Z
https://api.questflow.ai,0x9cae56da6b8ca07c0e6623fd26ac54d5e56f29c1,316,7359064,91,2025-11-15T19:29:49.000Z
https://api.questflow.ai,0xd75605436b167baddc7df7c585b1cf85a65278f9,316,7359064,91,2025-11-15T19:29:49.000Z
https://api.questflow.ai,0xbe0e8431dec378ecef5d62cd73b23b41ceddae63,316,7359064,91,2025-11-15T19:29:49.000Z
https://api.questflow.ai,0x1bad44276387be805cd38e34e02281649776c42d,316,7359064,91,2025-11-15T19:29:49.000Z
https://api.questflow.ai,0x632b4c198ab5d4f5e78ed123057461add6cfa370,316,7359064,91,2025-11-15T19:29:49.000Z
https://api.questflow.ai,0x627d74adfd10ec754bae10e2514a2461c83ad8f0,316,7359064,91,2025-11-15T19:29:49.000Z
https://api.questflow.ai,0x600204fc78adae72577d89363f7b9bfe33244413,316,7359064,91,2025-11-15T19:29:49.000Z
https://api.questflow.ai,0x59c54167f8bdc09963177f2edd9297fcc9c1302b,316,7359064,91,2025-11-15T19:29:49.000Z
https://api.questflow.ai,0x8c83e3571d81a0b740b72f0c593095c755887474,316,7359064,91,2025-11-15T19:29:49.000Z
https://api.questflow.ai,0x0e90ebd3945b4e9042ddae4a3f39df0ecc2293e0,316,7359064,91,2025-11-15T19:29:49.000Z
https://api.questflow.ai,0x53ff24629e9ff00232a9d2480d70754adf7f3521,316,7359064,91,2025-11-15T19:29:49.000Z
https://api.questflow.ai,0xcb11a744d4255d60b1e927e38f312347ba7a87e5,316,7359064,91,2025-11-15T19:29:49.000Z
https://agent1-gateway.aurracloud.com,0x32614d35dddeed8b8140552afe773a489ea5bab0,208,4286000,58,2026-05-10T18:58:33.000Z
https://agent1-gateway.aurracloud.com,0x7ce92ff4c92e88cfc45625563b5f88197e88df89,208,4286000,58,2026-05-10T18:58:33.000Z
https://agent1-gateway.aurracloud.com,0x56e6960f412b2f2d9820affdb2c66b33fc7d6b39,208,4286000,58,2026-05-10T18:58:33.000Z
https://agent1-gateway.aurracloud.com,0xe1873897d10934237f9a3ac1360fc9d76caccbc9,208,4286000,58,2026-05-10T18:58:33.000Z
https://agent1-gateway.aurracloud.com,0xdd6769dd7096525cbd34b7922fb377db47c9824a,208,4286000,58,2026-05-10T18:58:33.000Z
https://agent1-gateway.aurracloud.com,0x5f5b0fb8513086b529c70e1d73e82213ce059f15,208,4286000,58,2026-05-10T18:58:33.000Z
https://agent1-gateway.aurracloud.com,0x7e062aaf686dffe94260ee9728633f8969cdef4f,208,4286000,58,2026-05-10T18:58:33.000Z
https://agent1-gateway.aurracloud.com,0xed44c2d2da946896a9bbdc31beb1d546215a000d,208,4286000,58,2026-05-10T18:58:33.000Z
https://agent1-gateway.aurracloud.com,0x316fb82019d43b076fc1f38fd276060981aa433c,208,4286000,58,2026-05-10T18:58:33.000Z
https://agent1-gateway.aurracloud.com,0x1cb492e2da6fd0b6967c7ad450e7512adc3abeda,208,4286000,58,2026-05-10T18:58:33.000Z
https://agent1-gateway.aurracloud.com,0x7f83aeddb54ec19e7cd0a67cc866facebb9b0ef8,208,4286000,58,2026-05-10T18:58:33.000Z
https://agent1-gateway.aurracloud.com,0x9c09cf316e7d97df7251e5c552a76811a4d3e144,208,4286000,58,2026-05-10T18:58:33.000Z
https://nation.service.crestal.network,0x1b07268b83247a68125521bc7c8925514ad562aa,86,860000,31,2026-01-28T10:52:29.000Z
https://nation.service.crestal.network,0x445750026a4a1906b61302442e085f9cbafe206a,86,860000,31,2026-01-28T10:52:29.000Z
https://nation.service.crestal.network,0xe23d084edfcb059ccd9378f7f43337a001ac0279,86,860000,31,2026-01-28T10:52:29.000Z
https://nation.service.crestal.network,0xae16bed00ba57769361ad5e27fe9d2768d376a23,86,860000,31,2026-01-28T10:52:29.000Z
https://nation.service.crestal.network,0x3664d0d22df9b61dd17f461d90317971ec47dbc7,86,860000,31,2026-01-28T10:52:29.000Z
https://nation.service.crestal.network,0x668027864c3cbbfe23d4a10acad67b9cafd74884,86,860000,31,2026-01-28T10:52:29.000Z
https://nation.service.crestal.network,0x6796953b4a58ad6c9cfe771315687c5e743b6f5d,86,860000,31,2026-01-28T10:52:29.000Z
https://nation.service.crestal.network,0xdceb548c2d3dee9dc481eec6767535bfd3ab4d5d,86,860000,31,2026-01-28T10:52:29.000Z
https://nation.service.crestal.network,0x4906003ceee8dc775afaf2934cbca59c4bc3cc5e,86,860000,31,2026-01-28T10:52:29.000Z
https://gateway.grapevine.fyi,0xea1bf2a0b45ed328a52a4aa3744669f6ae525866,68,3400000,18,2026-06-22T04:09:15.000Z
https://gateway.grapevine.fyi,0x99935f281d3ed1e804bf1413b76e0b03e1fed4f9,68,3400000,18,2026-06-22T04:09:15.000Z
https://dev-api-x402.world.fun,0x82f3653d3bc13d6e059f39018d03d6c4d5ee8058,52,2086000,9,2026-06-12T04:35:53.000Z
https://dev-api-x402.world.fun,0xb07934a40d0cbee28015729b28987f292f250ee0,52,2086000,9,2026-06-12T04:35:53.000Z
https://dev-api-x402.world.fun,0xb075f2cb7c10c585b6dc81138b5c305cf298c2c9,52,2086000,9,2026-06-12T04:35:53.000Z
https://sundial.exchange,0xde7ae42f066940c50efeed40fd71dde630148c0a,51,23532000,16,2025-10-31T03:44:26.000Z
https://sundial.exchange,Aia9ukbSndCSrTnv8geoSjeJcY6Q5GvdsMSo1busrr5K,51,23532000,16,2025-10-31T03:44:26.000Z
https://jtifhcvbgxqwlywugvjv.supabase.co,0x41a90fc1d1d7fe22acc8ab1ddb978ed65205c56f,50,19920000,24,2026-07-02T00:37:21.000Z
https://jtifhcvbgxqwlywugvjv.supabase.co,0x8a74c239dedc0bb9ee68eaeec168cca985f82f58,50,19920000,24,2026-07-02T00:37:21.000Z
https://jtifhcvbgxqwlywugvjv.supabase.co,0x0d59a2a9e70fa6574dfa78c0ab5250c3accbb956,50,19920000,24,2026-07-02T00:37:21.000Z
https://jtifhcvbgxqwlywugvjv.supabase.co,0x420999608f6f05a007a89eaa77bce8d81bd3ae4b,50,19920000,24,2026-07-02T00:37:21.000Z
https://jtifhcvbgxqwlywugvjv.supabase.co,0x1372c2140105ff1dd77f148b8ad5bb976cc7ec0f,50,19920000,24,2026-07-02T00:37:21.000Z
https://ads.apitoll.cloud,0x4ce88238f669d04351937420c931988e464a975a,46,1100000,7,2026-07-01T05:20:21.000Z
https://ads.apitoll.cloud,HZ5rN5HmZpu2H16auY5Zt5SuJjCMBG77odVhAVSuhK1x,46,1100000,7,2026-07-01T05:20:21.000Z
https://api.402rush.fun,0x0b7c307e8976d9206463983fddc14349e45e3d8f,42,42000000,14,2025-10-27T11:34:45.000Z
https://api.402rush.fun,0x36067764256e572af45515e10a018a4a92fa624f,42,42000000,14,2025-10-27T11:34:45.000Z
https://api2.402rush.fun,0x0b7c307e8976d9206463983fddc14349e45e3d8f,42,42000000,14,2025-10-27T11:34:45.000Z
https://api2.402rush.fun,0x36067764256e572af45515e10a018a4a92fa624f,42,42000000,14,2025-10-27T11:34:45.000Z
https://api.usexpay.xyz,AGByNPdVPDrinfhosjY9vdcfugaUnzRR9rrqE3dnURdV,41,1985000,4,2025-11-12T17:37:38.000Z
https://api.usexpay.xyz,GPR9kqQPPBfHercpCrwNPiTqaiHheGUFG9v7M1kPpokm,41,1985000,4,2025-11-12T17:37:38.000Z
https://wea.gg,0x1baa3d40bcdaf2d76e8e4176cc0a216cf161635a,39,3800000,28,2025-11-01T10:32:59.000Z
https://wea.gg,0x0cc0245a3b7c96db28e97680eb13499b9041261a,39,3800000,28,2025-11-01T10:32:59.000Z
https://wea.gg,0xa208939d4b7407b9322498e1e4e5ae5803579437,39,3800000,28,2025-11-01T10:32:59.000Z
https://wea.gg,0xb5ddf0b607e17463875d91b09d7031379eaa2240,39,3800000,28,2025-11-01T10:32:59.000Z
https://wea.gg,0x90ad716398ae85b9fb840ef28200f679b8252c0d,39,3800000,28,2025-11-01T10:32:59.000Z
https://wea.gg,0x5c12ceeaa5207c9c9bf7ab17cfb82373700567a2,39,3800000,28,2025-11-01T10:32:59.000Z
https://x402justapes.vercel.app,0xe85d9e4dad1a6f58c6afa84802a27ce2df76fddb,38,25668000,4,2025-11-09T08:45:07.000Z
https://n8n.1shotapi.dev,0x9fead8b19c044c2f404dac38b925ea16adaa2954,38,203000,11,2026-06-22T04:07:09.000Z
https://myagenticoverlord.com,0x9fead8b19c044c2f404dac38b925ea16adaa2954,38,203000,11,2026-06-22T04:07:09.000Z
https://open.service.crestal.network,0x6939a2de49e1267143cba057402d0fc8aa589c38,38,13250000,15,2026-01-02T16:26:55.000Z
https://nation.service.crestal.dev,0x6939a2de49e1267143cba057402d0fc8aa589c38,38,13250000,15,2026-01-02T16:26:55.000Z
https://nation.service.crestal.network,0x6939a2de49e1267143cba057402d0fc8aa589c38,38,13250000,15,2026-01-02T16:26:55.000Z
https://x402.crestal.dev,0x6939a2de49e1267143cba057402d0fc8aa589c38,38,13250000,15,2026-01-02T16:26:55.000Z
https://mvp.botpay.network,0x9b8c75cbd0d6da2a742461567b644c09dc6a295a,37,3038000,2,2025-12-23T17:42:39.000Z
https://stableface.dev,0xcb8b182854d0faf9fb0af883582ff6722994f861,37,7600000,11,2026-06-28T23:44:07.000Z
https://pay.hergertsynthora.com,0x10800a5a5b9d72251566ec651e862a8b4b427de0,37,750000,3,2026-07-01T14:16:35.000Z
https://marketpulse.hergertsynthora.com,0x10800a5a5b9d72251566ec651e862a8b4b427de0,37,750000,3,2026-07-01T14:16:35.000Z
https://dao.hergertsynthora.com,0x10800a5a5b9d72251566ec651e862a8b4b427de0,37,750000,3,2026-07-01T14:16:35.000Z
https://sentiment.hergertsynthora.com,0x10800a5a5b9d72251566ec651e862a8b4b427de0,37,750000,3,2026-07-01T14:16:35.000Z
https://prediction.hergertsynthora.com,0x10800a5a5b9d72251566ec651e862a8b4b427de0,37,750000,3,2026-07-01T14:16:35.000Z
https://yield.hergertsynthora.com,0x10800a5a5b9d72251566ec651e862a8b4b427de0,37,750000,3,2026-07-01T14:16:35.000Z
https://app.keeperhub.com,0x52a93213b2748c8121691110ffb1c9389bd22308,37,1290000,7,2026-05-20T11:11:59.000Z
https://app.keeperhub.com,0x650a09bc1cda076486716acdd80fce1bba5e84ff,37,1290000,7,2026-05-20T11:11:59.000Z
https://x402-test-demo.ngrok.app,0x4021486de7d198b5fdfcc699718fbd86ef31845e,36,27900,6,2025-12-02T22:02:13.000Z
https://api.basememecoin.org,0x4e3e568471914eb58b488234ee8fc062893fe2a5,36,36000000,3,2025-10-26T20:00:57.000Z
https://www.x402rs.fun,0x2bc2df174e91709ef2b8b99ec42d871d9f19a91c,36,360000,6,2025-11-02T08:36:55.000Z
https://axol-x402-worker.axol.workers.dev,0xe5a44acf381ccacaa35acf4334d13342a73ff858,36,360000,8,2025-12-30T19:55:55.000Z
https://fathom-api.mioku-fathom.workers.dev,0x8e525bfce1ef40aa8075ef64e45421b5855c8909,36,66000,3,2026-06-15T15:13:49.000Z
https://api.aibrake.dev,0xac22f3e62108fba11710585ed08658138b8adcc9,35,175000,1,2026-05-31T12:09:31.000Z
https://x402-solana-lottery.alexwlex143.workers.dev,d8X2MdS7QMiMFVWzYMVTeKhm1BVx75GoHskf9ws74nM,35,4310000,3,2026-07-01T12:21:29.000Z
https://ai.botpay.network,d8X2MdS7QMiMFVWzYMVTeKhm1BVx75GoHskf9ws74nM,35,4310000,3,2026-07-01T12:21:29.000Z
https://ai.x402.botpay.network,d8X2MdS7QMiMFVWzYMVTeKhm1BVx75GoHskf9ws74nM,35,4310000,3,2026-07-01T12:21:29.000Z
https://x402solana.botpay.network,d8X2MdS7QMiMFVWzYMVTeKhm1BVx75GoHskf9ws74nM,35,4310000,3,2026-07-01T12:21:29.000Z
https://masterclaw.dev,0x8c95dbb340cee1768270df7124afb24ebc5dc310,35,5150000,14,2026-07-02T03:20:05.000Z
https://x402.deepsearch.com,0xbecc987508adf6696a3254bed485cc2d9493c8ad,35,3910000,12,2026-07-01T03:05:27.000Z
https://cannastack.0x402.sh,0x668add9213985e7fd613aec87767c892f4b9df1c,35,7770000,5,2026-07-01T22:56:37.000Z
https://morsel.0x402.sh,0x668add9213985e7fd613aec87767c892f4b9df1c,35,7770000,5,2026-07-01T22:56:37.000Z
https://x402.maximizeai.org,0x430220898cf32b7e300d1db1b1bd270d02177a5c,35,1390000,5,2025-11-13T20:49:23.000Z
https://shirt.sh,0xddeaeb4639a7fc213264b57c8dc81a36229687db,34,380150000,8,2026-02-13T20:03:35.000Z
https://www.shirt.sh,0xddeaeb4639a7fc213264b57c8dc81a36229687db,34,380150000,8,2026-02-13T20:03:35.000Z
https://pingpong.fun,0xba03e867458103c7d2ff71f303630fec49271a70,34,70000000,8,2025-10-26T19:20:37.000Z
https://dermi-znuq.onrender.com,0x210f77ac72b5b667a6cf349a2ce9caadc0a6c0e6,34,340000,4,2026-06-28T00:32:31.000Z
https://touchstone.locomot.io,0xa3091005a76b1480f1897a9d0c2e1c55b7767674,33,59000,4,2026-07-01T05:24:47.000Z
https://x402-echo-service.fly.dev,0xcb399bbed205ae963ab2f5cc5fa1b3c1fba7f916,33,330000,7,2026-06-28T00:13:21.000Z
https://www.samragsdale.com,0xb7430de9b4d8e5cdb951019d7651cd5fda630498,33,568000000,11,2026-06-21T05:02:41.000Z
https://samragsdale.com,0xb7430de9b4d8e5cdb951019d7651cd5fda630498,33,568000000,11,2026-06-21T05:02:41.000Z
https://johncross-data-api.johncrossugwuegede.workers.dev,0xa1ee7650d9214b4913fb775e9093491e56369f82,33,264000,2,2026-06-27T02:28:33.000Z
http://www.xquant-api.xyz,0x10875c46c5e7a45b062f8fed17694799144d5008,32,32000000,12,2026-06-21T04:09:27.000Z
https://x-quant-fund.vercel.app,0x10875c46c5e7a45b062f8fed17694799144d5008,32,32000000,12,2026-06-21T04:09:27.000Z
https://lifi-bot-wnwn.onrender.com,0x5bc818f625cad773d35c6b81e944cc820a00bfc0,32,62026,6,2025-11-24T17:29:39.000Z
https://lifi-bot.vercel.app,0x5bc818f625cad773d35c6b81e944cc820a00bfc0,32,62026,6,2025-11-24T17:29:39.000Z
https://express-js-on-vercel-dun-xi.vercel.app,0x5bc818f625cad773d35c6b81e944cc820a00bfc0,32,62026,6,2025-11-24T17:29:39.000Z
https://api.402tip.com,0xdb3cb87616fbec869685d783a13359fcc0041b3f,32,25520000,6,2025-10-29T14:43:17.000Z
https://www.402tip.com,0xdb3cb87616fbec869685d783a13359fcc0041b3f,32,25520000,6,2025-10-29T14:43:17.000Z
https://dev.api.lyrivo.thirdorigin.io,0xd9ee51caa7e9303ffe2ed80b451cc75791c1d23c,32,1340000,5,2026-06-25T01:31:55.000Z
https://dev.api.kshana.thirdorigin.io,0xd9ee51caa7e9303ffe2ed80b451cc75791c1d23c,32,1340000,5,2026-06-25T01:31:55.000Z
https://api.readia.io,2hJFxyn5rJdyReLMSm1yo2uJAMQEuXUrLM6aDWCGFHuQ,32,3080000,5,2026-01-04T23:16:20.000Z
https://express-legacy-production.up.railway.app,0xb24ee2f7050d71beb13e3a95b16fb5a4d661e5ba,32,701000,5,2026-04-22T22:55:23.000Z
https://stockapi.hillguava.xyz,0xf96d2a2bdedafa702104e2386af78fbece04ceb3,32,263000,8,2026-07-02T01:41:11.000Z
https://weatherapi.hillguava.xyz,0xf96d2a2bdedafa702104e2386af78fbece04ceb3,32,263000,8,2026-07-02T01:41:11.000Z
https://verifyapi.hillguava.xyz,0xf96d2a2bdedafa702104e2386af78fbece04ceb3,32,263000,8,2026-07-02T01:41:11.000Z
https://gateway.hillguava.xyz,0xf96d2a2bdedafa702104e2386af78fbece04ceb3,32,263000,8,2026-07-02T01:41:11.000Z
https://india-news.hillguava.xyz,0xf96d2a2bdedafa702104e2386af78fbece04ceb3,32,263000,8,2026-07-02T01:41:11.000Z
https://www.clawcall.xyz,0x456fe477a2dd4608f3aa2e683da4118d0964f76a,32,1220000,3,2026-02-16T01:59:09.000Z
https://schedoputer.onrender.com,4n9vJHPezhghfF6NCTSPgTbkGoV7EsQYtC2hfaKfrM8U,32,32855676,1,2026-01-05T23:49:18.000Z
https://hl-predict.ap.ngrok.io,0xcf983c7d7dd70a4b79c429d8fb921954549abb32,32,880000,2,2026-01-14T02:00:05.000Z
https://hl-predict.ngrok.io,0xcf983c7d7dd70a4b79c429d8fb921954549abb32,32,880000,2,2026-01-14T02:00:05.000Z
https://x402-dapp-api.vercel.app,0x6d7def9aff6632acb4219c418fd49ff1b5c21c81,32,13592000,8,2025-11-10T15:14:53.000Z
https://x402-dapp-web.vercel.app,0x6d7def9aff6632acb4219c418fd49ff1b5c21c81,32,13592000,8,2025-11-10T15:14:53.000Z
https://dogui.vercel.app,0x6d7def9aff6632acb4219c418fd49ff1b5c21c81,32,13592000,8,2025-11-10T15:14:53.000Z
https://renderkit.live,0x8581ee3ac0116e762b51fb7b8383762596e2f02a,32,3200000,3,2026-04-02T13:44:37.000Z
https://api.trytilde.xyz,8JnBshSJ4L6f6EBEkWAU48dpKKfXkvLUV5kKg9b5BGin,32,64000,1,2025-11-12T16:21:16.000Z
https://api.crinkl.xyz,x5VVjKcqcMCdejk39CXJuMxtvEpCvZLMVXFfe2EWA4d,32,547000,7,2026-05-28T00:54:29.000Z
https://api.crinkl.xyz,0x3761160148849c000e3a2b05f48bc0c6fabb5f44,32,547000,7,2026-05-28T00:54:29.000Z
https://bazaaro-agent.vercel.app,0xbdbebd58cc8153ce74530bb342427579315915b2,32,1320400,10,2025-10-21T13:30:03.000Z
https://bazaaro-agent.vercel.app,0xf2d4580adfe8e012f5550322706d62df11fdbe21,32,1320400,10,2025-10-21T13:30:03.000Z
https://booaip.vercel.app,0xcd6b6d99b7751ff30b68fa1365488eb73fa7cefa,31,300000,3,2026-07-01T05:24:45.000Z
https://base-sol-rugcheck.vercel.app,0xcd6b6d99b7751ff30b68fa1365488eb73fa7cefa,31,300000,3,2026-07-01T05:24:45.000Z
https://base-rugcheck.vercel.app,0xcd6b6d99b7751ff30b68fa1365488eb73fa7cefa,31,300000,3,2026-07-01T05:24:45.000Z
https://evm-meme-intel.vercel.app,0xcd6b6d99b7751ff30b68fa1365488eb73fa7cefa,31,300000,3,2026-07-01T05:24:45.000Z
https://sol-meme-intel.vercel.app,0xcd6b6d99b7751ff30b68fa1365488eb73fa7cefa,31,300000,3,2026-07-01T05:24:45.000Z
https://stableschedule.dev,0x264f79fdb67714db31e383e733aa1db5f6f37a91,31,490000,8,2026-06-25T13:54:45.000Z
https://nft-minting-dapp.pages.dev,0x3ee47afdf18fb5bff562232e8cddf49bbb961ef0,31,20898650,5,2026-03-18T22:34:17.000Z
https://api.bloomfilter.xyz,0xdfd0343eceac37c52b07d5e4fbcd1d005bb9aa7b,31,67110000,4,2026-04-24T23:48:13.000Z
https://mint.pishit.xyz,7HqNRatGVv3cm99q4C4uAVBFUoFfCNrjSC8qJAYdrkWT,31,31000,3,2025-11-01T16:51:09.000Z
https://raomv3.vercel.app,0x74a0af30835e59fdbfa120ec44c9a5c88a4f43d1,31,2300000,2,2026-07-01T05:40:51.000Z
https://rao-m.vercel.app,0x74a0af30835e59fdbfa120ec44c9a5c88a4f43d1,31,2300000,2,2026-07-01T05:40:51.000Z
https://orcpin.dev,0x8b1cf12e7efe6aea59cd1124ebbe7709e3ac6085,30,1361000,3,2026-07-01T04:42:39.000Z
https://cumbot-production.up.railway.app,0x68b08c4e17788af6c9d98a2cfde084ed9d6b53cd,30,30000000,4,2025-11-13T09:39:11.000Z
https://platform.acedata.cloud,5iVXFrYaYWX2GUTbkQj8mDBoBhAX8bneYigS2LJTia43,30,3000,5,2026-04-08T07:41:00.000Z
https://x402fellas.xyz,0xa9c7585f1228e401a2d92c4a2802eb055d459aea,30,175800000,16,2025-11-19T07:47:35.000Z
https://x402.scanai.ai,0xf276c7201f32e4b4f309bc2397d16491e7818e22,30,22080000,2,2025-10-29T02:08:33.000Z
https://402sentinel.com,0x1a9fa76f5b420e85de147c4419638bebe64d6de5,30,276000,2,2026-06-24T21:31:57.000Z
https://api.x402.jobs,A4EaqG224dnr7UDV9yancdpL3mxR4rD4hAw4hpP38jrb,30,40130017,3,2025-12-08T02:43:00.000Z
https://convrgent.ai,7jw5Bfxo8muSQk9ZGXWvoYQ7newrT52zF8VPXV5ao6fS,30,6000000,5,2026-05-28T22:06:07.000Z
https://scan.convrgent.ai,7jw5Bfxo8muSQk9ZGXWvoYQ7newrT52zF8VPXV5ao6fS,30,6000000,5,2026-05-28T22:06:07.000Z
https://402pssy.xyz,0xbf48dba84fa6773f5bf4055185c824b9f96a419c,30,57000000,12,2026-06-03T00:06:43.000Z
https://x402-apis-eta.vercel.app,0x5e743f4e146981bcdc84b6af8bdea9ba30af2259,30,6715000,1,2026-07-01T04:14:29.000Z
https://api.aixbt.tech,0xe78fec833b3c2e00c32c598bda4197423fc117d9,29,100880000,7,2026-02-28T00:11:49.000Z
https://mint.x402birds.fun,0x472dbd8a8c930f975ba2a21080b2ff3bfa2f5bf6,29,14500000,4,2025-10-30T17:27:23.000Z
https://x402.minara.ai,64sM1mxGj32Wz9zz2XvBAaK1KMfK16QhBimXGt454VCV,29,5800000,1,2026-03-07T05:45:28.000Z
https://sentiment-api.kytona.com,0x3d054a66d0c2a3db1e13eb5ea2e29893aba5e5eb,29,580000,1,2025-12-30T16:21:17.000Z
https://x402.ai.bio.xyz,0x4b4f85c16b488181f863a5e5a392a474b86157e0,29,5800000,4,2026-03-13T11:14:51.000Z
https://x402-poc.vercel.app,0x416c027c9b537c49d6e3fd4ddf8714050ccaff23,29,29000000,14,2026-06-17T04:07:41.000Z
https://x402-poc.vercel.app,0x6a35671c32f0055688d9f29fa7557cd887922e72,29,29000000,14,2026-06-17T04:07:41.000Z
https://x402-poc.vercel.app,0xb81f6a3de77c5192aa08ed3f0376159e72412bf0,29,29000000,14,2026-06-17T04:07:41.000Z
https://x402-poc.vercel.app,0x9aaa917ebd59400b9160b90dcda33b3138ff3aa2,29,29000000,14,2026-06-17T04:07:41.000Z
https://x402-poc.vercel.app,0xd5ffeb6c070720d10f0e80e3c5a181cc8daaef87,29,29000000,14,2026-06-17T04:07:41.000Z
https://www.paylog.dev,0x3f026ce4b47a9d3b023413bdc291111ce7812830,28,280000,5,2026-05-28T20:03:29.000Z
https://api.mart.fun,AHbUXPpSKGzxkD9L3ynbvcdHVGf6LxhaMRg68hx8DpuJ,28,740000,8,2025-11-03T20:44:17.000Z
https://api.planktonomous.dev,55i6Vo1BNz3gd2QLBqVm41G9TTVoUymRs73wgu6F7Lag,28,2800000,6,2026-05-13T04:12:54.000Z
https://api.x402agentic.ai,0xc23c4afa42cbabbc03d04bc87ecb769fc82f1f43,28,1533000,2,2026-06-30T18:07:31.000Z
https://yield-pool-watcher.vercel.app,0x7e296a887f7bd9827d911f01d61ace27de542f87,28,40000,4,2025-11-05T02:10:55.000Z
https://api.tanantor.com,0xba120d70ac92d74370a2aeb0b51cb90ec4648a6c,28,5318000,3,2026-01-09T01:51:37.000Z
https://data-x402.hexens.io,0x666ec807ef454377942c5634bf3e5f5538f0d679,28,20151000,4,2026-06-22T04:12:17.000Z
https://ux-analyzer.daydreams.systems,0x8c8bf2ce325db58f5a07c8110cdcaab091c5436d,28,840000,6,2025-11-09T20:39:59.000Z
https://web-utils-production.up.railway.app,0x8c8bf2ce325db58f5a07c8110cdcaab091c5436d,28,840000,6,2025-11-09T20:39:59.000Z
https://x402-worker.buythedip1313.workers.dev,0x2488b52773357f65e745747bb5ef1197b6deabf0,28,4017000,4,2025-10-27T22:07:19.000Z
https://cdffffcadee745cc79adfef72d443917.serveo.net,0x2488b52773357f65e745747bb5ef1197b6deabf0,28,4017000,4,2025-10-27T22:07:19.000Z
https://agent.api.0x.org,0xb15a55e85fdf5edc41b6c1eaf7813e2c6e6def59,28,280000,10,2026-06-25T04:48:17.000Z
https://agent.api.0x.org,94tKEV2exvhoHwUYTw8fgm2aMD5eXmHHAm6NMwcszFHU,28,280000,10,2026-06-25T04:48:17.000Z
https://api.paysponge.com,0xb7fd1afd1383e0d210f14535363ddfe717b7f0ec,28,7150000,7,2026-06-20T05:06:45.000Z
https://api.paysponge.com,0x392ed379cdbb823e405e0830c274fee8585632cb,28,7150000,7,2026-06-20T05:06:45.000Z
https://formo.x402.paysponge.com,0xb7fd1afd1383e0d210f14535363ddfe717b7f0ec,28,7150000,7,2026-06-20T05:06:45.000Z
https://formo.x402.paysponge.com,0x392ed379cdbb823e405e0830c274fee8585632cb,28,7150000,7,2026-06-20T05:06:45.000Z
https://game-theory-agent-production.up.railway.app,0x81fd234f63dd559d0eda56d17bb1bb78f236db37,27,3000000,6,2026-03-02T20:02:49.000Z
https://gametheory.unabotter.xyz,0x81fd234f63dd559d0eda56d17bb1bb78f236db37,27,3000000,6,2026-03-02T20:02:49.000Z
https://api.sys84.org,0x3bcc8a32be13cac3fe40db73c0c2ae1b2a3e422d,27,385000,3,2026-06-18T07:06:21.000Z
https://gasroute-bounty-production.up.railway.app,0x01d11f7e1a46abfc6092d7be484895d2d505095c,27,3870000,3,2025-11-08T20:48:49.000Z
https://pulseapi-production-00cc.up.railway.app,0x01d11f7e1a46abfc6092d7be484895d2d505095c,27,3870000,3,2025-11-08T20:48:49.000Z
https://portfolio-scanner-production.up.railway.app,0x01d11f7e1a46abfc6092d7be484895d2d505095c,27,3870000,3,2025-11-08T20:48:49.000Z
https://defi-guardian-production.up.railway.app,0x01d11f7e1a46abfc6092d7be484895d2d505095c,27,3870000,3,2025-11-08T20:48:49.000Z
https://pulseradar-proxy-production.up.railway.app,0x01d11f7e1a46abfc6092d7be484895d2d505095c,27,3870000,3,2025-11-08T20:48:49.000Z
https://llamagate-production.up.railway.app,0x01d11f7e1a46abfc6092d7be484895d2d505095c,27,3870000,3,2025-11-08T20:48:49.000Z
https://cross-dex-arbitrage-production.up.railway.app,0x01d11f7e1a46abfc6092d7be484895d2d505095c,27,3870000,3,2025-11-08T20:48:49.000Z
https://fresh-markets-watch-production.up.railway.app,0x01d11f7e1a46abfc6092d7be484895d2d505095c,27,3870000,3,2025-11-08T20:48:49.000Z
https://slippage-sentinel-production.up.railway.app,0x01d11f7e1a46abfc6092d7be484895d2d505095c,27,3870000,3,2025-11-08T20:48:49.000Z
https://approval-risk-auditor-production.up.railway.app,0x01d11f7e1a46abfc6092d7be484895d2d505095c,27,3870000,3,2025-11-08T20:48:49.000Z
https://yield-pool-watcher-production.up.railway.app,0x01d11f7e1a46abfc6092d7be484895d2d505095c,27,3870000,3,2025-11-08T20:48:49.000Z
https://lp-impermanent-loss-estimator-production-62b5.up.railway.app,0x01d11f7e1a46abfc6092d7be484895d2d505095c,27,3870000,3,2025-11-08T20:48:49.000Z
https://perps-funding-pulse-production.up.railway.app,0x01d11f7e1a46abfc6092d7be484895d2d505095c,27,3870000,3,2025-11-08T20:48:49.000Z
https://lending-liquidation-sentinel-production.up.railway.app,0x01d11f7e1a46abfc6092d7be484895d2d505095c,27,3870000,3,2025-11-08T20:48:49.000Z
https://bridge-route-pinger-production-1647.up.railway.app,0x01d11f7e1a46abfc6092d7be484895d2d505095c,27,3870000,3,2025-11-08T20:48:49.000Z
https://pulseapi-production-4a4b.up.railway.app,0x01d11f7e1a46abfc6092d7be484895d2d505095c,27,3870000,3,2025-11-08T20:48:49.000Z
https://agent-dark-pool-proxy-production.up.railway.app,0x01d11f7e1a46abfc6092d7be484895d2d505095c,27,3870000,3,2025-11-08T20:48:49.000Z
https://token-safety-oracle-production.up.railway.app,0x01d11f7e1a46abfc6092d7be484895d2d505095c,27,3870000,3,2025-11-08T20:48:49.000Z
https://transaction-simulator-production.up.railway.app,0x01d11f7e1a46abfc6092d7be484895d2d505095c,27,3870000,3,2025-11-08T20:48:49.000Z
https://price-oracle-production-9e7c.up.railway.app,0x01d11f7e1a46abfc6092d7be484895d2d505095c,27,3870000,3,2025-11-08T20:48:49.000Z
https://portfolio-tracker-production-5c56.up.railway.app,0x01d11f7e1a46abfc6092d7be484895d2d505095c,27,3870000,3,2025-11-08T20:48:49.000Z
https://contract-helper-production.up.railway.app,0x01d11f7e1a46abfc6092d7be484895d2d505095c,27,3870000,3,2025-11-08T20:48:49.000Z
https://c3-media-gen-production.up.railway.app,0x01d11f7e1a46abfc6092d7be484895d2d505095c,27,3870000,3,2025-11-08T20:48:49.000Z
https://visionaire.live,0xc73b84c2015c2ee9b8bf8955533802226e9d239c,27,15850000,1,2026-05-26T01:35:33.000Z
https://x402.web5.best,0x93e02a4ae96a5471995310ee6986b28ee92ec0d6,27,5330000,4,2026-06-21T05:02:25.000Z
https://api.ingest0r.com,0x98d530c0667a4b18e692f182ddcab1c2becb5b9b,27,570000,4,2026-06-24T20:19:29.000Z
https://pickr.market,0x6d7595fbef65b2910d7dd236c459f17fc4fa481b,26,260000,8,2026-06-21T04:45:23.000Z
https://selun.sagitta.systems,0xac6aa71c4b48b75d2dff70a4bc7a0f5d547c302f,26,10150000,5,2026-07-01T05:30:15.000Z
https://roster-phi-puce.vercel.app,0x21d09fc1f0fc2fe859d5fbc788a59ab82994ad51,26,980000,1,2026-06-22T11:09:59.000Z
https://rost3r.vercel.app,0x21d09fc1f0fc2fe859d5fbc788a59ab82994ad51,26,980000,1,2026-06-22T11:09:59.000Z
https://glyphforge-delta.vercel.app,0x31ec0afbb231f3d4b2ff5c655899a1ab6bbfd0e9,26,1500000,2,2026-07-01T05:39:49.000Z
https://glyphfor9e.vercel.app,0x31ec0afbb231f3d4b2ff5c655899a1ab6bbfd0e9,26,1500000,2,2026-07-01T05:39:49.000Z
https://api.darwinprotocol.org,0x2155fbc2a350a0897cd1807dd95007a8385e6d96,26,202920004,4,2026-02-27T23:34:25.000Z
https://fov.brij.fi,Eh3ZqnsMVsRTPeG61dx7s2LVDSGdVwjuXC2ZZ8ZxdTfT,26,1260000,4,2026-05-06T15:23:50.000Z
https://theagentbillboard.com,0xfa9481342d0adc6cdcbf474f45efac323b9b0e6b,26,41000000,3,2026-06-04T20:08:43.000Z
https://x402-nft-minter.vercel.app,0x48e1b19b558c7690681b0a1b879fe9d5126c69e8,26,13400000,10,2025-10-31T17:16:29.000Z
https://x402rooky.wtf,0x48e1b19b558c7690681b0a1b879fe9d5126c69e8,26,13400000,10,2025-10-31T17:16:29.000Z
https://2610c56c48d9.ngrok-free.app,0x1e00d655f7d0c5c86b351cdbfde8dca9ac4e2b76,26,1700000,4,2025-10-28T11:52:19.000Z
https://ec939f5b7c03.ngrok-free.app,0x1e00d655f7d0c5c86b351cdbfde8dca9ac4e2b76,26,1700000,4,2025-10-28T11:52:19.000Z
https://248e9aa323eb.ngrok-free.app,0x1e00d655f7d0c5c86b351cdbfde8dca9ac4e2b76,26,1700000,4,2025-10-28T11:52:19.000Z
https://a0b82124a911.ngrok-free.app,0x1e00d655f7d0c5c86b351cdbfde8dca9ac4e2b76,26,1700000,4,2025-10-28T11:52:19.000Z
https://f97fed1cfce2.ngrok-free.app,0x1e00d655f7d0c5c86b351cdbfde8dca9ac4e2b76,26,1700000,4,2025-10-28T11:52:19.000Z
https://8eff2aa16093.ngrok-free.app,0x1e00d655f7d0c5c86b351cdbfde8dca9ac4e2b76,26,1700000,4,2025-10-28T11:52:19.000Z
https://870719923d6c.ngrok-free.app,0x1e00d655f7d0c5c86b351cdbfde8dca9ac4e2b76,26,1700000,4,2025-10-28T11:52:19.000Z
https://94fae3f0b994.ngrok-free.app,0x1e00d655f7d0c5c86b351cdbfde8dca9ac4e2b76,26,1700000,4,2025-10-28T11:52:19.000Z
https://ca75c2c7611c.ngrok-free.app,0x1e00d655f7d0c5c86b351cdbfde8dca9ac4e2b76,26,1700000,4,2025-10-28T11:52:19.000Z
https://d864aaaf7694.ngrok-free.app,0x1e00d655f7d0c5c86b351cdbfde8dca9ac4e2b76,26,1700000,4,2025-10-28T11:52:19.000Z
https://65c2460a4f8d.ngrok-free.app,0x1e00d655f7d0c5c86b351cdbfde8dca9ac4e2b76,26,1700000,4,2025-10-28T11:52:19.000Z
https://69118aa66407.ngrok-free.app,0x1e00d655f7d0c5c86b351cdbfde8dca9ac4e2b76,26,1700000,4,2025-10-28T11:52:19.000Z
https://crypto.apitoll.cloud,5Wxg3V6gcmFmmP6SXmGZQAUZPFYsSwoeN2Qewt5BotWz,26,70000,2,2026-06-29T19:04:02.000Z
https://mint.x402.land,0x412211e8ed2af88bae5ca19fc0f4a594b65ac09c,25,25000000,4,2025-11-13T15:30:45.000Z
https://api.x402lite.workers.dev,0x8ca80c1a842186b66b19e950ce90fda2fa04de4e,25,340000,4,2025-11-23T02:14:31.000Z
https://api.x402.workers.dev,0x8ca80c1a842186b66b19e950ce90fda2fa04de4e,25,340000,4,2025-11-23T02:14:31.000Z
http://api.x402lite.com,0x8ca80c1a842186b66b19e950ce90fda2fa04de4e,25,340000,4,2025-11-23T02:14:31.000Z
https://api.x402lite.com,0x8ca80c1a842186b66b19e950ce90fda2fa04de4e,25,340000,4,2025-11-23T02:14:31.000Z
https://api.sunlana.live,8WCcfRdNcNcd7QLcRHhKZxU8pP3NYhBgnJozwzZPD9ZH,25,45000000,3,2025-11-20T05:53:08.000Z
https://api.402.coffee,0xca758c922d8476c2cec49c6cc96a4eeba89fbf3b,25,13550000,9,2026-07-01T04:09:13.000Z
https://x402.edge402.xyz,0x6e2708115503fb6210be555b46f37251e107754a,25,250000,1,2026-06-15T08:03:45.000Z
https://do-and-coffee.com,0x3360a26aa5fc7c85d48168e9e9b40613f43c9e21,25,235000,4,2026-04-04T00:57:39.000Z
https://scopepay.vercel.app,0xf643c8133393976bfd2cf3c495729f97629dee5e,24,12000000,2,2026-06-21T05:44:51.000Z
https://scopeapipay.vercel.app,0xf643c8133393976bfd2cf3c495729f97629dee5e,24,12000000,2,2026-06-21T05:44:51.000Z
https://scopeapi-roan.vercel.app,0xf643c8133393976bfd2cf3c495729f97629dee5e,24,12000000,2,2026-06-21T05:44:51.000Z
https://valoria.net,0xd84b351de5e4a08111ae9c3fe3eebd7208ce03aa,24,51050000,8,2026-06-22T08:34:01.000Z
https://x402.valoria.net,0xd84b351de5e4a08111ae9c3fe3eebd7208ce03aa,24,51050000,8,2026-06-22T08:34:01.000Z
https://api.x402labs.fun,0x3e393c1af857bc32f5b6fed6fb1b02a262e6fa93,24,24000000,3,2025-10-30T22:28:27.000Z
https://metx402.vercel.app,3RxgsquoKv6jgfLZoqbpZUpbV5uJsV7fxMqqKbgruatG,24,24000000,15,2025-10-31T04:59:38.000Z
https://x402angryapes.vercel.app,0x274246a995a47110e05beb9b8c8e9c9098d9fc94,24,1239900,9,2025-11-12T12:03:13.000Z
https://www.x402angrypes.fun,0x274246a995a47110e05beb9b8c8e9c9098d9fc94,24,1239900,9,2025-11-12T12:03:13.000Z
https://x402bit.fun,0x7e17b208615fb90a3a1db5117a12898e7851ca8d,24,7300000,4,2025-10-31T13:33:21.000Z
https://api-x402bit.vercel.app,0x7e17b208615fb90a3a1db5117a12898e7851ca8d,24,7300000,4,2025-10-31T13:33:21.000Z
https://api.ethyai.app,0xe0865ffca21a8f120a80997cbbdba8c92cac5697,24,8534000,13,2025-11-15T07:32:43.000Z
http://api.ethyai.app,0xe0865ffca21a8f120a80997cbbdba8c92cac5697,24,8534000,13,2025-11-15T07:32:43.000Z
https://alderpost.co,0x1b49dd50cb9d524e061aaa8c0d4341ac4086eb6c,24,2980000,1,2026-04-21T16:11:05.000Z
https://www.alderpost.co,0x1b49dd50cb9d524e061aaa8c0d4341ac4086eb6c,24,2980000,1,2026-04-21T16:11:05.000Z
https://api.degen-oracle.com,3hn5fWZEf2yUZcwU2CV2Wkvk7YDiysM8xBwmesFg7sN1,24,21600000,3,2025-12-31T06:13:12.000Z
https://ekubo-market-watcher-production.up.railway.app,0x74ab323120e99709838aacf84a0e188c8011e686,24,500000,1,2025-11-03T14:17:51.000Z
http://ekubo-market-watcher-production.up.railway.app,0x74ab323120e99709838aacf84a0e188c8011e686,24,500000,1,2025-11-03T14:17:51.000Z
https://sandbox-mcp-vaxm.vercel.app,0xe6e532ede8e4a11e465660b76a90d56c0fb8e8e8,24,141000,5,2026-07-01T05:27:19.000Z
https://noa.orbonomy.xyz,0x7340f918bda74e1cdafec9c10ad69b71ea7a60a3,24,1650000,2,2026-07-01T15:09:09.000Z
https://nuvo.orbonomy.xyz,0x7340f918bda74e1cdafec9c10ad69b71ea7a60a3,24,1650000,2,2026-07-01T15:09:09.000Z
https://ova.orbonomy.xyz,0x7340f918bda74e1cdafec9c10ad69b71ea7a60a3,24,1650000,2,2026-07-01T15:09:09.000Z
http://clawdio.vail.report,0x6400749632dcace0d695574cb6728d04ba336942,24,5660000,2,2025-11-24T08:56:27.000Z
https://clawdio.vail.report,0x6400749632dcace0d695574cb6728d04ba336942,24,5660000,2,2025-11-24T08:56:27.000Z
https://api-onchain.optimai.network,0x98c67dfad5f7d70e2782521cd09bb80f560ea2c3,24,33000,6,2026-06-29T19:35:17.000Z
https://api-onchain.optimai.network,5KWo5n7zdRB7c66FAnrZi3NbDKE2bWTiP6G2p6oyVsCk,24,33000,6,2026-06-29T19:35:17.000Z
https://dad-jokes-agent-production.up.railway.app,0xfb92d3310dd97a18d88a17e448325b97664ef467,23,91000,7,2026-02-04T03:55:43.000Z
https://constellation-shapes-production.up.railway.app,0xfb92d3310dd97a18d88a17e448325b97664ef467,23,91000,7,2026-02-04T03:55:43.000Z
https://www.x402launch.app,0x099bcfe40b6f949beb4b1c9a1ced48395071e3a7,23,132000000,16,2025-11-05T23:10:55.000Z
https://geo402.alogos.xyz,0xef4dff0f715701785ec9e446cd58894799423328,23,166000,4,2026-07-01T04:45:19.000Z
https://69.67.172.228.sslip.io,0xef4dff0f715701785ec9e446cd58894799423328,23,166000,4,2026-07-01T04:45:19.000Z
https://fx402.alogos.xyz,0xef4dff0f715701785ec9e446cd58894799423328,23,166000,4,2026-07-01T04:45:19.000Z
https://negotiator402.alogos.xyz,0xef4dff0f715701785ec9e446cd58894799423328,23,166000,4,2026-07-01T04:45:19.000Z
https://lorem.steer.fun,0x8d25687829d6b85d9e0020b8c89e3ca24de20a89,23,23000,6,2026-05-07T10:43:21.000Z
https://x402-twitter-xapi.onrender.com,0x869145bb7be489d1850aaefd9f0a3939ac24208c,23,2200000,2,2025-11-12T21:12:31.000Z
https://x402-xapi.onrender.com,0x869145bb7be489d1850aaefd9f0a3939ac24208c,23,2200000,2,2025-11-12T21:12:31.000Z
https://api.jintel.ai,0xbff6d68bd9a8bb5e677ef5ace6d9417d6d783671,23,726000,6,2026-05-26T12:10:53.000Z
https://jintel.ai,0xbff6d68bd9a8bb5e677ef5ace6d9417d6d783671,23,726000,6,2026-05-26T12:10:53.000Z
https://renderself.com,0x4d7392044fd5176d8dc8b70891050f0db8969d11,23,520000,3,2026-02-24T16:25:47.000Z
https://x402.tiny.place,tinyd6HtU2WKYPqKNGLtcBZ6hzMS18jNBWjN5YUobUz,23,1694950000,13,2026-06-23T22:16:26.000Z
https://api.tiny.place,tinyd6HtU2WKYPqKNGLtcBZ6hzMS18jNBWjN5YUobUz,23,1694950000,13,2026-06-23T22:16:26.000Z
https://api.ibanforge.com,0xd13bd0a4120ba301125290e5cc0c7efd4cb40a55,23,151000,3,2026-06-22T13:23:37.000Z
https://www.simplefi.tech,0x4628c99bbd18620b68b0927af714aeda7fab967f,23,946025000,4,2026-03-18T02:28:29.000Z
https://www.x402hunt.xyz,0x4628c99bbd18620b68b0927af714aeda7fab967f,23,946025000,4,2026-03-18T02:28:29.000Z
https://x402hunt.xyz,0x4628c99bbd18620b68b0927af714aeda7fab967f,23,946025000,4,2026-03-18T02:28:29.000Z
http://x402hunt.xyz,0x4628c99bbd18620b68b0927af714aeda7fab967f,23,946025000,4,2026-03-18T02:28:29.000Z
https://api.agentprint.art,0xf8f2063257cfe5dca1d2cbf8c15c9a6817125f2f,23,88130000,6,2026-04-29T15:13:47.000Z
https://api.agentprint.art,H82JrNg1GiPz7EFBAkfPE28SSyFPiKvRbkK1FypdyBCJ,23,88130000,6,2026-04-29T15:13:47.000Z
https://openapi.misttrack.io,0xb8f6af0a14892a75fe7020b50e0b204046119d02,22,17500000,6,2026-06-26T22:17:23.000Z
https://api.livepeer.bot,0x197640a62840dad854297806bfac9202f3402db8,22,220000,3,2025-11-04T23:12:21.000Z
https://x402.vtuber.fun,0x197640a62840dad854297806bfac9202f3402db8,22,220000,3,2025-11-04T23:12:21.000Z
https://api.syndicatelinks.co,0x070417a378121fe31ea33199e7313c8d50ad844e,22,220000,3,2026-06-23T14:58:19.000Z
https://api.bonksmash.xyz,0xc29d82981e7759ab22d2630278dffd9ecdecc208,22,6016000,4,2025-10-25T21:57:55.000Z
http://api.bonksmash.xyz,0xc29d82981e7759ab22d2630278dffd9ecdecc208,22,6016000,4,2025-10-25T21:57:55.000Z
http://api.gorterminal.fun,0xc29d82981e7759ab22d2630278dffd9ecdecc208,22,6016000,4,2025-10-25T21:57:55.000Z
https://api.example.com,0xc29d82981e7759ab22d2630278dffd9ecdecc208,22,6016000,4,2025-10-25T21:57:55.000Z
https://api.iris-ai.dev,0x3c712da403a567fd8c8264794e4bb2d277ca524d,22,24000000,2,2026-06-02T13:29:43.000Z
https://eigenswarm.xyz,0x42069c220dd72541c2c7cb7620f2094f1601430a,22,22000000,1,2026-02-15T02:49:45.000Z
https://clone-x402-production.up.railway.app,0x0c5970e1767c0d7240d3b6d70431f751120ca40e,22,940000,6,2025-11-04T15:44:09.000Z
https://x402.latchmcp.app,0x0c5970e1767c0d7240d3b6d70431f751120ca40e,22,940000,6,2025-11-04T15:44:09.000Z
http://x402-latch.up.railway.app,0x0c5970e1767c0d7240d3b6d70431f751120ca40e,22,940000,6,2025-11-04T15:44:09.000Z
http://x402.latchmcp.app,0x0c5970e1767c0d7240d3b6d70431f751120ca40e,22,940000,6,2025-11-04T15:44:09.000Z
https://xonin-x402.vercel.app,0x531ee0dff1cf637aa9e9759c14dd2b95d775c26d,22,22000000,10,2026-01-02T22:24:29.000Z
https://apipapai.vercel.app,0x64b6b307a8554b931e4fe4b157710c0851142baa,22,7015000,3,2025-10-31T11:48:27.000Z
https://apipapai.vercel.app,0x6e0a458606f0c00c25158cf72a8802577dfc9612,22,7015000,3,2025-10-31T11:48:27.000Z
https://alupheck.vercel.app,0x98a91dbebd31d044ebbbe4a41bc9396c6c133828,21,1880000,1,2026-07-01T05:35:55.000Z
https://sgpropertydata.com,0xf20b8fe024765c2665c62b5bb74749dbdf9afaa3,21,105000,3,2026-07-01T05:44:23.000Z
https://mirror-colon-arrives-verse.trycloudflare.com,0xf3c8c685539991da3eccf87ef7badfd3b84e9993,21,3980000,3,2026-02-20T08:05:21.000Z
https://ports-greatly-population-installing.trycloudflare.com,0xf3c8c685539991da3eccf87ef7badfd3b84e9993,21,3980000,3,2026-02-20T08:05:21.000Z
https://snapshot-api.zeebot.xyz,0xf3c8c685539991da3eccf87ef7badfd3b84e9993,21,3980000,3,2026-02-20T08:05:21.000Z
https://99r4gf8u.nx.link,0xa51ca7b57f3b4efdb2e72a738cda1688cf9cba2d,21,120015000,9,2025-10-27T22:06:35.000Z
https://x402mint-production.up.railway.app,0xa51ca7b57f3b4efdb2e72a738cda1688cf9cba2d,21,120015000,9,2025-10-27T22:06:35.000Z
http://rpc.x402.vip,0xa51ca7b57f3b4efdb2e72a738cda1688cf9cba2d,21,120015000,9,2025-10-27T22:06:35.000Z
https://api.koreafilings.com,0x8467be164c75824246cfd0fca8e7f7009fb8f720,21,175000,2,2026-06-21T05:07:51.000Z
https://x402casinos.com,0x3f4ff6ab3bec06bf1848278408712f208df3e99e,21,1060000,1,2026-05-02T09:55:25.000Z
https://app.bountydot.money,64vS2bwsp1g9ERDWbv8N1g2caZpdQ5qFs5DZ1ZRSCaq6,21,210000,21,2026-01-09T22:52:04.000Z
https://wurd.fun,4WaqPGFdFTSLfZqQRHrZ3eDJLvc89dHQgVeJGt3hvnjt,21,10500000,4,2025-12-12T03:52:58.000Z
https://api.shipp.ai,0xb69c86b17001f0c0838847225403cbd414905e2d,21,849761,6,2026-06-21T08:54:15.000Z
https://three.ws,wwwwwDxFWRn7grgr3Esrsg5C6NvDoDHSA4gaCffccrU,21,436000,7,2026-06-23T19:06:35.000Z
https://three.ws,0x40252cfdf8b20ed757d61ff157719f33ec332402,21,436000,7,2026-06-23T19:06:35.000Z
https://launch.402rush.fun,0x329f6e1a2b6ada0bb956a21a8cfcda5d76dc8884,21,47912000000,18,2025-10-29T14:50:13.000Z
https://launch.402rush.fun,0x127226f256f1c22b7f0573215d33b3635d7bd8ef,21,47912000000,18,2025-10-29T14:50:13.000Z
https://launch.402rush.fun,0xf0dd0179d7584ee37cffb3ff0409df074fedda22,21,47912000000,18,2025-10-29T14:50:13.000Z
https://launch.402rush.fun,0x612bbcca0286577f55c02268e781af325c3fae0d,21,47912000000,18,2025-10-29T14:50:13.000Z
https://launch.402rush.fun,0x18060e938bc073f74a2afb8b343faf115be51cb5,21,47912000000,18,2025-10-29T14:50:13.000Z
https://launch.402rush.fun,0x444da5a5ace8c40924ac8a1c9c100204ef5456e5,21,47912000000,18,2025-10-29T14:50:13.000Z
https://launch.402rush.fun,0x536f78bb59a578e7e047472eab84dfff8afb1812,21,47912000000,18,2025-10-29T14:50:13.000Z
https://launch.402rush.fun,0x0e1470bb952eb35fb60b36f129aefcb3720b48dd,21,47912000000,18,2025-10-29T14:50:13.000Z
https://launch.402rush.fun,0x3d189ef031411788517de606311664202c8662a3,21,47912000000,18,2025-10-29T14:50:13.000Z
https://launch.402rush.fun,0x4b632b1ad9fd25f39786bdb1d6af28d291f0060f,21,47912000000,18,2025-10-29T14:50:13.000Z
https://purch-backend-741433844771.us-east1.run.app,DSfjMYRmxsJRxkygD4Z6yhg5XLGyFiNkkZpjFNX2ZEEC,20,380000,6,2026-05-06T19:29:10.000Z
https://api.rtkmotion.io,0x6c11f8a21f7ca922f483ed21c3b6c2d9b305b10c,20,6250000,3,2026-06-23T16:03:11.000Z
https://www.x402monkey.com,0xd72d686194117d49deafb110170cfc80ef06199a,20,40000000,8,2025-10-28T17:16:45.000Z
https://402fluenc.netlify.app,0x432812ae94bd1cbf31b246525e01ea66db2944a0,20,1010000,1,2026-06-19T12:01:29.000Z
https://402fluent.netlify.app,0x432812ae94bd1cbf31b246525e01ea66db2944a0,20,1010000,1,2026-06-19T12:01:29.000Z
https://finance-data-api-production.up.railway.app,0x41a024c1c89fd30122c8b184de99cbe751eac970,20,390000,3,2026-03-19T07:00:55.000Z
https://crypto-enrich.up.railway.app,0x41a024c1c89fd30122c8b184de99cbe751eac970,20,390000,3,2026-03-19T07:00:55.000Z
https://crypto-enrichment-api-production.up.railway.app,0x41a024c1c89fd30122c8b184de99cbe751eac970,20,390000,3,2026-03-19T07:00:55.000Z
https://x402-joke-agent-refactored-production.up.railway.app,0xa2bf594a5ecd5431e26678b6c2a68b2d674bafd0,20,65000,2,2026-01-18T23:29:37.000Z
https://joke-agent.up.railway.app,0xa2bf594a5ecd5431e26678b6c2a68b2d674bafd0,20,65000,2,2026-01-18T23:29:37.000Z
https://api.solana402.xyz,6hGfGUbV27efFcbJPhqvvUiepbFA65zBze7ervBAMeaX,20,200000,4,2025-10-31T02:53:05.000Z
https://dexes-mech.ngrok-free.dev,0xe32c0321dbb98b4b29f95e4908e267bd8cdc7df9,20,4745000,1,2026-02-06T06:53:31.000Z
https://weather-mech.ngrok-free.dev,0xe32c0321dbb98b4b29f95e4908e267bd8cdc7df9,20,4745000,1,2026-02-06T06:53:31.000Z
https://hl-predict.ap.ngrok.io,0xe32c0321dbb98b4b29f95e4908e267bd8cdc7df9,20,4745000,1,2026-02-06T06:53:31.000Z
https://whiz402.xyz,0x1088cfcc078a93bad0cef48bc767fc639f5badf1,20,3800000,5,2026-06-12T04:15:35.000Z
https://payments.wiselyenterprisesllc.com,0x122c67ad0dd3ba27bfcacccd9afd9c3fd99216fa,20,115000,3,2026-05-23T16:39:35.000Z
https://hair.0xhardman.xyz,0x92b6ed1f84d32cb5a39948a83236c0a7838f5118,20,2400000,4,2026-02-27T13:37:17.000Z
https://api.0x402.io,0xa8b34185f0f4d8c08c160ff7354a706b5d25cb00,20,66000000,10,2026-01-02T19:28:45.000Z
https://api.0x402.io,0x0762e6e23e0e575930263514c5d9bec6ab1d7f1a,20,66000000,10,2026-01-02T19:28:45.000Z
https://api.0x402.io,0x0a42cd329a1dd3c1f8527d6cf70903c0944666f3,20,66000000,10,2026-01-02T19:28:45.000Z
https://x402pokemon.com,0x6d2ce1eff584c60149e02a745f601d3cc5e257b9,20,2000000,2,2026-01-17T20:31:55.000Z
https://x402pokemon.com,7SdU8Z4UUgz8kMmF5SNWoGYg2VB3qH6JuyvPbZPVjvy5,20,2000000,2,2026-01-17T20:31:55.000Z
https://bounty5-auditor-production.up.railway.app,0x352f99ecbb999288fc3b08e3a0042cf65d16a543,19,190000,2,2025-10-31T15:34:13.000Z
https://x402whois.com,0xe8722def9a887fece16a3ed9ea59c7ce2a34790c,19,1900000,7,2026-03-20T14:38:41.000Z
https://image-convert.x402.curiousworld.fyi,0xcc26c575d1bc9885bde6c89be033e34e856c645a,19,19000,1,2025-10-31T11:20:21.000Z
https://image-optimize.x402.curiousworld.fyi,0xcc26c575d1bc9885bde6c89be033e34e856c645a,19,19000,1,2025-10-31T11:20:21.000Z
https://x402-translator.aibearle.com,0xcc26c575d1bc9885bde6c89be033e34e856c645a,19,19000,1,2025-10-31T11:20:21.000Z
https://x402-llm.b8n.xyz,0xcc3dee14ece0487978fff561bfb1c93851c92c56,19,190000,1,2025-11-08T19:33:53.000Z
https://api.markdown2pdf.ai,FvuMLHG4AiYzRwu22PaguJhisiXV1m7iXhVGyq6UHB8i,19,7210000,3,2026-06-02T13:51:41.000Z
https://api.w3-ipfs.xyz,0xb27afb1741aa9be0b924d99b26ebf5577054a138,19,1740000,3,2026-05-06T16:11:25.000Z
https://constructible-interpleural-boris.ngrok-free.dev,0xb27afb1741aa9be0b924d99b26ebf5577054a138,19,1740000,3,2026-05-06T16:11:25.000Z
https://app.tiktokr.app,8XEmKSw6yyurJEFMhvUXFMkTZ4iDgwHidMSyxmQjxAfn,19,28000,2,2026-02-04T08:03:36.000Z
https://business-utils-agent.up.railway.app,0xf2cdd270a62c06427245f66dd0c3af5b700d10c5,19,92000,1,2026-01-14T21:47:15.000Z
https://402who.vercel.app,0xf6a201e01c21a746cd6d5e2465b8a3e1e1ecd678,19,9500000,4,2025-11-01T07:19:11.000Z
http://402who.vercel.app,0xf6a201e01c21a746cd6d5e2465b8a3e1e1ecd678,19,9500000,4,2025-11-01T07:19:11.000Z
https://twelvex.vercel.app,0x988616d329a5a3d1e80dcc83fd3d14ce2b79d579,19,650000,1,2026-06-25T06:58:25.000Z
https://api.predictguru.xyz,0xdb95405d124818fb559195b6cbf4ed622f8d7439,19,2700000,2,2026-01-19T07:36:47.000Z
https://hub-v3-dev.up.railway.app,0xbfd09208921a12af0a2d46749e5ed6bfb1c62d2a,19,9500,2,2025-11-13T11:50:37.000Z
http://hub-v3-dev.up.railway.app,0xbfd09208921a12af0a2d46749e5ed6bfb1c62d2a,19,9500,2,2025-11-13T11:50:37.000Z
https://turbo-gateway.com,0xc456c09f702f74e306f5fea96863bd7a1788c63d,18,1250000,3,2025-11-08T03:29:11.000Z
https://brapi.dev,0x404a2569eaf612bcf49fcde687f2cfcbf6000000,18,171000,5,2026-03-26T19:57:33.000Z
https://img402.dev,9xuipz9Y13v6Z1FnLR3XkrknoBLngwUSstjxcqK6deYX,18,180000,4,2026-06-29T00:21:44.000Z
https://kyc.madhousewallet.com,72wzSDj6qnGnCpffwJtWJt8cspBQFs9j12gB6YyZJast,18,440000,2,2026-06-29T01:59:53.000Z
https://scan.madhousewallet.com,72wzSDj6qnGnCpffwJtWJt8cspBQFs9j12gB6YyZJast,18,440000,2,2026-06-29T01:59:53.000Z
https://sideload.gg,0xf5e61f60711fb56196205d33d89d77d9250e0de6,18,39000000,2,2026-04-27T12:13:07.000Z
https://api.agentapihub.com,0xccb92a101347406ed140b18c4ed27276844cd9d7,18,2046000,2,2026-07-01T05:32:15.000Z
https://baldx402.lol,0x57bab500f5189301c7730a545ab818065b47c48a,18,18000000,8,2025-10-24T19:59:09.000Z
http://baldx402.lol,0x57bab500f5189301c7730a545ab818065b47c48a,18,18000000,8,2025-10-24T19:59:09.000Z
https://api.streamformation.com,0x59b28c5bf96ab70a23df99bdcc078dd3ee548e8c,18,27000000,1,2026-05-03T19:16:29.000Z
https://lfgbot2-182081908276.us-east1.run.app,DLqnQsvD8S2mAbabQuNrYdyTrhBL6yqhZ65DkH2yDXfY,18,720000,2,2026-05-19T11:18:28.000Z
https://lfgbot.humbledigital.net,DLqnQsvD8S2mAbabQuNrYdyTrhBL6yqhZ65DkH2yDXfY,18,720000,2,2026-05-19T11:18:28.000Z
https://api.kodo.fun,0x5fbce35972ecc336818270ce52edd722b06fe44a,18,530000,9,2026-06-13T04:04:39.000Z
https://stableinfluencer.dev,0xcb305c89f762a9ab0a9f683f1f4b9624015a56ed,18,274050000,2,2026-06-16T23:06:49.000Z
https://stableinfluencer.dev,11111111111111111111111111111111,18,274050000,2,2026-06-16T23:06:49.000Z
https://api.jarvisclaw.ai,596XUXmD8PXxvrxXUfqYH4qAozYDqqMwmHQ1C7BuDZ3E,17,48511704,2,2026-06-30T03:16:18.000Z
http://104.236.228.215:8081,0x5c7aa6f1a4cee7350032fa38062a3602d747c1a4,17,1700000,1,2025-10-31T16:58:51.000Z
https://api.shoal.xyz,0x55054c6df31de70ed6046c1426a1f296d60e9a51,17,710000,3,2026-06-21T05:04:03.000Z
https://x402pay.to,0x174b791fa3be589228b820d39020b791be10a9ec,17,12607250,4,2025-12-23T03:00:23.000Z
https://api.solprobe.xyz,FQ3VL8vv8niMMJRY6SVGw6wgJ8bbs5WstN9fK2d6cAc9,17,2600000,2,2026-07-01T08:32:03.000Z
https://fuse402.vercel.app,0x198ac74efaeece818fb06c89bfded7c33d97c6f9,17,250000,3,2026-06-01T09:11:39.000Z
https://ai.fuse.io,0x198ac74efaeece818fb06c89bfded7c33d97c6f9,17,250000,3,2026-06-01T09:11:39.000Z
https://api.shippingrates.org,0x8c9e0882b4c6e6568fe76f16d59f7e080465e5c8,17,980000,1,2026-03-18T21:49:27.000Z
https://agentstamp.org,0x8c9e0882b4c6e6568fe76f16d59f7e080465e5c8,17,980000,1,2026-03-18T21:49:27.000Z
https://api.x402dataapi.com,0xe3e597a4698e0ed0e06f9d9fe513157728fbc28b,17,35000,2,2026-07-01T00:49:43.000Z
https://api.402pad.fun,0x4f8d116ddf6accc149b1a80b7edfb6334595b3ce,17,26000000,1,2025-10-28T17:40:53.000Z
https://sun-api.1033360899.dpdns.org,F4SoTAUGowwfshC1afYqNupE1xfvK8rpvu1DdHL2gTXZ,17,17000000,1,2025-11-16T17:25:32.000Z
http://47.83.9.131,0x76984ad3945f42cbe7bfbb82d3cbfa42dbd31cb6,17,17000000,3,2025-10-28T01:51:07.000Z
https://api.ledgercore.io,0x5a10b3e835cded940b9c0bd39a2bc2e5a5f2d068,17,17000000,5,2026-06-16T16:39:11.000Z
https://true402.dev,0xfe257ef6dc89f5b688ac52ef3eb8648c629fa9c4,17,87000,1,2026-06-28T15:06:37.000Z
https://zcoin402.com,4o27QuVkDcRuPfdH5BnhkzHC9HiXa1ADrGDmvcZojFgk,17,38000000,3,2025-10-26T14:27:28.000Z
https://x402-payment-nine.vercel.app,0xfb233f43d74075277735f41e38fb8ead1a0618b2,17,4130000,5,2025-11-20T19:00:09.000Z
https://x402-payment-nine.vercel.app,0x4334c769b915b8fa93707f0256afa1f85ac83d46,17,4130000,5,2025-11-20T19:00:09.000Z
https://x402-payment-nine.vercel.app,0x9fb6a270935e7b17a7d74682bdd12b503c536e28,17,4130000,5,2025-11-20T19:00:09.000Z
https://api.cortex402.xyz,0x4db814719ae10e8c909399130c765246c31817f3,16,6400,8,2025-10-30T08:41:59.000Z
https://tc-ai-premium.vercel.app,0x1ecce11063aa8c3b9b2a83aac425983e26a611eb,16,4800000,2,2026-06-22T05:16:37.000Z
https://stablegift.dev,0x7a9e09bda805140400339849b32fab21196a6a0b,16,82080000,2,2026-06-26T13:59:33.000Z
https://agent-402.vercel.app,0x7323e38c600e06752849867a979094751b84ac3a,16,14000200,9,2025-10-27T16:58:35.000Z
https://agent-three-woad.vercel.app,0x7323e38c600e06752849867a979094751b84ac3a,16,14000200,9,2025-10-27T16:58:35.000Z
https://p01--test-402--bcdjt922dnwt.code.run,0xcabae7109568671770c0a19f1ca4c73c906ca0fb,16,3013000,7,2025-10-26T08:29:31.000Z
http://p01--test-402--bcdjt922dnwt.code.run,0xcabae7109568671770c0a19f1ca4c73c906ca0fb,16,3013000,7,2025-10-26T08:29:31.000Z
https://api.leoclaw.cc,0xb76b495e5434867c1256b3d1f802f13e7829dc06,16,3250000,1,2026-05-08T09:58:03.000Z
https://facecheck.id,BtqqDKNVyDAJWBDvcJTV6W3YJabNKoAE9XNoDV1rVx2D,16,11500000,3,2026-06-20T21:51:46.000Z
https://cultx404.vercel.app,0xb3c8764be55c742690294be1236e2bea4801a364,16,16000000,3,2025-10-29T17:47:23.000Z
https://fresh-feeds.foomworks.workers.dev,0x63347cd326a50696f76cfe4b8ce079d3c8ed3039,16,219000,4,2026-07-01T05:14:47.000Z
https://fresh-feeds.timbaru-r136.workers.dev,0x63347cd326a50696f76cfe4b8ce079d3c8ed3039,16,219000,4,2026-07-01T05:14:47.000Z
https://duty-stack.foomworks.workers.dev,0x63347cd326a50696f76cfe4b8ce079d3c8ed3039,16,219000,4,2026-07-01T05:14:47.000Z
https://ybnpduim.nx.link,0xfebc231959550ffecd1ad1ae22a3d6bb55471b6a,16,9673,1,2026-04-08T01:15:49.000Z
https://nkvgjh0n.nx.link,0xfebc231959550ffecd1ad1ae22a3d6bb55471b6a,16,9673,1,2026-04-08T01:15:49.000Z
https://jjv2t3lm.nx.link,0xfebc231959550ffecd1ad1ae22a3d6bb55471b6a,16,9673,1,2026-04-08T01:15:49.000Z
https://x402demo.bacoor-test001.xyz,0xadc1f292a3b3cd974c4501fba55f499e3ab182a6,16,1600000,4,2026-06-21T05:04:25.000Z
https://numor.netlify.app,0x3b5595e2a0ac5ca9c94ff53e12e2a6d93a29d644,16,1280000,1,2026-06-28T09:31:19.000Z
https://numormor.netlify.app,0x3b5595e2a0ac5ca9c94ff53e12e2a6d93a29d644,16,1280000,1,2026-06-28T09:31:19.000Z
https://api.aimo.xyz,0xddc7163dec3f5da0f2e154c0d3fa0336744cbff4,16,1600,4,2025-12-03T04:46:43.000Z
https://ubounty.ai,0x53bf66d72677936c3c9d6b30830fc3ed762fdfbf,16,217050000,1,2025-12-15T01:57:03.000Z
https://sportsarbitrageapi-production.up.railway.app,0x9b6c3ee1f3a155456c4da066d7398fa75c4a127e,16,480000,7,2026-03-15T02:01:23.000Z
https://arbitrageedge-production.up.railway.app,0x9b6c3ee1f3a155456c4da066d7398fa75c4a127e,16,480000,7,2026-03-15T02:01:23.000Z
https://gg287-misc.vercel.app,0x0695c002309d89cc8d53978d73ae1cd9b051cbdb,16,2014988,6,2026-07-01T05:43:31.000Z
https://vibes-coral-tau.vercel.app,0x0695c002309d89cc8d53978d73ae1cd9b051cbdb,16,2014988,6,2026-07-01T05:43:31.000Z
https://endpointsxrt.vercel.app,0x0695c002309d89cc8d53978d73ae1cd9b051cbdb,16,2014988,6,2026-07-01T05:43:31.000Z
https://gg287-social.vercel.app,0x0695c002309d89cc8d53978d73ae1cd9b051cbdb,16,2014988,6,2026-07-01T05:43:31.000Z
https://gg287-linkedin.vercel.app,0x0695c002309d89cc8d53978d73ae1cd9b051cbdb,16,2014988,6,2026-07-01T05:43:31.000Z
https://gg287-finance.vercel.app,0x0695c002309d89cc8d53978d73ae1cd9b051cbdb,16,2014988,6,2026-07-01T05:43:31.000Z
https://gg287-crypto.vercel.app,0x0695c002309d89cc8d53978d73ae1cd9b051cbdb,16,2014988,6,2026-07-01T05:43:31.000Z
https://komo-ai.vercel.app,0x0695c002309d89cc8d53978d73ae1cd9b051cbdb,16,2014988,6,2026-07-01T05:43:31.000Z
https://coockies-ai.vercel.app,0x0695c002309d89cc8d53978d73ae1cd9b051cbdb,16,2014988,6,2026-07-01T05:43:31.000Z
https://x402-axjgxt1fi-howe813s-projects.vercel.app,0x054d3aaaf9588a936668627ae61639cdb58dfeb0,16,13030000,5,2025-10-28T12:36:15.000Z
https://x402-6zcwdxigj-howe813s-projects.vercel.app,0x054d3aaaf9588a936668627ae61639cdb58dfeb0,16,13030000,5,2025-10-28T12:36:15.000Z
https://x402-npke0cktc-howe813s-projects.vercel.app,0x054d3aaaf9588a936668627ae61639cdb58dfeb0,16,13030000,5,2025-10-28T12:36:15.000Z
https://x402-m553my6u2-howe813s-projects.vercel.app,0x054d3aaaf9588a936668627ae61639cdb58dfeb0,16,13030000,5,2025-10-28T12:36:15.000Z
https://x402-omduaqalz-howe813s-projects.vercel.app,0x054d3aaaf9588a936668627ae61639cdb58dfeb0,16,13030000,5,2025-10-28T12:36:15.000Z
https://x402-h0nzh9sft-howe813s-projects.vercel.app,0x054d3aaaf9588a936668627ae61639cdb58dfeb0,16,13030000,5,2025-10-28T12:36:15.000Z
https://x402-fvhoihp0q-howe813s-projects.vercel.app,0x054d3aaaf9588a936668627ae61639cdb58dfeb0,16,13030000,5,2025-10-28T12:36:15.000Z
https://x402-api.vercel.app,0x054d3aaaf9588a936668627ae61639cdb58dfeb0,16,13030000,5,2025-10-28T12:36:15.000Z
http://x402-ofpu0ew6t-howe813s-projects.vercel.app,0x054d3aaaf9588a936668627ae61639cdb58dfeb0,16,13030000,5,2025-10-28T12:36:15.000Z
https://x402-azwce86gn-howe813s-projects.vercel.app,0x054d3aaaf9588a936668627ae61639cdb58dfeb0,16,13030000,5,2025-10-28T12:36:15.000Z
https://x402-3scqx1opg-howe813s-projects.vercel.app,0x054d3aaaf9588a936668627ae61639cdb58dfeb0,16,13030000,5,2025-10-28T12:36:15.000Z
http://x402-ectu12tiw-howe813s-projects.vercel.app,0x054d3aaaf9588a936668627ae61639cdb58dfeb0,16,13030000,5,2025-10-28T12:36:15.000Z
http://x402-jco1fxiks-howe813s-projects.vercel.app,0x054d3aaaf9588a936668627ae61639cdb58dfeb0,16,13030000,5,2025-10-28T12:36:15.000Z
http://x402-a6ejpb7i2-howe813s-projects.vercel.app,0x054d3aaaf9588a936668627ae61639cdb58dfeb0,16,13030000,5,2025-10-28T12:36:15.000Z
https://x402.fold.computer,0x035b253e3f83c3a9b7bbf3f6d573783a6bba8877,16,121000,2,2026-06-28T07:19:13.000Z
https://api.cope.capital,C4t9Ah8Wfs4LWnHdzzyDaXhcG9uTwS5rw4sn3CXsvFu8,16,80000,5,2026-02-28T00:15:12.000Z
https://api.cope.capital,0xfc9a4e5210aff0e33a2e06f2e9907e0ecd5914a6,16,80000,5,2026-02-28T00:15:12.000Z
https://api.hlprivateer.xyz,0x728145dcde4ececfa50086d3c0e50cf57a3d826b,15,210000,1,2026-02-15T13:36:35.000Z
https://controlx402.vercel.app,0xcb5392c742b5898ad0bcf0fd6e6495b794a4149a,15,4250400,1,2025-10-25T10:58:21.000Z
https://x402control.vercel.app,0xcb5392c742b5898ad0bcf0fd6e6495b794a4149a,15,4250400,1,2025-10-25T10:58:21.000Z
https://x402rail.net,0x4b4bc6c4862e42e5fc94112d81c389958132ef50,15,225000,2,2026-06-20T21:48:43.000Z
https://kronossignals.com,0x36038e1d712c5e39f35952164ec58ec2b96caee7,15,127000,2,2026-07-01T19:02:23.000Z
https://xoxserver-production.up.railway.app,0xf87a966bd4fa3991976523f2980389a4a1d48608,15,150000,6,2025-10-28T13:38:01.000Z
https://api.regressionincoming.fyi,0x3567c566e194dd25ed580ad917160b8700fe7460,15,12500000,4,2026-07-01T05:16:27.000Z
https://weather.x402app.org,0x3e80e416e1ac4cabd784aee64847ba4f1c91b60b,15,15000,2,2025-10-25T03:08:35.000Z
https://api.x402app.org,0x3e80e416e1ac4cabd784aee64847ba4f1c91b60b,15,15000,2,2025-10-25T03:08:35.000Z
http://3.217.233.10:4021,0x4e02d826e9f56e490e5921c0c7423acda85d6f1b,15,15000,3,2025-11-17T20:36:45.000Z
https://api-rumin.rngfnc.xyz,0x4e02d826e9f56e490e5921c0c7423acda85d6f1b,15,15000,3,2025-11-17T20:36:45.000Z
https://api.cryptonewsapi.online,0x3496941219a0b6c6f723fbcc72551616f3d5818c,15,150000,5,2025-11-26T16:02:03.000Z
https://compute.lumenbro.com,0xa956311362f68bd5291ced9c697998714beeda07,15,15000,3,2026-02-14T03:01:45.000Z
https://api.quantoracle.dev,9biztrXscReJ3Wi8EfkD2gL3WXzYUmzTEohD26Bxp39u,15,500000,2,2026-06-29T01:02:24.000Z
https://api.gacha.fi,3qXUzeQEhW6WBheae1WZFJCVyHZcbWacPq7JbVWgP9WE,15,68000000,3,2025-11-08T20:50:59.000Z
https://api.gacha.fi,0xd6d77e844cc3821fb9d26d0bd927b84507b955b9,15,68000000,3,2025-11-08T20:50:59.000Z
https://stablegiftcards.dev,0x71c1e15c80e14ce9f163bf8d9bfb90930bf782d5,14,115000000,3,2026-05-05T15:04:25.000Z
https://server-ruddy-one-41.vercel.app,0x32d19f868559ac212555b41c0eb35fb2eecd7877,14,1400,6,2025-10-30T22:04:53.000Z
https://x402-next.netlify.app,0x32d19f868559ac212555b41c0eb35fb2eecd7877,14,1400,6,2025-10-30T22:04:53.000Z
https://crucible-lovat.vercel.app,0x78437404b075d5ef913ce4591ff524ef625ae954,14,2100000,2,2026-07-01T05:36:13.000Z
https://api.tradeperpetua.xyz,0x86ab3d75c9240ef9452536d4d5d7052f9100cb97,14,205000,3,2026-07-01T05:17:09.000Z
https://x402pineapple-production.up.railway.app,0xf7be0e06afb2f4e4f9a5c7d729a27ecfdc4f8b88,14,580000,1,2026-02-12T16:31:43.000Z
https://baseguard.scoopflashman.tech,0xcdd3e685be2944e094a7f2bfaf3ca7ad4573f01a,14,1800000,1,2026-04-23T01:47:19.000Z
https://walletguard.scoopflashman.tech,0xcdd3e685be2944e094a7f2bfaf3ca7ad4573f01a,14,1800000,1,2026-04-23T01:47:19.000Z
https://xspy.pro,6ucu12DZUVrqCyn5t7J3HnvTAbqDvbXfXWLkNXLRv9Um,14,740000,1,2026-06-02T22:32:34.000Z
https://x402.gencode.run,0x56a0af9f4fffc07cb6215864c7ad074bd5d97b60,14,140000,2,2025-12-22T20:20:15.000Z
https://www.geonimo.com,0x0b273d9fd19971fd8195458486294efc527c5787,14,24080000,3,2026-04-02T00:17:21.000Z
https://402-otc.vercel.app,0x99c2604ab85c1d0cb1f0b9589bae646978a7576e,14,1103000,2,2025-11-01T21:52:45.000Z
http://402-otc.vercel.app,0x99c2604ab85c1d0cb1f0b9589bae646978a7576e,14,1103000,2,2025-11-01T21:52:45.000Z
https://x402snake.vercel.app,0x99c2604ab85c1d0cb1f0b9589bae646978a7576e,14,1103000,2,2025-11-01T21:52:45.000Z
https://402scan-token.vercel.app,0x99c2604ab85c1d0cb1f0b9589bae646978a7576e,14,1103000,2,2025-11-01T21:52:45.000Z
https://searchtav.vercel.app,0xc0ac20f113d44ab6632be6b97675a594851a2d89,14,740000,2,2026-07-01T05:42:01.000Z
https://api.pokepower.xyz,0xc38c1dd85eab22b4568e7fc40f1b3e3ba03689b3,14,77000000,8,2025-10-27T02:32:09.000Z
https://jatevo-moodboard.arumam.engineer,0x9e87e3c39fdba23549170de3bd30b5ad30269fc7,14,140000,4,2025-11-12T07:28:51.000Z
https://jatevo-moodboard.jatevo.ai,0x9e87e3c39fdba23549170de3bd30b5ad30269fc7,14,140000,4,2025-11-12T07:28:51.000Z
https://arb.axryl.com,0x40c1664674d40dfeffb601d02a7b63407947f9c5,14,9800000,12,2025-11-13T19:55:11.000Z
https://api.thirdfy.com,0x572d1443f0aafd492e396516ed26dc269c516fd7,14,26010000,2,2026-06-30T20:18:07.000Z
https://x402-sushi.up.railway.app,0x5005412d9adf28ae1ddf347db5e3c4d5ec9bf58a,14,62000,8,2025-11-28T23:11:11.000Z
http://api.402rush.fun,0x3ecbf9cca7ab98273f5641eb6657df85c3ae064b,14,14000000,8,2025-10-27T07:46:53.000Z
https://api.402rush.fun,0x3ecbf9cca7ab98273f5641eb6657df85c3ae064b,14,14000000,8,2025-10-27T07:46:53.000Z
https://billy402x.vercel.app,0xdbdf3d8ed80f84c35d01c6c9f9271761bad90ba6,14,13860000,2,2025-11-03T02:21:01.000Z
https://hermesplant.com,0x5171c72a59b994a80097b6ab52d4a4fcb8bf4c1b,14,2110000,3,2026-07-01T04:09:13.000Z
https://santa.gift25.fun,8jvjqZQ1Vfza97JTJtrcRw2sejoygemhWsYEmPR2M9Jz,14,14000000,2,2025-12-25T14:45:02.000Z
https://api.entit.ai,0x4d4864fc495963690561c53289ae7ed7cfd4aab0,13,1300000,3,2026-06-23T15:52:47.000Z
https://x402-production-f9bd.up.railway.app,0x724cc2e887f08985f8020e3cbc463d1799ebbc57,13,8500000,2,2025-10-24T15:59:05.000Z
https://api.x721.dev,0x724cc2e887f08985f8020e3cbc463d1799ebbc57,13,8500000,2,2025-10-24T15:59:05.000Z
https://api.mgo.chain-ops.xyz,0x665bab4c46a6ae3f755e71793e5685bc6c47dd7a,13,21000,1,2026-03-10T09:25:17.000Z
https://brack-hive.tail4f568d.ts.net,0x7e37015a806ff05d6ab3de50f6d0e8765d38c72d,13,33000,2,2026-03-28T00:12:05.000Z
https://thenetisvastandinfinite.com,0xd12ab5d854714fe2d988f00e4b482f3044ff947a,13,9210100,4,2026-01-02T19:07:41.000Z
https://x402pay.org,0x1e21b461587dad0fe1d3703df9f6a3b2f370e2cb,13,13000000,8,2026-06-29T08:55:03.000Z
https://polybro.app,4kML5wsdf8y5LjBUNmjSzttpvRfXu6MZMteZNFYHN5Tb,13,1300000,1,2025-10-28T07:09:09.000Z
https://terminalverse.com,0x04e44bf10ddbce8e726a29f4894dd81c77950857,13,13000,3,2026-06-21T05:13:53.000Z
https://anime-show-reco-production.up.railway.app,0xcd6e8687bd920463cc9e4a28f1998f0b040ab1dc,13,390000,1,2025-10-29T01:33:37.000Z
https://tv-show-recommender-production.up.railway.app,0xcd6e8687bd920463cc9e4a28f1998f0b040ab1dc,13,390000,1,2025-10-29T01:33:37.000Z
https://402.tech,0x79e7dc1d6a3da2b0b8d0d0224b73c2d37ace78f7,13,3685000,7,2025-11-15T14:35:13.000Z
https://402.tech,0x65a517fa5e0ff36ecb617b34ec31bb196017ef4a,13,3685000,7,2025-11-15T14:35:13.000Z
https://x402-earner.vercel.app,0x5e5b7258b906620e28cdff93a7110dbc8eb7831f,12,120000,3,2026-06-29T23:35:01.000Z
https://www.sherlockdata.xyz,0x233d3e81e8d5410d846160a204e776137b72b290,12,1200000,4,2026-06-12T04:18:17.000Z
https://cyber-intel-api-production-a3c1.up.railway.app,0xa8340a657328d9e92d6ca7e78dac16fd0e3dad98,12,560000,3,2026-06-23T23:14:49.000Z
https://war-tracker.com,0x9ffdcaeaf9ef166b4fa16f8707923cb89f2a09fe,12,59000,1,2026-05-17T12:36:27.000Z
https://api.engrave-protocol.ai,2bwTtMvLVvCtLZiNfjWjPJ8GYNjnU2evQyonCSHmPP2T,12,120000,5,2025-12-12T09:58:24.000Z
https://model-api.xyz,0x1e4f186e5ed2b7defec87e34f5362435cb59ac40,12,12000,1,2026-05-07T07:04:41.000Z
https://x402.ser-api.wtf,0xfd3a621db3865fc269d471be6932c9eba386ccf2,12,29000000,3,2026-01-02T19:14:15.000Z
https://calcfi-five.vercel.app,0xc119338767531845d9dd6694bac2b5acfbb49b18,12,460000,1,2026-06-25T12:02:35.000Z
https://convert.guru,8BoQ6DSruSUc3HRgLWCwPmE7qcdDybcTeycmFDtC4UjJ,12,78000,2,2026-06-28T13:02:52.000Z
http://api.metalend.tech,0x7d6e22db7c2ee44859061061f99e55257a5ceac1,12,12000,6,2026-07-01T19:49:47.000Z
https://api.metalend.tech,0x7d6e22db7c2ee44859061061f99e55257a5ceac1,12,12000,6,2026-07-01T19:49:47.000Z
https://mercury-x402-jed.fly.dev,0xe10b9d44e72a29b9c19da02981ffcd875308e3c1,12,46000,6,2026-06-30T02:04:41.000Z
https://api.402links.com,0x51e121f6a84aca937b17d3154c8f759469f01aaf,12,120000,1,2025-12-10T09:27:31.000Z
https://mcp.yield.xyz,0xd433f056270912659f073d5ffe7ae247e39235a5,12,12000,3,2026-07-01T15:27:01.000Z
https://permagate.io,0x2dfb1cd40f630cf209cc915a1df5de66c016323c,12,14000,4,2025-11-11T18:32:17.000Z
https://api.openintel.agency,0x5e99d070447e7fb61754168af7156e94b0ba192b,12,230000,1,2026-05-23T00:13:23.000Z
https://api.blockjust.com,0x00ba7dfe0597faed1c011fe858dc295c2a45aab9,12,36000,2,2026-06-28T15:18:11.000Z
https://songs-vhs-giving-sing.trycloudflare.com,0x9edf19cfc96a642b0a9673650c7454df806bb37b,12,12000000,2,2025-10-27T07:04:49.000Z
http://154.44.9.6,0x9edf19cfc96a642b0a9673650c7454df806bb37b,12,12000000,2,2025-10-27T07:04:49.000Z
https://x402.crestal.network,0x35bd9c3a0ab58f1c5ec5198e8e3b23ab4127a7ac,12,120000,4,2026-01-28T11:00:21.000Z
https://x402.crestal.network,0x92ea73e1ae8c592fb94fe03d5b1eb7ade4c191e4,12,120000,4,2026-01-28T11:00:21.000Z
https://nation.service.crestal.network,0x35bd9c3a0ab58f1c5ec5198e8e3b23ab4127a7ac,12,120000,4,2026-01-28T11:00:21.000Z
https://nation.service.crestal.network,0x92ea73e1ae8c592fb94fe03d5b1eb7ade4c191e4,12,120000,4,2026-01-28T11:00:21.000Z
https://agents.memeputer.com,8ysgX63BN1hX9MdxMmvYLHtcCtroDboMezfKuDSZfuPf,12,1650000,6,2025-11-26T05:15:46.000Z
https://agents.memeputer.com,4JZcuukroHg62GZ1tbwvU6vtAUws3LZmkZEtuUCnJTrz,12,1650000,6,2025-11-26T05:15:46.000Z
https://agents.memeputer.com,71FcvapGr3EeGRDccACKduwCaV1mfNfsvB9Q8UVwLE8,12,1650000,6,2025-11-26T05:15:46.000Z
https://agent-api-task.vercel.app,0x51cc1d3b8059e535ce43663b63a773b9478b455f,11,110000,3,2026-06-21T01:38:55.000Z
https://ezpath.myezverse.xyz,0x13dde704389b1118b20d2bcc6d3ace749600e2ad,11,330000,1,2026-06-16T01:40:09.000Z
https://stableshipping.dev,0xa93f2db38f0c64744a04bca74fd1c4de787fc8bc,11,78020000,4,2026-06-08T17:05:25.000Z
https://agentmerch.xyz,0x6d4e7efb88dec105939b972c98c353304ced6751,11,259010000,5,2026-05-07T21:55:21.000Z
https://5df592ec-84d2-4307-aa70-51ed1b0f6716-00-14bqx64b7b7oc.spock.replit.dev,0xb389c8b863193b2a1e48defd007413702196723b,11,1640000,1,2025-10-25T06:44:01.000Z
https://astershitweb.xyz,0xb253561db497afc2ae0ee50c3984375d606d34aa,11,11000000,3,2025-10-24T14:47:19.000Z
https://x402-discovery-api.onrender.com,0xdbbe14c418466bf5bf0ed7638b4e6849b852affa,11,83000,2,2026-05-13T02:16:17.000Z
https://nanoapi.org,EDA777JRvxbahjFS5x2wmXFR4VZiwTGU7dFA24Zpgp8Q,11,51000,1,2026-04-21T17:17:41.000Z
https://api.stacktr.ee,0xcc985ba6934d134feec4824ba40258608f3a4333,11,8000000,6,2026-06-29T14:41:51.000Z
https://agents.stacktr.ee,0xcc985ba6934d134feec4824ba40258608f3a4333,11,8000000,6,2026-06-29T14:41:51.000Z
https://ar3stotle-x402-gateway.fly.dev,0xe080b165f136087bf1b6dbefa05d7fc820e35283,11,11000,1,2026-04-22T13:05:45.000Z
https://verity-bzw7.onrender.com,0x89d38023167bda453bed9f6cbf22ddd1ec5f70a7,11,1030000,2,2026-07-02T03:23:09.000Z
https://verity-suite.onrender.com,0x89d38023167bda453bed9f6cbf22ddd1ec5f70a7,11,1030000,2,2026-07-02T03:23:09.000Z
https://oussapi.duckdns.org,0x5781d7293ede1397fc6574a83c04e1bf715783b7,11,24000,5,2026-07-01T05:17:27.000Z
https://x402wid.vercel.app,0x9c394847074af408470e607e062c838a3cce1240,11,3100000,2,2026-06-30T21:01:29.000Z
https://x402amp.vercel.app,0x9c394847074af408470e607e062c838a3cce1240,11,3100000,2,2026-06-30T21:01:29.000Z
https://apijapan.vercel.app,0x9c394847074af408470e607e062c838a3cce1240,11,3100000,2,2026-06-30T21:01:29.000Z
https://smartmoneyscreener.vercel.app,0x9c394847074af408470e607e062c838a3cce1240,11,3100000,2,2026-06-30T21:01:29.000Z
https://x402.aurracloud.com,0xc65ddd7b9ddcdd12b846c4d1070f11a0483e1c95,11,380000,6,2025-11-30T18:23:03.000Z
https://x402.aurracloud.com,0x1ad0aa7ed09d112fa9d1882a667d42c62ebc5474,11,380000,6,2025-11-30T18:23:03.000Z
https://semagram.io,0x24117d3ff81ae2bb681ead19e4ef979e57f1dee2,10,380000,3,2026-06-09T02:44:41.000Z
https://x402plug.fun,0xb00b71a3eeca76b7eb1486f9e4d4adb62d423812,10,88492,1,2025-12-11T15:47:19.000Z
https://402snake-xl2u.vercel.app,0x1234567890abcdef1234567890abcdef12345678,10,3040000,6,2026-06-21T05:02:19.000Z
https://easepay.xyz,0x1234567890abcdef1234567890abcdef12345678,10,3040000,6,2026-06-21T05:02:19.000Z
https://sentinel402.onrender.com,0x13bbdc871fc5cd844b9f156911d48dd07193584e,10,305000,3,2026-07-01T04:16:17.000Z
https://api.ping.observer,0x3c942e74cffd4c9b7c490c7c83aa12b1fc52190f,10,10000000,6,2025-11-06T15:04:47.000Z
https://rugguard.redfleet.fr,0x728bf8c4cb1aab7680efe207917855b047900157,10,95000,2,2026-06-27T07:29:49.000Z
https://api2.402rush.fun,0x51486cadfac03482866198d046dae07f1a9b79c5,10,10000000,4,2025-10-27T12:11:37.000Z
https://dogui.vercel.app,0x94dec86019ec47762918fb698c2e69dc93daf2dd,10,4900000,5,2025-11-10T14:59:11.000Z
https://paygent.obsmetrics.com,0x9bd29d8259ac33dc4d78d22abf547ef2e518e2a5,10,11360000,2,2026-06-16T12:04:43.000Z
https://mercury402.uk,0xf8d59270cbc746a7593d25b6569812ef1681c6d2,10,550000,3,2026-02-14T02:52:35.000Z
https://api.spookyroboo.xyz,0x742fa07364df6d1fe37e0f20e14dd883243ac1d3,10,102000,2,2025-10-29T18:03:11.000Z
https://x402.spookyroboo.xyz,0x742fa07364df6d1fe37e0f20e14dd883243ac1d3,10,102000,2,2025-10-29T18:03:11.000Z
https://x402-api.owlook.top,0xa87a82fe8321e29e74655a5bd5f4dedf6174d8de,10,10000000,2,2025-10-28T13:06:19.000Z
https://qurios-router-agent.ngrok.app,0x7a1bd21cda0824af15c44b4e87570dd1de7118a2,10,118000,3,2025-10-03T08:39:13.000Z
https://stablekey.dev,0xf6fbf87bdfb523accb5d82727297713fb849ce44,10,2420000,3,2026-05-02T02:51:13.000Z
https://medsurf.vercel.app,0x8f891013580b0addfb7cbca395afc39ffb46bc5a,10,100000,3,2026-06-20T05:08:53.000Z
https://mondello.dev,0x0e4d1c7ca47879c7dd518526ef38f290c7081028,10,560000,3,2026-06-20T05:13:51.000Z
https://raffle-app-avs2z.ondigitalocean.app,0xf69bd5bf2379a1330402693e7b086dec22bb7f9b,10,5002300,2,2025-10-31T22:41:31.000Z
https://aurai.space,0xf69bd5bf2379a1330402693e7b086dec22bb7f9b,10,5002300,2,2025-10-31T22:41:31.000Z
https://sourcevane-security-production.up.railway.app,0xc0ae91bb2dd5cc1fccf9c35717890ab7935ed11a,9,600000,2,2026-06-29T23:03:41.000Z
https://api.solreplay.io,743MFooQus1GvgKiVDNwALUk8eqNDUYrA4YFXkDtWc7o,9,204220000,4,2026-06-01T02:51:51.000Z
https://api.sigmagrid.app,0xa999afeb2355afc2d15d465b9faa5815d692999d,9,180000,1,2026-04-12T18:32:37.000Z
https://startup-ideas.x402.bot,AT7CjTPRtYsSegP3sNZQLQCopMidjkE4AeQmGzCUB4h8,9,9000000,4,2025-12-22T21:41:00.000Z
https://calcuapi.vercel.app,0xfaf50a7102491bb27d89ace8e2ae4b6eeb75a78c,9,350000,1,2026-06-25T13:47:33.000Z
https://feresearch.val.run,0xf4d66a49b6b3e9a87fe50bfb34b44fa5691b8f84,9,4500000,1,2026-02-27T15:25:41.000Z
https://x402-opal.vercel.app,0x64e9885844357aba3733d08c7c62110bf3b9404b,9,90000,4,2026-01-28T10:58:13.000Z
https://402pssly.vercel.app,0x16eff7420cd438edc89ae08e4eab931a5c78faf5,9,9000000,3,2026-06-21T05:11:07.000Z
https://api.sylphyagent.com,0x49e2b74f424393117431cad4a4b3a93ecbb13415,9,90000,2,2026-06-20T04:59:23.000Z
https://www.aibeats.fun,0xf6e224ea1e21f08c1fbb1008d88a9dde42e28422,9,756000,2,2025-10-14T10:09:43.000Z
https://api.aidatasource.org,0xb6a46b36d48b445d61573f762b79b788e68dcba7,9,180000,1,2026-05-09T05:01:27.000Z
https://crafter-production-89e6.up.railway.app,0x59791799fc713c80e4685564e007ddfb1d49b3c4,9,230000,1,2025-10-29T01:14:41.000Z
https://web-production-a512e.up.railway.app,0xad64efce9cfee4d1d1701d9a0009cca72b9ff000,9,3053000,5,2026-06-23T16:06:41.000Z
https://agenthealthmonitor.xyz,0xad64efce9cfee4d1d1701d9a0009cca72b9ff000,9,3053000,5,2026-06-23T16:06:41.000Z
https://screenshotx402.com,0x983a99f0fce2643d2a4074c9dfdb0062d4feba83,9,170000,2,2026-05-26T10:19:55.000Z
https://api.foxcli.com,0x8bd9f28d36527a287729e2416e640b6b492c9d8c,9,900000,3,2025-10-27T05:39:19.000Z
https://x402.foxcli.com,0x8bd9f28d36527a287729e2416e640b6b492c9d8c,9,900000,3,2025-10-27T05:39:19.000Z
https://api.czdog.org,0x8bd9f28d36527a287729e2416e640b6b492c9d8c,9,900000,3,2025-10-27T05:39:19.000Z
https://x402.surge.markets,0x2f72a4446074e0dd1ac33e37f0e61beeeea56dff,9,550000,1,2025-12-26T14:03:55.000Z
https://api.ecliptica.ninja,0xd78c323477500744214f662c15c82895a0bbdae9,9,900000,2,2026-07-01T05:30:19.000Z
https://diamondclaws.io,0x66144a1b082663e4e0923437db8b3ece08520b44,9,154000,3,2026-03-11T05:33:35.000Z
https://x404-meme.vercel.app,0x621c5bd544c1dad8ddd67eb682bfe3e48ee6e28e,9,36360000,5,2025-10-25T03:52:01.000Z
https://gorilla.farm,0x7bf611a5771df944568fb45f9f30fe06e06490ea,9,1300000,2,2026-07-01T05:32:23.000Z
https://getquali.com,0x00c4d2d6b2eec61466a6aca73927de93861af274,9,4500000,6,2026-06-30T01:14:49.000Z
https://stablefeedback.dev,0x0363aa403244345c3ac8f519f17a3ad4be29941e,9,3060000,3,2026-06-23T18:46:37.000Z
https://ryansproule.com,0xf815f25e2c3ec4cf9af787cd3ebe5d8f5a91239f,9,9000000,5,2026-06-26T20:06:01.000Z
https://1rpc.ai,0xa4aa7f9371bf82e484656ba146230f971d0ebda4,8,84700,4,2026-06-18T05:52:21.000Z
https://www.aiport.wiki,0xa52ab65c10a50a888c0aeb0887c6176c0f515577,8,80000,2,2025-11-02T08:33:19.000Z
https://e1691c89da75.ngrok-free.app,0x8e9328af255d2cde923df0f780197c3fe4ad30e1,8,80000,1,2025-11-07T09:48:09.000Z
https://halloweenx402.onrender.com,0xb9c132fba3488886141ca9fd64be57855bf12e6b,8,9000000,3,2025-10-30T20:08:41.000Z
https://halloweenx402-xynt.onrender.com,0xb9c132fba3488886141ca9fd64be57855bf12e6b,8,9000000,3,2025-10-30T20:08:41.000Z
https://newx402.up.railway.app,0xbddd4bd886622ceb112af6fb8eca64c757bef36f,8,3005000,3,2025-11-01T04:32:35.000Z
https://mkmoonaix402.up.railway.app,0xbddd4bd886622ceb112af6fb8eca64c757bef36f,8,3005000,3,2025-11-01T04:32:35.000Z
https://x402mkoi-production.up.railway.app,0xbddd4bd886622ceb112af6fb8eca64c757bef36f,8,3005000,3,2025-11-01T04:32:35.000Z
http://x402-production-e36d.up.railway.app,0xbddd4bd886622ceb112af6fb8eca64c757bef36f,8,3005000,3,2025-11-01T04:32:35.000Z
http://x402mkoi-production.up.railway.app,0xbddd4bd886622ceb112af6fb8eca64c757bef36f,8,3005000,3,2025-11-01T04:32:35.000Z
https://mkmoonai.up.railway.app,0xbddd4bd886622ceb112af6fb8eca64c757bef36f,8,3005000,3,2025-11-01T04:32:35.000Z
https://x402-production-266f.up.railway.app,0xbddd4bd886622ceb112af6fb8eca64c757bef36f,8,3005000,3,2025-11-01T04:32:35.000Z
https://puresignal402.xyz,0x6476d35895acd991a798291cdc55bbcf39ae9dab,8,40000,3,2026-06-21T05:15:43.000Z
https://api.ninjax.co,0x4a91359fe98e2700a98668b766f14a407a5a3479,8,11000,1,2025-11-17T01:35:19.000Z
https://api.yapstr.xyz,0x4a91359fe98e2700a98668b766f14a407a5a3479,8,11000,1,2025-11-17T01:35:19.000Z
https://x402render.vercel.app,0x46f8f713331a0eb5086ea93857a8165e97bee498,8,26000,1,2026-06-27T07:30:15.000Z
https://api.getunreel.ai,0xf50ccdfef8e0816757e8e491ad70d1cfd2261a50,8,200000000,1,2026-01-12T07:25:01.000Z
https://www.tibbirx402.fun,0xf98c3648051a3dc9d7a45f05c9ce2d3da5bd77b6,8,8000000,4,2026-06-23T00:21:13.000Z
https://api.delx.ai,28heAMpFkeUJsL7o7apiK4oJwZWq2fUHinRwbgYYsemG,8,80000,2,2026-03-20T19:01:34.000Z
https://x402.mayaworld.ai,0x2e72fa7c2f6ee084dde88eed79cc6a49d0a788ba,8,46000,1,2025-11-03T05:30:15.000Z
https://probe.onchainintel.net,0x279b7d51e0348ccf6580190ac64976096a44b274,8,2900000,2,2026-05-12T14:05:41.000Z
http://166.88.130.191:4021,0x26b5af2f0aa8a3858a266e62eef64c20440ad8a2,8,80000000,1,2025-10-25T03:15:43.000Z
http://78.47.245.97:3000,0x1cd0efc43d072aa21b32a810fb7c53d55bb6bace,8,8000,1,2025-11-04T22:32:53.000Z
https://solwall.xyz,0x1cd0efc43d072aa21b32a810fb7c53d55bb6bace,8,8000,1,2025-11-04T22:32:53.000Z
http://78.47.245.97:8080,0x1cd0efc43d072aa21b32a810fb7c53d55bb6bace,8,8000,1,2025-11-04T22:32:53.000Z
http://78.47.245.97:4021,0x1cd0efc43d072aa21b32a810fb7c53d55bb6bace,8,8000,1,2025-11-04T22:32:53.000Z
https://x402-svt9.onrender.com,0x13bbb0827f3ac7aac88a98422001656844b61213,8,71000,2,2026-06-20T02:17:17.000Z
https://x402.strikerobot.ai,0xf57270c15d7a6df9c3142576c22d1cb441f85e9f,7,310000,1,2026-06-12T05:16:11.000Z
https://api.tugba.uk,0xe2cbcbadce19bb32db8f490a1600577cd6c01922,7,7000,1,2026-05-07T21:51:41.000Z
https://server.r1xlabs.com,FJ1D5BAoHJpTfahmd8Ridq6kDciJq8d5XNU7WnwKExoz,7,1750000,2,2025-11-09T20:47:25.000Z
https://promptqualityscore.com,GSC1Jqqt374y276tydXn5Bsb6AvSF9LHqeacYJciAZDc,7,775000,1,2026-06-21T17:49:53.000Z
https://crypto.fast402.online,0xa122360d1b4d0a822f3ef3a66afb3b846f0ab7d0,7,700000,1,2026-05-04T17:26:55.000Z
https://bricks.builddetroit.xyz,0x84d2d6536fe3553c537233160f3611a794b18d13,7,3500000,3,2026-06-29T05:33:43.000Z
https://2x-3090.tailf80b7a.ts.net,0xea5629eaa80c1d39c1622a017776ffed1f231c88,7,70000,1,2026-06-21T05:15:37.000Z
https://api.x402vector.com,0x235e65f295ce286453cce247b5d8e07ae2e851d9,7,76000,2,2026-06-19T15:46:17.000Z
https://regwatch.hergertsynthora.com,0x6d9f318463168ff637b50e5b9a21392e97c7c167,7,65000,3,2026-06-25T22:05:01.000Z
https://pay.hergertsynthora.com,0x6d9f318463168ff637b50e5b9a21392e97c7c167,7,65000,3,2026-06-25T22:05:01.000Z
https://api.thesafestream.com,0x01d17c38700ab099f076ccb4b81c876b1e97e1bb,7,1980000,2,2026-07-01T05:32:33.000Z
https://agent-ready.dev,0x5c08951b999cc133ee4161a3a2b299160f66c42e,7,140000,2,2026-07-01T13:07:13.000Z
https://data-selling-api-53234eff36dc.herokuapp.com,0xc3fc3b2a10c10a461e560ed0fa3713264d262586,7,7000,2,2026-03-27T01:39:53.000Z
https://stablecoin-policy.vercel.app,0x112b595e05d962376a307ddc347ed3fac6c975f1,7,430000,2,2026-06-21T05:03:39.000Z
https://x402angryapesx.vercel.app,0x716adab8ee580290246ae8d0d8af520d09c9f35c,7,601000,3,2025-11-06T01:39:35.000Z
https://givemeonecent.vercel.app,0x716adab8ee580290246ae8d0d8af520d09c9f35c,7,601000,3,2025-11-06T01:39:35.000Z
https://onecent-two.vercel.app,0x716adab8ee580290246ae8d0d8af520d09c9f35c,7,601000,3,2025-11-06T01:39:35.000Z
https://stabledesign.vercel.app,0x2c86bbcd860794ceb4c7ee74cce9f694c078d26d,6,60000,1,2026-05-08T20:09:01.000Z
http://103.103.20.239:3001,0x2735ba639e9c33a7c259d6e342eabaad338a8b9b,6,6000000,1,2025-10-24T18:42:03.000Z
https://mint.snowfro.com,0x6e1081d518f8ee5d11460cbedef1ed5a47bf98a7,6,6000000,4,2026-06-22T04:02:09.000Z
https://orbisapi.com,GX6SKV6NahzGAocGs1uiAjFATUsdeEqT4dsEjwU6UrUE,6,8000000,1,2026-05-21T23:20:21.000Z
https://x402social.xyz,0xe44f5f41d11d142ed428930bb7fbc5b162e7efe2,6,60000,2,2025-10-31T22:49:07.000Z
https://b423c4ad1cbc.ngrok-free.app,0xe3200439fc19944d2f75b1aae0a513b1cfbb9901,6,6000000,2,2025-10-24T12:50:29.000Z
https://x402-srv-dev.dopamint.ai,0xeff8de93282923cf74eb5fc59cd4ff8d958ed42d,6,300000,1,2025-11-07T06:10:39.000Z
https://rasoster.netlify.app,0x5316da5619a6a3e93964bf12211b76af5f94b2f0,6,1300000,1,2026-06-28T09:46:19.000Z
https://www.tip.md,EGXnfKYWSJjkLaQQRVK5oFWBd7T6A2rQA6CxvUgfVpci,6,170000,2,2025-10-10T15:46:53.000Z
https://x4023.987659876.xyz,0xb5d6801bc3dd17648e66ae22b80757692b1c5a42,6,204000,3,2026-03-18T09:20:29.000Z
https://x4024.987659876.xyz,0xb5d6801bc3dd17648e66ae22b80757692b1c5a42,6,204000,3,2026-03-18T09:20:29.000Z
https://oagx402test2.987659876.xyz,0xb5d6801bc3dd17648e66ae22b80757692b1c5a42,6,204000,3,2026-03-18T09:20:29.000Z
https://oagx402test.987659876.xyz,0xb5d6801bc3dd17648e66ae22b80757692b1c5a42,6,204000,3,2026-03-18T09:20:29.000Z
https://api.glianalabs.com,CXSdm7NgrFXooHbvN6CdNgMvmqTkVLzu6JCVZR3J3Ygh,6,61000,4,2026-06-29T18:25:28.000Z
https://onchaininja.vercel.app,0xb6f907e6a67c2f61f4c8c5293886ae9ce71a1a43,6,6000000,2,2026-06-26T21:46:33.000Z
https://x402ninja.vercel.app,0xb6f907e6a67c2f61f4c8c5293886ae9ce71a1a43,6,6000000,2,2026-06-26T21:46:33.000Z
https://nininonchain.vercel.app,0xb6f907e6a67c2f61f4c8c5293886ae9ce71a1a43,6,6000000,2,2026-06-26T21:46:33.000Z
https://onchainninja.vercel.app,0xb6f907e6a67c2f61f4c8c5293886ae9ce71a1a43,6,6000000,2,2026-06-26T21:46:33.000Z
https://x402ninnin.vercel.app,0xb6f907e6a67c2f61f4c8c5293886ae9ce71a1a43,6,6000000,2,2026-06-26T21:46:33.000Z
https://api.x402milk.wtf,0x1504f3e587d879b778a894ce7ed7a696183fc7e7,6,100000,1,2025-10-29T19:21:29.000Z
https://paddock.finance,0x153aa87807d8f6deb65bd53b137cee7ad2daccdb,6,2111000,2,2026-07-01T05:24:37.000Z
https://audits.archonics.ai,0x5c9cb09ff670c39508db6730d315ba4b8057deb5,6,54000000,1,2026-04-28T17:05:29.000Z
https://proxy402.com,0x8b12a3c1ac1d1356cb24a642dafca8f0f60cdef2,6,2300000,2,2025-10-30T02:32:11.000Z
https://mcp.gapup.io,0xba1e0a29b7c3ca3bca23ffd6922c6c37fbcc730c,6,12000,2,2026-06-18T10:46:07.000Z
https://agent.api.eternalai.org,0xd8de6aae6d859655551cca8cef66fe1d25b5122d,6,60000,2,2025-09-05T14:16:01.000Z
https://edgar.apitoll.cloud,7kPWiEbDXu33FomKG6mGa7R8HGSfUGFsAoKFZeBERJaH,6,35000,1,2026-06-14T12:20:53.000Z
https://api.ttsaudit.com,0xc5da72828ba2756d662f8cf74e14d41232edc9c0,5,34000,1,2026-04-12T13:42:11.000Z
https://tiny.cv,0x1aae650438472b0957ad20ee45e06487446bd4ff,5,2000000,1,2026-04-22T22:40:19.000Z
https://store.nosub.club,0x1697e369cbbe8eb7b710152b64c59a6f5d26a56a,5,230000,4,2026-06-27T10:15:49.000Z
https://old-faithful.up.railway.app,0xed26b1f23781d77430ad6e6bcb1a243ec610cf94,5,50000,2,2025-11-06T12:25:03.000Z
https://gleaming-cassata-d41682.netlify.app,0x84c2e2ec19a4b467d89fe3f008591deea884d9ac,5,90000,3,2026-06-01T17:02:11.000Z
https://lion-x402.lionmaster-operations.workers.dev,0x84c2e2ec19a4b467d89fe3f008591deea884d9ac,5,90000,3,2026-06-01T17:02:11.000Z
https://lionx402.com,0x84c2e2ec19a4b467d89fe3f008591deea884d9ac,5,90000,3,2026-06-01T17:02:11.000Z
https://juxtamode.com,0x402fabfabe41fdf1de238b46cdead2af00514c31,5,500000,2,2026-06-21T05:02:25.000Z
https://apiv0.whaleintel.ai,0x83f56b666bbebfa7171c2622e9ccaa64cbe52499,5,500000,1,2025-10-25T12:11:47.000Z
https://x402.bigbug.ai,0x0867d410db7720abe9a7fc040e909d1439e5f0d3,5,500000,2,2026-04-25T10:24:43.000Z
https://nation.service.crestal.dev,0x994d0e1d2c2a24535ca9caa61113c60ad4b02241,5,50000,2,2026-01-28T11:00:37.000Z
https://revpulse-seven.vercel.app,0x0dd2a4ab1004f05b8b60595891ee31e2a6135fe6,5,1004000,3,2025-11-15T19:17:05.000Z
https://api.cdk.bot,0x0b321a0f1294431347f98e10a2275f23b11bbffb,5,3200000,2,2026-06-04T07:23:41.000Z
https://rim-hair-collector-negotiations.trycloudflare.com,0x5ba20d358f417529813ec7cbfb20fe819a73cddc,5,25000000,2,2025-10-25T03:32:57.000Z
https://towns-task-mother-addressed.trycloudflare.com,0x5ba20d358f417529813ec7cbfb20fe819a73cddc,5,25000000,2,2025-10-25T03:32:57.000Z
https://turbidimetrically-pillared-viviana.ngrok-free.dev,0x5ba20d358f417529813ec7cbfb20fe819a73cddc,5,25000000,2,2025-10-25T03:32:57.000Z
https://nevada-gamecube-stability-fragrance.trycloudflare.com,0x5ba20d358f417529813ec7cbfb20fe819a73cddc,5,25000000,2,2025-10-25T03:32:57.000Z
https://looked-mrna-buf-sides.trycloudflare.com,0x5ba20d358f417529813ec7cbfb20fe819a73cddc,5,25000000,2,2025-10-25T03:32:57.000Z
https://x402mint.fun,0xacf501d79850be2364ac7de6850d63dcde60c211,5,5000,2,2025-10-25T03:30:05.000Z
https://ngmi--b088743456a711f1b5c3ee650bb23af1.web.val.run,0x3f11baab8b0454131b6c81684524ccf1c98b4968,5,50000,1,2026-05-25T15:33:35.000Z
https://clawy.uk,0x767c96c228560de259c2db1d3c636b4c87b01a0c,5,210000,2,2026-06-25T13:18:03.000Z
https://www.punksx402.xyz,0x50c400a4e41f6b186b8761cd843afe3452741936,5,20000000,5,2025-10-27T06:32:55.000Z
https://socialintel.dev,Fj2MVB43hefNzf2XtJp9wGYqS6zHyLzewZ2Vbo4EmBvV,5,140000,4,2026-06-28T15:38:39.000Z
https://api.socialintel.dev,Fj2MVB43hefNzf2XtJp9wGYqS6zHyLzewZ2Vbo4EmBvV,5,140000,4,2026-06-28T15:38:39.000Z
https://402.puptool.xyz,0xed589af81767fb46e26239975745a7111214b30b,5,5000,3,2025-10-31T16:51:45.000Z
https://contessa-awkward-vocatively.ngrok-free.dev,0x29865d0e41a75470c5d8aa9f0e0b373518f7fe71,5,41000,2,2026-06-09T03:00:53.000Z
https://json-toon-api-production.up.railway.app,0x7120bc3e6924c781159d1055a9491145335f1022,5,125000,1,2025-10-24T19:23:23.000Z
https://bodyguard.finance,0x8bcbb0c445686bd6f6f7fd73f0778658f4206ae5,5,500000,1,2026-05-13T12:58:27.000Z
https://x402y00ts.vercel.app,0x3a4260691095e920aeb3c9a8c62892272246a3e3,5,41000,1,2025-11-13T03:41:29.000Z
https://stableflowers.dev,0x14c17463537e0d9c847005c49001b37bb87510eb,5,534700000,5,2026-05-29T15:41:53.000Z
https://sigint-agent-production.up.railway.app,0x9fe05351902e13c341e54f681e9541790efbe9b9,5,500000,1,2026-02-28T15:50:39.000Z
https://mistral.payweave.services,0x19491164262c8963b11e1bcb1e4351c101b420ff,5,23000,2,2026-07-01T09:06:19.000Z
https://mistral.payweave.services,2SbhPjHwijJExLcjjDuk6hAgxHCbBqs7xu45cXz5DCEb,5,23000,2,2026-07-01T09:06:19.000Z
https://browserbase.payweave.services,0x19491164262c8963b11e1bcb1e4351c101b420ff,5,23000,2,2026-07-01T09:06:19.000Z
https://browserbase.payweave.services,2SbhPjHwijJExLcjjDuk6hAgxHCbBqs7xu45cXz5DCEb,5,23000,2,2026-07-01T09:06:19.000Z
https://cloudflare.payweave.services,0x19491164262c8963b11e1bcb1e4351c101b420ff,5,23000,2,2026-07-01T09:06:19.000Z
https://cloudflare.payweave.services,2SbhPjHwijJExLcjjDuk6hAgxHCbBqs7xu45cXz5DCEb,5,23000,2,2026-07-01T09:06:19.000Z
https://storage.payweave.services,0x19491164262c8963b11e1bcb1e4351c101b420ff,5,23000,2,2026-07-01T09:06:19.000Z
https://storage.payweave.services,2SbhPjHwijJExLcjjDuk6hAgxHCbBqs7xu45cXz5DCEb,5,23000,2,2026-07-01T09:06:19.000Z
https://fal.payweave.services,0x19491164262c8963b11e1bcb1e4351c101b420ff,5,23000,2,2026-07-01T09:06:19.000Z
https://fal.payweave.services,2SbhPjHwijJExLcjjDuk6hAgxHCbBqs7xu45cXz5DCEb,5,23000,2,2026-07-01T09:06:19.000Z
https://abstract-exchange-rates.payweave.services,0x19491164262c8963b11e1bcb1e4351c101b420ff,5,23000,2,2026-07-01T09:06:19.000Z
https://abstract-exchange-rates.payweave.services,2SbhPjHwijJExLcjjDuk6hAgxHCbBqs7xu45cXz5DCEb,5,23000,2,2026-07-01T09:06:19.000Z
https://parallel.payweave.services,0x19491164262c8963b11e1bcb1e4351c101b420ff,5,23000,2,2026-07-01T09:06:19.000Z
https://parallel.payweave.services,2SbhPjHwijJExLcjjDuk6hAgxHCbBqs7xu45cXz5DCEb,5,23000,2,2026-07-01T09:06:19.000Z
https://replicate.payweave.services,0x19491164262c8963b11e1bcb1e4351c101b420ff,5,23000,2,2026-07-01T09:06:19.000Z
https://replicate.payweave.services,2SbhPjHwijJExLcjjDuk6hAgxHCbBqs7xu45cXz5DCEb,5,23000,2,2026-07-01T09:06:19.000Z
https://retrieval.payweave.services,0x19491164262c8963b11e1bcb1e4351c101b420ff,5,23000,2,2026-07-01T09:06:19.000Z
https://retrieval.payweave.services,2SbhPjHwijJExLcjjDuk6hAgxHCbBqs7xu45cXz5DCEb,5,23000,2,2026-07-01T09:06:19.000Z
https://sandbox.payweave.services,0x19491164262c8963b11e1bcb1e4351c101b420ff,5,23000,2,2026-07-01T09:06:19.000Z
https://sandbox.payweave.services,2SbhPjHwijJExLcjjDuk6hAgxHCbBqs7xu45cXz5DCEb,5,23000,2,2026-07-01T09:06:19.000Z
https://mail.payweave.services,0x19491164262c8963b11e1bcb1e4351c101b420ff,5,23000,2,2026-07-01T09:06:19.000Z
https://mail.payweave.services,2SbhPjHwijJExLcjjDuk6hAgxHCbBqs7xu45cXz5DCEb,5,23000,2,2026-07-01T09:06:19.000Z
https://relay.payweave.services,0x19491164262c8963b11e1bcb1e4351c101b420ff,5,23000,2,2026-07-01T09:06:19.000Z
https://relay.payweave.services,2SbhPjHwijJExLcjjDuk6hAgxHCbBqs7xu45cXz5DCEb,5,23000,2,2026-07-01T09:06:19.000Z
https://scheduler.payweave.services,0x19491164262c8963b11e1bcb1e4351c101b420ff,5,23000,2,2026-07-01T09:06:19.000Z
https://scheduler.payweave.services,2SbhPjHwijJExLcjjDuk6hAgxHCbBqs7xu45cXz5DCEb,5,23000,2,2026-07-01T09:06:19.000Z
https://agents.api.memeputer.com,H9QoZ5ZxcqFU9q3MWQcFWvAdkeuAY9hua1mJpxmzNoD8,4,40000,2,2025-11-14T23:11:52.000Z
https://sna4an-mega-v7.vercel.app,0x27c98d97ef398b24133c1c9c17e0bf1e7ad7eddc,4,269929,1,2026-07-01T15:49:19.000Z
https://sna4an-hub-v7.vercel.app,0x27c98d97ef398b24133c1c9c17e0bf1e7ad7eddc,4,269929,1,2026-07-01T15:49:19.000Z
https://sna4an-trading-v7.vercel.app,0x27c98d97ef398b24133c1c9c17e0bf1e7ad7eddc,4,269929,1,2026-07-01T15:49:19.000Z
https://exit-hub-v1.vercel.app,0x27c98d97ef398b24133c1c9c17e0bf1e7ad7eddc,4,269929,1,2026-07-01T15:49:19.000Z
https://exit-trading-v1.vercel.app,0x27c98d97ef398b24133c1c9c17e0bf1e7ad7eddc,4,269929,1,2026-07-01T15:49:19.000Z
https://sna4an-social.vercel.app,0x27c98d97ef398b24133c1c9c17e0bf1e7ad7eddc,4,269929,1,2026-07-01T15:49:19.000Z
https://exit-mega-v1.vercel.app,0x27c98d97ef398b24133c1c9c17e0bf1e7ad7eddc,4,269929,1,2026-07-01T15:49:19.000Z
https://sna4an-linkedin.vercel.app,0x27c98d97ef398b24133c1c9c17e0bf1e7ad7eddc,4,269929,1,2026-07-01T15:49:19.000Z
https://sna4an-finance.vercel.app,0x27c98d97ef398b24133c1c9c17e0bf1e7ad7eddc,4,269929,1,2026-07-01T15:49:19.000Z
https://sna4an-misc.vercel.app,0x27c98d97ef398b24133c1c9c17e0bf1e7ad7eddc,4,269929,1,2026-07-01T15:49:19.000Z
https://sna4an-hub-v8.vercel.app,0x27c98d97ef398b24133c1c9c17e0bf1e7ad7eddc,4,269929,1,2026-07-01T15:49:19.000Z
https://sna4an-trading-v8.vercel.app,0x27c98d97ef398b24133c1c9c17e0bf1e7ad7eddc,4,269929,1,2026-07-01T15:49:19.000Z
https://sna4an-mega-v8.vercel.app,0x27c98d97ef398b24133c1c9c17e0bf1e7ad7eddc,4,269929,1,2026-07-01T15:49:19.000Z
https://sna4an-crypto.vercel.app,0x27c98d97ef398b24133c1c9c17e0bf1e7ad7eddc,4,269929,1,2026-07-01T15:49:19.000Z
https://x402-nvidia.vercel.app,0x27c98d97ef398b24133c1c9c17e0bf1e7ad7eddc,4,269929,1,2026-07-01T15:49:19.000Z
https://pay402.xyz,0x49925ece7fec6be3a02d4944fe5a04f75ee81a3e,4,4000000,4,2025-10-26T13:29:43.000Z
https://arxiv-research-agent.up.railway.app,0x5082c17cc2c2c55dfc58ca42cb91e0c12656eeb4,4,12000,1,2026-01-14T21:51:43.000Z
https://api.lastman.fun,0xf21a186861a777b88e1a84a5cd4fe69c77e41c4c,4,40000,3,2025-10-29T15:13:19.000Z
https://api.maix402.com,0xe3d1a2443471a545f56dda92726fe9abbc58baae,4,40000000,4,2025-10-27T18:06:07.000Z
https://9tajbhe7.nx.link,0xeed56ccafbb247c60d39be87909e4ff96ef245a6,4,39880,1,2026-03-25T02:17:23.000Z
https://x402.zeroresearch.ai,0xae45d194d281119b83a838363579033b2ce4fd34,4,10020000,3,2026-02-02T22:38:25.000Z
https://data-vending.869biz.com,5s2sPtwewR5kMdrhSjcC4ceWJi3WaahvnLrm4qMvEB8o,4,37000,2,2026-06-07T23:17:38.000Z
https://flylabs.fun,0xb92ad8e7b178821741bb410c0d8c575aeaa10f3b,4,100000,1,2026-04-21T04:14:55.000Z
https://parsedoc.wrapper-agency.com,0xdf3afe9e7df48647f5f49023c6254f2ff6eeb36a,4,110000,3,2026-07-01T04:10:33.000Z
http://api.hashhunter.app,0x93099b21bd4ceeb785505a89e9c72d9c4cb3dbee,4,4,1,2026-06-22T05:13:55.000Z
https://api.hashhunter.app,0x93099b21bd4ceeb785505a89e9c72d9c4cb3dbee,4,4,1,2026-06-22T05:13:55.000Z
https://api.402pixels.com,0x6ed77d968d9759dd08a9bb02b9b796a21d5aa30d,4,2250000,2,2026-06-23T16:08:05.000Z
https://app.cusethejuice.com,0xc0c34d73fc65a1eda6711936e33d829e03c6ea76,4,62000,1,2026-03-19T14:52:57.000Z
https://robomoustach.io,0x7e6238f6e99a16b2364dbc92f548e606893a0b81,4,4000,2,2026-03-02T19:17:23.000Z
https://sentinel-awms.onrender.com,0x7db238af8aae72c57a943060bfd69b8eb619d9a8,4,43000,2,2026-06-16T17:18:53.000Z
https://x402.miroshark.xyz,7SdBWQZZM46E1ZmsFhbNN1UD4UquyYsvNGNoas6UCHip,4,4000000,1,2026-06-26T20:50:47.000Z
https://ren-api-production.up.railway.app,0xf58f75a803f1264d3f658885c0d12df4f3c51303,4,40000,2,2026-07-01T05:26:57.000Z
https://api.apolloterminal.xyz,0xa751908829cea32486e3ba43f76edf4ccf02f67c,4,6000000,1,2025-10-30T02:54:19.000Z
https://x402.apolloterminal.xyz,0xa751908829cea32486e3ba43f76edf4ccf02f67c,4,6000000,1,2025-10-30T02:54:19.000Z
https://api.launchx402.fun,7ZAWRV4T27f8VZbkELayfnfPutBbKeXZPZJeGBxuYMJK,4,8000000,3,2025-11-04T00:47:42.000Z
https://1xyxamiu.nx.link,0xd4ab20dbd8af75f39bf6cb601fc08bab7d4db198,4,39880,1,2025-11-01T19:07:21.000Z
https://t9b79vya.nx.link,0xd4ab20dbd8af75f39bf6cb601fc08bab7d4db198,4,39880,1,2025-11-01T19:07:21.000Z
https://x402zeroclick.com,0x2d074945ccb673925fba6557372245b5bfa8132d,4,2200000,1,2025-10-27T21:34:35.000Z
http://31.220.48.59:3000,0x342c0a656d9250a6f26f299a175904d7ec3b2218,4,40000,2,2025-10-26T16:07:33.000Z
https://crowdpull.click,0x95e548cc2000d8674b3a79f9ebeec30f8fb7a906,4,65000,1,2026-07-01T17:18:33.000Z
https://api.lovenft.xyz,0xb9bd1627df35e61fc2e55c2428da3091171f2ec5,4,40000000,1,2025-10-25T11:51:49.000Z
https://tack.inferenceroom.ai,0xa2cbc3583b747b1cf245ed992e3f870b86685cb7,4,4000,1,2026-04-30T13:34:55.000Z
http://api.jokie.online,0x40633bc9eab8cd7442c805218d3318012f7c9666,4,4000000,2,2025-10-28T00:19:19.000Z
https://ctr-token.vercel.app,0x2434e52a84399e5f9c29d9210c78eb97d8355f1d,4,4000,2,2025-10-28T10:17:19.000Z
https://dev-gateway-proxy-api.abstraxn.com,0x3408d2960af2b7d0d9689c6078c062b59a3cb122,4,31000,3,2026-06-11T07:35:19.000Z
https://dev-gateway-proxy-api.abstraxn.com,0x033f373562ef9e929c9bc270be599b4b07fe2c30,4,31000,3,2026-06-11T07:35:19.000Z
https://gateway-proxy-api.abstraxn.com,0x3408d2960af2b7d0d9689c6078c062b59a3cb122,4,31000,3,2026-06-11T07:35:19.000Z
https://gateway-proxy-api.abstraxn.com,0x033f373562ef9e929c9bc270be599b4b07fe2c30,4,31000,3,2026-06-11T07:35:19.000Z
https://api.agentsconsultants.com,0xb098c95b861fd1b39d8b157b74206636801f8422,4,110000,2,2026-07-01T18:51:39.000Z
https://api.agentsconsultants.com,0xbb263436ce2201c94605e613a8ff78a406338ead,4,110000,2,2026-07-01T18:51:39.000Z
https://api.biotechcatalystsentinel.com,3gM4YDDPAi7w1di7rHAAaHc5T1tR7NRXzLWzPPN4ZRaM,4,80000,3,2026-06-24T15:01:21.000Z
https://api.biotechcatalystsentinel.com,0xcd8975137d48ed9bfd1c299a62c01420b860070d,4,80000,3,2026-06-24T15:01:21.000Z
https://usand.xyz,0x5dea3f0437d74c056eb7c9fcd568b0276d50f573,3,3000,3,2025-10-27T06:23:53.000Z
https://twentyonemillion.art,0xf47e84caf47bb85e16c08d6140435882815502ee,3,3000000,3,2026-06-30T14:31:25.000Z
https://payanagent.com,0xa2d72abf2c5e939fddca4156b74de482e03ca3ec,3,30000,1,2026-06-12T11:28:07.000Z
https://ecliptic.up.railway.app,0x47ed9c7f446415e52502c1d618284b7b920fbcd6,3,600000,1,2025-10-13T23:11:31.000Z
https://api.vibe.airforce,0x504c0ec465fdcecc6a12763046cb1a3014b3c73b,3,1500000,1,2026-05-31T15:53:27.000Z
https://wall-production-54f5.up.railway.app,0x3ee06bba3a52be02cfdc425bdb834feb968969b8,3,13000,1,2025-11-09T08:22:09.000Z
http://agent-production-fcb8.up.railway.app,0x3ee06bba3a52be02cfdc425bdb834feb968969b8,3,13000,1,2025-11-09T08:22:09.000Z
https://pagepage.xyz,0x50e8e944f98008f1d18c4c604fcf768605ef96c5,3,90000,3,2025-10-27T14:40:29.000Z
https://api-x402.acore.app,0xe29a063ca3471edf4b6f27e62a62c29994947e6c,3,120000,1,2025-11-27T18:11:41.000Z
https://api.serpang.xyz,0xe172755ec5910a3777b74a5ab4fd364a04c508d7,3,655,2,2026-06-15T02:08:35.000Z
https://endpoint-402-production.up.railway.app,0xfb1e495e9e056ce98b51365da91f146937978292,3,3000,1,2025-10-30T11:50:37.000Z
https://x101.fun,0x3710fb667928722dc9113b30454a0b3dfed4a9e2,3,21000,1,2025-10-26T14:43:01.000Z
http://x101.fun,0x3710fb667928722dc9113b30454a0b3dfed4a9e2,3,21000,1,2025-10-26T14:43:01.000Z
https://x240.org,0x5cf18012394680724ab541e5d7fbec302e0b23eb,3,30000,1,2025-12-04T05:03:35.000Z
https://relayzero.ai,2MB8Gk4PebwhP6yaiiMjofHYoQvvQ8iWo3hdkUHQ1Wdq,3,60000,1,2026-03-03T17:03:37.000Z
https://x402.d-bis.org,0x64357fcadcc0a85c23b56a076a790d79328c6ad2,3,30000,1,2026-06-20T14:38:19.000Z
https://stockwaves.net,4uLqY8BnJuA7CFxRork2FnNMu2u9NsJquF8Cc6V5B5jB,3,6000,1,2026-06-10T02:20:12.000Z
https://402sentinel.com,4uLqY8BnJuA7CFxRork2FnNMu2u9NsJquF8Cc6V5B5jB,3,6000,1,2026-06-10T02:20:12.000Z
https://overgenially-rustiest-dane.ngrok-free.dev,0x713b306391ed4ca74d6f127675a2c9b9bedfeb8c,3,3000,1,2025-10-27T08:20:51.000Z
https://api.zeroreader.com,0xca99149c1a5959f7e5968259178f974aacc70f55,3,12000,2,2026-05-27T08:39:37.000Z
https://api.actiongate.xyz,0xca2bedad2272a4cba334be11e833bf8b8efb5a60,3,60000,2,2026-03-09T21:58:57.000Z
https://agentapi.rozo.ai,0x2352fa2970dbadd12d21808db0f56cdec8141739,3,3307500,1,2026-05-03T18:24:51.000Z
https://api.retry402.com,0x7d08009cbb29e8c726a22a285c1c1cf1160c8a99,3,3000000,2,2025-10-24T18:42:51.000Z
https://api.xfinance.cc,0x7f8a1e403ff9fd25bd03ff2e3af806f41ea662e7,3,150000,1,2025-11-11T14:24:51.000Z
https://api.safuclaw.com,0x800f2d5e4dec52418c041676014fd29085c939c1,3,2080000,1,2026-03-11T00:59:43.000Z
https://mint13.up.railway.app,0x80b5a867e2f7af7d0dd6ddb20fb477ed787a58f3,3,502000,2,2025-10-27T23:54:17.000Z
https://v.x402birds.fun,0x80b5a867e2f7af7d0dd6ddb20fb477ed787a58f3,3,502000,2,2025-10-27T23:54:17.000Z
https://x4-production.up.railway.app,0x80b5a867e2f7af7d0dd6ddb20fb477ed787a58f3,3,502000,2,2025-10-27T23:54:17.000Z
https://mint1.up.railway.app,0x80b5a867e2f7af7d0dd6ddb20fb477ed787a58f3,3,502000,2,2025-10-27T23:54:17.000Z
https://47a19bc82bd3d48226f690b4420538f9.serveo.net,0x80b5a867e2f7af7d0dd6ddb20fb477ed787a58f3,3,502000,2,2025-10-27T23:54:17.000Z
https://mint134.up.railway.app,0x80b5a867e2f7af7d0dd6ddb20fb477ed787a58f3,3,502000,2,2025-10-27T23:54:17.000Z
https://3fe290f1f310dc86f98e396f7003857d.serveo.net,0x80b5a867e2f7af7d0dd6ddb20fb477ed787a58f3,3,502000,2,2025-10-27T23:54:17.000Z
https://sentineltrust.xyz,0xbf56c7852700328b23055a4b5dce27cfc9f0d1d3,3,300000,2,2026-06-23T15:50:47.000Z
https://api.pewx402.fun,0x1c53f54df9a67488b3d69629db06e4d2cc9283c8,3,3000000,1,2025-10-27T18:17:09.000Z
https://api-nothung.vercel.app,0x86453ac28e87760f623705893423db678701b6ec,3,1002000,1,2025-11-01T15:25:23.000Z
https://www.x404.page,0x88023c305b471649d326b7b95149146f4b5308b5,3,2500000,1,2025-10-30T14:32:07.000Z
https://x404.page,0x88023c305b471649d326b7b95149146f4b5308b5,3,2500000,1,2025-10-30T14:32:07.000Z
https://macrotrendsanalyst-production.up.railway.app,0x186b533f63774a9dbe902739516189b7760fcde4,3,150000,2,2025-08-17T16:36:59.000Z
https://hypernatt.com,0xb73012907f4a307b8a9dddd180bef59265409886,3,3000,2,2026-06-16T21:41:45.000Z
https://x402-production-0e67.up.railway.app,0xb68f51a1196398e07345fa55750b9f9554d6c072,3,24000000,1,2026-03-20T14:04:39.000Z
https://agentndx-production.up.railway.app,0xa1ab8f21c69c2f9886db7a644170daab2315d1bb,3,15000,2,2026-06-22T13:23:45.000Z
https://api.aiservices.to,0x9863ab6242663fcc84c33632741711db78f8fd15,3,50000,1,2026-06-30T14:32:05.000Z
https://api.agentcourt.to,0x9863ab6242663fcc84c33632741711db78f8fd15,3,50000,1,2026-06-30T14:32:05.000Z
https://apitoken.clawwallet.cc,0xaae6ad6b370812f2c75bceef6d37b6b7491fcf08,3,1200000,2,2026-04-29T09:56:33.000Z
https://x402-zco6l.ondigitalocean.app,0xa9f2f96e2db72cb94405a5ec179b0cf7aa60517d,3,300000,1,2025-10-27T13:52:51.000Z
https://api.panevin.net,0x9bdf7621fe1da6421e69db0d98bfa5e30a209cf7,3,3000,2,2026-03-17T14:20:23.000Z
https://client-sdk-production-569e.up.railway.app,0x9cfd6e7a51631c71bfd8ceb102cf52055b676886,3,5191032,2,2025-11-17T18:52:11.000Z
https://x402.agent1.studio,ujM6xAH2X79h22Roof2hXTPtjLLUahz3f9vBepQuXM6,3,101000,2,2025-11-17T19:01:55.000Z
https://x402.agent1.studio,0xd27196caf062dfbe6950592ce198e63eee7b441c,3,101000,2,2025-11-17T19:01:55.000Z
https://www.outcryai.com,0xc33c08846734b1054435720977680bee9d87c537,2,200000,1,2026-06-18T05:56:13.000Z
https://api.liquidagent.ai,0x487b28a4fbba8cf46eb6e1d72e6959202bb75e90,2,500000,1,2026-06-10T21:27:47.000Z
https://book402.com,0x6b1925e4a1f779797ef51a18a4694b59ffb60aba,2,20000,1,2026-06-20T05:09:05.000Z
https://x402-market.kore-app.workers.dev,0x1deeaec4250e66702e22777ec1e3a70b19745a72,2,20000,2,2026-06-23T15:30:37.000Z
https://p402.mailberkayoztunc.workers.dev,brkRHDzXoGDsTtSeFbVLNKpVmCYCV2YEFayEusQAGxF,2,20000,1,2025-11-03T22:49:50.000Z
https://end-point-production.up.railway.app,0x886bef72288113665c1f68174964208792ded3cb,2,101000,1,2025-10-30T10:48:39.000Z
https://x402btc.vercel.app,0x895b632e6cd41307bc25f5a3e6358fc39458f498,2,19940,1,2025-10-26T18:45:03.000Z
https://mcp.swissdeals.app,0x7d84c549d747bdf74c490d25617044eb2b747b0d,2,20000,1,2026-04-25T12:09:53.000Z
https://x402forge.com,0xae3fd1762761513f5ca60717b0e1234a481213c4,2,200000,1,2025-11-10T17:16:05.000Z
https://dod.hshintelligence.com,0xf2b8ffa9611d95f4f5def304453d5ceb2a6fb72b,2,40000,1,2026-06-21T05:18:55.000Z
https://api.x402mfers.com,0xad26ad443ee34b1264e7a594c68456d733cad58a,2,2000,1,2025-11-02T11:43:39.000Z
https://tribal-producing-materials-vice.trycloudflare.com,0x8aee621035d93deb3c0c1177fac252dc2dd501a0,2,100000,1,2026-06-26T13:38:51.000Z
https://duo-upgrading-donna-fate.trycloudflare.com,0xe53a4f41b231bc9514fa44e0b04aa12487944fcb,2,40000,1,2026-03-07T03:40:01.000Z
https://crestsystems.ai,0xe630dde2326597d3370513647cba4874ce1bef36,2,3000000,2,2026-06-05T21:01:11.000Z
https://polymarket-scan-api.tatsu77.workers.dev,0xac2086fcfab100feb50dc8d9fd592eca6a30df6d,2,10000,2,2026-06-16T02:24:09.000Z
https://polymarket-liquidity-api.tatsu77.workers.dev,0xac2086fcfab100feb50dc8d9fd592eca6a30df6d,2,10000,2,2026-06-16T02:24:09.000Z
https://token-intel-api.tatsu77.workers.dev,0xac2086fcfab100feb50dc8d9fd592eca6a30df6d,2,10000,2,2026-06-16T02:24:09.000Z
https://stableprint.dev,vzUNYytwxtjpQBQY67uP5KB6Fhd9ARZmn8CpyfpSFtM,2,21480000,2,2026-06-09T03:08:09.000Z
https://getshiftly.xyz,0xabe4976624c9a6c6ce0d382447e49b7feb639565,2,300000,1,2026-03-13T18:42:05.000Z
https://x402.charliemorrison.dev,0x435afac555fe115f18e657e49960063c12c6aed0,2,7000,1,2026-07-01T04:14:39.000Z
https://api.terradeed.co.uk,0x4e024e356bd01853654b7b5196f2b85f67cc39ec,2,20000,1,2026-06-30T11:09:31.000Z
https://picoads.xyz,0xf0f7936295ea3eec7e95e16bd854460e320cface,2,2000000,2,2026-04-15T23:27:21.000Z
https://ip.coggler.com,0x7e5e047327314caad909a63a3a608fea65dceebd,2,20000,2,2026-06-19T12:01:39.000Z
https://api.voxight.online,0xdcc13d095188c12d7433bac2f5556e92f18d9522,2,60000,1,2026-06-09T07:38:59.000Z
https://x402-parser-edge-mainnet.epicblubber.workers.dev,0xa7737300f4a0ddb4af3fa6e2d886d0de37e01e08,2,4000,2,2026-06-11T03:46:31.000Z
https://apolloai.team,0xf59621fc406d266e18f314ae18ef0a33b8401004,2,60000,1,2026-06-15T16:10:55.000Z
https://grand-gentleness-production-ead4.up.railway.app,5Ua7SpFjuqLL4P7ztFrAjT24jrtX3ALwYwSK9JW2Wxb,2,1200000,1,2026-01-17T08:56:13.000Z
https://mint.x402hood.xyz,0xd95a8764aa0dd4018971de4bc2adc09193b8a3c2,2,20000,1,2025-10-31T06:58:27.000Z
https://x402.serendb.com,0xccbf601eb2f5aa2d5d68b069610da6f1627d485d,2,510000,2,2026-04-17T10:50:03.000Z
https://api.bitrefill.com,5yASLjtNssGXDv6bR9e71WXKxRymDiUzbgkGPqkQNgRn,2,3000,1,2026-06-28T11:48:56.000Z
https://x402-test-seven.vercel.app,0x26f5bb8d5d0d42107bc9e8c2fec8a409131d8cd5,2,20000,1,2025-10-25T04:21:17.000Z
https://api.botpay.network,0xcc1984e79726e7a0ae2b9df2ac9e79fb4983930e,2,11000,2,2025-12-24T06:15:31.000Z
https://api.jamton.network,0xefb3d3b26b31982293be31bdf389e7b5f3b4dcde,2,1010000,2,2026-06-23T15:02:15.000Z
https://api.anchor-x402.com,6apuZvJQ51Led9iEjnHw6f5jfnXL4qjt8S1h58PeXzuR,2,2000,1,2026-06-05T00:41:45.000Z
https://hachimimi.xyz,0xa605589022fa7bee737df74ef386ff97d02200df,2,20000,2,2025-10-27T14:21:37.000Z
https://agent-image-compress-production.up.railway.app,0x9beb81f5fdff9baca6983efcb0c82fe257a6ab6a,2,10000,1,2026-06-26T10:41:03.000Z
http://x402.evalengine.ai,0x6c394ac57327b3b820a3d1f4a49e4bd5867dc67a,2,40000,1,2025-11-28T06:50:53.000Z
https://autopayagent.com,0x589d9f16d7213f99dbc43a9882c39ea2facaad81,2,2000000,1,2026-04-03T01:14:09.000Z
https://hl-tool.darren-pi.workers.dev,0x74718dd5a04e0a0a2bfaf3bd06adb27032c67f7f,2,4000,2,2026-06-17T21:45:23.000Z
https://test-orpin-phi-32.vercel.app,0xb68918211ad90462fbcf75b77a30bf76515422ce,2,11000,1,2026-05-03T06:51:29.000Z
https://ethglobalskills-x402.vercel.app,0xb68918211ad90462fbcf75b77a30bf76515422ce,2,11000,1,2026-05-03T06:51:29.000Z
http://api.poopx402.site,0x42934949692f0828de4ed6013a0cefc9e6d5a086,2,2000000,1,2025-10-27T15:38:27.000Z
https://jp-data-enrich.kasanegi123.workers.dev,0x57af85efcaec627ef91709c394f627586dbebe7a,2,2000,2,2026-04-27T06:15:49.000Z
https://micro-data-api-factory.kasanegi123.workers.dev,0x57af85efcaec627ef91709c394f627586dbebe7a,2,2000,2,2026-04-27T06:15:49.000Z
https://weather-data-api.kasanegi123.workers.dev,0x57af85efcaec627ef91709c394f627586dbebe7a,2,2000,2,2026-04-27T06:15:49.000Z
https://biz-calendar-data-api.kasanegi123.workers.dev,0x57af85efcaec627ef91709c394f627586dbebe7a,2,2000,2,2026-04-27T06:15:49.000Z
https://egov-laws-data-api.kasanegi123.workers.dev,0x57af85efcaec627ef91709c394f627586dbebe7a,2,2000,2,2026-04-27T06:15:49.000Z
https://company-data-api.kasanegi123.workers.dev,0x57af85efcaec627ef91709c394f627586dbebe7a,2,2000,2,2026-04-27T06:15:49.000Z
https://jp-regulatory-data-api.kasanegi123.workers.dev,0x57af85efcaec627ef91709c394f627586dbebe7a,2,2000,2,2026-04-27T06:15:49.000Z
https://jp-grants-data-api.kasanegi123.workers.dev,0x57af85efcaec627ef91709c394f627586dbebe7a,2,2000,2,2026-04-27T06:15:49.000Z
https://jp-local-pack-api.kasanegi123.workers.dev,0x57af85efcaec627ef91709c394f627586dbebe7a,2,2000,2,2026-04-27T06:15:49.000Z
https://api.kasanegi.com,0x57af85efcaec627ef91709c394f627586dbebe7a,2,2000,2,2026-04-27T06:15:49.000Z
https://kasanegi.com,0x57af85efcaec627ef91709c394f627586dbebe7a,2,2000,2,2026-04-27T06:15:49.000Z
https://x402-btc.vercel.app,0x228e47920c18fe8d57c848cae39b53a62842d22f,2,2000000,1,2025-11-07T03:04:53.000Z
https://x402-vercel.vercel.app,0x228e47920c18fe8d57c848cae39b53a62842d22f,2,2000000,1,2025-11-07T03:04:53.000Z
http://test.hpvideo.ai,0x3011aef25585d026bfa3d3c3fb4323f4b0ef3eaa,2,40000,2,2025-11-17T02:48:33.000Z
http://test.hpvideo.ai,0x382a74ac0994886b9923dcb6b3870c2955ad668c,2,40000,2,2025-11-17T02:48:33.000Z
https://optim-solana-gateway-production.up.railway.app,HJ1szpSUkTXkBMsSnAjf6dkj9dgJtCcrEZKxA6GnL1Mh,1,50000,1,2026-03-28T23:19:56.000Z
https://pang.club,0x72b4cdf27b9d6bbd471b278c7f1f6548b49c8ed1,1,1000000,1,2025-10-29T08:52:17.000Z
https://optim-x402-gateway-production.up.railway.app,0xc9ddd9f1d3c63afad2c06f175ce907c5c5d4a410,1,150000,1,2026-03-23T18:43:09.000Z
https://app-pujqztzg.fly.dev,0x7402c8c1f7e6f0c08f74ea8bc2f2cf32120fef1e,1,1000000,1,2025-10-29T01:55:31.000Z
https://app-pxwkkyrr.fly.dev,0x7402c8c1f7e6f0c08f74ea8bc2f2cf32120fef1e,1,1000000,1,2025-10-29T01:55:31.000Z
https://app-dzvsnixq.fly.dev,0x7402c8c1f7e6f0c08f74ea8bc2f2cf32120fef1e,1,1000000,1,2025-10-29T01:55:31.000Z
https://app-ssentqzl.fly.dev,0x7402c8c1f7e6f0c08f74ea8bc2f2cf32120fef1e,1,1000000,1,2025-10-29T01:55:31.000Z
https://billy-backend-mainnet.fly.dev,0x7402c8c1f7e6f0c08f74ea8bc2f2cf32120fef1e,1,1000000,1,2025-10-29T01:55:31.000Z
https://app-tjaqqcle.fly.dev,0x7402c8c1f7e6f0c08f74ea8bc2f2cf32120fef1e,1,1000000,1,2025-10-29T01:55:31.000Z
https://x402-finance-api.vercel.app,0x761c494afc7c52d2d1e670b43aa25416dff75efb,1,10000,1,2026-05-11T12:02:43.000Z
http://runeswap.com,0x23433f0d28840d903d60b8ed44b82efa994c17d2,1,100000,1,2025-11-10T09:36:31.000Z
https://www.runeswap.com,0x23433f0d28840d903d60b8ed44b82efa994c17d2,1,100000,1,2025-11-10T09:36:31.000Z
https://runeswap.com,0x23433f0d28840d903d60b8ed44b82efa994c17d2,1,100000,1,2025-11-10T09:36:31.000Z
https://api.agnet.world,0x76c4ee7f3a2e4809500f2916c82a182b0896546c,1,1000,1,2026-06-30T20:32:11.000Z
https://orac-safety.orac.workers.dev,3vD1Rt5qMz4vZR8jGND8n9YnVNvPBvX8tyTrWzZ3TMSb,1,5000,1,2026-02-19T22:06:30.000Z
https://orac-trust.orac.workers.dev,3vD1Rt5qMz4vZR8jGND8n9YnVNvPBvX8tyTrWzZ3TMSb,1,5000,1,2026-02-19T22:06:30.000Z
https://x402geo.com,0xc6b6e2c54fa5afce536a88c8860c5bcd08d46860,1,1000000,1,2026-04-07T18:27:07.000Z
https://api.xquant.fund,0x656d2bb80f851e1eb817fdf13ccd9d67abe43f11,1,1000000,1,2025-10-27T08:54:45.000Z
https://mint.xquant.fund,0x656d2bb80f851e1eb817fdf13ccd9d67abe43f11,1,1000000,1,2025-10-27T08:54:45.000Z
https://x-quant-517otmy0u-offgriddaos-projects.vercel.app,0x656d2bb80f851e1eb817fdf13ccd9d67abe43f11,1,1000000,1,2025-10-27T08:54:45.000Z
https://market.compalyze.co.jp,0xd6ba8a4599d67a0548485c33f1a65fb19bf5dda2,1,10000,1,2026-06-14T20:00:43.000Z
https://defi-api.agenticfi.wtf,J6iKykt8RuuydgCbFfdBYMyUz4U9Y4iPPPe63xWqevYn,1,1000,1,2026-03-24T12:51:16.000Z
https://api.ai402.fun,0x9d326dcac07338d7b553f82c24a3c4ed10b57af7,1,10000000,1,2025-10-26T13:17:39.000Z
https://intern-api-staging.ensemble.codes,0xd7e3e9c20aa270038669209586fc52e7c226de3b,1,100000,1,2025-11-02T14:28:05.000Z
https://verifik.x402.paysponge.com,2xkALVxsG1cE53fxFtPTHoiQp7wDhBHyhYKedz5ikWaV,1,400000,1,2026-05-13T21:38:09.000Z
https://postalform.com,0xa47c51fa156bbf18eb7474e62ee77d1e824bf911,1,3800000,1,2026-04-11T17:20:49.000Z
https://valid-appearance-biz-bear.trycloudflare.com,0x82293ed6e15066bc91d5dba29e58b291ca4300bf,1,2000000,1,2025-10-25T04:20:15.000Z
https://neighborhood-individually-birth-bangkok.trycloudflare.com,0x82293ed6e15066bc91d5dba29e58b291ca4300bf,1,2000000,1,2025-10-25T04:20:15.000Z
https://consoles-wma-ira-dress.trycloudflare.com,0x82293ed6e15066bc91d5dba29e58b291ca4300bf,1,2000000,1,2025-10-25T04:20:15.000Z
https://tiresapi.com,0xbab109cb9c5d8cea5809b59c3cb7bb4da54f5314,1,1000,1,2026-05-21T21:50:05.000Z
https://api.x402librarian.xyz,11111111111111111111111111111112,1,1000,1,2026-03-17T19:12:10.000Z
https://nectarpay.crypto-dreamr.com,AbQsXUjYCSMRXB3FvuzccGiJHLnaFrpm5VkdWphkTLJB,1,1000000,1,2026-06-06T15:22:45.000Z
https://x402-mascot-mint.vercel.app,0x17bd658940629ca5fca353e0dae4f285ca5eeb31,1,9970000,1,2025-10-24T19:39:49.000Z
https://www.donotkill.me,0x01cbd0384da318ac2848366fe229630106d017f7,1,100000,1,2025-10-27T18:14:43.000Z
https://data.beingisbeing.net,0x5f659a19bb0dd591f3c741c11cd263e22412f9f8,1,10000,1,2026-06-29T20:35:29.000Z
https://so45mh30.nx.link,0xb6eb322a9e4aeb2a216455cb17d5311902414576,1,99700,1,2025-10-18T08:48:45.000Z
http://api.bonksmash.xyz,0x38f933e7fc41c7feb7efe0fc910ddf438a7bf6bc,1,1000000,1,2025-10-24T14:24:17.000Z
http://oracle-402-agent.onrender.com,0xf15d5d24bc8eec2fa1792a67ef639752edd6c939,1,1000000,1,2025-10-31T01:51:49.000Z
https://x402-gateway-production-1b84.up.railway.app,0x900db2954a6c14c011dbebe474e3397e58ae5421,1,750000,1,2026-02-12T17:38:01.000Z
https://x402.jinn.network,0x900db2954a6c14c011dbebe474e3397e58ae5421,1,750000,1,2026-02-12T17:38:01.000Z
https://news.apitoll.cloud,DqSMReqFwS3SqfghkM22gaXnYaX73t357cpLEmbHP6Vh,1,5000,1,2026-06-13T17:21:45.000Z
https://api.blockchaintoken.com,0x535436a29d2b2b860970b3eb6ab1e04d567b5cae,1,10000,1,2026-03-06T03:41:41.000Z
https://www.hekaswap.com,0x50e9216ffe691faf66725871c427bb3e51c58b75,1,10000,1,2026-05-03T00:19:11.000Z
https://402pexel.fun,0x95f3d6b89064667e391742dd59308df4e0a23f0a,1,1000000,1,2025-11-05T07:54:33.000Z
https://app.r3p.xyz,0x01686365833733f8c9fbe956a43afb07fc6be518,1,30000,1,2026-06-18T18:20:33.000Z
https://api.punkpredictor.xyz,0x4f6e0faec10cf04b428ec9e34cd88ae04fba6062,1,5000000,1,2026-02-12T23:32:55.000Z
https://max402.com,0xab73ff5ba2f0e7a98b13940dab25736f5f776008,1,100000,1,2025-10-28T02:21:15.000Z
https://max402-saas.preview.emergentagent.com,0xab73ff5ba2f0e7a98b13940dab25736f5f776008,1,100000,1,2025-10-28T02:21:15.000Z
https://max402.site,0xab73ff5ba2f0e7a98b13940dab25736f5f776008,1,100000,1,2025-10-28T02:21:15.000Z
https://sensora-production.up.railway.app,0xf1327a3e9ba74aba0f70e4a3dc56e444e672670e,1,1000,1,2025-10-30T10:20:15.000Z
https://api.clawbounty.ai,0xe8bae0815b024086d551c07f7d6df5a7a4e86189,1,1000000,1,2026-03-20T10:59:07.000Z
https://mt07dream.vercel.app,0x419a38ade7a916696d3bdf6dcb0607879192fe4e,1,10000,1,2025-11-08T16:09:43.000Z
http://x402club.com,0xeb60977ea278817d35f259ebf897bf66c2b03091,1,1000,1,2025-11-02T14:05:37.000Z
https://api.meme402.fun,0x723b746bff1febf7298881de3dff1cad5e1c0efa,1,1000,1,2025-10-26T17:03:31.000Z
https://www.minimyths.xyz,0x72b15c5de85c8ba39405113b214fb959770f6056,1,2000000,1,2025-10-26T17:43:07.000Z
