origin,chain,seller,tx_count,volume_usd,unique_payers,self_pay_tx,first_ts,last_ts,shared_origins,case_degraded
blockrun-web-vbsbhh7lea-uc.a.run.app,base,0xe9030014f5dae217d0a152f02a043567b16c1abf,3595402,49743.11,447,0,1783135275,1784512691,2,False
blockrun.ai,base,0xe9030014f5dae217d0a152f02a043567b16c1abf,3595402,49743.11,447,0,1783135275,1784512691,2,False
x402stt.dtelecom.org,base,0x47d3394c7234714e4b9e9b74827c12be847f9dda,7216,15946.62,22,0,1783135419,1784512073,1,False
x402.clashofcoins.com,base,0x93862e5b2b1fa10a01772e7e9ca7cdc7deb5ca25,321,2981.53,60,0,1783179779,1784507487,1,False
api.bitrefill.com,base,0x480cd46e6fade651a0437deadda53d5c8e7d846a,147,891.98,26,0,1783244409,1784481563,1,False
laso.finance,base,0x3291e96b3bff7ed56e3ca8364273c5b4654b2b37,12,305.86,5,0,1783149837,1784467733,2,False
x402endpoint-utiwoa54hq-uc.a.run.app,base,0x3291e96b3bff7ed56e3ca8364273c5b4654b2b37,12,305.86,5,0,1783149837,1784467733,2,False
basehub-alpha.vercel.app,base,0x7d2ceb7a0e0c39a3d0f7b5b491659fde4bb7bcfe,4170,303.55,307,0,1783135897,1784509743,1,False
apexrunner.ai,base,0x8d0663bbb967ebf1c047405a888ddf865f3e8854,93,255.28,6,0,1783296913,1784508563,1,False
x402.twit.sh,base,0x9dba414637c611a16bea6f0796bfcbcbdc410df8,36879,223.85,38,0,1783135277,1784512673,2,False
api.aidress.ai,base,0x9dba414637c611a16bea6f0796bfcbcbdc410df8,36879,223.85,38,0,1783135277,1784512673,2,False
www.buywith402.com,base,0xf5083343b3ff8d210fc35ff17db68eedbacb17c4,34,222.96,2,0,1783801403,1783908155,1,False
stablestudio.dev,base,0x07f067959297767c887dbfa3c72379c66e82a045,1326,211.99,33,0,1783175961,1784509715,2,False
stablestudio.io,base,0x07f067959297767c887dbfa3c72379c66e82a045,1326,211.99,33,0,1783175961,1784509715,2,False
x402-deployer.x402-deployer.workers.dev,base,0x6c0752c09e7f6fa6526fcdf40e456a159ebb5621,7873,189.81,103,0,1783135421,1784512019,2,False
x402.agentutility.ai,base,0x6c0752c09e7f6fa6526fcdf40e456a159ebb5621,7873,189.81,103,0,1783135421,1784512019,2,False
ads.gitlawb.com,base,0xa05c8d9e988cd23450b702d98b88142f60cac452,14,180.0,4,0,1783400185,1784430267,1,False
oracles-production.up.railway.app,base,0xc66ee26cae6cd34970f51f644f36d720826d392a,1505,172.62,4,0,1783994535,1784504083,1,False
x402.slinkylayer.ai,base,0x4f4beb658084d7bd7ea0b6f74dbf6e99f93d422d,2433,145.09,362,0,1783135965,1784511907,1,False
api.deepnets.ai,solana,Bn7sLNmcL9ru5kt9gNwVn8e8Sx912dBTxiUBNiwjbiY8,6290,131.18,15,0,1767480471,1784514731,1,True
www.robbiegeorgephotography.com,base,0xb0d0207bcd46c6a7009ca5c8294177d79adc0807,26,126.0,3,0,1783360453,1783682073,1,False
api.stocktrends.com,base,0xaeeb8eabdc05532a26123045f99d208eb1cc00ab,922,120.38,18,0,1783208785,1784482001,1,False
agent402.tools,base,0xabf4fabd7c416fb67202e5f9002389fc75e2a9d0,4607,107.43,122,0,1783136033,1784505403,1,False
stable-deepline.dev,base,0xade02dff58b0316f04cd59806e3fdb4690fe89ab,1206,104.72,38,0,1783164551,1784473439,1,False
api.loyalspark.online,base,0x40a8cdd6a10ec1a8cb3dfb2834675e7a2cf4ad8b,16163,102.95,74,0,1783135339,1784512653,1,False
api.jarvisclaw.ai,base,0xdc59fa7b64988b846e76ec9849bb68f889071506,8150,94.09,26,0,1783180167,1784455431,1,False
api.apify.com,base,0x4aabe17c239ef71c3a26ba7c2b3e0aebbfc1df26,68,90.5,18,0,1783135551,1784499521,2,False
agi.apify.com,base,0x4aabe17c239ef71c3a26ba7c2b3e0aebbfc1df26,68,90.5,18,0,1783135551,1784499521,2,False
agents.chain.link,base,0x158e90dd58fbe897ed8c244f472febee37283d00,8065,84.74,3,0,1783153435,1784512625,1,False
gateway.apiosk.com,base,0xa039e3deb5ca71e41905f90491fc5d016ce23b79,938,83.27,31,0,1783150533,1784505339,1,False
hivemindos-paid-agent-gateway.hivemindos.workers.dev,base,0xbd62f8dcb52e21ca5bdf20ba173488da101ebcf0,19,81.2,4,0,1783411313,1784299815,1,False
www.stratalize.com,base,0x5d51ecc50813e0937a5c43be298e9146796ad60d,344,80.98,37,0,1783135297,1784420137,1,False
the-stall.intuitek.ai,base,0x03d773c52b67993e60ecb3134b17436fe03b584c,922,78.19,97,0,1783184405,1784503837,1,False
api.onesource.io,base,0x52e29e0d2aa49bfbfc548c0a9f2196f4aa51f3ea,22436,74.76,688,0,1783142099,1784512643,1,False
api.nansen.ai,base,0x93053f1e7a5efeda532fe69cbbe43cbec3a0f13f,2652,73.71,71,0,1783136041,1784509215,1,False
win.oneshotagent.com,base,0x9fb365e4e9385e2a39febad70368267e6f571d9a,387,69.51,13,0,1783426871,1784453819,1,False
api.linkedpanda.com,base,0xe740d5701749d262da5e4fcb9f814c5b6d91cf46,995,66.22,28,0,1783164567,1784511551,1,False
api.molty.cash,base,0x8755a2faf86c9e3758450d703f8bbcada343c62e,2752,60.66,22,0,1783153805,1784353211,1,False
api.gmfarcaster.com,base,0x8a99fef40d17e0bd6d48ce088cc207847d1c0596,19,60.08,15,0,1783412605,1784502147,1,False
cheaptokens.ai,base,0x213c8d7434e2ae7aa1c392767c5120778d413215,31,55.38,8,0,1783141217,1784505987,1,False
atq6wtkp6k.execute-api.us-east-1.amazonaws.com,base,0x002cfd89c5636f45e3c8576d6e35154748412bac,110,47.8,3,2,1783732373,1784467215,1,False
www.stratalize.com,solana,6kswsVRgpf32jWRLAeRxaiqJ9Y7bn9jHMzv5aqF1dQDX,187,46.84,2,0,1783910428,1783954186,1,True
palmyr.ai,base,0x79e999e2f9d5417f2803f1d88602ab1ea4323881,98,44.74,8,0,1783261823,1784467783,1,False
socialx402.com,base,0xcfa26f13c6c18307033ece13bbb8f470da5b4dbe,712,42.75,18,0,1783135833,1784507457,4,False
stable-social-git-shafu-stablesocial-not-f-3816e7-merit-systems.vercel.app,base,0xcfa26f13c6c18307033ece13bbb8f470da5b4dbe,712,42.75,18,0,1783135833,1784507457,4,False
stable-social-5jshn0wk0-merit-systems.vercel.app,base,0xcfa26f13c6c18307033ece13bbb8f470da5b4dbe,712,42.75,18,0,1783135833,1784507457,4,False
stablesocial.dev,base,0xcfa26f13c6c18307033ece13bbb8f470da5b4dbe,712,42.75,18,0,1783135833,1784507457,4,False
stable-domains-git-ben-upgrade-agentcash-r-bb6a65-merit-systems.vercel.app,base,0xabcb091d90419e1c8ad4818f1b33fc4645501892,41,42.47,8,0,1783565691,1784378617,1,False
api.dripmetrics.ai,base,0xc9b70d8d342609437bc87ec3c877911a306d3e6a,797,42.05,7,0,1783181209,1784456281,1,False
x402.clashofcoins.com,base,0x8b29dabd6fbb5a09dacbc7978eaed66a8540721d,451,39.88,7,0,1783259955,1784450441,1,False
api.jarvisclaw.ai,solana,596XUXmD8PXxvrxXUfqYH4qAozYDqqMwmHQ1C7BuDZ3E,18,37.75,2,0,1782720698,1783509002,1,True
stable-enrich-git-shafu-fix-fullenrich-nbsp-enums-merit-systems.vercel.app,base,0x325bdf6f7efab24a2210c48c1b64cab2eae1d430,1089,33.88,17,0,1783136115,1784512667,20,False
stable-enrich-git-mason-migrate-off-prices-map-merit-systems.vercel.app,base,0x325bdf6f7efab24a2210c48c1b64cab2eae1d430,1089,33.88,17,0,1783136115,1784512667,20,False
stable-enrich-git-shafu-fullenrich-search-pricing-merit-systems.vercel.app,base,0x325bdf6f7efab24a2210c48c1b64cab2eae1d430,1089,33.88,17,0,1783136115,1784512667,20,False
enrichx402.com,base,0x325bdf6f7efab24a2210c48c1b64cab2eae1d430,1089,33.88,17,0,1783136115,1784512667,20,False
stable-enrich-git-shafu-stableenrich-peopl-a13b22-merit-systems.vercel.app,base,0x325bdf6f7efab24a2210c48c1b64cab2eae1d430,1089,33.88,17,0,1783136115,1784512667,20,False
stable-enrich-git-shafu-stableenrich-nearb-74cfdf-merit-systems.vercel.app,base,0x325bdf6f7efab24a2210c48c1b64cab2eae1d430,1089,33.88,17,0,1783136115,1784512667,20,False
stable-enrich-git-shafu-merchant-health-sc-efad26-merit-systems.vercel.app,base,0x325bdf6f7efab24a2210c48c1b64cab2eae1d430,1089,33.88,17,0,1783136115,1784512667,20,False
stable-enrich-git-shafu-stableenrich-pdl-p-274589-merit-systems.vercel.app,base,0x325bdf6f7efab24a2210c48c1b64cab2eae1d430,1089,33.88,17,0,1783136115,1784512667,20,False
stable-enrich-git-fix-stableenrich-exa-api-schema-merit-systems.vercel.app,base,0x325bdf6f7efab24a2210c48c1b64cab2eae1d430,1089,33.88,17,0,1783136115,1784512667,20,False
stable-enrich-git-shafu-stableenrich-compa-a1ba99-merit-systems.vercel.app,base,0x325bdf6f7efab24a2210c48c1b64cab2eae1d430,1089,33.88,17,0,1783136115,1784512667,20,False
stable-enrich-git-shafu-stableenrich-peopl-60ba0c-merit-systems.vercel.app,base,0x325bdf6f7efab24a2210c48c1b64cab2eae1d430,1089,33.88,17,0,1783136115,1784512667,20,False
stable-enrich-git-shafu-stabledomains-pork-25b57c-merit-systems.vercel.app,base,0x325bdf6f7efab24a2210c48c1b64cab2eae1d430,1089,33.88,17,0,1783136115,1784512667,20,False
stable-enrich-git-fix-stableenrich-exa-leg-547ea8-merit-systems.vercel.app,base,0x325bdf6f7efab24a2210c48c1b64cab2eae1d430,1089,33.88,17,0,1783136115,1784512667,20,False
stable-enrich-git-shafu-stableenrich-valid-89fbcd-merit-systems.vercel.app,base,0x325bdf6f7efab24a2210c48c1b64cab2eae1d430,1089,33.88,17,0,1783136115,1784512667,20,False
stable-enrich-git-shafu-stableenrich-exa-b-f22424-merit-systems.vercel.app,base,0x325bdf6f7efab24a2210c48c1b64cab2eae1d430,1089,33.88,17,0,1783136115,1784512667,20,False
stable-enrich-git-shafu-stableenrich-fulle-a23f83-merit-systems.vercel.app,base,0x325bdf6f7efab24a2210c48c1b64cab2eae1d430,1089,33.88,17,0,1783136115,1784512667,20,False
stable-enrich-git-shafu-pdl-not-found-200-merit-systems.vercel.app,base,0x325bdf6f7efab24a2210c48c1b64cab2eae1d430,1089,33.88,17,0,1783136115,1784512667,20,False
stable-enrich-git-shafu-merchant-health-en-9d6393-merit-systems.vercel.app,base,0x325bdf6f7efab24a2210c48c1b64cab2eae1d430,1089,33.88,17,0,1783136115,1784512667,20,False
stable-enrich-git-shafu-pdl-people-enrich-25cca0-merit-systems.vercel.app,base,0x325bdf6f7efab24a2210c48c1b64cab2eae1d430,1089,33.88,17,0,1783136115,1784512667,20,False
stableenrich.dev,base,0x325bdf6f7efab24a2210c48c1b64cab2eae1d430,1089,33.88,17,0,1783136115,1784512667,20,False
agentres.dev,base,0x66717045858d9f598e2ebd046bf42a0b1063c0fa,50,33.39,9,0,1783378537,1784424873,1,False
x402-deployer.x402-deployer.workers.dev,solana,FJqAJ4dXkFbrp3EEo8E9x98iaBGUQwaU8Srz5ePfUXLH,1305,33.25,1,0,1783646346,1784507173,2,True
x402.agentutility.ai,solana,FJqAJ4dXkFbrp3EEo8E9x98iaBGUQwaU8Srz5ePfUXLH,1305,33.25,1,0,1783646346,1784507173,2,True
api.aitrailblazer.net,base,0x6d91adf2c545047cbbc5b37a5f457cce081b48d3,253,33.15,5,0,1783150337,1784512041,1,False
api.strale.io,base,0x66d7c2f952362bfb24fd7f02a9bec9c754ea83bc,487,30.83,8,0,1783243625,1784506497,1,False
x402.glassnode.com,base,0x1f81da453901d15296c1710af83e0bc0371d39f1,611,29.59,4,0,1783320709,1784448905,1,False
2s.io,base,0x2b6d4988db4723e6908db86ab2b8dfbc51fc32c5,13590,28.02,287,0,1783135327,1784511963,1,False
api.the402.ai,base,0xe5f47fceee8742fc62d477bbeb89e4eb2a2bfe3d,167,27.8,3,0,1783828533,1784441545,1,False
www.stable-shovels.dev,base,0x967f08fc4d3b9651314207f6cd4c7d166b94880c,118,25.9,15,0,1783360253,1784441811,1,False
laso.finance,solana,3MZVk97x9SeRxbYpc3jhzRfU2fyA3emYutnqfn9kNfYX,1,25.48,1,0,1784237251,1784363728,2,True
x402endpoint-utiwoa54hq-uc.a.run.app,solana,3MZVk97x9SeRxbYpc3jhzRfU2fyA3emYutnqfn9kNfYX,1,25.48,1,0,1784237251,1784363728,2,True
api.x402node.dev,base,0x4466d4a84b7c49a6a094ec6eef4a0712d6dd125e,1582,24.59,69,0,1783136287,1784512659,2,False
api.cn402.com,base,0x4466d4a84b7c49a6a094ec6eef4a0712d6dd125e,1582,24.59,69,0,1783136287,1784512659,2,False
openrouter-production-d0d6.up.railway.app,base,0x0e84ddedaae6a779c462c22a59f301ec31b6b808,15774,24.37,69,0,1783135509,1784512689,4,False
x402.ottoai.services,base,0x0e84ddedaae6a779c462c22a59f301ec31b6b808,15774,24.37,69,0,1783135509,1784512689,4,False
tools-agent-x402-production.up.railway.app,base,0x0e84ddedaae6a779c462c22a59f301ec31b6b808,15774,24.37,69,0,1783135509,1784512689,4,False
api.aidress.ai,base,0x0e84ddedaae6a779c462c22a59f301ec31b6b808,15774,24.37,69,0,1783135509,1784512689,4,False
api.myceliasignal.com,base,0xd593832ce9c2b13b192ba50b55dd9af44e96700d,685,23.71,12,0,1783137607,1784508545,1,False
chain-analyzer.com,base,0xe8e26183736d796d401df30810207465fa708959,16,23.51,4,0,1783386001,1784308739,1,False
theideamachine.dev,base,0xed32885e5bef081b8a18aa034dd3a4b50501a507,6,22.99,1,0,1784210547,1784213359,1,False
api.useatelier.ai,base,0xa8cc4011eb545ee5d436a599c9a8bd03dd1e1df3,48,19.55,39,0,1783212303,1784249979,1,False
kenoodl.com,base,0x3a7292b88471691946d8d8856925e22246bed743,45,19.53,4,0,1783545619,1784269691,1,False
clonecho.builda.company,base,0xe9ae2cab25182d2e5b6c44d682ab0c8bfc8286b2,1001,19.28,1,0,1783466065,1783469393,1,False
vaaya.ai,base,0x7c655d3d3944bd27994dd81a036c3afb19806c40,693,19.25,33,0,1783185415,1784501011,1,False
x402stock.vercel.app,base,0x3070fbb3803819fb5bdfe9286fdc6325a877fa85,611,19.14,31,0,1783137919,1784461579,2,False
x402stock.xyz,base,0x3070fbb3803819fb5bdfe9286fdc6325a877fa85,611,19.14,31,0,1783137919,1784461579,2,False
api.reloadpi.com,base,0x8a598a28a435fe44d31854251b1c88d0781ea822,428,18.9,13,0,1783138743,1784510351,1,False
api.interzoid.com,base,0xdceca23ff8a7145e1b5b35427c9886cf21a67566,159,18.33,46,0,1783136483,1784508549,2,False
match.interzoid.com,base,0xdceca23ff8a7145e1b5b35427c9886cf21a67566,159,18.33,46,0,1783136483,1784508549,2,False
402.com.tr,base,0x973a31858f4d2125f48c880542da11a2796f12d6,409,18.09,11,0,1783147597,1784481179,1,False
x402.miroshark.xyz,base,0x6cab485fc28ec70d3845113b704d4824e4d2b24f,18,18.0,8,0,1783583851,1784450795,1,False
underground.substratesymposium.com,base,0xa3babb36564b0383a82c617050306ee30fd18e08,26,17.94,15,0,1783211181,1784496873,1,False
netintel.dev,base,0xdadc335482ad545296fd7b28518a251ffcbeb9df,459,17.13,69,0,1783135719,1784512137,2,False
netintel-production-440c.up.railway.app,base,0xdadc335482ad545296fd7b28518a251ffcbeb9df,459,17.13,69,0,1783135719,1784512137,2,False
x402.ottoai.services,base,0x5bb4b0c766e0d5d791d9403fc275c22064709f68,16631,16.63,61,0,1783137609,1784512635,1,False
api.messari.io,base,0x75ddd3c42eace13c59ea0cd1141b886a1c70d2a5,60,16.35,14,0,1783180843,1784476855,1,False
api.qonoro.ai,base,0x40b62aa49f4a929760fb2dd0fcb0642f0aa872eb,67,15.12,17,0,1783153383,1784462845,1,False
api.lastlookdata.com,base,0xb4848d1b4b7e31b75b9b30d717f89777dc65d68e,103,14.72,32,0,1783137561,1784512085,1,False
x402.fablerlabs.com,base,0x65e3e64935ea709bdf1119e1fc991299c04c0154,29,14.51,7,4,1783523469,1784458781,1,False
api.octodamus.com,base,0x5c6b3a3dae296d3cef50fef96afc73410959a6db,36,14.0,4,0,1783384975,1784247603,1,False
agentworld.me,base,0x367f1b3d8ca90d1e087481a9a40d585bf3451a03,401,13.33,4,0,1783372013,1784304307,1,False
proxy.aproxpay.com,base,0xce48d4c2914c9e22a920883622cc04b1f6a5856c,139,12.87,14,0,1783455193,1784503423,1,False
alpha402x.com,base,0x73ace32013985f715b5e00e5a341259cce17d220,29,12.82,6,0,1783819157,1784450445,1,False
api.xona-agent.com,base,0x515e7bce44baa5f6e42d16d4b5f27768e7f2f8cc,161,12.72,42,0,1783147077,1784511549,1,False
api.exa.ai,base,0x6d6e695b09861467c7d462f5aaf31cf3540b9192,1891,12.44,48,0,1783137927,1784511865,2,False
api.aidress.ai,base,0x6d6e695b09861467c7d462f5aaf31cf3540b9192,1891,12.44,48,0,1783137927,1784511865,2,False
api.blockchainmoneymap.com,base,0x2211e12e6bc8da27b48b9dd66a55f5c3388d713a,27,12.21,2,0,1783176107,1784435675,1,False
fanfare.run,base,0x41adee1eba2c276be5e8cabe0ce523e4dd792170,196,12.04,17,0,1783210503,1784461099,1,False
ot-intel-api.onrender.com,base,0x1888192fac6a69e4cd7d078ec4bcf6f24f7c767b,110,11.86,5,0,1783306669,1784461575,1,False
telesint-api.onrender.com,base,0x7f74ce6d34ee0180f0217a16ce05f3b91272570f,35,11.79,5,0,1783469179,1784463523,1,False
stable-people-data-git-pdl-signoz-usage-alarms-merit-systems.vercel.app,base,0x7f33b3c113915a0f2981070553ba9538c0f90171,13,11.72,2,0,1783207531,1784425399,5,False
stablepeopledata.dev,base,0x7f33b3c113915a0f2981070553ba9538c0f90171,13,11.72,2,0,1783207531,1784425399,5,False
stable-people-data-git-shafu-merchant-heal-bd8263-merit-systems.vercel.app,base,0x7f33b3c113915a0f2981070553ba9538c0f90171,13,11.72,2,0,1783207531,1784425399,5,False
stable-people-data-git-shafu-pdl-api-settl-95fdf9-merit-systems.vercel.app,base,0x7f33b3c113915a0f2981070553ba9538c0f90171,13,11.72,2,0,1783207531,1784425399,5,False
stable-people-data-git-ben-test-agentcash-dfcfa3-merit-systems.vercel.app,base,0x7f33b3c113915a0f2981070553ba9538c0f90171,13,11.72,2,0,1783207531,1784425399,5,False
api.seerium.xyz,base,0x81832eede3a4ad96cb3d7ca09977636d912fd3d5,239,11.58,7,0,1783137901,1784510991,1,False
voidfeed.ai,base,0x71033ab6ed376a0b53d1826ea632ddfec96b3661,81,11.4,41,0,1783212529,1784512071,1,False
blockrun.ai,base,0x6e007731870ede419cfb31889cd5c4493cecb04c,4111,10.91,156,0,1783138757,1784511001,1,False
imagegen.coinopai.com,base,0x4c1a4fce51fea51f128a01cce8becb106d391155,27,10.75,14,0,1783142043,1784318883,1,False
aeml-x402.zeabur.app,base,0x2d16a243ba9facc6ac85519d5efad2149dc4c6c3,6,10.33,3,0,1783824639,1784253917,1,False
zrdmydk1pk.execute-api.ap-northeast-1.amazonaws.com,base,0x788b4ca11950879550353d8ae82d1c0af6018454,2,10.02,1,0,1784095821,1784123837,2,False
kari.mayim-mayim.com,base,0x788b4ca11950879550353d8ae82d1c0af6018454,2,10.02,1,0,1784095821,1784123837,2,False
x402-services-production.up.railway.app,base,0x544e033d055738e7b5c40ad4318b506e1219e064,1162,9.97,2,0,1784000215,1784251609,1,False
stablefinance.dev,base,0xbd17480bf6ff056f7b91d9adc9dfda001eb7283d,481,9.62,33,0,1783154123,1784356519,1,False
402-server.pinata-marketing-enterprise.workers.dev,base,0xc900f41481b4f7c612af9ce3b1d16a7a1b6bd96e,43,9.53,3,0,1783388827,1783862521,1,False
polynews.news,base,0x6ee49a7872844397fb52870cc07b308ffadc9427,236,9.31,6,0,1783456121,1784412533,1,False
agent402.tools,solana,J7aN3PLJnTCF5qpEnvJHJsnCjcGuqC2rYtEM8Gv3xwg,1287,8.96,2,0,1783000018,1784511676,1,True
api.x402video.com,base,0xc81a36fcdf531b6ed7ae8694220d59f9d3d0128b,16,8.56,3,0,1783338623,1784295349,1,False
skim402.com,base,0x63ae98f3363b346a94fcc1cbcb621f1c2b1fcddc,1338,8.56,11,0,1783259651,1784490685,1,False
api.x402node.dev,solana,9urRvUx69HqAopg1JGV9P9wR7JdKoztzdkuNyJ8Eo1up,354,8.25,1,0,1783582329,1784478556,2,True
api.cn402.com,solana,9urRvUx69HqAopg1JGV9P9wR7JdKoztzdkuNyJ8Eo1up,354,8.25,1,0,1783582329,1784478556,2,True
api.glianalabs.com,solana,CXSdm7NgrFXooHbvN6CdNgMvmqTkVLzu6JCVZR3J3Ygh,29,8.19,1,0,1783363430,1783435705,1,True
hermesplant.com,base,0x5171c72a59b994a80097b6ab52d4a4fcb8bf4c1b,41,8.13,2,0,1783491613,1784456435,1,False
api.telemost.io,base,0xf99b281010c5e6cbcf486d7ef108b315be7ce0e9,44,7.89,2,0,1783449323,1784440845,1,False
cc0.company,base,0x14849afa040edeee524a40c52b877fe1b6e6c2c5,119,7.8,61,0,1783154865,1784506651,1,False
stable-travel-hkd3tku0j-merit-systems.vercel.app,base,0xdd257723b86b4947483905cdacbbbc70facf2ec0,380,7.64,44,0,1783136051,1784506749,3,False
stable-travel-git-migrate-stabletravel-router-140-merit-systems.vercel.app,base,0xdd257723b86b4947483905cdacbbbc70facf2ec0,380,7.64,44,0,1783136051,1784506749,3,False
stabletravel.dev,base,0xdd257723b86b4947483905cdacbbbc70facf2ec0,380,7.64,44,0,1783136051,1784506749,3,False
cryptyx.ai,base,0x0cd2c9724f185a029101b4aeacf3f114415c394f,218,7.51,21,0,1783213773,1784428553,1,False
obol-x402.fly.dev,base,0x215f0c5e62735a54185f253b6245a630b744a7ce,230,7.37,10,0,1783814721,1784509827,1,False
webtools402.176-109-107-191.sslip.io,base,0xf22e558a00d91ee12a1f50c52186fecb8ddff493,523,7.32,19,0,1783422917,1784502113,2,False
api.agentstools.dev,base,0xf22e558a00d91ee12a1f50c52186fecb8ddff493,523,7.32,19,0,1783422917,1784502113,2,False
x402toll.com,base,0x1c9923489cd7d75dd2f6735c48090b8bd4c7e5a9,63,7.32,2,0,1783877475,1784493625,1,False
api.immuta.app,base,0xb60a3181303953e6f909ba4d3b09282beefcdd6b,11,7.0,1,0,1784038147,1784072967,1,False
dripstack.xyz,base,0xbf22b6ddb5a08c823856a779f1004eea60c5ab92,34,6.91,7,0,1783211827,1784313663,2,False
dripstack.com,base,0xbf22b6ddb5a08c823856a779f1004eea60c5ab92,34,6.91,7,0,1783211827,1784313663,2,False
vape.juxtaposition1.deno.net,base,0xa1420293a7df49bc8380f543a1fe7b8d6f582879,242,6.83,3,0,1783148433,1784510633,2,False
vape-x402.vapex402.workers.dev,base,0xa1420293a7df49bc8380f543a1fe7b8d6f582879,242,6.83,3,0,1783148433,1784510633,2,False
blockrun.ai,base,0x058a5961fbe8cd8e4b47c69d3d82e159cb5d8f17,775,6.4,28,0,1783146617,1784118901,1,False
api.osf-master-server.com,base,0x051a0ba2235210c47ca1b8df68a137ef0d8caf85,128,6.14,16,0,1783282977,1784505557,1,False
api.cueframe.ai,base,0xa82c8b6971a7379badb2fb96032d82af46eccc0a,160,6.02,2,0,1783557369,1784448463,1,False
api.instahuman.com,base,0x7ce4378a9601d7765bc126a2c7a1cbadb034be2f,3,6.0,1,0,1784138931,1784141791,1,False
api.rtkmotion.io,base,0x6c11f8a21f7ca922f483ed21c3b6c2d9b305b10c,5,6.0,3,0,1783495023,1784374551,1,False
govfiles-api-git-mason-router-update-merit-systems.vercel.app,base,0x880ae37b0d51b9c51c809bba8d2ef9fdffee7fd1,15,6.0,3,0,1783170551,1784484749,3,False
govfiles-api-git-govfiles-api-x402-merit-systems.vercel.app,base,0x880ae37b0d51b9c51c809bba8d2ef9fdffee7fd1,15,6.0,3,0,1783170551,1784484749,3,False
www.stable-govfiles.dev,base,0x880ae37b0d51b9c51c809bba8d2ef9fdffee7fd1,15,6.0,3,0,1783170551,1784484749,3,False
mcp.viridisconservation.com,base,0xfef2e570b645eb720ee6c589d27450810982f329,6,6.0,3,0,1784432425,1784504789,1,False
vibesprings.net,base,0x38c063312719220c676e988f0dee14b4ec0e44c8,584,5.91,129,0,1783135595,1784507721,1,False
api.relaystation.ai,base,0x5f7254f252ef9b9f92b6b4f2cf91205ed7a96c7a,389,5.77,12,0,1783135291,1784475437,1,False
glim.sh,solana,9MkM5Ra48KFcSv9HDQ8sb3C3r5HjouEwGQ6sp1cx1vde,1131,5.7,13,0,1782575167,1784497609,1,True
api.munition.io,base,0x54d6c2c08e10f1a1d3da88df513bbe9bcf1a4afa,121,5.63,80,0,1783145295,1784391679,1,False
x402.coinopai.com,base,0x1304ec1a8945365e43a5c18a734065f107b417ca,90,5.6,34,0,1783142043,1784318887,1,False
www.hibra.app,base,0xcaedaf1fbf0dd26d93d50bd9878ac1167f1d0dfd,54,5.4,26,0,1783154633,1783695329,1,False
lionx402.com,base,0x68e3e7822cf83c824cf9606ec999b5e8a93c85b5,113,5.39,6,0,1784067639,1784470453,1,False
api.surplusintelligence.ai,base,0x8581784d3e598cca3482375cff2409ac9dd8c402,548,5.33,9,0,1783157959,1784511581,1,False
api.cryptoetfsentinel.com,base,0x169bf49c6ee5a179190121ab8d180b50e31683d1,23,5.29,3,0,1783470973,1784201209,1,False
stable-upload-git-mason-1140-merit-systems.vercel.app,base,0x06dff3c8380b5d1799874ada903fc3422882fd6f,346,5.29,33,0,1783138739,1784510347,2,False
stableupload.dev,base,0x06dff3c8380b5d1799874ada903fc3422882fd6f,346,5.29,33,0,1783138739,1784510347,2,False
x402-endpoints.onrender.com,base,0x1d1b81247c407521e2a01f3e21514870dcf1620f,106,5.29,16,0,1783156823,1784505341,1,False
agent402.tools,arbitrum,0xabf4fabd7c416fb67202e5f9002389fc75e2a9d0,80,5.23,2,0,1783186637,1784471716,1,False
nwb-vending.com,base,0x53799d42e72e3d41625006d310a55ec486da5213,66,5.07,3,0,1783983435,1784063927,1,False
api.nansen.ai,solana,J7ZvJEspvwP1oRxQZ7mYmNmT22NTm3GWq3t7HEbvPZYx,436,5.03,8,0,1783155822,1783591612,1,True
autopaydesk-x402-gateway.vectorbuildhq.workers.dev,base,0xf3774ff7b6f0da65c157aff04dc5d5dd983f58de,1,5.0,1,0,1784361695,1784361695,1,False
conc-exe.xyz,base,0xb85c83cc448edca8eb724f5d79b523faff9375a7,62,4.94,5,0,1784282351,1784501523,1,False
api.invoket.com,base,0x4465825b0ac713aa2fa07ea29023020804a128ee,448,4.92,53,0,1783136447,1784450199,1,False
stable-enrich-git-shafu-fix-fullenrich-nbsp-enums-merit-systems.vercel.app,solana,8EgACpZ16XWEt7YjJPsh1ZheVRZUGmmwQ8nJdmA1o5w4,120,4.89,1,0,1782068482,1783586070,10,True
stable-enrich-git-mason-migrate-off-prices-map-merit-systems.vercel.app,solana,8EgACpZ16XWEt7YjJPsh1ZheVRZUGmmwQ8nJdmA1o5w4,120,4.89,1,0,1782068482,1783586070,10,True
stable-enrich-git-shafu-fullenrich-search-pricing-merit-systems.vercel.app,solana,8EgACpZ16XWEt7YjJPsh1ZheVRZUGmmwQ8nJdmA1o5w4,120,4.89,1,0,1782068482,1783586070,10,True
stable-enrich-git-shafu-stableenrich-valid-89fbcd-merit-systems.vercel.app,solana,8EgACpZ16XWEt7YjJPsh1ZheVRZUGmmwQ8nJdmA1o5w4,120,4.89,1,0,1782068482,1783586070,10,True
stable-enrich-git-shafu-stableenrich-exa-b-f22424-merit-systems.vercel.app,solana,8EgACpZ16XWEt7YjJPsh1ZheVRZUGmmwQ8nJdmA1o5w4,120,4.89,1,0,1782068482,1783586070,10,True
enrichx402.com,solana,8EgACpZ16XWEt7YjJPsh1ZheVRZUGmmwQ8nJdmA1o5w4,120,4.89,1,0,1782068482,1783586070,10,True
stable-enrich-git-shafu-stableenrich-peopl-60ba0c-merit-systems.vercel.app,solana,8EgACpZ16XWEt7YjJPsh1ZheVRZUGmmwQ8nJdmA1o5w4,120,4.89,1,0,1782068482,1783586070,10,True
stable-enrich-git-shafu-stableenrich-peopl-a13b22-merit-systems.vercel.app,solana,8EgACpZ16XWEt7YjJPsh1ZheVRZUGmmwQ8nJdmA1o5w4,120,4.89,1,0,1782068482,1783586070,10,True
stable-enrich-git-shafu-pdl-people-enrich-25cca0-merit-systems.vercel.app,solana,8EgACpZ16XWEt7YjJPsh1ZheVRZUGmmwQ8nJdmA1o5w4,120,4.89,1,0,1782068482,1783586070,10,True
stableenrich.dev,solana,8EgACpZ16XWEt7YjJPsh1ZheVRZUGmmwQ8nJdmA1o5w4,120,4.89,1,0,1782068482,1783586070,10,True
www.netprotocol.app,base,0x6462f8f301bd08c206ee611aa00015ba41acc1d0,16,4.79,5,0,1783642725,1784181277,1,False
api.tickersfeed.net,base,0xe82ebef57fa5af958b8ecb6843d4327d314f59e3,703,4.61,102,0,1783137629,1784509123,1,False
api.kadec0.xyz,base,0x4df66b6c140778fe0717880a7c6dde5ea53acdea,194,4.43,47,0,1783136339,1784476865,2,False
zx10r-x402-api.onrender.com,base,0x4df66b6c140778fe0717880a7c6dde5ea53acdea,194,4.43,47,0,1783136339,1784476865,2,False
kronos-x402.vercel.app,base,0x36038e1d712c5e39f35952164ec58ec2b96caee7,328,4.39,21,0,1783154217,1784508481,2,False
kronossignals.com,base,0x36038e1d712c5e39f35952164ec58ec2b96caee7,328,4.39,21,0,1783154217,1784508481,2,False
oracle.the-undesirables.com,base,0x642e8a7c289381f24f0395e0539f0ba41c74cc1b,19,4.39,2,0,1783206121,1784338993,1,False
tensorfeed.ai,base,0x549c82e6bfc54bdae9a2073744cbc2af5d1fc6d1,139,4.24,39,0,1783145699,1784512055,1,False
hirescrape.com,base,0xb5194a98dbdbb7028b585db26b972e7f0f3f826a,124,4.17,14,0,1783155335,1784475253,1,False
mudko.com,base,0x53598173ce7c26025bab0520d9e9d0c28fbcf7de,4,4.17,0,0,1783502773,1784014923,2,False
router.mudko.com,base,0x53598173ce7c26025bab0520d9e9d0c28fbcf7de,4,4.17,0,0,1783502773,1784014923,2,False
proxy.suverse.io,base,0x260fbe1ec46968ee02e5b972507d7bb7f09f82b0,63,4.13,25,0,1783215043,1784508541,2,False
api.suverse.io,base,0x260fbe1ec46968ee02e5b972507d7bb7f09f82b0,63,4.13,25,0,1783215043,1784508541,2,False
legalfournier.com,base,0xbcae60ff5f3ddc4dd37df85a1e7ab0504d266d21,3,4.0,1,0,1784250269,1784251697,1,False
x402.api.browser-use.com,base,0xc0ce6bfb16bb6b6e10a9d806e509d8d20996380f,4,4.0,2,0,1783981461,1783996591,1,False
defi.hugen.tokyo,base,0x29322ea7ecb34aa6164cb2ddeb9ce650902e4f60,260,3.87,32,0,1783136051,1784510375,10,False
gotobi.hugen.tokyo,base,0x29322ea7ecb34aa6164cb2ddeb9ce650902e4f60,260,3.87,32,0,1783136051,1784510375,10,False
content.hugen.tokyo,base,0x29322ea7ecb34aa6164cb2ddeb9ce650902e4f60,260,3.87,32,0,1783136051,1784510375,10,False
visual.hugen.tokyo,base,0x29322ea7ecb34aa6164cb2ddeb9ce650902e4f60,260,3.87,32,0,1783136051,1784510375,10,False
intel.hugen.tokyo,base,0x29322ea7ecb34aa6164cb2ddeb9ce650902e4f60,260,3.87,32,0,1783136051,1784510375,10,False
scout.hugen.tokyo,base,0x29322ea7ecb34aa6164cb2ddeb9ce650902e4f60,260,3.87,32,0,1783136051,1784510375,10,False
whale.hugen.tokyo,base,0x29322ea7ecb34aa6164cb2ddeb9ce650902e4f60,260,3.87,32,0,1783136051,1784510375,10,False
domain.hugen.tokyo,base,0x29322ea7ecb34aa6164cb2ddeb9ce650902e4f60,260,3.87,32,0,1783136051,1784510375,10,False
tick.hugen.tokyo,base,0x29322ea7ecb34aa6164cb2ddeb9ce650902e4f60,260,3.87,32,0,1783136051,1784510375,10,False
weather.hugen.tokyo,base,0x29322ea7ecb34aa6164cb2ddeb9ce650902e4f60,260,3.87,32,0,1783136051,1784510375,10,False
fieldpulse-tan.vercel.app,base,0x50ab2018c06c6e4eaa9ba52057eb55ed284912fc,18,3.84,0,0,1783135289,1784512667,148,False
riskpulse-five.vercel.app,base,0x50ab2018c06c6e4eaa9ba52057eb55ed284912fc,18,3.84,0,0,1783135289,1784512667,148,False
policypulse.theaslangroupllc.com,base,0x50ab2018c06c6e4eaa9ba52057eb55ed284912fc,18,3.84,0,0,1783135289,1784512667,148,False
footballpulse.theaslangroupllc.com,base,0x50ab2018c06c6e4eaa9ba52057eb55ed284912fc,18,3.84,0,0,1783135289,1784512667,148,False
chronicapulse.theaslangroupllc.com,base,0x50ab2018c06c6e4eaa9ba52057eb55ed284912fc,18,3.84,0,0,1783135289,1784512667,148,False
insurepulse.theaslangroupllc.com,base,0x50ab2018c06c6e4eaa9ba52057eb55ed284912fc,18,3.84,0,0,1783135289,1784512667,148,False
mindpulse-lilac.vercel.app,base,0x50ab2018c06c6e4eaa9ba52057eb55ed284912fc,18,3.84,0,0,1783135289,1784512667,148,False
fieldpulse.theaslangroupllc.com,base,0x50ab2018c06c6e4eaa9ba52057eb55ed284912fc,18,3.84,0,0,1783135289,1784512667,148,False
dealpulse-weld.vercel.app,base,0x50ab2018c06c6e4eaa9ba52057eb55ed284912fc,18,3.84,0,0,1783135289,1784512667,148,False
remittancepulse.theaslangroupllc.com,base,0x50ab2018c06c6e4eaa9ba52057eb55ed284912fc,18,3.84,0,0,1783135289,1784512667,148,False
herbapulse.theaslangroupllc.com,base,0x50ab2018c06c6e4eaa9ba52057eb55ed284912fc,18,3.84,0,0,1783135289,1784512667,148,False
mailpulse.theaslangroupllc.com,base,0x50ab2018c06c6e4eaa9ba52057eb55ed284912fc,18,3.84,0,0,1783135289,1784512667,148,False
patentpulse.theaslangroupllc.com,base,0x50ab2018c06c6e4eaa9ba52057eb55ed284912fc,18,3.84,0,0,1783135289,1784512667,148,False
fanpulse.theaslangroupllc.com,base,0x50ab2018c06c6e4eaa9ba52057eb55ed284912fc,18,3.84,0,0,1783135289,1784512667,148,False
legalpulse.theaslangroupllc.com,base,0x50ab2018c06c6e4eaa9ba52057eb55ed284912fc,18,3.84,0,0,1783135289,1784512667,148,False
longevitypulse.theaslangroupllc.com,base,0x50ab2018c06c6e4eaa9ba52057eb55ed284912fc,18,3.84,0,0,1783135289,1784512667,148,False
patentpulse-self.vercel.app,base,0x50ab2018c06c6e4eaa9ba52057eb55ed284912fc,18,3.84,0,0,1783135289,1784512667,148,False
glowpulse.theaslangroupllc.com,base,0x50ab2018c06c6e4eaa9ba52057eb55ed284912fc,18,3.84,0,0,1783135289,1784512667,148,False
signalpulse.theaslangroupllc.com,base,0x50ab2018c06c6e4eaa9ba52057eb55ed284912fc,18,3.84,0,0,1783135289,1784512667,148,False
legalpulse-rho.vercel.app,base,0x50ab2018c06c6e4eaa9ba52057eb55ed284912fc,18,3.84,0,0,1783135289,1784512667,148,False
mindpulse.theaslangroupllc.com,base,0x50ab2018c06c6e4eaa9ba52057eb55ed284912fc,18,3.84,0,0,1783135289,1784512667,148,False
insurepulse.vercel.app,base,0x50ab2018c06c6e4eaa9ba52057eb55ed284912fc,18,3.84,0,0,1783135289,1784512667,148,False
gamepulse.theaslangroupllc.com,base,0x50ab2018c06c6e4eaa9ba52057eb55ed284912fc,18,3.84,0,0,1783135289,1784512667,148,False
nutripulse.theaslangroupllc.com,base,0x50ab2018c06c6e4eaa9ba52057eb55ed284912fc,18,3.84,0,0,1783135289,1784512667,148,False
truthpulse-five.vercel.app,base,0x50ab2018c06c6e4eaa9ba52057eb55ed284912fc,18,3.84,0,0,1783135289,1784512667,148,False
truthpulse.theaslangroupllc.com,base,0x50ab2018c06c6e4eaa9ba52057eb55ed284912fc,18,3.84,0,0,1783135289,1784512667,148,False
franchisepulse-six.vercel.app,base,0x50ab2018c06c6e4eaa9ba52057eb55ed284912fc,18,3.84,0,0,1783135289,1784512667,148,False
proppulse.theaslangroupllc.com,base,0x50ab2018c06c6e4eaa9ba52057eb55ed284912fc,18,3.84,0,0,1783135289,1784512667,148,False
climatepulse-six.vercel.app,base,0x50ab2018c06c6e4eaa9ba52057eb55ed284912fc,18,3.84,0,0,1783135289,1784512667,148,False
clinicalintelpulse.theaslangroupllc.com,base,0x50ab2018c06c6e4eaa9ba52057eb55ed284912fc,18,3.84,0,0,1783135289,1784512667,148,False
climatepulse.theaslangroupllc.com,base,0x50ab2018c06c6e4eaa9ba52057eb55ed284912fc,18,3.84,0,0,1783135289,1784512667,148,False
alphapulse-omega.vercel.app,base,0x50ab2018c06c6e4eaa9ba52057eb55ed284912fc,18,3.84,0,0,1783135289,1784512667,148,False
citepulse.theaslangroupllc.com,base,0x50ab2018c06c6e4eaa9ba52057eb55ed284912fc,18,3.84,0,0,1783135289,1784512667,148,False
mealpulse.theaslangroupllc.com,base,0x50ab2018c06c6e4eaa9ba52057eb55ed284912fc,18,3.84,0,0,1783135289,1784512667,148,False
homepulse-seven.vercel.app,base,0x50ab2018c06c6e4eaa9ba52057eb55ed284912fc,18,3.84,0,0,1783135289,1784512667,148,False
herbapulse.vercel.app,base,0x50ab2018c06c6e4eaa9ba52057eb55ed284912fc,18,3.84,0,0,1783135289,1784512667,148,False
geopoliticalpulse.vercel.app,base,0x50ab2018c06c6e4eaa9ba52057eb55ed284912fc,18,3.84,0,0,1783135289,1784512667,148,False
vetpulse-five.vercel.app,base,0x50ab2018c06c6e4eaa9ba52057eb55ed284912fc,18,3.84,0,0,1783135289,1784512667,148,False
waterpulse-henna.vercel.app,base,0x50ab2018c06c6e4eaa9ba52057eb55ed284912fc,18,3.84,0,0,1783135289,1784512667,148,False
findpulse-omega.vercel.app,base,0x50ab2018c06c6e4eaa9ba52057eb55ed284912fc,18,3.84,0,0,1783135289,1784512667,148,False
seniorpulse.vercel.app,base,0x50ab2018c06c6e4eaa9ba52057eb55ed284912fc,18,3.84,0,0,1783135289,1784512667,148,False
careerpulse-steel.vercel.app,base,0x50ab2018c06c6e4eaa9ba52057eb55ed284912fc,18,3.84,0,0,1783135289,1784512667,148,False
mealpulse.vercel.app,base,0x50ab2018c06c6e4eaa9ba52057eb55ed284912fc,18,3.84,0,0,1783135289,1784512667,148,False
govspendpulse.vercel.app,base,0x50ab2018c06c6e4eaa9ba52057eb55ed284912fc,18,3.84,0,0,1783135289,1784512667,148,False
safepulse.theaslangroupllc.com,base,0x50ab2018c06c6e4eaa9ba52057eb55ed284912fc,18,3.84,0,0,1783135289,1784512667,148,False
glowpulse-nine.vercel.app,base,0x50ab2018c06c6e4eaa9ba52057eb55ed284912fc,18,3.84,0,0,1783135289,1784512667,148,False
compliancepulse-eight.vercel.app,base,0x50ab2018c06c6e4eaa9ba52057eb55ed284912fc,18,3.84,0,0,1783135289,1784512667,148,False
debtpulse.vercel.app,base,0x50ab2018c06c6e4eaa9ba52057eb55ed284912fc,18,3.84,0,0,1783135289,1784512667,148,False
signalpulse-peach.vercel.app,base,0x50ab2018c06c6e4eaa9ba52057eb55ed284912fc,18,3.84,0,0,1783135289,1784512667,148,False
onchainpulse-nine.vercel.app,base,0x50ab2018c06c6e4eaa9ba52057eb55ed284912fc,18,3.84,0,0,1783135289,1784512667,148,False
buildpulse.theaslangroupllc.com,base,0x50ab2018c06c6e4eaa9ba52057eb55ed284912fc,18,3.84,0,0,1783135289,1784512667,148,False
longevitypulse.vercel.app,base,0x50ab2018c06c6e4eaa9ba52057eb55ed284912fc,18,3.84,0,0,1783135289,1784512667,148,False
petpulse.theaslangroupllc.com,base,0x50ab2018c06c6e4eaa9ba52057eb55ed284912fc,18,3.84,0,0,1783135289,1784512667,148,False
onchainpulse.theaslangroupllc.com,base,0x50ab2018c06c6e4eaa9ba52057eb55ed284912fc,18,3.84,0,0,1783135289,1784512667,148,False
pulse.theaslangroupllc.com,base,0x50ab2018c06c6e4eaa9ba52057eb55ed284912fc,18,3.84,0,0,1783135289,1784512667,148,False
venturepulse-nine.vercel.app,base,0x50ab2018c06c6e4eaa9ba52057eb55ed284912fc,18,3.84,0,0,1783135289,1784512667,148,False
harvestpulse.vercel.app,base,0x50ab2018c06c6e4eaa9ba52057eb55ed284912fc,18,3.84,0,0,1783135289,1784512667,148,False
biopulse-nine.vercel.app,base,0x50ab2018c06c6e4eaa9ba52057eb55ed284912fc,18,3.84,0,0,1783135289,1784512667,148,False
debtpulse.theaslangroupllc.com,base,0x50ab2018c06c6e4eaa9ba52057eb55ed284912fc,18,3.84,0,0,1783135289,1784512667,148,False
transitpulse.vercel.app,base,0x50ab2018c06c6e4eaa9ba52057eb55ed284912fc,18,3.84,0,0,1783135289,1784512667,148,False
travelpulse.theaslangroupllc.com,base,0x50ab2018c06c6e4eaa9ba52057eb55ed284912fc,18,3.84,0,0,1783135289,1784512667,148,False
scholarpulse.theaslangroupllc.com,base,0x50ab2018c06c6e4eaa9ba52057eb55ed284912fc,18,3.84,0,0,1783135289,1784512667,148,False
tradepulse-five.vercel.app,base,0x50ab2018c06c6e4eaa9ba52057eb55ed284912fc,18,3.84,0,0,1783135289,1784512667,148,False
wealthpulse-phi.vercel.app,base,0x50ab2018c06c6e4eaa9ba52057eb55ed284912fc,18,3.84,0,0,1783135289,1784512667,148,False
chronicapulse.vercel.app,base,0x50ab2018c06c6e4eaa9ba52057eb55ed284912fc,18,3.84,0,0,1783135289,1784512667,148,False
clinicalintelpulse.vercel.app,base,0x50ab2018c06c6e4eaa9ba52057eb55ed284912fc,18,3.84,0,0,1783135289,1784512667,148,False
econsignalpulse.theaslangroupllc.com,base,0x50ab2018c06c6e4eaa9ba52057eb55ed284912fc,18,3.84,0,0,1783135289,1784512667,148,False
geopoliticalpulse.theaslangroupllc.com,base,0x50ab2018c06c6e4eaa9ba52057eb55ed284912fc,18,3.84,0,0,1783135289,1784512667,148,False
fitpulse-vert.vercel.app,base,0x50ab2018c06c6e4eaa9ba52057eb55ed284912fc,18,3.84,0,0,1783135289,1784512667,148,False
dealpulse.theaslangroupllc.com,base,0x50ab2018c06c6e4eaa9ba52057eb55ed284912fc,18,3.84,0,0,1783135289,1784512667,148,False
waterpulse.theaslangroupllc.com,base,0x50ab2018c06c6e4eaa9ba52057eb55ed284912fc,18,3.84,0,0,1783135289,1784512667,148,False
travelpulse-nu.vercel.app,base,0x50ab2018c06c6e4eaa9ba52057eb55ed284912fc,18,3.84,0,0,1783135289,1784512667,148,False
stateedge.vercel.app,base,0x50ab2018c06c6e4eaa9ba52057eb55ed284912fc,18,3.84,0,0,1783135289,1784512667,148,False
footballpulse-six.vercel.app,base,0x50ab2018c06c6e4eaa9ba52057eb55ed284912fc,18,3.84,0,0,1783135289,1784512667,148,False
clear-care-pulse.vercel.app,base,0x50ab2018c06c6e4eaa9ba52057eb55ed284912fc,18,3.84,0,0,1783135289,1784512667,148,False
gridpulse-amber.vercel.app,base,0x50ab2018c06c6e4eaa9ba52057eb55ed284912fc,18,3.84,0,0,1783135289,1784512667,148,False
scentpulse.theaslangroupllc.com,base,0x50ab2018c06c6e4eaa9ba52057eb55ed284912fc,18,3.84,0,0,1783135289,1784512667,148,False
talentpulse.theaslangroupllc.com,base,0x50ab2018c06c6e4eaa9ba52057eb55ed284912fc,18,3.84,0,0,1783135289,1784512667,148,False
mcp-pulsenetwork.vercel.app,base,0x50ab2018c06c6e4eaa9ba52057eb55ed284912fc,18,3.84,0,0,1783135289,1784512667,148,False
homepulse.theaslangroupllc.com,base,0x50ab2018c06c6e4eaa9ba52057eb55ed284912fc,18,3.84,0,0,1783135289,1784512667,148,False
gamepulse-zeta.vercel.app,base,0x50ab2018c06c6e4eaa9ba52057eb55ed284912fc,18,3.84,0,0,1783135289,1784512667,148,False
fanpulse-tau.vercel.app,base,0x50ab2018c06c6e4eaa9ba52057eb55ed284912fc,18,3.84,0,0,1783135289,1784512667,148,False
esgpulse.vercel.app,base,0x50ab2018c06c6e4eaa9ba52057eb55ed284912fc,18,3.84,0,0,1783135289,1784512667,148,False
gridpulse.theaslangroupllc.com,base,0x50ab2018c06c6e4eaa9ba52057eb55ed284912fc,18,3.84,0,0,1783135289,1784512667,148,False
proppulse-gules.vercel.app,base,0x50ab2018c06c6e4eaa9ba52057eb55ed284912fc,18,3.84,0,0,1783135289,1784512667,148,False
stablecoinpulse.theaslangroupllc.com,base,0x50ab2018c06c6e4eaa9ba52057eb55ed284912fc,18,3.84,0,0,1783135289,1784512667,148,False
cyberpulse-six.vercel.app,base,0x50ab2018c06c6e4eaa9ba52057eb55ed284912fc,18,3.84,0,0,1783135289,1784512667,148,False
marketpulse-brown.vercel.app,base,0x50ab2018c06c6e4eaa9ba52057eb55ed284912fc,18,3.84,0,0,1783135289,1784512667,148,False
talentpulse-six.vercel.app,base,0x50ab2018c06c6e4eaa9ba52057eb55ed284912fc,18,3.84,0,0,1783135289,1784512667,148,False
scentpulse-xi.vercel.app,base,0x50ab2018c06c6e4eaa9ba52057eb55ed284912fc,18,3.84,0,0,1783135289,1784512667,148,False
taxpulse.theaslangroupllc.com,base,0x50ab2018c06c6e4eaa9ba52057eb55ed284912fc,18,3.84,0,0,1783135289,1784512667,148,False
parentpulse.theaslangroupllc.com,base,0x50ab2018c06c6e4eaa9ba52057eb55ed284912fc,18,3.84,0,0,1783135289,1784512667,148,False
api.vetpulse.theaslangroupllc.com,base,0x50ab2018c06c6e4eaa9ba52057eb55ed284912fc,18,3.84,0,0,1783135289,1784512667,148,False
racingpulse.vercel.app,base,0x50ab2018c06c6e4eaa9ba52057eb55ed284912fc,18,3.84,0,0,1783135289,1784512667,148,False
autopulse.theaslangroupllc.com,base,0x50ab2018c06c6e4eaa9ba52057eb55ed284912fc,18,3.84,0,0,1783135289,1784512667,148,False
macropulse.theaslangroupllc.com,base,0x50ab2018c06c6e4eaa9ba52057eb55ed284912fc,18,3.84,0,0,1783135289,1784512667,148,False
edupulse-xi-blond.vercel.app,base,0x50ab2018c06c6e4eaa9ba52057eb55ed284912fc,18,3.84,0,0,1783135289,1784512667,148,False
filingspulse.theaslangroupllc.com,base,0x50ab2018c06c6e4eaa9ba52057eb55ed284912fc,18,3.84,0,0,1783135289,1784512667,148,False
careerpulse.theaslangroupllc.com,base,0x50ab2018c06c6e4eaa9ba52057eb55ed284912fc,18,3.84,0,0,1783135289,1784512667,148,False
grantpulse.theaslangroupllc.com,base,0x50ab2018c06c6e4eaa9ba52057eb55ed284912fc,18,3.84,0,0,1783135289,1784512667,148,False
arbipulse.vercel.app,base,0x50ab2018c06c6e4eaa9ba52057eb55ed284912fc,18,3.84,0,0,1783135289,1784512667,148,False
policypulse-ten.vercel.app,base,0x50ab2018c06c6e4eaa9ba52057eb55ed284912fc,18,3.84,0,0,1783135289,1784512667,148,False
edupulse.theaslangroupllc.com,base,0x50ab2018c06c6e4eaa9ba52057eb55ed284912fc,18,3.84,0,0,1783135289,1784512667,148,False
prospectpulse-pi.vercel.app,base,0x50ab2018c06c6e4eaa9ba52057eb55ed284912fc,18,3.84,0,0,1783135289,1784512667,148,False
taxpulse-phi.vercel.app,base,0x50ab2018c06c6e4eaa9ba52057eb55ed284912fc,18,3.84,0,0,1783135289,1784512667,148,False
franchisepulse.theaslangroupllc.com,base,0x50ab2018c06c6e4eaa9ba52057eb55ed284912fc,18,3.84,0,0,1783135289,1784512667,148,False
collectablespulse.theaslangroupllc.com,base,0x50ab2018c06c6e4eaa9ba52057eb55ed284912fc,18,3.84,0,0,1783135289,1784512667,148,False
transitpulse.theaslangroupllc.com,base,0x50ab2018c06c6e4eaa9ba52057eb55ed284912fc,18,3.84,0,0,1783135289,1784512667,148,False
petpulse-alpha.vercel.app,base,0x50ab2018c06c6e4eaa9ba52057eb55ed284912fc,18,3.84,0,0,1783135289,1784512667,148,False
scholarpulse-bice.vercel.app,base,0x50ab2018c06c6e4eaa9ba52057eb55ed284912fc,18,3.84,0,0,1783135289,1784512667,148,False
macropulse-alpha.vercel.app,base,0x50ab2018c06c6e4eaa9ba52057eb55ed284912fc,18,3.84,0,0,1783135289,1784512667,148,False
cyberpulse.theaslangroupllc.com,base,0x50ab2018c06c6e4eaa9ba52057eb55ed284912fc,18,3.84,0,0,1783135289,1784512667,148,False
harvestpulse.theaslangroupllc.com,base,0x50ab2018c06c6e4eaa9ba52057eb55ed284912fc,18,3.84,0,0,1783135289,1784512667,148,False
tradepulse.theaslangroupllc.com,base,0x50ab2018c06c6e4eaa9ba52057eb55ed284912fc,18,3.84,0,0,1783135289,1784512667,148,False
seniorpulse.theaslangroupllc.com,base,0x50ab2018c06c6e4eaa9ba52057eb55ed284912fc,18,3.84,0,0,1783135289,1784512667,148,False
findpulse.theaslangroupllc.com,base,0x50ab2018c06c6e4eaa9ba52057eb55ed284912fc,18,3.84,0,0,1783135289,1784512667,148,False
prospectpulse.theaslangroupllc.com,base,0x50ab2018c06c6e4eaa9ba52057eb55ed284912fc,18,3.84,0,0,1783135289,1784512667,148,False
nutripulse-alpha.vercel.app,base,0x50ab2018c06c6e4eaa9ba52057eb55ed284912fc,18,3.84,0,0,1783135289,1784512667,148,False
remittancepulse.vercel.app,base,0x50ab2018c06c6e4eaa9ba52057eb55ed284912fc,18,3.84,0,0,1783135289,1784512667,148,False
esgpulse.theaslangroupllc.com,base,0x50ab2018c06c6e4eaa9ba52057eb55ed284912fc,18,3.84,0,0,1783135289,1784512667,148,False
cryptopulse.theaslangroupllc.com,base,0x50ab2018c06c6e4eaa9ba52057eb55ed284912fc,18,3.84,0,0,1783135289,1784512667,148,False
cryptopulse-xi-five.vercel.app,base,0x50ab2018c06c6e4eaa9ba52057eb55ed284912fc,18,3.84,0,0,1783135289,1784512667,148,False
autopulse-navy.vercel.app,base,0x50ab2018c06c6e4eaa9ba52057eb55ed284912fc,18,3.84,0,0,1783135289,1784512667,148,False
marketpulse.theaslangroupllc.com,base,0x50ab2018c06c6e4eaa9ba52057eb55ed284912fc,18,3.84,0,0,1783135289,1784512667,148,False
tablepulse.theaslangroupllc.com,base,0x50ab2018c06c6e4eaa9ba52057eb55ed284912fc,18,3.84,0,0,1783135289,1784512667,148,False
tablepulse.vercel.app,base,0x50ab2018c06c6e4eaa9ba52057eb55ed284912fc,18,3.84,0,0,1783135289,1784512667,148,False
immigrationpulse.vercel.app,base,0x50ab2018c06c6e4eaa9ba52057eb55ed284912fc,18,3.84,0,0,1783135289,1784512667,148,False
parentpulse-delta.vercel.app,base,0x50ab2018c06c6e4eaa9ba52057eb55ed284912fc,18,3.84,0,0,1783135289,1784512667,148,False
compliancepulse.theaslangroupllc.com,base,0x50ab2018c06c6e4eaa9ba52057eb55ed284912fc,18,3.84,0,0,1783135289,1784512667,148,False
venturepulse.theaslangroupllc.com,base,0x50ab2018c06c6e4eaa9ba52057eb55ed284912fc,18,3.84,0,0,1783135289,1784512667,148,False
shopperpulse.theaslangroupllc.com,base,0x50ab2018c06c6e4eaa9ba52057eb55ed284912fc,18,3.84,0,0,1783135289,1784512667,148,False
racingpulse.theaslangroupllc.com,base,0x50ab2018c06c6e4eaa9ba52057eb55ed284912fc,18,3.84,0,0,1783135289,1784512667,148,False
buildpulse-alpha.vercel.app,base,0x50ab2018c06c6e4eaa9ba52057eb55ed284912fc,18,3.84,0,0,1783135289,1784512667,148,False
govspendpulse.theaslangroupllc.com,base,0x50ab2018c06c6e4eaa9ba52057eb55ed284912fc,18,3.84,0,0,1783135289,1784512667,148,False
safepulse-xi.vercel.app,base,0x50ab2018c06c6e4eaa9ba52057eb55ed284912fc,18,3.84,0,0,1783135289,1784512667,148,False
filingspulse.vercel.app,base,0x50ab2018c06c6e4eaa9ba52057eb55ed284912fc,18,3.84,0,0,1783135289,1784512667,148,False
grantpulse-three.vercel.app,base,0x50ab2018c06c6e4eaa9ba52057eb55ed284912fc,18,3.84,0,0,1783135289,1784512667,148,False
econsignalpulse.vercel.app,base,0x50ab2018c06c6e4eaa9ba52057eb55ed284912fc,18,3.84,0,0,1783135289,1784512667,148,False
stateedge.theaslangroupllc.com,base,0x50ab2018c06c6e4eaa9ba52057eb55ed284912fc,18,3.84,0,0,1783135289,1784512667,148,False
clearcarepulse.theaslangroupllc.com,base,0x50ab2018c06c6e4eaa9ba52057eb55ed284912fc,18,3.84,0,0,1783135289,1784512667,148,False
immigrationpulse.theaslangroupllc.com,base,0x50ab2018c06c6e4eaa9ba52057eb55ed284912fc,18,3.84,0,0,1783135289,1784512667,148,False
biopulse.theaslangroupllc.com,base,0x50ab2018c06c6e4eaa9ba52057eb55ed284912fc,18,3.84,0,0,1783135289,1784512667,148,False
riskpulse.theaslangroupllc.com,base,0x50ab2018c06c6e4eaa9ba52057eb55ed284912fc,18,3.84,0,0,1783135289,1784512667,148,False
wealthpulse.theaslangroupllc.com,base,0x50ab2018c06c6e4eaa9ba52057eb55ed284912fc,18,3.84,0,0,1783135289,1784512667,148,False
arbipulse.theaslangroupllc.com,base,0x50ab2018c06c6e4eaa9ba52057eb55ed284912fc,18,3.84,0,0,1783135289,1784512667,148,False
alphapulse.theaslangroupllc.com,base,0x50ab2018c06c6e4eaa9ba52057eb55ed284912fc,18,3.84,0,0,1783135289,1784512667,148,False
collectablespulse.vercel.app,base,0x50ab2018c06c6e4eaa9ba52057eb55ed284912fc,18,3.84,0,0,1783135289,1784512667,148,False
fitpulse.theaslangroupllc.com,base,0x50ab2018c06c6e4eaa9ba52057eb55ed284912fc,18,3.84,0,0,1783135289,1784512667,148,False
agents.suedeai.ai,base,0xb5a05466712fd5bcdf2883f43cc6b1799428032d,15,3.83,8,0,1783317775,1784503293,2,False
app.suedeai.ai,base,0xb5a05466712fd5bcdf2883f43cc6b1799428032d,15,3.83,8,0,1783317775,1784503293,2,False
x402.omardev.xyz,base,0xe2b26bdb05ffc0d8e251ec7e5c61299229cbb604,24,3.79,2,0,1783950935,1784204891,1,False
api.sourcestrand.com,base,0xcc28f533f7ed90b8b98b5e9614b96138e790267f,121,3.73,3,0,1783414133,1784181205,1,False
hermes-storefront.onrender.com,base,0xaab91727a29827783bc42135fc56bff5bfb8911d,27,3.7,4,0,1783271225,1784447957,1,False
google-trends.use.x402atlas.com,base,0x9aaceabad8e1858b72fcea1665381b168841b2fa,129,3.67,8,0,1783228025,1784437601,1,False
nft-alpha-x402.fly.dev,base,0x9b8a2786a3df7a7837ccfc4e792e9eb90a36f72f,49,3.64,6,0,1783376963,1784435653,1,False
aviation.x402.press,base,0x3c74ce3f8566ff04b312320e7c264a691c409992,53,3.58,8,0,1783135573,1784511569,11,False
news.x402.press,base,0x3c74ce3f8566ff04b312320e7c264a691c409992,53,3.58,8,0,1783135573,1784511569,11,False
deepseek.x402.press,base,0x3c74ce3f8566ff04b312320e7c264a691c409992,53,3.58,8,0,1783135573,1784511569,11,False
entertainment.x402.press,base,0x3c74ce3f8566ff04b312320e7c264a691c409992,53,3.58,8,0,1783135573,1784511569,11,False
music.x402.press,base,0x3c74ce3f8566ff04b312320e7c264a691c409992,53,3.58,8,0,1783135573,1784511569,11,False
stem.x402.press,base,0x3c74ce3f8566ff04b312320e7c264a691c409992,53,3.58,8,0,1783135573,1784511569,11,False
weather.x402.press,base,0x3c74ce3f8566ff04b312320e7c264a691c409992,53,3.58,8,0,1783135573,1784511569,11,False
space.x402.press,base,0x3c74ce3f8566ff04b312320e7c264a691c409992,53,3.58,8,0,1783135573,1784511569,11,False
marine.x402.press,base,0x3c74ce3f8566ff04b312320e7c264a691c409992,53,3.58,8,0,1783135573,1784511569,11,False
quickpoll.x402.press,base,0x3c74ce3f8566ff04b312320e7c264a691c409992,53,3.58,8,0,1783135573,1784511569,11,False
earth.x402.press,base,0x3c74ce3f8566ff04b312320e7c264a691c409992,53,3.58,8,0,1783135573,1784511569,11,False
glim.sh,base,0xc751344ee09b5159160173f77d4a1169bcd386a1,677,3.57,28,0,1783171813,1784511587,1,False
stableestate.dev,base,0x2e87ae5ab4d061c1213c70dd58b0cfb9c955753d,350,3.5,20,0,1783192733,1784498177,1,False
api.boonprotocol.com,base,0xf121fbecec43e1b616d47285851c20d5fc64431b,45,3.38,3,0,1783216401,1784469535,2,False
api.locus.report,base,0xf121fbecec43e1b616d47285851c20d5fc64431b,45,3.38,3,0,1783216401,1784469535,2,False
agentdata-api.sander-van-aard.workers.dev,base,0xb0ae6a9bd7a573ddda58db6c28622417e8ca2099,35,3.26,1,0,1783930659,1784115371,1,False
api.printmoneylab.com,base,0xcf9223ece895258dea8d288aebcf846ab8e342fb,1230,3.26,113,0,1783138791,1784511409,2,False
api.x402.printmoneylab.com,base,0xcf9223ece895258dea8d288aebcf846ab8e342fb,1230,3.26,113,0,1783138791,1784511409,2,False
pro-api.coingecko.com,solana,8XhngTRitTcUJMiaDJ6azw8GRSiFPpwhnmV3HYQLHUpL,321,3.21,9,0,1782563772,1784509472,1,True
wurkapi.fun,base,0xf00daf15713e82fbb7bdc4b818444d93d655de96,160,3.16,4,0,1783136051,1784506753,1,False
proxy.suverse.io,solana,CBYMYxfMGdA98qkzrYqTzTiQhP3H2scU95EB4ZxoRxuM,42,3.08,0,0,1782896654,1784506763,2,True
api.suverse.io,solana,CBYMYxfMGdA98qkzrYqTzTiQhP3H2scU95EB4ZxoRxuM,42,3.08,0,0,1782896654,1784506763,2,True
api.influship.com,base,0x6d02e3f7c68e7492cc5474ef8ce17dedfd11df89,27,3.02,9,0,1783376509,1784435041,1,False
proxy.suverse.io,base,0xe90316121189715cdc2515b7c2673658b810b751,14,3.02,9,0,1783311007,1784155999,1,False
negbit.com,base,0x361f350cd26919cdee7f39d80af281009c011055,4,3.0,1,0,1783574737,1783588539,1,False
www.rebatify.net,base,0xa9bd0171cf284f338a1925e352db4a7d4caed0b8,3,3.0,3,0,1783210861,1783924551,1,False
webtools402.176-109-107-191.sslip.io,base,0x2d3af92df6129878509f152e531e1bec2b34c423,43,2.98,11,0,1783148785,1784116981,2,False
api.agentstools.dev,base,0x2d3af92df6129878509f152e531e1bec2b34c423,43,2.98,11,0,1783148785,1784116981,2,False
api.omninexu.com,base,0xa5a96da2abf0420c6a136295fc89e382b5df7a92,143,2.98,8,0,1783144747,1784370335,1,False
gateway.stride20k.com,base,0xabe512e06dddc82581d2e5a19ab594e778490441,173,2.93,69,0,1783200173,1784511979,1,False
tee.papers.tech,base,0x9b442c40daac631f74de4094f2998e4ac016098a,40,2.91,4,0,1783331547,1784280057,2,False
deploy.acu.run,base,0x9b442c40daac631f74de4094f2998e4ac016098a,40,2.91,4,0,1783331547,1784280057,2,False
x402.openwebninja.com,base,0x3e7c9ca818f713f19e126e3b7b37b47dc1411570,930,2.81,24,0,1783265641,1784481951,1,False
api.arkm.com,base,0x5e2e9bd1878d2089bc718e47f7a762895ffc5c9c,9,2.8,1,0,1784208907,1784295455,1,False
oyapicks.app,base,0x7df9c5edbf039b1c645d7697f58efd143f0986e1,2,2.74,2,0,1783470979,1783985837,1,False
nolawealthfinancial.com,base,0xfab07d26f7627fc4ce459ecf90d7e015f7eece71,28,2.7,3,0,1783623623,1784401605,1,False
buildscottsbluff.com,base,0x53a05c0eed6cbf065f31aedbae7b0d8ce1a0f4db,505,2.69,1,0,1783187547,1784346601,2,False
ozmium.org,base,0x53a05c0eed6cbf065f31aedbae7b0d8ce1a0f4db,505,2.69,1,0,1783187547,1784346601,2,False
api.solprobe.xyz,solana,FQ3VL8vv8niMMJRY6SVGw6wgJ8bbs5WstN9fK2d6cAc9,41,2.68,1,0,1783504238,1784478618,1,True
gateway.spraay.app,base,0xad62f03c7514bb8c51f1ea70c2b75c37404695c8,167,2.67,18,0,1783257025,1784507067,1,False
api.402.coffee,base,0xca758c922d8476c2cec49c6cc96a4eeba89fbf3b,10,2.65,4,0,1783467325,1784461997,1,False
agent402.tools,polygon,0xabf4fabd7c416fb67202e5f9002389fc75e2a9d0,88,2.51,3,0,1783186624,1784471716,1,False
agent-sop-compiler-production.up.railway.app,base,0xd3bcd3d63a628a8b1358f122ee5161089cd46638,3,2.5,1,0,1784432415,1784467529,1,False
toolcall.click,base,0x84fa7ea8303d4f503267e2e998a3f7d980e814a5,100,2.47,2,0,1784041453,1784439727,2,False
toolsmith-api.dassad10.workers.dev,base,0x84fa7ea8303d4f503267e2e998a3f7d980e814a5,100,2.47,2,0,1784041453,1784439727,2,False
xl402.agentsats.org,base,0x2a373cb1ebb8907a95626c0b0aef47f575a0ab87,8,2.47,2,0,1783669689,1784292533,1,False
chat.anchor-x402.com,base,0x127462e296fac1a7f5cf33ba57bb2f0fff5cd0b6,888,2.44,31,0,1783145607,1784508531,2,False
api.anchor-x402.com,base,0x127462e296fac1a7f5cf33ba57bb2f0fff5cd0b6,888,2.44,31,0,1783145607,1784508531,2,False
gateway.apiosk.com,solana,y4yWssZ2dxG98CJvscPjefHfmrUgPJd5rnVhSAhVQdr,25,2.39,2,0,1783281551,1783443356,1,True
x402.aubr.ai,base,0x44dc2dceaa22c7ef6b2e2cf2362fd3fb476b7c2c,108,2.38,2,0,1783318049,1784297853,3,False
aubrai-x402.vercel.app,base,0x44dc2dceaa22c7ef6b2e2cf2362fd3fb476b7c2c,108,2.38,2,0,1783318049,1784297853,3,False
x402-api.aubr.ai,base,0x44dc2dceaa22c7ef6b2e2cf2362fd3fb476b7c2c,108,2.38,2,0,1783318049,1784297853,3,False
pqs.onchainintel.net,base,0xb40a687ca5483ebc02f870348f6e08971cae1308,67,2.37,4,0,1783136071,1784506783,3,False
probe.onchainintel.net,base,0xb40a687ca5483ebc02f870348f6e08971cae1308,67,2.37,4,0,1783136071,1784506783,3,False
promptqualityscore.com,base,0xb40a687ca5483ebc02f870348f6e08971cae1308,67,2.37,4,0,1783136071,1784506783,3,False
ylk.one,base,0x3c481d2192c23cb6c7df61d4f8f426a7ce45244e,54,2.34,3,0,1783460641,1784503545,1,False
quietstore-production.edge-7e13f.workers.dev,base,0x8f9ef7f8c4744bfaedaa5d315c21f9770c10f931,46,2.33,2,0,1783992833,1784454321,1,False
api.nimatron.com,base,0x306c8148a5e433ceddf184a0b0db4a6631e74e51,5,2.3,1,0,1783478547,1783759667,1,False
claudelines.com,base,0xe0df4aa687080f35c5ffe4235f456c69850d28fb,13,2.3,7,0,1783843767,1784068527,1,False
api.carbon-cashmere.de,solana,GgS891nMiEETjBEFw1QQxVcAqsRV34mDYpxh24TrpCiD,68,2.29,2,0,1783486491,1784461515,1,True
api.cryptoetfsentinel.com,solana,Ezzbt3d3K76pmQpwbeXkggCs5n7Q3JWG3iCmtdKdpMxk,30,2.26,1,0,1783446706,1784509473,1,True
api.ownedforever.com,base,0xa8c3843c5aa121181fbd7135d34dba57d99a2c2a,33,2.21,1,0,1783842781,1783965041,1,False
losbeto-production-dd7c.up.railway.app,base,0xd5ba9711a3d052846a3695c70e7fcb8b3168fe7d,51,2.19,2,0,1784071339,1784312423,1,False
x402.fuchss.app,base,0xbbecbe90f28632a9d52ed67b33b43767b8c89285,35,2.19,6,0,1783334717,1784356757,1,False
pro-api.coingecko.com,base,0x110cdbba7fe6434ec4ce3464cc523942ad6fb784,215,2.15,30,0,1783139251,1784504785,1,False
soldefi.thomenz.me,base,0x15773309e68e7d6b561a86bfca8f1bfbf1807d90,80,2.11,3,0,1783140249,1784181205,1,False
netintel.dev,solana,8FVeybWnB4dYrxTuPK7WzFZNAiEcFVaDLFnKpRwVGr5s,73,2.11,3,0,1784166271,1784512167,1,True
data.lagoontechsystems.com,base,0xee6ecf92feae0e16e1e75c1cfc63c7dcec905f23,39,2.1,3,0,1783469335,1784428547,1,False
sentedge.ai,base,0x7bebee9f4c1694e18fd9bf3bf0f113d7fb2d6bb3,12,2.1,1,0,1783742231,1783883613,1,False
miningincidents.org,base,0x24d9337cd2f3881f7c3ee63cb8014840a76e333a,9,2.08,1,0,1784430993,1784446245,1,False
thevaultreport.com,base,0x74500ee8519da3b6bf43642bc06be5874a9ecc99,7,2.08,1,0,1784430963,1784440981,1,False
api.forum-labs.com,base,0xffa3e5fa7ae5f0dd1fd196cbd41d40325e4aa831,191,2.06,3,0,1783329021,1783845871,1,False
aura-revenue.helionixlabs.com,base,0x56a093255d6e0536109b5f255fc71bb74bfe5838,7,2.06,2,0,1783977089,1784302417,1,False
api.jamton.network,base,0xefb3d3b26b31982293be31bdf389e7b5f3b4dcde,7,2.05,1,0,1783418969,1783627525,1,False
x402-hono-api.inraby.workers.dev,base,0xe2433f056f953b7d4c946cffb1201d2e9601eabf,33,2.05,2,0,1784043941,1784454373,1,False
x402.deepsearch.com,base,0xbecc987508adf6696a3254bed485cc2d9493c8ad,21,2.05,7,0,1783413353,1784507775,1,False
conc-exe.xyz,solana,9uiwHcDNYg8rbPDRaJBfMHVo8f8CAgCCZzz1JB6XyEFN,22,2.04,2,0,1783376908,1783584889,1,True
api.querylines.com,base,0x16be07aec4d16e8ec9039d16e7049ee47834acd7,11,2.0,0,0,1783629843,1784375781,4,False
recalls.recordsforagents.com,base,0x16be07aec4d16e8ec9039d16e7049ee47834acd7,11,2.0,0,0,1783629843,1784375781,4,False
licenses.recordsforagents.com,base,0x16be07aec4d16e8ec9039d16e7049ee47834acd7,11,2.0,0,0,1783629843,1784375781,4,False
entities.recordsforagents.com,base,0x16be07aec4d16e8ec9039d16e7049ee47834acd7,11,2.0,0,0,1783629843,1784375781,4,False
mediaforge.mediaforge-hq.workers.dev,base,0x7b49fd1c58017b6e545acfb62b455addd0efca57,14,2.0,14,0,1783784447,1784083441,1,False
persona-mcp-server.onrender.com,base,0x63ffca01d352a245f9d5cf372380966814d3ee5e,2,2.0,1,0,1783522079,1784190917,1,False
api.santosautomation.com,base,0x3f8173bbb64ffaca8793c9c46518ba2369277e8b,38,1.94,2,0,1784422593,1784492209,1,False
x402.shizu.me,base,0x217e5fe265eb78b29067bf8324ef03a7d8e167c4,383,1.93,121,0,1783147009,1784508557,1,False
statepulse-api.hahavoid0.workers.dev,base,0x4a82f147c8a4339409c9097adc1eedfd56e85bfe,78,1.86,15,0,1783214591,1784398769,3,False
bizintel-api.hahavoid0.workers.dev,base,0x4a82f147c8a4339409c9097adc1eedfd56e85bfe,78,1.86,15,0,1783214591,1784398769,3,False
codepulse-api.hahavoid0.workers.dev,base,0x4a82f147c8a4339409c9097adc1eedfd56e85bfe,78,1.86,15,0,1783214591,1784398769,3,False
api.itsgloria.ai,base,0xca1271e777c209e171826a681855351f4989cd0c,55,1.83,7,0,1783137607,1784244185,1,False
keyronne.com,base,0xb86f95ef5fa904318ea9df3b59adce099b478fc4,644,1.79,94,0,1783315659,1784511971,1,False
pro-api.coinmarketcap.com,base,0x3c5f3a6ce224bb89d72f5eb4232ecc27f67b3eea,177,1.77,18,0,1783147973,1784452857,1,False
kr-intel-agent-production.up.railway.app,base,0xb95b9c6698b661e065df7ac2eb1a0c6c3b0d95bb,5,1.75,1,0,1783868555,1783879529,1,False
madoromi.fun,base,0x60675cc0da2131dfd2e8b887ebf8356b2cbd701e,22,1.75,2,0,1783421251,1784410867,1,False
mpp.hyreagent.fun,base,0xb5998e11e666fd1e7f3b8e8d9122a755eec1e9b7,65,1.73,2,0,1783469363,1784509257,1,False
agentdataapi.onrender.com,base,0x506c3995cb7b9bb6ea4d2f95e1e43461b74c9aff,87,1.72,4,0,1783800489,1784454321,1,False
srv1334799.hstgr.cloud,base,0xc4f9f3b2cc0eac2542df9f1cb8f5c118e13a0045,25,1.66,3,0,1784149195,1784371203,1,False
tradeos.tech,base,0xb445f611cc899b623462f07c11bfeacfd20d3c70,3,1.66,3,0,1783467935,1784123283,1,False
www.getbags.app,base,0x25955c4a690e13f8a5de0ce3fda34163f01f88e8,19,1.66,3,0,1783414199,1784416565,1,False
x402-data-api.onrender.com,base,0xdd5fcea81ca6f1eb39fed5b973de794293b81ba6,267,1.65,41,0,1783136707,1784509223,2,False
api.webbersites.com,base,0xdd5fcea81ca6f1eb39fed5b973de794293b81ba6,267,1.65,41,0,1783136707,1784509223,2,False
obagents.vercel.app,base,0xf1eb97ddddeb0257548bc14d35f981b10f8c3fa3,165,1.65,5,0,1783136159,1784506937,1,False
disruption.forgemesh.io,base,0xa8774facfd3da2ea11f240c977b9973d78adfcfe,20,1.64,4,0,1783192643,1784318869,1,False
x402.911fund.io,base,0xd86f1f35d6b15febef2f4a4390b584d8a7dec0b6,64,1.64,6,0,1783166463,1784246511,1,False
x402.forgemesh.io,base,0x850363a27f0ac6feb9c7a3ec4c1d295262df9432,440,1.62,24,0,1784157301,1784328037,1,False
stablecrypto.dev,base,0x124f620b4f3b53559cd9148c9b1b2773ca104478,161,1.61,69,0,1783138293,1784501319,1,False
api.dyor.network,base,0x191eaf1d2134aacc2d7209ef5df077e4f134af34,16,1.6,2,0,1783487493,1784462689,1,False
eltociear-tokenguard.hf.space,base,0x5bcda55247b238a573a968b234f788a2d35664dd,295,1.5,118,0,1783342403,1784458087,1,False
soldefi.thomenz.me,solana,3fPw1ntfRAsTsDtNeJoEyoiTddJePWZ59oRoaRSBShRk,43,1.49,2,0,1783285265,1784465923,1,True
jp-data-api-production.up.railway.app,base,0xd5ca2593ce6489467cf57a6cc8435329d6ecb468,89,1.44,17,0,1783329123,1784418327,1,False
marketdata.use.x402atlas.com,base,0x9d667bc76f166322df087b3b3927d4d83d44a5d0,110,1.42,5,0,1783368233,1784447527,1,False
api.orcatrace.dev,base,0xf444abc53f5e1e73caec7df64d147ddb119514a0,93,1.41,2,0,1783215543,1784512413,5,False
api.signalis.dev,base,0xf444abc53f5e1e73caec7df64d147ddb119514a0,93,1.41,2,0,1783215543,1784512413,5,False
api.demandex.dev,base,0xf444abc53f5e1e73caec7df64d147ddb119514a0,93,1.41,2,0,1783215543,1784512413,5,False
api.gitbeacon.dev,base,0xf444abc53f5e1e73caec7df64d147ddb119514a0,93,1.41,2,0,1783215543,1784512413,5,False
api.moltalyzer.xyz,base,0xf444abc53f5e1e73caec7df64d147ddb119514a0,93,1.41,2,0,1783215543,1784512413,5,False
api.ishtar.numetal.xyz,base,0x36de990133d36d7e3df9a820aa3ede5a2320de71,5,1.4,3,0,1783170891,1784136835,1,False
api.the402.ai,base,0x21bce104282d6a089539c34addde152d42a02d0e,294,1.39,17,0,1783434795,1784496737,1,False
api.signalfuse.co,base,0xf080a1aab08650946acda41410a7edc14f7be035,119,1.37,19,0,1783137357,1784506909,1,False
api.agentx402.ai,base,0xedc70b35572a2264aa7c31cf0f2a639f8007d952,40,1.33,3,0,1783657129,1784096203,1,False
defi-shield-hazel.vercel.app,base,0x0814d35f25f2ef3dffa4aef4d137558d5e51ed7b,23,1.33,6,0,1783382299,1784463387,1,False
api.getanyapi.com,base,0x754bd2a6799e766b1e2b9f1ae7fbdc0ced96ef13,151,1.31,17,0,1783182419,1784475319,1,False
globalrules-api.onrender.com,base,0x22c24daf579629a6d7418e09e9c71e6c8883f8e2,19,1.25,3,0,1783916857,1784454321,1,False
stable-browser-git-ben-test-agentcash-rout-1850e3-merit-systems.vercel.app,base,0xcb79b3c5a7dadcd7c30e3be252c0ca44a06c6f78,12,1.25,1,0,1783585739,1784466651,6,False
stable-browser-git-stablebrowser-public-live-view-merit-systems.vercel.app,base,0xcb79b3c5a7dadcd7c30e3be252c0ca44a06c6f78,12,1.25,1,0,1783585739,1784466651,6,False
stable-browser-git-shafu-stablebrowser-han-020dc6-merit-systems.vercel.app,base,0xcb79b3c5a7dadcd7c30e3be252c0ca44a06c6f78,12,1.25,1,0,1783585739,1784466651,6,False
www.stablebrowser.dev,base,0xcb79b3c5a7dadcd7c30e3be252c0ca44a06c6f78,12,1.25,1,0,1783585739,1784466651,6,False
stable-browser-git-shafu-stablebrowser-410-220925-merit-systems.vercel.app,base,0xcb79b3c5a7dadcd7c30e3be252c0ca44a06c6f78,12,1.25,1,0,1783585739,1784466651,6,False
stablebrowser.vercel.app,base,0xcb79b3c5a7dadcd7c30e3be252c0ca44a06c6f78,12,1.25,1,0,1783585739,1784466651,6,False
stable-jobs-git-fix-stablejobs-location-guidance-merit-systems.vercel.app,base,0xf04220c87894e7cbc0273f38c18195dab0db5fe5,7,1.25,1,0,1783607501,1784461101,8,False
stable-jobs-git-ben-test-agentcash-router-pr-227-merit-systems.vercel.app,base,0xf04220c87894e7cbc0273f38c18195dab0db5fe5,7,1.25,1,0,1783607501,1784461101,8,False
stable-jobs-git-ben-test-agentcash-router-pr-241-merit-systems.vercel.app,base,0xf04220c87894e7cbc0273f38c18195dab0db5fe5,7,1.25,1,0,1783607501,1784461101,8,False
stable-jobs-git-fix-stablejobs-default-act-9e0365-merit-systems.vercel.app,base,0xf04220c87894e7cbc0273f38c18195dab0db5fe5,7,1.25,1,0,1783607501,1784461101,8,False
stable-jobs-git-ben-test-agentcash-router-pr-212-merit-systems.vercel.app,base,0xf04220c87894e7cbc0273f38c18195dab0db5fe5,7,1.25,1,0,1783607501,1784461101,8,False
stablejobs.dev,base,0xf04220c87894e7cbc0273f38c18195dab0db5fe5,7,1.25,1,0,1783607501,1784461101,8,False
stable-jobs-git-fix-stablejobs-default-recency-merit-systems.vercel.app,base,0xf04220c87894e7cbc0273f38c18195dab0db5fe5,7,1.25,1,0,1783607501,1784461101,8,False
stable-jobs-git-fix-stablejobs-pricing-sch-7bfb9c-merit-systems.vercel.app,base,0xf04220c87894e7cbc0273f38c18195dab0db5fe5,7,1.25,1,0,1783607501,1784461101,8,False
coil.trade,base,0x7b53524d5c5d29efb8c1d128c56f62fe38cd9476,12,1.24,2,0,1784397211,1784486257,1,False
aviation.x402.press,arbitrum,0x3c74ce3f8566ff04b312320e7c264a691c409992,10,1.24,0,0,1783217872,1784225887,11,False
news.x402.press,arbitrum,0x3c74ce3f8566ff04b312320e7c264a691c409992,10,1.24,0,0,1783217872,1784225887,11,False
deepseek.x402.press,arbitrum,0x3c74ce3f8566ff04b312320e7c264a691c409992,10,1.24,0,0,1783217872,1784225887,11,False
entertainment.x402.press,arbitrum,0x3c74ce3f8566ff04b312320e7c264a691c409992,10,1.24,0,0,1783217872,1784225887,11,False
music.x402.press,arbitrum,0x3c74ce3f8566ff04b312320e7c264a691c409992,10,1.24,0,0,1783217872,1784225887,11,False
stem.x402.press,arbitrum,0x3c74ce3f8566ff04b312320e7c264a691c409992,10,1.24,0,0,1783217872,1784225887,11,False
weather.x402.press,arbitrum,0x3c74ce3f8566ff04b312320e7c264a691c409992,10,1.24,0,0,1783217872,1784225887,11,False
space.x402.press,arbitrum,0x3c74ce3f8566ff04b312320e7c264a691c409992,10,1.24,0,0,1783217872,1784225887,11,False
marine.x402.press,arbitrum,0x3c74ce3f8566ff04b312320e7c264a691c409992,10,1.24,0,0,1783217872,1784225887,11,False
quickpoll.x402.press,arbitrum,0x3c74ce3f8566ff04b312320e7c264a691c409992,10,1.24,0,0,1783217872,1784225887,11,False
earth.x402.press,arbitrum,0x3c74ce3f8566ff04b312320e7c264a691c409992,10,1.24,0,0,1783217872,1784225887,11,False
tooloracle.io,base,0x11f591c3496c0632e7b173184f5bc71dc941125d,8,1.23,7,0,1783224275,1784348723,1,False
travel-agent.forgemesh.io,base,0x7f7c9bff1ddf2817641740962a9872e6421ebbfc,20,1.23,11,0,1783192645,1784318885,1,False
zlurp.ai,base,0xed1f3bd0c17b4eb4bcbb2ddb1e436015ac45b711,246,1.23,5,0,1783317619,1784146157,1,False
mail.cusethejuice.com,base,0xf9905a9c4784533c8cee3487b4546ed03126dca5,64,1.21,2,0,1783162955,1783520851,1,False
www.x402scan.com,base,0x2ec4545f96a24876764bf2b04d54e66a1351be71,117,1.19,5,0,1783152439,1784511845,5,False
x402scan-hnqp3auxm-merit-systems.vercel.app,base,0x2ec4545f96a24876764bf2b04d54e66a1351be71,117,1.19,5,0,1783152439,1784511845,5,False
x402scan-e11utvi3p-merit-systems.vercel.app,base,0x2ec4545f96a24876764bf2b04d54e66a1351be71,117,1.19,5,0,1783152439,1784511845,5,False
x402scan-git-router-117-merit-systems.vercel.app,base,0x2ec4545f96a24876764bf2b04d54e66a1351be71,117,1.19,5,0,1783152439,1784511845,5,False
x402scan-j55w7ornb-merit-systems.vercel.app,base,0x2ec4545f96a24876764bf2b04d54e66a1351be71,117,1.19,5,0,1783152439,1784511845,5,False
x402.payperbyte.io,base,0xffff4b8da8c165b556326453446f6940c8afe0db,39,1.18,22,0,1783140363,1784447781,1,False
midway.lol,base,0x764d6953132ac85eda0708c7ffd65eb1b1a80db3,16,1.15,7,0,1783135281,1784445097,1,False
api.messari.io,solana,jPt2dffmPi7WEtV8J6UFHJQaatEJVyuSFmz5b4DHFG8,7,1.15,2,0,1783514502,1784478766,1,True
crypto.forgemesh.io,base,0x93a1f57d2e0dbe4cc882b5dbaebe7f0f16443338,23,1.13,2,0,1784029057,1784170319,1,False
graphadvocate.com,base,0x0ff5a6ecef783bba35463ec2f8403b9b5e9e7c86,45,1.13,6,0,1783319549,1784463267,1,False
agent-compression-biz-production.up.railway.app,base,0x22de39071d40fbfdc0962c34c593fb863da75df6,55,1.11,36,0,1783143667,1784503307,1,False
api.regressionincoming.fyi,base,0x3567c566e194dd25ed580ad917160b8700fe7460,11,1.1,2,0,1783377069,1784442129,1,False
stableapify.dev,base,0x23d931f95831cee50b5f5edf4d0e88270f6c8411,54,1.1,11,0,1783142699,1784485731,3,False
apify-api-git-br-apify-typed-input-schemas-merit-systems.vercel.app,base,0x23d931f95831cee50b5f5edf4d0e88270f6c8411,54,1.1,11,0,1783142699,1784485731,3,False
apify-api-git-br-better-actor-pay-merit-systems.vercel.app,base,0x23d931f95831cee50b5f5edf4d0e88270f6c8411,54,1.1,11,0,1783142699,1784485731,3,False
scry.solanahub.de,solana,CTKigV78yuErumvqm7Qor8j1hMK2oxNxdhwpVrAKV85d,19,1.1,2,0,1782657884,1784506545,1,True
tripadvisor.x402.paysponge.com,base,0x6302d9e6dbb22fec3c350551568bb39b4b35ad57,70,1.08,19,0,1783138831,1784498683,7,False
2captcha.x402.paysponge.com,base,0x6302d9e6dbb22fec3c350551568bb39b4b35ad57,70,1.08,19,0,1783138831,1784498683,7,False
api.paysponge.com,base,0x6302d9e6dbb22fec3c350551568bb39b4b35ad57,70,1.08,19,0,1783138831,1784498683,7,False
screenshotone.x402.paysponge.com,base,0x6302d9e6dbb22fec3c350551568bb39b4b35ad57,70,1.08,19,0,1783138831,1784498683,7,False
wolframalpha.x402.paysponge.com,base,0x6302d9e6dbb22fec3c350551568bb39b4b35ad57,70,1.08,19,0,1783138831,1784498683,7,False
deepgram.x402.paysponge.com,base,0x6302d9e6dbb22fec3c350551568bb39b4b35ad57,70,1.08,19,0,1783138831,1784498683,7,False
rentcast.x402.paysponge.com,base,0x6302d9e6dbb22fec3c350551568bb39b4b35ad57,70,1.08,19,0,1783138831,1784498683,7,False
api.craigmbrown.com,base,0x5e709929a4ab69ec3a8811d03417869059bc4eb9,36,1.05,3,0,1783469525,1784472005,1,False
ads.forgemesh.io,base,0x65e02cb7fee27630bb7d1a3add02ef7aa2d21701,50,1.04,5,0,1783142065,1784328795,1,False
api.vindexapi.dev,base,0x444731dac7c9cde478147f41e621a064fcbe70f2,104,1.04,6,0,1783637653,1784508105,1,False
cloud.hyrule.host,base,0xff4555af30a1066a889324a3fe88c76796159f15,84,1.04,4,0,1783544887,1784453561,1,False
prance-mounting-watch.ngrok-free.dev,base,0x7c29d1bf7a26e62e1a3cd038c1b6d19897a2c20e,5,1.03,1,0,1784484117,1784484123,1,False
safetyincidents.org,base,0x9f6c07e3f772ec49435579ec34e13141a94b9958,4,1.03,1,0,1784430157,1784440993,1,False
api.isocast.dev,base,0x44b16952484b6dbea40ede12927ee03a5ea6cdd3,102,1.02,6,0,1783637819,1784509963,1,False
api.jubjubapp.com,base,0x6e1cdbbbc6e6fb422af89b2e47fb553b725ad728,13,1.02,3,0,1783484659,1784460049,1,False
www.genbase.fun,base,0xf338bdd9ec443335b1c33ad3bb21a421a36f97ea,12,1.02,8,0,1783471519,1784124623,1,False
brdata.thomenz.me,base,0x058e31392d8d2417d100243c2a0323667e594023,39,1.01,1,0,1784233275,1784239837,1,False
api.stacktr.ee,base,0xcc985ba6934d134feec4824ba40258608f3a4333,2,1.0,1,0,1783357937,1783358919,1,False
financial-analyst.ai,base,0xda158f96c7d02e787ec75858d108366bda6aaeb3,4,1.0,2,0,1783169345,1784016843,1,False
gen.portalfoundation.ai,base,0xe68e6015f540c9778ad130e155a4c0265ea65d40,1,1.0,1,0,1784469257,1784469257,1,False
patternfetch.com,base,0x95c9216fca7a77a91ddacd08e1ddab6babc4288b,1,1.0,1,0,1783428269,1783428269,1,False
pitchiq-mcp-production.up.railway.app,base,0x91859e0f5269a082f0419fb9ca2174680c9387b0,1,1.0,1,0,1783264405,1783264405,1,False
ryansproule.com,base,0xf815f25e2c3ec4cf9af787cd3ebe5d8f5a91239f,1,1.0,1,0,1783888037,1783888037,1,False
socialintel.dev,base,0xb1acd9e0269023546074400a434e703b646aabba,2,1.0,2,0,1783328129,1784127723,1,False
twentyonemillion.art,base,0xf47e84caf47bb85e16c08d6140435882815502ee,1,1.0,1,0,1783406215,1783406215,1,False
verifier.vevang.com,base,0xb9fae1e2aa1a508bbafd511b804b7067fe5a3986,1,1.0,1,0,1783528435,1783528435,1,False
api.stakedbots.com,base,0x21b077b26bfda6d2b8fdf0130977362d61e18912,19,0.99,4,0,1783328405,1784453347,1,False
x402.creative-tim.com,base,0x45ac00db8bdd4b837abbbf75888cbdfe6b6d8943,87,0.96,81,0,1783309411,1784432543,1,False
bittensorman.xyz,base,0x444fadbd6e1fed0cfbf7613b6c9f91b9021eecbd,10,0.95,1,0,1784202549,1784300233,1,False
app.r3p.xyz,base,0x01686365833733f8c9fbe956a43afb07fc6be518,29,0.93,1,0,1783966489,1784353473,1,False
api.carbon-cashmere.de,base,0xf8b2dd46542175ad46e14e6133340e652665f2ee,34,0.92,7,0,1783486443,1784461575,1,False
x402.telnyx.com,base,0x19a78b27a28ed93c3c914878bde7f2f843afaea8,165,0.91,4,0,1783361853,1784511563,1,False
agentcrush.xyz,base,0x58e632fa698383820ffc22156352c9836790e2c0,54,0.9,2,0,1783374121,1784507359,1,False
x402-factory.com,base,0xcc42ed39a06b6cf3f484307ef76b88bf56fb305f,22,0.89,8,0,1783210945,1784505237,2,False
runwayoracle.com,base,0xcc42ed39a06b6cf3f484307ef76b88bf56fb305f,22,0.89,8,0,1783210945,1784505237,2,False
x402-agent-store.rileycraig14.workers.dev,base,0xc91ce6291edc0713ec753bafba002506ffb2b95c,87,0.89,24,0,1783143647,1784466487,2,False
store.agentexchange.work,base,0xc91ce6291edc0713ec753bafba002506ffb2b95c,87,0.89,24,0,1783143647,1784466487,2,False
api.solenrich.com,solana,66Qvhr1xnwqbCT36KfHfZF1JpoWdmCQ3uFYTN335CGXe,68,0.88,1,0,1782576678,1783643477,1,True
timezone-toolkit.agishub.com,base,0xf41daf0ba8d5f5915d927e005b2eb2ded7b6fecf,43,0.84,1,0,1783883717,1784462651,1,False
econdash.org,base,0x39e10e5f431b26cae3d7d0a39aef86055d015d8c,41,0.82,4,0,1783376363,1784463385,1,False
402utils.com,base,0xc55a2d530b53cbad1001e4afd4720b7e71f9c291,292,0.81,56,0,1783154997,1784511955,1,False
agent-data-hub-thebrandbard.replit.app,base,0xeae48f1e0d58a58bdff4bce24941c8d80f71a999,5,0.81,1,0,1783169253,1784078123,2,False
shopifyagentdata.com,base,0xeae48f1e0d58a58bdff4bce24941c8d80f71a999,5,0.81,1,0,1783169253,1784078123,2,False
api.aidress.ai,base,0x58bdad5e654691ac5ed4631758f3d8da00666b6c,270,0.81,6,0,1783140683,1784341265,2,False
edgar.apitoll.cloud,base,0x58bdad5e654691ac5ed4631758f3d8da00666b6c,270,0.81,6,0,1783140683,1784341265,2,False
api.agentcamo.xyz,base,0x93958d39d88eb8372bb9c1c82c0d6c0c332848af,80,0.8,1,0,1783136037,1784506735,2,False
xspy.pro,base,0x93958d39d88eb8372bb9c1c82c0d6c0c332848af,80,0.8,1,0,1783136037,1784506735,2,False
api.borisinc.com,base,0x30a535132ea7573fd339b30fee8b677e0ec947e0,103,0.8,4,0,1783252571,1784171157,1,False
weather.agentic-jp.com,base,0x38c9f689274e2fc3ae360744ef88ce212077a584,30,0.79,2,0,1783233179,1784485055,7,False
holiday.agentic-jp.com,base,0x38c9f689274e2fc3ae360744ef88ce212077a584,30,0.79,2,0,1783233179,1784485055,7,False
furigana.agentic-jp.com,base,0x38c9f689274e2fc3ae360744ef88ce212077a584,30,0.79,2,0,1783233179,1784485055,7,False
houjin.agentic-jp.com,base,0x38c9f689274e2fc3ae360744ef88ce212077a584,30,0.79,2,0,1783233179,1784485055,7,False
address.agentic-jp.com,base,0x38c9f689274e2fc3ae360744ef88ce212077a584,30,0.79,2,0,1783233179,1784485055,7,False
transit.agentic-jp.com,base,0x38c9f689274e2fc3ae360744ef88ce212077a584,30,0.79,2,0,1783233179,1784485055,7,False
diet.agentic-jp.com,base,0x38c9f689274e2fc3ae360744ef88ce212077a584,30,0.79,2,0,1783233179,1784485055,7,False
predict.gocreativeai.com,base,0xbaf55b24ca99bd7393b6e627093b13c6628b53cc,23,0.79,15,0,1783140963,1784391515,4,False
enrich.gocreativeai.com,base,0xbaf55b24ca99bd7393b6e627093b13c6628b53cc,23,0.79,15,0,1783140963,1784391515,4,False
omnicall.gocreativeai.com,base,0xbaf55b24ca99bd7393b6e627093b13c6628b53cc,23,0.79,15,0,1783140963,1784391515,4,False
api.gocreativeai.com,base,0xbaf55b24ca99bd7393b6e627093b13c6628b53cc,23,0.79,15,0,1783140963,1784391515,4,False
dicta-notes.com,base,0x1f2a484ef654d49c58c625b09e78b538501d652d,10,0.79,2,0,1783185963,1784508437,3,False
stackbill.app,base,0x1f2a484ef654d49c58c625b09e78b538501d652d,10,0.79,2,0,1783185963,1784508437,3,False
imagcon.app,base,0x1f2a484ef654d49c58c625b09e78b538501d652d,10,0.79,2,0,1783185963,1784508437,3,False
know.fast,base,0x45a4a9612d4d4e78703a63dc3ef36267a6c17d96,6,0.79,1,0,1783296541,1783755539,4,False
paulgraham.researcher.now,base,0x45a4a9612d4d4e78703a63dc3ef36267a6c17d96,6,0.79,1,0,1783296541,1783755539,4,False
researcher.now,base,0x45a4a9612d4d4e78703a63dc3ef36267a6c17d96,6,0.79,1,0,1783296541,1783755539,4,False
paulgraham.persona.energy,base,0x45a4a9612d4d4e78703a63dc3ef36267a6c17d96,6,0.79,1,0,1783296541,1783755539,4,False
jmt-x402-proxy.jmthomasofficial.workers.dev,base,0x624faf18c78456c8da5bf156cd77c1a2033f21c5,95,0.77,3,2,1783141863,1784505447,2,False
x402.jmthomasofficial.com,base,0x624faf18c78456c8da5bf156cd77c1a2033f21c5,95,0.77,3,2,1783141863,1784505447,2,False
api.x402agentic.ai,base,0xc23c4afa42cbabbc03d04bc87ecb769fc82f1f43,19,0.76,1,0,1783378055,1784439999,1,False
transit402.dev,base,0x687e3217668dde7c32478a3f2613750c8bd505e9,38,0.76,3,0,1783905319,1784473205,1,False
api.402pixels.com,base,0x6ed77d968d9759dd08a9bb02b9b796a21d5aa30d,1,0.75,1,0,1784127767,1784127767,1,False
emc2ai.io,base,0xc9368b30bd620164fd1a05a5d99dcaf8ae754775,1,0.75,1,0,1783554811,1783554811,1,False
www.tryskopos.xyz,base,0x76e8778a3122dbf4f78288bc3545ce305f3b96dd,9,0.75,4,0,1783673465,1784128881,1,False
cdo-production.up.railway.app,base,0x0d0e3539da45c573af8730045e7d5f634243f3d3,12,0.74,1,0,1784029797,1784239927,2,False
cdo-staging.up.railway.app,base,0x0d0e3539da45c573af8730045e7d5f634243f3d3,12,0.74,1,0,1784029797,1784239927,2,False
x402-cybercentry-solana-token-verification.up.railway.app,base,0xfee13309251b632317ea2d475d6aba7e7e0219e6,7,0.74,1,0,1783229623,1784448867,8,False
x402-cybercentry-wallet-verification.up.railway.app,base,0xfee13309251b632317ea2d475d6aba7e7e0219e6,7,0.74,1,0,1783229623,1784448867,8,False
centry.cybercentry.co.uk,base,0xfee13309251b632317ea2d475d6aba7e7e0219e6,7,0.74,1,0,1783229623,1784448867,8,False
x402-cybercentry-cyber-security-consultant.up.railway.app,base,0xfee13309251b632317ea2d475d6aba7e7e0219e6,7,0.74,1,0,1783229623,1784448867,8,False
x402-cybercentry-erc-8004-agent-verification.up.railway.app,base,0xfee13309251b632317ea2d475d6aba7e7e0219e6,7,0.74,1,0,1783229623,1784448867,8,False
x402-cybercentry.up.railway.app,base,0xfee13309251b632317ea2d475d6aba7e7e0219e6,7,0.74,1,0,1783229623,1784448867,8,False
x402-cybercentry-solidity-code-verification.up.railway.app,base,0xfee13309251b632317ea2d475d6aba7e7e0219e6,7,0.74,1,0,1783229623,1784448867,8,False
x402-cybercentry-ethereum-token-verification.up.railway.app,base,0xfee13309251b632317ea2d475d6aba7e7e0219e6,7,0.74,1,0,1783229623,1784448867,8,False
api.printmoneylab.com,solana,3Ywxk31SvWKwZBdY6bLvjmn5h4mzWcT3HJ5UZbYXoVy9,20,0.74,1,0,1782657942,1784478023,2,True
api.x402.printmoneylab.com,solana,3Ywxk31SvWKwZBdY6bLvjmn5h4mzWcT3HJ5UZbYXoVy9,20,0.74,1,0,1782657942,1784478023,2,True
ip402.xyz,solana,7Cd8FJ6hCKKTphtj2oDNQrevkMc4CcHCuLNWkw38so6Q,74,0.74,9,0,1782574291,1784474816,1,True
api.run402.com,base,0x059d091d51a0f011c9872eaa63df538f5ce15945,22,0.73,3,0,1783822111,1784125023,1,False
verity-suite.onrender.com,base,0x89d38023167bda453bed9f6cbf22ddd1ec5f70a7,4,0.73,1,0,1783274547,1784096173,3,False
api.veritylayer.dev,base,0x89d38023167bda453bed9f6cbf22ddd1ec5f70a7,4,0.73,1,0,1783274547,1784096173,3,False
verity-bzw7.onrender.com,base,0x89d38023167bda453bed9f6cbf22ddd1ec5f70a7,4,0.73,1,0,1783274547,1784096173,3,False
solidus-x402.fly.dev,solana,8mTdwZCZDPeDhso3iAk2znuuzWWXrq7Cni67WJ6Tc167,11,0.73,1,0,1784402243,1784403160,1,True
minia2a.uk,base,0xf16f0882de08315b438e9f3a2abfb2d2e5d94eca,59,0.72,4,52,1783702535,1784512141,1,False
aiagentoracle.ai,base,0x2fecabdfc849c76fdc28ca13aa0ab392753ef35c,71,0.71,5,0,1783462675,1784508561,1,False
api.auor.io,base,0x57210b95ecbfd6f2ee74d77830228b48d1878867,453,0.71,135,0,1783135499,1784502559,1,False
mru-oracle.com,base,0x237371f8b372a02b58fb430eb564b7c5cb936f75,478,0.71,8,0,1783171005,1784437185,1,False
x402.devvizion.com,base,0xe79e7fa7ce7259c46f9b127b837d2907bb036f95,37,0.71,4,1,1784295833,1784503143,1,False
agentbodega.store,base,0xe8799c2deda78ecceb329d1e8fe9f110bf55e4f8,55,0.7,12,0,1783239745,1784453505,1,False
aviation.x402.press,polygon,0x3c74ce3f8566ff04b312320e7c264a691c409992,8,0.7,0,0,1783217924,1784218072,11,False
news.x402.press,polygon,0x3c74ce3f8566ff04b312320e7c264a691c409992,8,0.7,0,0,1783217924,1784218072,11,False
deepseek.x402.press,polygon,0x3c74ce3f8566ff04b312320e7c264a691c409992,8,0.7,0,0,1783217924,1784218072,11,False
entertainment.x402.press,polygon,0x3c74ce3f8566ff04b312320e7c264a691c409992,8,0.7,0,0,1783217924,1784218072,11,False
music.x402.press,polygon,0x3c74ce3f8566ff04b312320e7c264a691c409992,8,0.7,0,0,1783217924,1784218072,11,False
stem.x402.press,polygon,0x3c74ce3f8566ff04b312320e7c264a691c409992,8,0.7,0,0,1783217924,1784218072,11,False
weather.x402.press,polygon,0x3c74ce3f8566ff04b312320e7c264a691c409992,8,0.7,0,0,1783217924,1784218072,11,False
space.x402.press,polygon,0x3c74ce3f8566ff04b312320e7c264a691c409992,8,0.7,0,0,1783217924,1784218072,11,False
marine.x402.press,polygon,0x3c74ce3f8566ff04b312320e7c264a691c409992,8,0.7,0,0,1783217924,1784218072,11,False
quickpoll.x402.press,polygon,0x3c74ce3f8566ff04b312320e7c264a691c409992,8,0.7,0,0,1783217924,1784218072,11,False
earth.x402.press,polygon,0x3c74ce3f8566ff04b312320e7c264a691c409992,8,0.7,0,0,1783217924,1784218072,11,False
x402.forgemesh.io,base,0x84a1827f1705c257e80771fdc2b152aea4a57a08,20,0.68,1,0,1784290165,1784290187,1,False
x402.smartmoney.market,base,0x7194ec1f397bb6c02c82a2d8eb57d32443fc5164,40,0.68,2,0,1783471461,1784462149,1,False
risk.yo.xyz,base,0x58f42c60dfe9b662b9e573c13358e5d773790699,23,0.66,1,0,1783478915,1784454535,2,False
risk-graph-gx7v4.ondigitalocean.app,base,0x58f42c60dfe9b662b9e573c13358e5d773790699,23,0.66,1,0,1783478915,1784454535,2,False
api.tcgapi.dev,solana,AHk5DFmmdvPMjf6tZFrMPbHGhEBUDhUmcqmWkYANYthg,15,0.66,1,0,1782894839,1784506494,1,True
entropy.rip,base,0x47bd1b5dd86fdec100fa8f899a43f5e04fbfa824,29,0.65,2,0,1783503997,1784087831,1,False
cron.bip-rep.com,base,0x46830a57ca3806ec71b981e063dc39ca2a3c6fb0,7,0.64,1,0,1783314403,1784461995,7,False
og.bip-rep.com,base,0x46830a57ca3806ec71b981e063dc39ca2a3c6fb0,7,0.64,1,0,1783314403,1784461995,7,False
flutter.bip-rep.com,base,0x46830a57ca3806ec71b981e063dc39ca2a3c6fb0,7,0.64,1,0,1783314403,1784461995,7,False
space.bip-rep.com,base,0x46830a57ca3806ec71b981e063dc39ca2a3c6fb0,7,0.64,1,0,1783314403,1784461995,7,False
tools.bip-rep.com,base,0x46830a57ca3806ec71b981e063dc39ca2a3c6fb0,7,0.64,1,0,1783314403,1784461995,7,False
qr.bip-rep.com,base,0x46830a57ca3806ec71b981e063dc39ca2a3c6fb0,7,0.64,1,0,1783314403,1784461995,7,False
convert.bip-rep.com,base,0x46830a57ca3806ec71b981e063dc39ca2a3c6fb0,7,0.64,1,0,1783314403,1784461995,7,False
5.75.142.199.sslip.io,base,0x78c2feaaf46e147fb29a3b9b8b5dfb6d95f3a096,29,0.62,2,0,1783238137,1784484707,1,False
api.healthparse.io,base,0x177ea123a35253ba8869a7e21e717978e482351d,26,0.62,1,0,1784180983,1784211595,1,False
api.stelardigital.com,base,0x32d711c66dd1ad0c42d0cfe48e58ee5f2de7c243,36,0.62,9,0,1783376509,1784505217,1,False
stable-leadmagic.dev,base,0x7bcd1f84a601f941e883892992a73ce87d7ca2d9,31,0.62,5,0,1783447315,1784054129,1,False
x402.quicknode.com,base,0xf46394addda95a3d5bcc1124605e3d15d204623c,619,0.62,3,0,1783749847,1784297249,1,False
webtools402.176-109-107-191.sslip.io,solana,AytHnvc6bZx1ALTy7b5Px7hcavoSYszG9aeKvDcZ8R1u,31,0.61,0,0,1784127109,1784144927,2,True
api.agentstools.dev,solana,AytHnvc6bZx1ALTy7b5Px7hcavoSYszG9aeKvDcZ8R1u,31,0.61,0,0,1784127109,1784144927,2,True
asistent-crypto.vercel.app,base,0xbeebd30639e99bbce11faa2b463fcccf6215831b,4,0.6,1,0,1783671671,1783675935,1,False
basescout-feed-x402.baseagentx402.workers.dev,base,0xa01d0f60230fdc7c1bbffe05a0c75351fbd9dbcf,3,0.6,2,0,1784127179,1784449101,1,False
api.seneschal.space,base,0x46ba634261566cf242c853d1f49511f9268ba674,51,0.59,9,0,1783154829,1784507535,1,False
zaref.dev,base,0x6382e6929a20b7eb02bdacfb5368362984b24c15,81,0.58,7,0,1783689237,1784306213,3,False
www.jurat.dev,base,0x6382e6929a20b7eb02bdacfb5368362984b24c15,81,0.58,7,0,1783689237,1784306213,3,False
jurat.dev,base,0x6382e6929a20b7eb02bdacfb5368362984b24c15,81,0.58,7,0,1783689237,1784306213,3,False
api.robotsshop.io,base,0x53831fab63ba75a958115c3b4eb598a10cfcc7e0,40,0.57,3,0,1783732309,1784439781,1,False
options.lonestaroracle.xyz,base,0x52ab53912d37759b2ad364f22dd06b16714b6c06,6,0.56,1,0,1783148105,1784505627,44,False
geo.lonestaroracle.xyz,base,0x52ab53912d37759b2ad364f22dd06b16714b6c06,6,0.56,1,0,1783148105,1784505627,44,False
pnl.lonestaroracle.xyz,base,0x52ab53912d37759b2ad364f22dd06b16714b6c06,6,0.56,1,0,1783148105,1784505627,44,False
earnings.lonestaroracle.xyz,base,0x52ab53912d37759b2ad364f22dd06b16714b6c06,6,0.56,1,0,1783148105,1784505627,44,False
funding.lonestaroracle.xyz,base,0x52ab53912d37759b2ad364f22dd06b16714b6c06,6,0.56,1,0,1783148105,1784505627,44,False
wallet.lonestaroracle.xyz,base,0x52ab53912d37759b2ad364f22dd06b16714b6c06,6,0.56,1,0,1783148105,1784505627,44,False
metals.lonestaroracle.xyz,base,0x52ab53912d37759b2ad364f22dd06b16714b6c06,6,0.56,1,0,1783148105,1784505627,44,False
whale.lonestaroracle.xyz,base,0x52ab53912d37759b2ad364f22dd06b16714b6c06,6,0.56,1,0,1783148105,1784505627,44,False
rwa.lonestaroracle.xyz,base,0x52ab53912d37759b2ad364f22dd06b16714b6c06,6,0.56,1,0,1783148105,1784505627,44,False
api.aidress.ai,base,0x52ab53912d37759b2ad364f22dd06b16714b6c06,6,0.56,1,0,1783148105,1784505627,44,False
chainscout.lonestaroracle.xyz,base,0x52ab53912d37759b2ad364f22dd06b16714b6c06,6,0.56,1,0,1783148105,1784505627,44,False
trade.lonestaroracle.xyz,base,0x52ab53912d37759b2ad364f22dd06b16714b6c06,6,0.56,1,0,1783148105,1784505627,44,False
wealth.lonestaroracle.xyz,base,0x52ab53912d37759b2ad364f22dd06b16714b6c06,6,0.56,1,0,1783148105,1784505627,44,False
latam.lonestaroracle.xyz,base,0x52ab53912d37759b2ad364f22dd06b16714b6c06,6,0.56,1,0,1783148105,1784505627,44,False
ta.lonestaroracle.xyz,base,0x52ab53912d37759b2ad364f22dd06b16714b6c06,6,0.56,1,0,1783148105,1784505627,44,False
crownblock.lonestaroracle.xyz,base,0x52ab53912d37759b2ad364f22dd06b16714b6c06,6,0.56,1,0,1783148105,1784505627,44,False
defi.lonestaroracle.xyz,base,0x52ab53912d37759b2ad364f22dd06b16714b6c06,6,0.56,1,0,1783148105,1784505627,44,False
minerals.lonestaroracle.xyz,base,0x52ab53912d37759b2ad364f22dd06b16714b6c06,6,0.56,1,0,1783148105,1784505627,44,False
oi.lonestaroracle.xyz,base,0x52ab53912d37759b2ad364f22dd06b16714b6c06,6,0.56,1,0,1783148105,1784505627,44,False
portfolio.lonestaroracle.xyz,base,0x52ab53912d37759b2ad364f22dd06b16714b6c06,6,0.56,1,0,1783148105,1784505627,44,False
realestate.lonestaroracle.xyz,base,0x52ab53912d37759b2ad364f22dd06b16714b6c06,6,0.56,1,0,1783148105,1784505627,44,False
supply.lonestaroracle.xyz,base,0x52ab53912d37759b2ad364f22dd06b16714b6c06,6,0.56,1,0,1783148105,1784505627,44,False
equity.lonestaroracle.xyz,base,0x52ab53912d37759b2ad364f22dd06b16714b6c06,6,0.56,1,0,1783148105,1784505627,44,False
consumer.lonestaroracle.xyz,base,0x52ab53912d37759b2ad364f22dd06b16714b6c06,6,0.56,1,0,1783148105,1784505627,44,False
agri.lonestaroracle.xyz,base,0x52ab53912d37759b2ad364f22dd06b16714b6c06,6,0.56,1,0,1783148105,1784505627,44,False
insider.lonestaroracle.xyz,base,0x52ab53912d37759b2ad364f22dd06b16714b6c06,6,0.56,1,0,1783148105,1784505627,44,False
capitol.lonestaroracle.xyz,base,0x52ab53912d37759b2ad364f22dd06b16714b6c06,6,0.56,1,0,1783148105,1784505627,44,False
contract.lonestaroracle.xyz,base,0x52ab53912d37759b2ad364f22dd06b16714b6c06,6,0.56,1,0,1783148105,1784505627,44,False
weather.lonestaroracle.xyz,base,0x52ab53912d37759b2ad364f22dd06b16714b6c06,6,0.56,1,0,1783148105,1784505627,44,False
macro.lonestaroracle.xyz,base,0x52ab53912d37759b2ad364f22dd06b16714b6c06,6,0.56,1,0,1783148105,1784505627,44,False
compute.lonestaroracle.xyz,base,0x52ab53912d37759b2ad364f22dd06b16714b6c06,6,0.56,1,0,1783148105,1784505627,44,False
lease.lonestaroracle.xyz,base,0x52ab53912d37759b2ad364f22dd06b16714b6c06,6,0.56,1,0,1783148105,1784505627,44,False
govedge.lonestaroracle.xyz,base,0x52ab53912d37759b2ad364f22dd06b16714b6c06,6,0.56,1,0,1783148105,1784505627,44,False
labor.lonestaroracle.xyz,base,0x52ab53912d37759b2ad364f22dd06b16714b6c06,6,0.56,1,0,1783148105,1784505627,44,False
stable.lonestaroracle.xyz,base,0x52ab53912d37759b2ad364f22dd06b16714b6c06,6,0.56,1,0,1783148105,1784505627,44,False
cycle.lonestaroracle.xyz,base,0x52ab53912d37759b2ad364f22dd06b16714b6c06,6,0.56,1,0,1783148105,1784505627,44,False
launches.lonestaroracle.xyz,base,0x52ab53912d37759b2ad364f22dd06b16714b6c06,6,0.56,1,0,1783148105,1784505627,44,False
cascade.lonestaroracle.xyz,base,0x52ab53912d37759b2ad364f22dd06b16714b6c06,6,0.56,1,0,1783148105,1784505627,44,False
bundle.lonestaroracle.xyz,base,0x52ab53912d37759b2ad364f22dd06b16714b6c06,6,0.56,1,0,1783148105,1784505627,44,False
news.lonestaroracle.xyz,base,0x52ab53912d37759b2ad364f22dd06b16714b6c06,6,0.56,1,0,1783148105,1784505627,44,False
stake.lonestaroracle.xyz,base,0x52ab53912d37759b2ad364f22dd06b16714b6c06,6,0.56,1,0,1783148105,1784505627,44,False
liq.lonestaroracle.xyz,base,0x52ab53912d37759b2ad364f22dd06b16714b6c06,6,0.56,1,0,1783148105,1784505627,44,False
token.lonestaroracle.xyz,base,0x52ab53912d37759b2ad364f22dd06b16714b6c06,6,0.56,1,0,1783148105,1784505627,44,False
grid.lonestaroracle.xyz,base,0x52ab53912d37759b2ad364f22dd06b16714b6c06,6,0.56,1,0,1783148105,1784505627,44,False
api.agenticweb.nl,base,0x9fd85fe177a8750a0e8a15b0741c56932f26f1ae,79,0.56,2,0,1784044627,1784325727,1,False
api.doc2json.de,base,0xe72b85a97a6e19413d8b80633787eda6d6237a77,9,0.56,3,0,1783819329,1784497251,2,False
x402-defi-signals.onrender.com,base,0xe72b85a97a6e19413d8b80633787eda6d6237a77,9,0.56,3,0,1783819329,1784497251,2,False
api.paytoll.io,base,0x2646c377ea6d171e230fa64d0377466746969dfb,10,0.56,5,0,1783211183,1784152773,1,False
costpulse.waltsoft.net,base,0x318a4b4764eb37c3fcbce434713128143815fd57,7,0.56,6,0,1783469537,1784499265,1,False
quartermaster.surewhynot.app,base,0x5253666c40432f009ebd99908b9cd2a7fd1019cb,135,0.56,9,0,1783819951,1784370237,1,False
stablebase.dev,base,0xdedd050dfe4212d52f2a6ed6a2d5d3289de0d5ac,5,0.56,2,0,1783487339,1784461573,2,False
stable-supabase-git-ben-test-agentcash-rou-586785-merit-systems.vercel.app,base,0xdedd050dfe4212d52f2a6ed6a2d5d3289de0d5ac,5,0.56,2,0,1783487339,1784461573,2,False
api.kakerapetit.dev,base,0x3a43fdf92b1596b22ddf719d5b528c537da4237d,95,0.54,4,0,1783794649,1784507463,1,False
api.terradeed.co.uk,base,0x4e024e356bd01853654b7b5196f2b85f67cc39ec,54,0.54,1,0,1784106913,1784456775,1,False
api.exa.ai,solana,12Ec2cJmfR1C9uwejzxcuMhUgEC7wDrLgm1wBvvR5w9E,62,0.54,6,0,1783035475,1784403543,2,True
api.aidress.ai,solana,12Ec2cJmfR1C9uwejzxcuMhUgEC7wDrLgm1wBvvR5w9E,62,0.54,6,0,1783035475,1784403543,2,True
api.brazilmcp.dev,base,0xc2bfdc8ece9717d7235c77b0fb4994012010840a,5,0.53,1,0,1783866923,1783958291,1,False
api.hyperextend.xyz,base,0x548fc289526ab2f0391d562a723cda64bbf1abc4,19,0.52,8,0,1783466051,1784509309,1,False
api.usenami.io,base,0x1538726707212f4db3eb67cec0910422a310475c,403,0.52,12,0,1783147381,1784508491,1,False
test.alexwlex143.workers.dev,base,0x159be9e316bc5fac8ce05aec4eaae46e8f8a4908,5,0.51,2,0,1783145871,1783479829,1,False
agent.news,base,0xc0900bc3ed4520b761012ca75164d0d4746124bc,1,0.5,1,0,1784127675,1784127675,1,False
api-dev-v2.ixs.finance,base,0xe341add833f9d62082e97ea260baa6546cd09f73,501,0.5,4,0,1783175979,1783699711,2,False
api-v2.ixs.finance,base,0xe341add833f9d62082e97ea260baa6546cd09f73,501,0.5,4,0,1783175979,1783699711,2,False
api.scoop.sundaebar.ai,base,0x48e23742181654139f9a7c1b14dd64b04e89ed3b,2,0.5,2,0,1784016817,1784473549,1,False
bricks.builddetroit.xyz,base,0x84d2d6536fe3553c537233160f3611a794b18d13,1,0.5,1,0,1783499195,1783499195,1,False
h1dr4.dev,base,0x99eedce3c87adf3de1c9b8b08f1810c168d6e039,2,0.5,1,0,1783498699,1784181527,1,False
risk-api.life.conway.tech,base,0x13580b9c6a9afbfe4c739e74136c1da174db9891,5,0.5,2,0,1783376229,1784016801,1,False
sendquotenow.com,base,0xba61c06e3534bf80dfe85c79982dfba5d3f7258a,16,0.5,2,0,1783284375,1783441463,1,False
travel.forgemesh.io,base,0x6b1ac7935dad576b921af0e6edc27319bc27aadd,5,0.5,2,0,1783192647,1784319113,1,False
vealth.net,base,0x538aa4800ae2bd8e90556899514376ab96113a8e,2,0.5,1,0,1783226765,1784403957,1,False
x402swag.com,base,0xf4f7182508895812f235c5d1c47c0cfc89fdab5b,10,0.5,3,0,1783728975,1784318889,1,False
fieldpulse-tan.vercel.app,solana,985iFjbnGQ3dJcwXnfRCMSrH4Jnc3kW1N6msR64B5KX1,4,0.5,0,0,1782895508,1784513772,148,True
riskpulse-five.vercel.app,solana,985iFjbnGQ3dJcwXnfRCMSrH4Jnc3kW1N6msR64B5KX1,4,0.5,0,0,1782895508,1784513772,148,True
policypulse.theaslangroupllc.com,solana,985iFjbnGQ3dJcwXnfRCMSrH4Jnc3kW1N6msR64B5KX1,4,0.5,0,0,1782895508,1784513772,148,True
footballpulse.theaslangroupllc.com,solana,985iFjbnGQ3dJcwXnfRCMSrH4Jnc3kW1N6msR64B5KX1,4,0.5,0,0,1782895508,1784513772,148,True
chronicapulse.theaslangroupllc.com,solana,985iFjbnGQ3dJcwXnfRCMSrH4Jnc3kW1N6msR64B5KX1,4,0.5,0,0,1782895508,1784513772,148,True
insurepulse.theaslangroupllc.com,solana,985iFjbnGQ3dJcwXnfRCMSrH4Jnc3kW1N6msR64B5KX1,4,0.5,0,0,1782895508,1784513772,148,True
mindpulse-lilac.vercel.app,solana,985iFjbnGQ3dJcwXnfRCMSrH4Jnc3kW1N6msR64B5KX1,4,0.5,0,0,1782895508,1784513772,148,True
fieldpulse.theaslangroupllc.com,solana,985iFjbnGQ3dJcwXnfRCMSrH4Jnc3kW1N6msR64B5KX1,4,0.5,0,0,1782895508,1784513772,148,True
dealpulse-weld.vercel.app,solana,985iFjbnGQ3dJcwXnfRCMSrH4Jnc3kW1N6msR64B5KX1,4,0.5,0,0,1782895508,1784513772,148,True
remittancepulse.theaslangroupllc.com,solana,985iFjbnGQ3dJcwXnfRCMSrH4Jnc3kW1N6msR64B5KX1,4,0.5,0,0,1782895508,1784513772,148,True
herbapulse.theaslangroupllc.com,solana,985iFjbnGQ3dJcwXnfRCMSrH4Jnc3kW1N6msR64B5KX1,4,0.5,0,0,1782895508,1784513772,148,True
mailpulse.theaslangroupllc.com,solana,985iFjbnGQ3dJcwXnfRCMSrH4Jnc3kW1N6msR64B5KX1,4,0.5,0,0,1782895508,1784513772,148,True
patentpulse.theaslangroupllc.com,solana,985iFjbnGQ3dJcwXnfRCMSrH4Jnc3kW1N6msR64B5KX1,4,0.5,0,0,1782895508,1784513772,148,True
fanpulse.theaslangroupllc.com,solana,985iFjbnGQ3dJcwXnfRCMSrH4Jnc3kW1N6msR64B5KX1,4,0.5,0,0,1782895508,1784513772,148,True
legalpulse.theaslangroupllc.com,solana,985iFjbnGQ3dJcwXnfRCMSrH4Jnc3kW1N6msR64B5KX1,4,0.5,0,0,1782895508,1784513772,148,True
longevitypulse.theaslangroupllc.com,solana,985iFjbnGQ3dJcwXnfRCMSrH4Jnc3kW1N6msR64B5KX1,4,0.5,0,0,1782895508,1784513772,148,True
patentpulse-self.vercel.app,solana,985iFjbnGQ3dJcwXnfRCMSrH4Jnc3kW1N6msR64B5KX1,4,0.5,0,0,1782895508,1784513772,148,True
glowpulse.theaslangroupllc.com,solana,985iFjbnGQ3dJcwXnfRCMSrH4Jnc3kW1N6msR64B5KX1,4,0.5,0,0,1782895508,1784513772,148,True
signalpulse.theaslangroupllc.com,solana,985iFjbnGQ3dJcwXnfRCMSrH4Jnc3kW1N6msR64B5KX1,4,0.5,0,0,1782895508,1784513772,148,True
legalpulse-rho.vercel.app,solana,985iFjbnGQ3dJcwXnfRCMSrH4Jnc3kW1N6msR64B5KX1,4,0.5,0,0,1782895508,1784513772,148,True
mindpulse.theaslangroupllc.com,solana,985iFjbnGQ3dJcwXnfRCMSrH4Jnc3kW1N6msR64B5KX1,4,0.5,0,0,1782895508,1784513772,148,True
insurepulse.vercel.app,solana,985iFjbnGQ3dJcwXnfRCMSrH4Jnc3kW1N6msR64B5KX1,4,0.5,0,0,1782895508,1784513772,148,True
gamepulse.theaslangroupllc.com,solana,985iFjbnGQ3dJcwXnfRCMSrH4Jnc3kW1N6msR64B5KX1,4,0.5,0,0,1782895508,1784513772,148,True
nutripulse.theaslangroupllc.com,solana,985iFjbnGQ3dJcwXnfRCMSrH4Jnc3kW1N6msR64B5KX1,4,0.5,0,0,1782895508,1784513772,148,True
truthpulse-five.vercel.app,solana,985iFjbnGQ3dJcwXnfRCMSrH4Jnc3kW1N6msR64B5KX1,4,0.5,0,0,1782895508,1784513772,148,True
truthpulse.theaslangroupllc.com,solana,985iFjbnGQ3dJcwXnfRCMSrH4Jnc3kW1N6msR64B5KX1,4,0.5,0,0,1782895508,1784513772,148,True
franchisepulse-six.vercel.app,solana,985iFjbnGQ3dJcwXnfRCMSrH4Jnc3kW1N6msR64B5KX1,4,0.5,0,0,1782895508,1784513772,148,True
proppulse.theaslangroupllc.com,solana,985iFjbnGQ3dJcwXnfRCMSrH4Jnc3kW1N6msR64B5KX1,4,0.5,0,0,1782895508,1784513772,148,True
climatepulse-six.vercel.app,solana,985iFjbnGQ3dJcwXnfRCMSrH4Jnc3kW1N6msR64B5KX1,4,0.5,0,0,1782895508,1784513772,148,True
clinicalintelpulse.theaslangroupllc.com,solana,985iFjbnGQ3dJcwXnfRCMSrH4Jnc3kW1N6msR64B5KX1,4,0.5,0,0,1782895508,1784513772,148,True
climatepulse.theaslangroupllc.com,solana,985iFjbnGQ3dJcwXnfRCMSrH4Jnc3kW1N6msR64B5KX1,4,0.5,0,0,1782895508,1784513772,148,True
alphapulse-omega.vercel.app,solana,985iFjbnGQ3dJcwXnfRCMSrH4Jnc3kW1N6msR64B5KX1,4,0.5,0,0,1782895508,1784513772,148,True
citepulse.theaslangroupllc.com,solana,985iFjbnGQ3dJcwXnfRCMSrH4Jnc3kW1N6msR64B5KX1,4,0.5,0,0,1782895508,1784513772,148,True
mealpulse.theaslangroupllc.com,solana,985iFjbnGQ3dJcwXnfRCMSrH4Jnc3kW1N6msR64B5KX1,4,0.5,0,0,1782895508,1784513772,148,True
homepulse-seven.vercel.app,solana,985iFjbnGQ3dJcwXnfRCMSrH4Jnc3kW1N6msR64B5KX1,4,0.5,0,0,1782895508,1784513772,148,True
herbapulse.vercel.app,solana,985iFjbnGQ3dJcwXnfRCMSrH4Jnc3kW1N6msR64B5KX1,4,0.5,0,0,1782895508,1784513772,148,True
geopoliticalpulse.vercel.app,solana,985iFjbnGQ3dJcwXnfRCMSrH4Jnc3kW1N6msR64B5KX1,4,0.5,0,0,1782895508,1784513772,148,True
vetpulse-five.vercel.app,solana,985iFjbnGQ3dJcwXnfRCMSrH4Jnc3kW1N6msR64B5KX1,4,0.5,0,0,1782895508,1784513772,148,True
waterpulse-henna.vercel.app,solana,985iFjbnGQ3dJcwXnfRCMSrH4Jnc3kW1N6msR64B5KX1,4,0.5,0,0,1782895508,1784513772,148,True
findpulse-omega.vercel.app,solana,985iFjbnGQ3dJcwXnfRCMSrH4Jnc3kW1N6msR64B5KX1,4,0.5,0,0,1782895508,1784513772,148,True
seniorpulse.vercel.app,solana,985iFjbnGQ3dJcwXnfRCMSrH4Jnc3kW1N6msR64B5KX1,4,0.5,0,0,1782895508,1784513772,148,True
careerpulse-steel.vercel.app,solana,985iFjbnGQ3dJcwXnfRCMSrH4Jnc3kW1N6msR64B5KX1,4,0.5,0,0,1782895508,1784513772,148,True
mealpulse.vercel.app,solana,985iFjbnGQ3dJcwXnfRCMSrH4Jnc3kW1N6msR64B5KX1,4,0.5,0,0,1782895508,1784513772,148,True
govspendpulse.vercel.app,solana,985iFjbnGQ3dJcwXnfRCMSrH4Jnc3kW1N6msR64B5KX1,4,0.5,0,0,1782895508,1784513772,148,True
safepulse.theaslangroupllc.com,solana,985iFjbnGQ3dJcwXnfRCMSrH4Jnc3kW1N6msR64B5KX1,4,0.5,0,0,1782895508,1784513772,148,True
glowpulse-nine.vercel.app,solana,985iFjbnGQ3dJcwXnfRCMSrH4Jnc3kW1N6msR64B5KX1,4,0.5,0,0,1782895508,1784513772,148,True
compliancepulse-eight.vercel.app,solana,985iFjbnGQ3dJcwXnfRCMSrH4Jnc3kW1N6msR64B5KX1,4,0.5,0,0,1782895508,1784513772,148,True
debtpulse.vercel.app,solana,985iFjbnGQ3dJcwXnfRCMSrH4Jnc3kW1N6msR64B5KX1,4,0.5,0,0,1782895508,1784513772,148,True
signalpulse-peach.vercel.app,solana,985iFjbnGQ3dJcwXnfRCMSrH4Jnc3kW1N6msR64B5KX1,4,0.5,0,0,1782895508,1784513772,148,True
onchainpulse-nine.vercel.app,solana,985iFjbnGQ3dJcwXnfRCMSrH4Jnc3kW1N6msR64B5KX1,4,0.5,0,0,1782895508,1784513772,148,True
buildpulse.theaslangroupllc.com,solana,985iFjbnGQ3dJcwXnfRCMSrH4Jnc3kW1N6msR64B5KX1,4,0.5,0,0,1782895508,1784513772,148,True
longevitypulse.vercel.app,solana,985iFjbnGQ3dJcwXnfRCMSrH4Jnc3kW1N6msR64B5KX1,4,0.5,0,0,1782895508,1784513772,148,True
petpulse.theaslangroupllc.com,solana,985iFjbnGQ3dJcwXnfRCMSrH4Jnc3kW1N6msR64B5KX1,4,0.5,0,0,1782895508,1784513772,148,True
onchainpulse.theaslangroupllc.com,solana,985iFjbnGQ3dJcwXnfRCMSrH4Jnc3kW1N6msR64B5KX1,4,0.5,0,0,1782895508,1784513772,148,True
pulse.theaslangroupllc.com,solana,985iFjbnGQ3dJcwXnfRCMSrH4Jnc3kW1N6msR64B5KX1,4,0.5,0,0,1782895508,1784513772,148,True
venturepulse-nine.vercel.app,solana,985iFjbnGQ3dJcwXnfRCMSrH4Jnc3kW1N6msR64B5KX1,4,0.5,0,0,1782895508,1784513772,148,True
harvestpulse.vercel.app,solana,985iFjbnGQ3dJcwXnfRCMSrH4Jnc3kW1N6msR64B5KX1,4,0.5,0,0,1782895508,1784513772,148,True
biopulse-nine.vercel.app,solana,985iFjbnGQ3dJcwXnfRCMSrH4Jnc3kW1N6msR64B5KX1,4,0.5,0,0,1782895508,1784513772,148,True
debtpulse.theaslangroupllc.com,solana,985iFjbnGQ3dJcwXnfRCMSrH4Jnc3kW1N6msR64B5KX1,4,0.5,0,0,1782895508,1784513772,148,True
transitpulse.vercel.app,solana,985iFjbnGQ3dJcwXnfRCMSrH4Jnc3kW1N6msR64B5KX1,4,0.5,0,0,1782895508,1784513772,148,True
travelpulse.theaslangroupllc.com,solana,985iFjbnGQ3dJcwXnfRCMSrH4Jnc3kW1N6msR64B5KX1,4,0.5,0,0,1782895508,1784513772,148,True
scholarpulse.theaslangroupllc.com,solana,985iFjbnGQ3dJcwXnfRCMSrH4Jnc3kW1N6msR64B5KX1,4,0.5,0,0,1782895508,1784513772,148,True
tradepulse-five.vercel.app,solana,985iFjbnGQ3dJcwXnfRCMSrH4Jnc3kW1N6msR64B5KX1,4,0.5,0,0,1782895508,1784513772,148,True
wealthpulse-phi.vercel.app,solana,985iFjbnGQ3dJcwXnfRCMSrH4Jnc3kW1N6msR64B5KX1,4,0.5,0,0,1782895508,1784513772,148,True
chronicapulse.vercel.app,solana,985iFjbnGQ3dJcwXnfRCMSrH4Jnc3kW1N6msR64B5KX1,4,0.5,0,0,1782895508,1784513772,148,True
clinicalintelpulse.vercel.app,solana,985iFjbnGQ3dJcwXnfRCMSrH4Jnc3kW1N6msR64B5KX1,4,0.5,0,0,1782895508,1784513772,148,True
econsignalpulse.theaslangroupllc.com,solana,985iFjbnGQ3dJcwXnfRCMSrH4Jnc3kW1N6msR64B5KX1,4,0.5,0,0,1782895508,1784513772,148,True
geopoliticalpulse.theaslangroupllc.com,solana,985iFjbnGQ3dJcwXnfRCMSrH4Jnc3kW1N6msR64B5KX1,4,0.5,0,0,1782895508,1784513772,148,True
fitpulse-vert.vercel.app,solana,985iFjbnGQ3dJcwXnfRCMSrH4Jnc3kW1N6msR64B5KX1,4,0.5,0,0,1782895508,1784513772,148,True
dealpulse.theaslangroupllc.com,solana,985iFjbnGQ3dJcwXnfRCMSrH4Jnc3kW1N6msR64B5KX1,4,0.5,0,0,1782895508,1784513772,148,True
waterpulse.theaslangroupllc.com,solana,985iFjbnGQ3dJcwXnfRCMSrH4Jnc3kW1N6msR64B5KX1,4,0.5,0,0,1782895508,1784513772,148,True
travelpulse-nu.vercel.app,solana,985iFjbnGQ3dJcwXnfRCMSrH4Jnc3kW1N6msR64B5KX1,4,0.5,0,0,1782895508,1784513772,148,True
stateedge.vercel.app,solana,985iFjbnGQ3dJcwXnfRCMSrH4Jnc3kW1N6msR64B5KX1,4,0.5,0,0,1782895508,1784513772,148,True
footballpulse-six.vercel.app,solana,985iFjbnGQ3dJcwXnfRCMSrH4Jnc3kW1N6msR64B5KX1,4,0.5,0,0,1782895508,1784513772,148,True
clear-care-pulse.vercel.app,solana,985iFjbnGQ3dJcwXnfRCMSrH4Jnc3kW1N6msR64B5KX1,4,0.5,0,0,1782895508,1784513772,148,True
gridpulse-amber.vercel.app,solana,985iFjbnGQ3dJcwXnfRCMSrH4Jnc3kW1N6msR64B5KX1,4,0.5,0,0,1782895508,1784513772,148,True
scentpulse.theaslangroupllc.com,solana,985iFjbnGQ3dJcwXnfRCMSrH4Jnc3kW1N6msR64B5KX1,4,0.5,0,0,1782895508,1784513772,148,True
talentpulse.theaslangroupllc.com,solana,985iFjbnGQ3dJcwXnfRCMSrH4Jnc3kW1N6msR64B5KX1,4,0.5,0,0,1782895508,1784513772,148,True
mcp-pulsenetwork.vercel.app,solana,985iFjbnGQ3dJcwXnfRCMSrH4Jnc3kW1N6msR64B5KX1,4,0.5,0,0,1782895508,1784513772,148,True
homepulse.theaslangroupllc.com,solana,985iFjbnGQ3dJcwXnfRCMSrH4Jnc3kW1N6msR64B5KX1,4,0.5,0,0,1782895508,1784513772,148,True
gamepulse-zeta.vercel.app,solana,985iFjbnGQ3dJcwXnfRCMSrH4Jnc3kW1N6msR64B5KX1,4,0.5,0,0,1782895508,1784513772,148,True
fanpulse-tau.vercel.app,solana,985iFjbnGQ3dJcwXnfRCMSrH4Jnc3kW1N6msR64B5KX1,4,0.5,0,0,1782895508,1784513772,148,True
esgpulse.vercel.app,solana,985iFjbnGQ3dJcwXnfRCMSrH4Jnc3kW1N6msR64B5KX1,4,0.5,0,0,1782895508,1784513772,148,True
gridpulse.theaslangroupllc.com,solana,985iFjbnGQ3dJcwXnfRCMSrH4Jnc3kW1N6msR64B5KX1,4,0.5,0,0,1782895508,1784513772,148,True
proppulse-gules.vercel.app,solana,985iFjbnGQ3dJcwXnfRCMSrH4Jnc3kW1N6msR64B5KX1,4,0.5,0,0,1782895508,1784513772,148,True
stablecoinpulse.theaslangroupllc.com,solana,985iFjbnGQ3dJcwXnfRCMSrH4Jnc3kW1N6msR64B5KX1,4,0.5,0,0,1782895508,1784513772,148,True
cyberpulse-six.vercel.app,solana,985iFjbnGQ3dJcwXnfRCMSrH4Jnc3kW1N6msR64B5KX1,4,0.5,0,0,1782895508,1784513772,148,True
marketpulse-brown.vercel.app,solana,985iFjbnGQ3dJcwXnfRCMSrH4Jnc3kW1N6msR64B5KX1,4,0.5,0,0,1782895508,1784513772,148,True
talentpulse-six.vercel.app,solana,985iFjbnGQ3dJcwXnfRCMSrH4Jnc3kW1N6msR64B5KX1,4,0.5,0,0,1782895508,1784513772,148,True
scentpulse-xi.vercel.app,solana,985iFjbnGQ3dJcwXnfRCMSrH4Jnc3kW1N6msR64B5KX1,4,0.5,0,0,1782895508,1784513772,148,True
taxpulse.theaslangroupllc.com,solana,985iFjbnGQ3dJcwXnfRCMSrH4Jnc3kW1N6msR64B5KX1,4,0.5,0,0,1782895508,1784513772,148,True
parentpulse.theaslangroupllc.com,solana,985iFjbnGQ3dJcwXnfRCMSrH4Jnc3kW1N6msR64B5KX1,4,0.5,0,0,1782895508,1784513772,148,True
api.vetpulse.theaslangroupllc.com,solana,985iFjbnGQ3dJcwXnfRCMSrH4Jnc3kW1N6msR64B5KX1,4,0.5,0,0,1782895508,1784513772,148,True
racingpulse.vercel.app,solana,985iFjbnGQ3dJcwXnfRCMSrH4Jnc3kW1N6msR64B5KX1,4,0.5,0,0,1782895508,1784513772,148,True
autopulse.theaslangroupllc.com,solana,985iFjbnGQ3dJcwXnfRCMSrH4Jnc3kW1N6msR64B5KX1,4,0.5,0,0,1782895508,1784513772,148,True
macropulse.theaslangroupllc.com,solana,985iFjbnGQ3dJcwXnfRCMSrH4Jnc3kW1N6msR64B5KX1,4,0.5,0,0,1782895508,1784513772,148,True
edupulse-xi-blond.vercel.app,solana,985iFjbnGQ3dJcwXnfRCMSrH4Jnc3kW1N6msR64B5KX1,4,0.5,0,0,1782895508,1784513772,148,True
filingspulse.theaslangroupllc.com,solana,985iFjbnGQ3dJcwXnfRCMSrH4Jnc3kW1N6msR64B5KX1,4,0.5,0,0,1782895508,1784513772,148,True
careerpulse.theaslangroupllc.com,solana,985iFjbnGQ3dJcwXnfRCMSrH4Jnc3kW1N6msR64B5KX1,4,0.5,0,0,1782895508,1784513772,148,True
grantpulse.theaslangroupllc.com,solana,985iFjbnGQ3dJcwXnfRCMSrH4Jnc3kW1N6msR64B5KX1,4,0.5,0,0,1782895508,1784513772,148,True
arbipulse.vercel.app,solana,985iFjbnGQ3dJcwXnfRCMSrH4Jnc3kW1N6msR64B5KX1,4,0.5,0,0,1782895508,1784513772,148,True
policypulse-ten.vercel.app,solana,985iFjbnGQ3dJcwXnfRCMSrH4Jnc3kW1N6msR64B5KX1,4,0.5,0,0,1782895508,1784513772,148,True
edupulse.theaslangroupllc.com,solana,985iFjbnGQ3dJcwXnfRCMSrH4Jnc3kW1N6msR64B5KX1,4,0.5,0,0,1782895508,1784513772,148,True
prospectpulse-pi.vercel.app,solana,985iFjbnGQ3dJcwXnfRCMSrH4Jnc3kW1N6msR64B5KX1,4,0.5,0,0,1782895508,1784513772,148,True
taxpulse-phi.vercel.app,solana,985iFjbnGQ3dJcwXnfRCMSrH4Jnc3kW1N6msR64B5KX1,4,0.5,0,0,1782895508,1784513772,148,True
franchisepulse.theaslangroupllc.com,solana,985iFjbnGQ3dJcwXnfRCMSrH4Jnc3kW1N6msR64B5KX1,4,0.5,0,0,1782895508,1784513772,148,True
collectablespulse.theaslangroupllc.com,solana,985iFjbnGQ3dJcwXnfRCMSrH4Jnc3kW1N6msR64B5KX1,4,0.5,0,0,1782895508,1784513772,148,True
transitpulse.theaslangroupllc.com,solana,985iFjbnGQ3dJcwXnfRCMSrH4Jnc3kW1N6msR64B5KX1,4,0.5,0,0,1782895508,1784513772,148,True
petpulse-alpha.vercel.app,solana,985iFjbnGQ3dJcwXnfRCMSrH4Jnc3kW1N6msR64B5KX1,4,0.5,0,0,1782895508,1784513772,148,True
scholarpulse-bice.vercel.app,solana,985iFjbnGQ3dJcwXnfRCMSrH4Jnc3kW1N6msR64B5KX1,4,0.5,0,0,1782895508,1784513772,148,True
macropulse-alpha.vercel.app,solana,985iFjbnGQ3dJcwXnfRCMSrH4Jnc3kW1N6msR64B5KX1,4,0.5,0,0,1782895508,1784513772,148,True
cyberpulse.theaslangroupllc.com,solana,985iFjbnGQ3dJcwXnfRCMSrH4Jnc3kW1N6msR64B5KX1,4,0.5,0,0,1782895508,1784513772,148,True
harvestpulse.theaslangroupllc.com,solana,985iFjbnGQ3dJcwXnfRCMSrH4Jnc3kW1N6msR64B5KX1,4,0.5,0,0,1782895508,1784513772,148,True
tradepulse.theaslangroupllc.com,solana,985iFjbnGQ3dJcwXnfRCMSrH4Jnc3kW1N6msR64B5KX1,4,0.5,0,0,1782895508,1784513772,148,True
seniorpulse.theaslangroupllc.com,solana,985iFjbnGQ3dJcwXnfRCMSrH4Jnc3kW1N6msR64B5KX1,4,0.5,0,0,1782895508,1784513772,148,True
findpulse.theaslangroupllc.com,solana,985iFjbnGQ3dJcwXnfRCMSrH4Jnc3kW1N6msR64B5KX1,4,0.5,0,0,1782895508,1784513772,148,True
prospectpulse.theaslangroupllc.com,solana,985iFjbnGQ3dJcwXnfRCMSrH4Jnc3kW1N6msR64B5KX1,4,0.5,0,0,1782895508,1784513772,148,True
nutripulse-alpha.vercel.app,solana,985iFjbnGQ3dJcwXnfRCMSrH4Jnc3kW1N6msR64B5KX1,4,0.5,0,0,1782895508,1784513772,148,True
remittancepulse.vercel.app,solana,985iFjbnGQ3dJcwXnfRCMSrH4Jnc3kW1N6msR64B5KX1,4,0.5,0,0,1782895508,1784513772,148,True
esgpulse.theaslangroupllc.com,solana,985iFjbnGQ3dJcwXnfRCMSrH4Jnc3kW1N6msR64B5KX1,4,0.5,0,0,1782895508,1784513772,148,True
cryptopulse.theaslangroupllc.com,solana,985iFjbnGQ3dJcwXnfRCMSrH4Jnc3kW1N6msR64B5KX1,4,0.5,0,0,1782895508,1784513772,148,True
cryptopulse-xi-five.vercel.app,solana,985iFjbnGQ3dJcwXnfRCMSrH4Jnc3kW1N6msR64B5KX1,4,0.5,0,0,1782895508,1784513772,148,True
autopulse-navy.vercel.app,solana,985iFjbnGQ3dJcwXnfRCMSrH4Jnc3kW1N6msR64B5KX1,4,0.5,0,0,1782895508,1784513772,148,True
marketpulse.theaslangroupllc.com,solana,985iFjbnGQ3dJcwXnfRCMSrH4Jnc3kW1N6msR64B5KX1,4,0.5,0,0,1782895508,1784513772,148,True
tablepulse.theaslangroupllc.com,solana,985iFjbnGQ3dJcwXnfRCMSrH4Jnc3kW1N6msR64B5KX1,4,0.5,0,0,1782895508,1784513772,148,True
tablepulse.vercel.app,solana,985iFjbnGQ3dJcwXnfRCMSrH4Jnc3kW1N6msR64B5KX1,4,0.5,0,0,1782895508,1784513772,148,True
immigrationpulse.vercel.app,solana,985iFjbnGQ3dJcwXnfRCMSrH4Jnc3kW1N6msR64B5KX1,4,0.5,0,0,1782895508,1784513772,148,True
parentpulse-delta.vercel.app,solana,985iFjbnGQ3dJcwXnfRCMSrH4Jnc3kW1N6msR64B5KX1,4,0.5,0,0,1782895508,1784513772,148,True
compliancepulse.theaslangroupllc.com,solana,985iFjbnGQ3dJcwXnfRCMSrH4Jnc3kW1N6msR64B5KX1,4,0.5,0,0,1782895508,1784513772,148,True
venturepulse.theaslangroupllc.com,solana,985iFjbnGQ3dJcwXnfRCMSrH4Jnc3kW1N6msR64B5KX1,4,0.5,0,0,1782895508,1784513772,148,True
shopperpulse.theaslangroupllc.com,solana,985iFjbnGQ3dJcwXnfRCMSrH4Jnc3kW1N6msR64B5KX1,4,0.5,0,0,1782895508,1784513772,148,True
racingpulse.theaslangroupllc.com,solana,985iFjbnGQ3dJcwXnfRCMSrH4Jnc3kW1N6msR64B5KX1,4,0.5,0,0,1782895508,1784513772,148,True
buildpulse-alpha.vercel.app,solana,985iFjbnGQ3dJcwXnfRCMSrH4Jnc3kW1N6msR64B5KX1,4,0.5,0,0,1782895508,1784513772,148,True
govspendpulse.theaslangroupllc.com,solana,985iFjbnGQ3dJcwXnfRCMSrH4Jnc3kW1N6msR64B5KX1,4,0.5,0,0,1782895508,1784513772,148,True
safepulse-xi.vercel.app,solana,985iFjbnGQ3dJcwXnfRCMSrH4Jnc3kW1N6msR64B5KX1,4,0.5,0,0,1782895508,1784513772,148,True
filingspulse.vercel.app,solana,985iFjbnGQ3dJcwXnfRCMSrH4Jnc3kW1N6msR64B5KX1,4,0.5,0,0,1782895508,1784513772,148,True
grantpulse-three.vercel.app,solana,985iFjbnGQ3dJcwXnfRCMSrH4Jnc3kW1N6msR64B5KX1,4,0.5,0,0,1782895508,1784513772,148,True
econsignalpulse.vercel.app,solana,985iFjbnGQ3dJcwXnfRCMSrH4Jnc3kW1N6msR64B5KX1,4,0.5,0,0,1782895508,1784513772,148,True
stateedge.theaslangroupllc.com,solana,985iFjbnGQ3dJcwXnfRCMSrH4Jnc3kW1N6msR64B5KX1,4,0.5,0,0,1782895508,1784513772,148,True
clearcarepulse.theaslangroupllc.com,solana,985iFjbnGQ3dJcwXnfRCMSrH4Jnc3kW1N6msR64B5KX1,4,0.5,0,0,1782895508,1784513772,148,True
immigrationpulse.theaslangroupllc.com,solana,985iFjbnGQ3dJcwXnfRCMSrH4Jnc3kW1N6msR64B5KX1,4,0.5,0,0,1782895508,1784513772,148,True
biopulse.theaslangroupllc.com,solana,985iFjbnGQ3dJcwXnfRCMSrH4Jnc3kW1N6msR64B5KX1,4,0.5,0,0,1782895508,1784513772,148,True
riskpulse.theaslangroupllc.com,solana,985iFjbnGQ3dJcwXnfRCMSrH4Jnc3kW1N6msR64B5KX1,4,0.5,0,0,1782895508,1784513772,148,True
wealthpulse.theaslangroupllc.com,solana,985iFjbnGQ3dJcwXnfRCMSrH4Jnc3kW1N6msR64B5KX1,4,0.5,0,0,1782895508,1784513772,148,True
arbipulse.theaslangroupllc.com,solana,985iFjbnGQ3dJcwXnfRCMSrH4Jnc3kW1N6msR64B5KX1,4,0.5,0,0,1782895508,1784513772,148,True
alphapulse.theaslangroupllc.com,solana,985iFjbnGQ3dJcwXnfRCMSrH4Jnc3kW1N6msR64B5KX1,4,0.5,0,0,1782895508,1784513772,148,True
collectablespulse.vercel.app,solana,985iFjbnGQ3dJcwXnfRCMSrH4Jnc3kW1N6msR64B5KX1,4,0.5,0,0,1782895508,1784513772,148,True
fitpulse.theaslangroupllc.com,solana,985iFjbnGQ3dJcwXnfRCMSrH4Jnc3kW1N6msR64B5KX1,4,0.5,0,0,1782895508,1784513772,148,True
finance.toonhaus.dev,base,0xbc64b379295310b4e020f9186de44be0ca4fe3b0,130,0.49,56,0,1783137633,1784507359,2,False
finance.toon.haus,base,0xbc64b379295310b4e020f9186de44be0ca4fe3b0,130,0.49,56,0,1783137633,1784507359,2,False
ip402.xyz,base,0xed617f79201248df99909fbde4269b6eeaee39b6,49,0.49,7,0,1783178869,1784474697,1,False
store.cryptotradecalc.com,base,0x7849ed8a93815fe26a38b5368498b4fc6210be8a,75,0.48,40,0,1783851451,1784503929,1,False
x402-secure-api.t54.ai,base,0x0495d60c927b97d67d5018c6aa65c9b2bebaeed9,48,0.48,9,0,1783155605,1784451605,1,False
cnvrt.ing,base,0xfad67ce5a834e68d5533ba7ac08619ff82a42084,13,0.47,5,0,1783186211,1784501523,1,False
data.crestsystems.ai,base,0xae0dfe00827c07b7db4514683bcc3ad0e85200b1,92,0.47,70,0,1783141183,1784502899,3,False
deploy.crestsystems.ai,base,0xae0dfe00827c07b7db4514683bcc3ad0e85200b1,92,0.47,70,0,1783141183,1784502899,3,False
spend.crestsystems.ai,base,0xae0dfe00827c07b7db4514683bcc3ad0e85200b1,92,0.47,70,0,1783141183,1784502899,3,False
xpensli.app,base,0xdc4ead84f44dd6eb7c5572e25f930ac8a80be047,5,0.47,1,0,1784479061,1784479075,1,False
intel.twzrd.xyz,solana,GFpLvocNdEjnSsLH3VJQL6wGcjGxTbUBrj6fqN3Qe1Gs,20,0.47,3,0,1783511673,1784479783,1,True
agent-trust-layer.agent-trust-layer.workers.dev,base,0xb5e78bb597e1b6f6825afcf6b31992e7a630efd7,7,0.46,2,0,1784340649,1784457981,1,False
nad.payflowagent.net,base,0x617122b245c776a6b83a1f2821617819e2d38f6b,7,0.46,0,0,1783186201,1784458377,3,False
roger-tomfoolish-liam.ngrok-free.dev,base,0x617122b245c776a6b83a1f2821617819e2d38f6b,7,0.46,0,0,1783186201,1784458377,3,False
payflowagent.net,base,0x617122b245c776a6b83a1f2821617819e2d38f6b,7,0.46,0,0,1783186201,1784458377,3,False
staging.toolkit.dev,base,0x0cc2cdc0eb992860d6c2a216b1dc0895fd2df82f,10,0.46,6,0,1783353489,1784325501,1,False
2s-3cpr6qm6j-alleyford.vercel.app,solana,TW6ntaGzvj63ZgPjszd4FCGmVTGfzv1MAYZbjYcyWhn,80,0.46,2,0,1782693133,1784509359,3,True
2s.io,solana,TW6ntaGzvj63ZgPjszd4FCGmVTGfzv1MAYZbjYcyWhn,80,0.46,2,0,1782693133,1784509359,3,True
2s-jwnd2jdga-alleyford.vercel.app,solana,TW6ntaGzvj63ZgPjszd4FCGmVTGfzv1MAYZbjYcyWhn,80,0.46,2,0,1782693133,1784509359,3,True
intel.chainquery.com,base,0x7cf45cd775bdf31a5a96fa0a5805df0b610d87ff,28,0.45,5,0,1783469371,1784461683,1,False
api.nativebtc.org,base,0x0300e73759b357ceee5a248d1801ecb8abf7a1d4,23,0.44,2,0,1783667465,1784454271,1,False
bazaar-gateway.vercel.app,base,0xd20f1224e66b0e3c3b63c0975c4709ffee937d0d,218,0.44,97,0,1783135493,1783581937,1,False
rpc.nodeflare.app,base,0x9d86e0e74333b297b1d0b6ba30d2ed1b5f01f296,421,0.44,2,0,1783443981,1784433293,1,False
conch402.dylan-caponi.workers.dev,base,0x6ea81be98bc360fb2291a3cd1b2d598c1cc1dd66,11,0.43,3,0,1783984035,1784098349,1,False
x402-datashop-production.up.railway.app,base,0x6ab8efe305cce67daa48c97bde29c04402822dff,76,0.43,10,0,1784038311,1784456565,2,False
data.greeneris.io,base,0x6ab8efe305cce67daa48c97bde29c04402822dff,76,0.43,10,0,1784038311,1784456565,2,False
jokes-endpoint.vercel.app,base,0xd70d01c73b0c5f3246f2b55cce5ff1b41842ab5e,43,0.43,28,0,1783469769,1784162829,1,False
x402-data-api.sigrunner.workers.dev,base,0x5765ae06a52dc7a0bb71c36a11db512c7ea9ed10,54,0.43,3,3,1783799443,1784453557,1,False
crypto.apitoll.cloud,base,0x3da40a9ad36640a2c0f533bac368490095574664,424,0.42,51,0,1783141653,1784508553,1,False
orcpin.dev,base,0x8b1cf12e7efe6aea59cd1124ebbe7709e3ac6085,15,0.42,1,0,1783494665,1784452971,1,False
pubmed.sekgen.xyz,base,0x8c05121c9617f8960cf5b7451103192f32de8dde,9,0.42,7,0,1783652787,1784407769,2,False
pubmed-trends-x402.ben-miles2.workers.dev,base,0x8c05121c9617f8960cf5b7451103192f32de8dde,9,0.42,7,0,1783652787,1784407769,2,False
x402.orthogonal.com,base,0x2fec2abba84d6bfa9250de9f0d6fcb656375a6ee,2,0.42,1,0,1783392629,1783562949,1,False
bazaar-gateway.vercel.app,base,0x9200c98c8188ef50302ed3b8b0ffd5d39832090c,103,0.41,59,0,1783583599,1784463337,1,False
convrgent.ai,base,0xc273630db49632ecd077c7df606b306e400a9882,2,0.41,2,0,1783483451,1783817971,2,False
scan.convrgent.ai,base,0xc273630db49632ecd077c7df606b306e400a9882,2,0.41,2,0,1783483451,1783817971,2,False
public.zapper.xyz,base,0x43a2a720cd0911690c248075f4a29a5e7716f758,351,0.41,9,0,1783138861,1784510491,1,False
readx.1x402.sh,base,0x13e060adcc6f4b731da8382b333027b8b2bff707,31,0.41,3,0,1783156257,1784460307,2,False
readx.sh,base,0x13e060adcc6f4b731da8382b333027b8b2bff707,31,0.41,3,0,1783156257,1784460307,2,False
402atlas.com,base,0x20dcca105275f53ad67e0576a5b99555bbe591e5,4,0.4,2,0,1783639399,1784448461,1,False
ethmumbai-three.vercel.app,base,0x7d9a95c46d50231016f12a79c5bdea2936570b05,2,0.4,1,0,1783499189,1784127241,1,False
www.vandaagai.nl,base,0x5bfbddac323882d2ded00e1e070053cc98dd2dbc,4,0.4,1,0,1783376409,1784434985,1,False
arbitrum-mpp-transaction-preflight-production.up.railway.app,arbitrum,0x20cefa1804905878458390e6b6719c4b1d45a0b7,4,0.4,2,0,1784220679,1784433457,1,False
hyperliquid.use.x402atlas.com,base,0x383190a4f26f075fc2c73f6738eabf4dc6f33442,46,0.39,2,0,1783716415,1784446291,1,False
sec.multyplylabs.com,base,0x37837f88a645c0a7f7947a7e92cb46fd6a343c5d,15,0.39,2,0,1784254745,1784373541,1,False
api.solprobe.xyz,base,0x8d2460e139a8be2fdb72a44a52bc494f7326adfc,9,0.38,9,0,1783210601,1784124031,1,False
straits.live,base,0x1b24deac0951efcd6923f684b574fe9a4202cf1f,26,0.38,4,0,1783549773,1784448537,1,False
x402.professorsausages.com,base,0x54ebfcf3870439b9db62381848c5dabc05c70d5b,36,0.38,4,0,1783442517,1784512609,1,False
regimeshift.xyz,base,0x82b17d0bb4de9ae6c3491257b60e8245e70acd7b,373,0.37,10,0,1783147407,1784508479,1,False
trabotpro.it,base,0x7e25c237feb9c27a5b0355f03f8d8bfeadeccb7b,6,0.37,3,0,1783471541,1784509691,1,False
apexscout.ai,base,0x83ce8ec409ef94f7d909ecdcd8cc578741b0231d,3,0.36,2,0,1783656727,1784099463,1,False
api.nameintel.io,base,0xecd6edc72f228dcff9a7e7e981fd64bea5a4a395,18,0.36,4,0,1783634749,1784441963,1,False
hyperliquid-accounts.use.x402atlas.com,base,0xe79aa9d55170f7e1ac420266ec93a6c28c436de8,36,0.36,2,0,1783716431,1784446189,1,False
modelprices.xyz,base,0x63a20fa244d3e6a8902121e99704b7f857dc6ebb,33,0.36,4,0,1783996357,1784500603,1,False
liquidation-risk-mcp.mtree.workers.dev,base,0x1664530dc2a1ca350b1dbad1fc1f1a70c90fe4de,4,0.35,0,0,1783377071,1784502945,8,False
agent-payment-error-corpus.mtree.workers.dev,base,0x1664530dc2a1ca350b1dbad1fc1f1a70c90fe4de,4,0.35,0,0,1783377071,1784502945,8,False
agent-card-validator-mcp.mtree.workers.dev,base,0x1664530dc2a1ca350b1dbad1fc1f1a70c90fe4de,4,0.35,0,0,1783377071,1784502945,8,False
x402-endpoint-risk-corpus.mtree.workers.dev,base,0x1664530dc2a1ca350b1dbad1fc1f1a70c90fe4de,4,0.35,0,0,1783377071,1784502945,8,False
wallet-portfolio-history-mcp.mtree.workers.dev,base,0x1664530dc2a1ca350b1dbad1fc1f1a70c90fe4de,4,0.35,0,0,1783377071,1784502945,8,False
mcp-server-quality-corpus.mtree.workers.dev,base,0x1664530dc2a1ca350b1dbad1fc1f1a70c90fe4de,4,0.35,0,0,1783377071,1784502945,8,False
wellknown-audit-corpus.mtree.workers.dev,base,0x1664530dc2a1ca350b1dbad1fc1f1a70c90fe4de,4,0.35,0,0,1783377071,1784502945,8,False
wallet-portfolio-risk-mcp.mtree.workers.dev,base,0x1664530dc2a1ca350b1dbad1fc1f1a70c90fe4de,4,0.35,0,0,1783377071,1784502945,8,False
image.gedx402.com,base,0xb3c2776ce3f99cb3366520c27b4ac5d436942ab6,32,0.34,2,0,1783487849,1784511573,16,False
db.gedx402.com,base,0xb3c2776ce3f99cb3366520c27b4ac5d436942ab6,32,0.34,2,0,1783487849,1784511573,16,False
gateway.gedx402.com,base,0xb3c2776ce3f99cb3366520c27b4ac5d436942ab6,32,0.34,2,0,1783487849,1784511573,16,False
search.gedx402.com,base,0xb3c2776ce3f99cb3366520c27b4ac5d436942ab6,32,0.34,2,0,1783487849,1784511573,16,False
social.gedx402.com,base,0xb3c2776ce3f99cb3366520c27b4ac5d436942ab6,32,0.34,2,0,1783487849,1784511573,16,False
jobs.gedx402.com,base,0xb3c2776ce3f99cb3366520c27b4ac5d436942ab6,32,0.34,2,0,1783487849,1784511573,16,False
images-api.gedx402.com,base,0xb3c2776ce3f99cb3366520c27b4ac5d436942ab6,32,0.34,2,0,1783487849,1784511573,16,False
embed.gedx402.com,base,0xb3c2776ce3f99cb3366520c27b4ac5d436942ab6,32,0.34,2,0,1783487849,1784511573,16,False
rag.gedx402.com,base,0xb3c2776ce3f99cb3366520c27b4ac5d436942ab6,32,0.34,2,0,1783487849,1784511573,16,False
storage.gedx402.com,base,0xb3c2776ce3f99cb3366520c27b4ac5d436942ab6,32,0.34,2,0,1783487849,1784511573,16,False
agents.gedx402.com,base,0xb3c2776ce3f99cb3366520c27b4ac5d436942ab6,32,0.34,2,0,1783487849,1784511573,16,False
browser.gedx402.com,base,0xb3c2776ce3f99cb3366520c27b4ac5d436942ab6,32,0.34,2,0,1783487849,1784511573,16,False
verify.gedx402.com,base,0xb3c2776ce3f99cb3366520c27b4ac5d436942ab6,32,0.34,2,0,1783487849,1784511573,16,False
media.gedx402.com,base,0xb3c2776ce3f99cb3366520c27b4ac5d436942ab6,32,0.34,2,0,1783487849,1784511573,16,False
chat.gedx402.com,base,0xb3c2776ce3f99cb3366520c27b4ac5d436942ab6,32,0.34,2,0,1783487849,1784511573,16,False
llm.gedx402.com,base,0xb3c2776ce3f99cb3366520c27b4ac5d436942ab6,32,0.34,2,0,1783487849,1784511573,16,False
api.foreverbetter.xyz,base,0x18b9fd16aa724e8d214ecce525d16ceb3cfb3e87,14,0.34,2,0,1784136065,1784456563,2,False
app.wellnizz.com,base,0x18b9fd16aa724e8d214ecce525d16ceb3cfb3e87,14,0.34,2,0,1784136065,1784456563,2,False
tools.ipintel.ai,base,0x0550779cfbc832657a8bb46bac9f359a5ad038b8,41,0.34,23,0,1783135981,1784391525,3,False
sat.ipintel.ai,base,0x0550779cfbc832657a8bb46bac9f359a5ad038b8,41,0.34,23,0,1783135981,1784391525,3,False
api.ipintel.ai,base,0x0550779cfbc832657a8bb46bac9f359a5ad038b8,41,0.34,23,0,1783135981,1784391525,3,False
task-relay-production.up.railway.app,base,0xb06f063650516982fead1ee848239c0b1e189cc0,13,0.34,2,0,1783636787,1783837143,1,False
vending-machine-seven.vercel.app,base,0xc648116b5debe4af7d78838aa468d07e0a9ab697,50,0.34,2,0,1783498157,1784373025,1,False
agentstack-research-3bnlllaboa-ts.a.run.app,base,0x9b0c27302c3993e8e524cc4452f613064e3d4004,11,0.33,6,0,1783300301,1784449253,1,False
api.pixo.tools,base,0xc3e835c247fb8dfd83088e1b865b2d79dc709a60,23,0.33,1,0,1784368311,1784368733,1,False
browser.gedx402.com,base,0xb3c2776ce4f99cb3366520c27b4ac5d436942ab6,8,0.33,0,0,1783461455,1783474775,4,False
embed.gedx402.com,base,0xb3c2776ce4f99cb3366520c27b4ac5d436942ab6,8,0.33,0,0,1783461455,1783474775,4,False
social.gedx402.com,base,0xb3c2776ce4f99cb3366520c27b4ac5d436942ab6,8,0.33,0,0,1783461455,1783474775,4,False
search.gedx402.com,base,0xb3c2776ce4f99cb3366520c27b4ac5d436942ab6,8,0.33,0,0,1783461455,1783474775,4,False
entropy.rip,base,0x4293f75e69b22ee68afa0f464de86e5cd80bed75,26,0.33,2,0,1784107931,1784462471,1,False
stableninja.dev,base,0xc0ccf68a8e61a4d25eecfcacd486e673e900de0a,33,0.33,12,0,1783222521,1784261147,1,False
convrgent.ai,solana,7jw5Bfxo8muSQk9ZGXWvoYQ7newrT52zF8VPXV5ao6fS,2,0.33,0,0,1783513326,1784478769,2,True
scan.convrgent.ai,solana,7jw5Bfxo8muSQk9ZGXWvoYQ7newrT52zF8VPXV5ao6fS,2,0.33,0,0,1783513326,1784478769,2,True
api.agentfeeds.jp,base,0x67ac1e671e87b2c91847230748ed38a596013ea6,30,0.32,2,0,1784438015,1784464179,1,False
news-x402.com,base,0xda8a384c99832de7f176a6c21720227ac024e364,19,0.32,2,0,1783491153,1784368991,1,False
x402.swaphunt.dev,base,0xd6b585dd2f48263d08fb75ea28c1598d845d23a8,121,0.32,10,0,1783135605,1784432573,1,False
socialx402.com,solana,8VZEQmHM8ADqTSWMtnn3cMmevBaR1E8xrrzm2zf81g2U,5,0.32,0,0,1783402360,1783514050,4,True
stable-social-git-shafu-stablesocial-not-f-3816e7-merit-systems.vercel.app,solana,8VZEQmHM8ADqTSWMtnn3cMmevBaR1E8xrrzm2zf81g2U,5,0.32,0,0,1783402360,1783514050,4,True
stable-social-5jshn0wk0-merit-systems.vercel.app,solana,8VZEQmHM8ADqTSWMtnn3cMmevBaR1E8xrrzm2zf81g2U,5,0.32,0,0,1783402360,1783514050,4,True
stablesocial.dev,solana,8VZEQmHM8ADqTSWMtnn3cMmevBaR1E8xrrzm2zf81g2U,5,0.32,0,0,1783402360,1783514050,4,True
stable-travel-hkd3tku0j-merit-systems.vercel.app,solana,6u5LMGQC2qk9peNibahmRWxGVXrBypk8nhTCcqtiuqMY,7,0.32,0,0,1783379520,1783514501,2,True
stabletravel.dev,solana,6u5LMGQC2qk9peNibahmRWxGVXrBypk8nhTCcqtiuqMY,7,0.32,0,0,1783379520,1783514501,2,True
x402.ochinimus.app,solana,4a8o45skRPcyjAdyR8yES215Swvh8uTpZD6KLarhxCJ7,37,0.31,4,0,1783496454,1784472383,1,True
api.aiapi.ch,base,0x64842cd797198143a8ff191e4bdbde7e0fbf7f6d,3,0.3,2,0,1784126281,1784451095,1,False
api.palmai.tech,base,0x08261f5b6d893e1af90a2f23d9535d8723d1207d,3,0.3,2,0,1783507685,1783587973,1,False
api.x402intel.uk,base,0x7b13107779cfda1beba3289d0fbe27310436f3e3,1,0.3,0,0,1783678523,1784477517,2,False
api.polym.uk,base,0x7b13107779cfda1beba3289d0fbe27310436f3e3,1,0.3,0,0,1783678523,1784477517,2,False
api.svgsmith.dev,base,0xc34cda76d8b9edd3be25c336ca1cf668522fdf0c,15,0.3,2,0,1783323775,1783941581,1,False
api.x-ego.com,base,0x04f5f39809e3375f28bae612ff457a3f32c8248d,3,0.3,1,0,1784237277,1784414313,1,False
midax402.onrender.com,base,0xa4775ef07d967d56d6d6f19aee3a0de7e26ed954,6,0.3,2,0,1783378919,1783504819,1,False
ads.apitoll.cloud,solana,HZ5rN5HmZpu2H16auY5Zt5SuJjCMBG77odVhAVSuhK1x,10,0.3,1,0,1783384981,1784507016,1,True
anomaly.forgemesh.io,base,0xe295b6641b32998537ae0f8e61babf729eaed6e5,18,0.29,6,0,1783192643,1784318867,1,False
appstore.use.x402atlas.com,base,0x59ea036c64f0f54cdd14a3be8a1a6586b58da71c,14,0.29,2,0,1783706209,1784445883,2,False
places.use.x402atlas.com,base,0x59ea036c64f0f54cdd14a3be8a1a6586b58da71c,14,0.29,2,0,1783706209,1784445883,2,False
human.0000402.xyz,base,0xee72b902af7466023595512e3359bb5bf312977c,5,0.29,0,0,1783329481,1784444957,11,False
timecapsule.0000402.xyz,base,0xee72b902af7466023595512e3359bb5bf312977c,5,0.29,0,0,1783329481,1784444957,11,False
leaderboard.0000402.xyz,base,0xee72b902af7466023595512e3359bb5bf312977c,5,0.29,0,0,1783329481,1784444957,11,False
omniac.0000402.xyz,base,0xee72b902af7466023595512e3359bb5bf312977c,5,0.29,0,0,1783329481,1784444957,11,False
forecast.0000402.xyz,base,0xee72b902af7466023595512e3359bb5bf312977c,5,0.29,0,0,1783329481,1784444957,11,False
play.0000402.xyz,base,0xee72b902af7466023595512e3359bb5bf312977c,5,0.29,0,0,1783329481,1784444957,11,False
giveth.0000402.xyz,base,0xee72b902af7466023595512e3359bb5bf312977c,5,0.29,0,0,1783329481,1784444957,11,False
tempfile.0000402.xyz,base,0xee72b902af7466023595512e3359bb5bf312977c,5,0.29,0,0,1783329481,1784444957,11,False
stamp.0000402.xyz,base,0xee72b902af7466023595512e3359bb5bf312977c,5,0.29,0,0,1783329481,1784444957,11,False
pastebin.0000402.xyz,base,0xee72b902af7466023595512e3359bb5bf312977c,5,0.29,0,0,1783329481,1784444957,11,False
donate.0000402.xyz,base,0xee72b902af7466023595512e3359bb5bf312977c,5,0.29,0,0,1783329481,1784444957,11,False
nostrpulse.xyz,base,0x20992371f85e235d4bfba2fca1148d09c87a1368,13,0.29,6,0,1783433161,1784462413,1,False
schemasure.com,base,0x9876af0f6d8ed5155cd02d1ca56d128601612690,29,0.29,1,0,1784208465,1784493117,1,False
x402.dellbot.win,base,0x234864febc3ad18fc99620c576729bdebfb62bcb,65,0.29,27,0,1783177083,1784328211,1,False
wintel.canopy.finance,base,0xb58d12a9db82707b5b097cc127ad0bd2a800b766,4,0.28,2,0,1783950493,1784038395,1,False
x402-market.kore-app.workers.dev,base,0x1deeaec4250e66702e22777ec1e3a70b19745a72,28,0.28,3,0,1783469811,1784432263,1,False
base-intel-api.jakemaxsigal.workers.dev,base,0x9dc9a48611b53145bfaa3535dbc1d01df89159bd,39,0.27,5,0,1783444137,1784505337,1,False
reddit.apitoll.cloud,base,0x667cc5a90ffa911279a5fbe377c1018ddf45373b,9,0.27,3,0,1784293357,1784336309,1,False
quartermaster.surewhynot.app,solana,FgcKNzsBXSEHGNZNWetPsjXiBZk1WFoU6sF2zVsnzXfa,61,0.27,2,0,1784319427,1784466084,1,True
depscout.vercel.app,base,0xe682dc3c6b79c1c87dfd17e5e25b1a07834b9f5d,11,0.26,2,0,1783470823,1784439045,2,False
agentspec-one.vercel.app,base,0xe682dc3c6b79c1c87dfd17e5e25b1a07834b9f5d,11,0.26,2,0,1783470823,1784439045,2,False
app-production-cd86.up.railway.app,base,0xf0beee7f4db720d96241cdc1e2503525423019d5,11,0.26,0,0,1783441007,1784503083,8,False
web-production-7ca5d.up.railway.app,base,0xf0beee7f4db720d96241cdc1e2503525423019d5,11,0.26,0,0,1783441007,1784503083,8,False
app-production-23b4.up.railway.app,base,0xf0beee7f4db720d96241cdc1e2503525423019d5,11,0.26,0,0,1783441007,1784503083,8,False
app-production-3fbff.up.railway.app,base,0xf0beee7f4db720d96241cdc1e2503525423019d5,11,0.26,0,0,1783441007,1784503083,8,False
vn-gold-fx-x402-production.up.railway.app,base,0xf0beee7f4db720d96241cdc1e2503525423019d5,11,0.26,0,0,1783441007,1784503083,8,False
lunar-api-production-cba9.up.railway.app,base,0xf0beee7f4db720d96241cdc1e2503525423019d5,11,0.26,0,0,1783441007,1784503083,8,False
football-pulse-x402-production.up.railway.app,base,0xf0beee7f4db720d96241cdc1e2503525423019d5,11,0.26,0,0,1783441007,1784503083,8,False
vit-tu-ma-production.up.railway.app,base,0xf0beee7f4db720d96241cdc1e2503525423019d5,11,0.26,0,0,1783441007,1784503083,8,False
app.distro.media,base,0x8145671ca13d8b97b22238fb903d14e36e720428,5,0.25,2,0,1783810479,1784426731,1,False
audit.crestsystems.ai,base,0xab5decb819bbdb823e472c388d0826e294f99973,1,0.25,1,0,1784127307,1784127307,1,False
preppers-paradise.com,base,0x3bf4f4914f78c3c2b2f2801f8ea717135b7d3bdf,1,0.25,1,0,1784325491,1784325491,1,False
schema.nsgoods.org,base,0xc87a06dee4c0e85912296002617120bbfd5ef990,8,0.25,1,0,1783453181,1784509811,3,False
solar.nsgoods.org,base,0xc87a06dee4c0e85912296002617120bbfd5ef990,8,0.25,1,0,1783453181,1784509811,3,False
regime.nsgoods.org,base,0xc87a06dee4c0e85912296002617120bbfd5ef990,8,0.25,1,0,1783453181,1784509811,3,False
tenjin.blog,base,0x060024bdc3938c5d6b078d50d8e02ba673ffa249,5,0.25,2,0,1784116815,1784354867,1,False
trust402.vercel.app,base,0x3f4cee4c6bad04fcca3138dffdee579ddf17049b,22,0.25,5,0,1783347971,1784462355,2,False
trust402.aztecbeacon.uk,base,0x3f4cee4c6bad04fcca3138dffdee579ddf17049b,22,0.25,5,0,1783347971,1784462355,2,False
www.getbags.app,solana,FCxZZhEJpWqe1iCUuXVgy47JS9WFwGb1gBUC6Tngdh5Z,5,0.25,2,0,1783519625,1784416183,1,True
ai-agent-payment-safety-stack.onrender.com,base,0x60c402878efcecae5733a88075328aa2320c39be,7,0.24,2,0,1783261505,1784369775,2,False
agent-budget-guard.onrender.com,base,0x60c402878efcecae5733a88075328aa2320c39be,7,0.24,2,0,1783261505,1784369775,2,False
agent-data-toolkit.onrender.com,base,0x92cb873c2d114d6aa847eb110f721da22b5220f7,7,0.24,0,0,1783202069,1784498227,2,False
nico222222222-x402-trust-guard.hf.space,base,0x92cb873c2d114d6aa847eb110f721da22b5220f7,7,0.24,0,0,1783202069,1784498227,2,False
aviationapis.com,base,0x954c90740b8247e4b0d4a3f92201167895405555,27,0.24,5,0,1783213373,1784511691,2,False
x402.nichospt.net,base,0x954c90740b8247e4b0d4a3f92201167895405555,27,0.24,5,0,1783213373,1784511691,2,False
eltociear-tokenguard.hf.space,base,0x2b60e27be6bf979de4ed769838a8ddbb8afe7392,48,0.24,39,0,1783135505,1783308335,1,False
rng.sociologic.ai,base,0x0b6e3594df4faa6d66196d5a3271796ad8bb505d,14,0.24,3,0,1783212315,1784463325,2,False
trace.sociologic.ai,base,0x0b6e3594df4faa6d66196d5a3271796ad8bb505d,14,0.24,3,0,1783212315,1784463325,2,False
try.madhousewallet.com,base,0xf802283ff77d5972ffd109b91b70d34591b5459e,14,0.24,3,0,1783441577,1784462991,2,False
scan.madhousewallet.com,base,0xf802283ff77d5972ffd109b91b70d34591b5459e,14,0.24,3,0,1783441577,1784462991,2,False
x402.servicesmax.xyz,base,0xc26eacc1f7b6cb024f5c75efd099967d0b918bb1,23,0.24,3,0,1783230697,1784096169,1,False
api.foreverbetter.xyz,polygon,0x18b9fd16aa724e8d214ecce525d16ceb3cfb3e87,7,0.24,0,0,1784136086,1784136244,2,False
app.wellnizz.com,polygon,0x18b9fd16aa724e8d214ecce525d16ceb3cfb3e87,7,0.24,0,0,1784136086,1784136244,2,False
deep-report-gilt.vercel.app,base,0xfae3b355dce282768da52ecd43c861927222fd30,9,0.23,1,0,1783691329,1784208237,2,False
enrich-gate.vercel.app,base,0xfae3b355dce282768da52ecd43c861927222fd30,9,0.23,1,0,1783691329,1784208237,2,False
kleros-ipfs-gateway.fly.dev,base,0xf1c7c037891525e360c59f708739ac09a7670c59,23,0.23,1,0,1783432133,1784052137,1,False
voice.forgemesh.io,base,0x962794fb8ad92941faf1ab446b9e30637b86f331,77,0.23,5,0,1783142043,1784319117,1,False
x402-portdwell.nobodytools.com,base,0x6e3e1104911423509112e755e7366659452d72a8,11,0.23,1,0,1783271653,1784041081,2,False
x402-insolvency.nobodytools.com,base,0x6e3e1104911423509112e755e7366659452d72a8,11,0.23,1,0,1783271653,1784041081,2,False
qr.x402tools.xyz,base,0xcebbb82a183faa69b929ed1f417aafc63fa3b5b6,11,0.22,5,0,1783441741,1784430347,1,False
x402.cheetahsecurity.de,base,0x0ceb89c3add0eb15ad3ecdb09c8fea3d5c96dcf5,32,0.22,4,0,1783491919,1784503649,1,False
ads.apitoll.cloud,base,0x4ce88238f669d04351937420c931988e464a975a,7,0.21,4,0,1783470995,1784371853,1,False
api.certaindata.ai,base,0x2b879c3d4e9b273255ce73b6d072fabd768abb39,19,0.21,5,0,1783514279,1784301429,1,False
energybilltoolkit.co.uk,base,0xe602344ef3944497a72981e36066c62e7a99f599,21,0.21,8,0,1783230893,1784460099,1,False
fresh-feeds.foomworks.workers.dev,base,0x63347cd326a50696f76cfe4b8ce079d3c8ed3039,6,0.21,3,0,1783471501,1784124189,1,False
search.reversesandbox.com,base,0x5770e66181984aa8510777790016b64aeda4f8b2,104,0.21,29,0,1783136941,1784498679,1,False
agent-id-x402-production.up.railway.app,base,0x65003c15622f8fbecfa60805777f9c5ae8fb77fc,2,0.2,1,0,1784204873,1784208725,1,False
ai.tureka.com,base,0x2593d6e658db5a092a0e43de8b05acce815d2c16,2,0.2,1,0,1783425771,1783425773,1,False
api.curatoria.dev,base,0x8aa327403ed786ca56eb8f59c6c8831a8bd73485,9,0.2,0,0,1783437463,1783999459,2,False
curatoria.dev,base,0x8aa327403ed786ca56eb8f59c6c8831a8bd73485,9,0.2,0,0,1783437463,1783999459,2,False
api.foxcite.com,base,0x24eb5751ecb5f37d6d0837151e0a7bcbb214b3a4,2,0.2,1,0,1784349165,1784446765,1,False
api2ls.com,base,0x692dce6b2876854fa9d348bfbfd9c1c4de6c07dd,16,0.2,9,0,1783210493,1784453815,1,False
ask-surf-x402-production.up.railway.app,base,0x4e2ef8df36a74b168333e92686018c3b3fb2e3e7,1,0.2,0,0,1784017715,1784082519,2,False
x402.asksurf.ai,base,0x4e2ef8df36a74b168333e92686018c3b3fb2e3e7,1,0.2,0,0,1784017715,1784082519,2,False
claudelines.com,base,0xb4ad6bb516725ff69594e46c3a7daedf7c473186,5,0.2,5,0,1783798281,1784055329,1,False
epsteinisland.club,base,0x29ef82b3cf12c6e71fcfc4cc40678e1b02f95a91,1,0.2,1,0,1784127197,1784127197,1,False
jtifhcvbgxqwlywugvjv.supabase.co,base,0x41a90fc1d1d7fe22acc8ab1ddb978ed65205c56f,2,0.2,1,0,1783496745,1784180313,1,False
llm402.ai,base,0xe05cf38aabc0a046cf0057d2656f3c374132667a,127,0.2,3,0,1783138305,1784511597,1,False
pmhxr44qn4qitobucm7ctgklbq0svqjb.lambda-url.ap-southeast-2.on.aws,base,0xcb9b3f94387389e38ef2a7b3c0b851fb8325d7e9,22,0.2,1,0,1784274179,1784457977,2,False
x402.botsmith.dev,base,0xcb9b3f94387389e38ef2a7b3c0b851fb8325d7e9,22,0.2,1,0,1784274179,1784457977,2,False
rpc.satelink.network,base,0x966e1ae22996545015b1414b35234b10719d7ad4,4,0.2,1,0,1783639655,1783725413,1,False
sparky-works.vercel.app,base,0xadf0a71e898d350653e7668edab95a020884b74f,4,0.2,1,0,1784085799,1784121435,1,False
www.agentgram.site,base,0x054ade63d8046e189fbad70fae1e6203f92190ee,1,0.2,1,0,1783487271,1783487271,1,False
www.getbags.app,base,0x2e417b8fa9a654a3d09dfa91bebd09dc6a7dd145,4,0.2,2,0,1783786401,1784192109,1,False
options.lonestaroracle.xyz,solana,3nmeVj5m9Uq2hSTfsVsn3tJMHRJQNMKR1AjzyUJbrSgw,2,0.2,0,0,1783978866,1784505080,43,True
geo.lonestaroracle.xyz,solana,3nmeVj5m9Uq2hSTfsVsn3tJMHRJQNMKR1AjzyUJbrSgw,2,0.2,0,0,1783978866,1784505080,43,True
pnl.lonestaroracle.xyz,solana,3nmeVj5m9Uq2hSTfsVsn3tJMHRJQNMKR1AjzyUJbrSgw,2,0.2,0,0,1783978866,1784505080,43,True
earnings.lonestaroracle.xyz,solana,3nmeVj5m9Uq2hSTfsVsn3tJMHRJQNMKR1AjzyUJbrSgw,2,0.2,0,0,1783978866,1784505080,43,True
funding.lonestaroracle.xyz,solana,3nmeVj5m9Uq2hSTfsVsn3tJMHRJQNMKR1AjzyUJbrSgw,2,0.2,0,0,1783978866,1784505080,43,True
wallet.lonestaroracle.xyz,solana,3nmeVj5m9Uq2hSTfsVsn3tJMHRJQNMKR1AjzyUJbrSgw,2,0.2,0,0,1783978866,1784505080,43,True
metals.lonestaroracle.xyz,solana,3nmeVj5m9Uq2hSTfsVsn3tJMHRJQNMKR1AjzyUJbrSgw,2,0.2,0,0,1783978866,1784505080,43,True
whale.lonestaroracle.xyz,solana,3nmeVj5m9Uq2hSTfsVsn3tJMHRJQNMKR1AjzyUJbrSgw,2,0.2,0,0,1783978866,1784505080,43,True
rwa.lonestaroracle.xyz,solana,3nmeVj5m9Uq2hSTfsVsn3tJMHRJQNMKR1AjzyUJbrSgw,2,0.2,0,0,1783978866,1784505080,43,True
api.aidress.ai,solana,3nmeVj5m9Uq2hSTfsVsn3tJMHRJQNMKR1AjzyUJbrSgw,2,0.2,0,0,1783978866,1784505080,43,True
chainscout.lonestaroracle.xyz,solana,3nmeVj5m9Uq2hSTfsVsn3tJMHRJQNMKR1AjzyUJbrSgw,2,0.2,0,0,1783978866,1784505080,43,True
trade.lonestaroracle.xyz,solana,3nmeVj5m9Uq2hSTfsVsn3tJMHRJQNMKR1AjzyUJbrSgw,2,0.2,0,0,1783978866,1784505080,43,True
wealth.lonestaroracle.xyz,solana,3nmeVj5m9Uq2hSTfsVsn3tJMHRJQNMKR1AjzyUJbrSgw,2,0.2,0,0,1783978866,1784505080,43,True
latam.lonestaroracle.xyz,solana,3nmeVj5m9Uq2hSTfsVsn3tJMHRJQNMKR1AjzyUJbrSgw,2,0.2,0,0,1783978866,1784505080,43,True
ta.lonestaroracle.xyz,solana,3nmeVj5m9Uq2hSTfsVsn3tJMHRJQNMKR1AjzyUJbrSgw,2,0.2,0,0,1783978866,1784505080,43,True
crownblock.lonestaroracle.xyz,solana,3nmeVj5m9Uq2hSTfsVsn3tJMHRJQNMKR1AjzyUJbrSgw,2,0.2,0,0,1783978866,1784505080,43,True
defi.lonestaroracle.xyz,solana,3nmeVj5m9Uq2hSTfsVsn3tJMHRJQNMKR1AjzyUJbrSgw,2,0.2,0,0,1783978866,1784505080,43,True
minerals.lonestaroracle.xyz,solana,3nmeVj5m9Uq2hSTfsVsn3tJMHRJQNMKR1AjzyUJbrSgw,2,0.2,0,0,1783978866,1784505080,43,True
oi.lonestaroracle.xyz,solana,3nmeVj5m9Uq2hSTfsVsn3tJMHRJQNMKR1AjzyUJbrSgw,2,0.2,0,0,1783978866,1784505080,43,True
portfolio.lonestaroracle.xyz,solana,3nmeVj5m9Uq2hSTfsVsn3tJMHRJQNMKR1AjzyUJbrSgw,2,0.2,0,0,1783978866,1784505080,43,True
realestate.lonestaroracle.xyz,solana,3nmeVj5m9Uq2hSTfsVsn3tJMHRJQNMKR1AjzyUJbrSgw,2,0.2,0,0,1783978866,1784505080,43,True
supply.lonestaroracle.xyz,solana,3nmeVj5m9Uq2hSTfsVsn3tJMHRJQNMKR1AjzyUJbrSgw,2,0.2,0,0,1783978866,1784505080,43,True
equity.lonestaroracle.xyz,solana,3nmeVj5m9Uq2hSTfsVsn3tJMHRJQNMKR1AjzyUJbrSgw,2,0.2,0,0,1783978866,1784505080,43,True
consumer.lonestaroracle.xyz,solana,3nmeVj5m9Uq2hSTfsVsn3tJMHRJQNMKR1AjzyUJbrSgw,2,0.2,0,0,1783978866,1784505080,43,True
agri.lonestaroracle.xyz,solana,3nmeVj5m9Uq2hSTfsVsn3tJMHRJQNMKR1AjzyUJbrSgw,2,0.2,0,0,1783978866,1784505080,43,True
insider.lonestaroracle.xyz,solana,3nmeVj5m9Uq2hSTfsVsn3tJMHRJQNMKR1AjzyUJbrSgw,2,0.2,0,0,1783978866,1784505080,43,True
capitol.lonestaroracle.xyz,solana,3nmeVj5m9Uq2hSTfsVsn3tJMHRJQNMKR1AjzyUJbrSgw,2,0.2,0,0,1783978866,1784505080,43,True
weather.lonestaroracle.xyz,solana,3nmeVj5m9Uq2hSTfsVsn3tJMHRJQNMKR1AjzyUJbrSgw,2,0.2,0,0,1783978866,1784505080,43,True
macro.lonestaroracle.xyz,solana,3nmeVj5m9Uq2hSTfsVsn3tJMHRJQNMKR1AjzyUJbrSgw,2,0.2,0,0,1783978866,1784505080,43,True
compute.lonestaroracle.xyz,solana,3nmeVj5m9Uq2hSTfsVsn3tJMHRJQNMKR1AjzyUJbrSgw,2,0.2,0,0,1783978866,1784505080,43,True
lease.lonestaroracle.xyz,solana,3nmeVj5m9Uq2hSTfsVsn3tJMHRJQNMKR1AjzyUJbrSgw,2,0.2,0,0,1783978866,1784505080,43,True
govedge.lonestaroracle.xyz,solana,3nmeVj5m9Uq2hSTfsVsn3tJMHRJQNMKR1AjzyUJbrSgw,2,0.2,0,0,1783978866,1784505080,43,True
labor.lonestaroracle.xyz,solana,3nmeVj5m9Uq2hSTfsVsn3tJMHRJQNMKR1AjzyUJbrSgw,2,0.2,0,0,1783978866,1784505080,43,True
stable.lonestaroracle.xyz,solana,3nmeVj5m9Uq2hSTfsVsn3tJMHRJQNMKR1AjzyUJbrSgw,2,0.2,0,0,1783978866,1784505080,43,True
cycle.lonestaroracle.xyz,solana,3nmeVj5m9Uq2hSTfsVsn3tJMHRJQNMKR1AjzyUJbrSgw,2,0.2,0,0,1783978866,1784505080,43,True
launches.lonestaroracle.xyz,solana,3nmeVj5m9Uq2hSTfsVsn3tJMHRJQNMKR1AjzyUJbrSgw,2,0.2,0,0,1783978866,1784505080,43,True
cascade.lonestaroracle.xyz,solana,3nmeVj5m9Uq2hSTfsVsn3tJMHRJQNMKR1AjzyUJbrSgw,2,0.2,0,0,1783978866,1784505080,43,True
bundle.lonestaroracle.xyz,solana,3nmeVj5m9Uq2hSTfsVsn3tJMHRJQNMKR1AjzyUJbrSgw,2,0.2,0,0,1783978866,1784505080,43,True
news.lonestaroracle.xyz,solana,3nmeVj5m9Uq2hSTfsVsn3tJMHRJQNMKR1AjzyUJbrSgw,2,0.2,0,0,1783978866,1784505080,43,True
stake.lonestaroracle.xyz,solana,3nmeVj5m9Uq2hSTfsVsn3tJMHRJQNMKR1AjzyUJbrSgw,2,0.2,0,0,1783978866,1784505080,43,True
liq.lonestaroracle.xyz,solana,3nmeVj5m9Uq2hSTfsVsn3tJMHRJQNMKR1AjzyUJbrSgw,2,0.2,0,0,1783978866,1784505080,43,True
token.lonestaroracle.xyz,solana,3nmeVj5m9Uq2hSTfsVsn3tJMHRJQNMKR1AjzyUJbrSgw,2,0.2,0,0,1783978866,1784505080,43,True
grid.lonestaroracle.xyz,solana,3nmeVj5m9Uq2hSTfsVsn3tJMHRJQNMKR1AjzyUJbrSgw,2,0.2,0,0,1783978866,1784505080,43,True
extract.vevang.com,base,0x8a76cff6382deeeaa1a72ac62cd45c374e3faf35,7,0.19,4,0,1783360001,1783774557,1,False
gateway.drillr.ai,base,0xa29fb9cd97cf57948ae8bfe891476f5ab13220d3,19,0.19,1,0,1783486263,1784461053,1,False
judicious-earnest-vaporware.replit.app,base,0xe3fb022123a40483922addfa118dfbf33f32cc20,17,0.19,6,0,1783468379,1784374487,1,False
minifetch.com,base,0xffa9155a0e4b3d8d42351da226cc1feee449686f,56,0.19,11,0,1783174769,1784234611,1,False
seoul-weather-402.fly.dev,base,0x1e15e64e815473385b571deec7bce4f0cc262817,19,0.19,9,0,1783469445,1784374553,1,False
api.sumvid.app,base,0x9036ff40101eeff4cb8a377d59e9432819b5d420,16,0.18,2,0,1783713525,1784371481,1,False
decipherranker.com,base,0x289aa17875d1adbe3dc66d7658218d14258d81f2,6,0.18,1,0,1784029813,1784463853,1,False
jtifhcvbgxqwlywugvjv.supabase.co,base,0x0d59a2a9e70fa6574dfa78c0ab5250c3accbb956,9,0.18,9,0,1783234427,1784512033,1,False
node-starter--maxujon18.replit.app,base,0x0efaf4ae4f5c6ff674fc64e7eba1b6fe83b6159b,10,0.18,2,0,1784036745,1784439531,1,False
proxy.suverse.io,base,0x1b258d4962e2a0103e932c155a3b9efcac40964a,3,0.18,1,0,1784215135,1784296465,1,False
api.curb.numetal.xyz,base,0x546217c24617bcf9fad565e8ecabe5de2d41326b,3,0.17,2,0,1783616257,1783677825,1,False
rugsense.xyz,base,0xefabaae57e9aacab865dccce024053fcb9b0072e,5,0.17,1,0,1783445373,1784506957,2,False
base-launch-radar.vercel.app,base,0xefabaae57e9aacab865dccce024053fcb9b0072e,5,0.17,1,0,1783445373,1784506957,2,False
defillama.use.x402atlas.com,base,0xcb8025d951e5e45be7d288b658eeee6f05713006,35,0.17,4,0,1783468769,1784308003,1,False
api.bitrefill.com,solana,5yASLjtNssGXDv6bR9e71WXKxRymDiUzbgkGPqkQNgRn,69,0.17,7,0,1782647284,1784465976,1,True
defi.hugen.tokyo,solana,4du4AfkjJEwch2zk3shkPJVZfyJHNDnNjEWC6AboaS5Z,7,0.17,0,0,1782654574,1784478779,8,True
gotobi.hugen.tokyo,solana,4du4AfkjJEwch2zk3shkPJVZfyJHNDnNjEWC6AboaS5Z,7,0.17,0,0,1782654574,1784478779,8,True
content.hugen.tokyo,solana,4du4AfkjJEwch2zk3shkPJVZfyJHNDnNjEWC6AboaS5Z,7,0.17,0,0,1782654574,1784478779,8,True
visual.hugen.tokyo,solana,4du4AfkjJEwch2zk3shkPJVZfyJHNDnNjEWC6AboaS5Z,7,0.17,0,0,1782654574,1784478779,8,True
intel.hugen.tokyo,solana,4du4AfkjJEwch2zk3shkPJVZfyJHNDnNjEWC6AboaS5Z,7,0.17,0,0,1782654574,1784478779,8,True
scout.hugen.tokyo,solana,4du4AfkjJEwch2zk3shkPJVZfyJHNDnNjEWC6AboaS5Z,7,0.17,0,0,1782654574,1784478779,8,True
domain.hugen.tokyo,solana,4du4AfkjJEwch2zk3shkPJVZfyJHNDnNjEWC6AboaS5Z,7,0.17,0,0,1782654574,1784478779,8,True
weather.hugen.tokyo,solana,4du4AfkjJEwch2zk3shkPJVZfyJHNDnNjEWC6AboaS5Z,7,0.17,0,0,1782654574,1784478779,8,True
stablecrypto.dev,solana,GedsrmCHThhYpCVmxBuCVariiXXeVN8iJPtbuXDouJ3K,17,0.17,5,0,1782183077,1783489682,1,True
latamref.dev,base,0x1f0409ccd20a2fb497d4decef4e17e9d0688fea6,11,0.16,0,0,1784119337,1784472569,7,False
afriref.dev,base,0x1f0409ccd20a2fb497d4decef4e17e9d0688fea6,11,0.16,0,0,1784119337,1784472569,7,False
asiaref.dev,base,0x1f0409ccd20a2fb497d4decef4e17e9d0688fea6,11,0.16,0,0,1784119337,1784472569,7,False
euroref.dev,base,0x1f0409ccd20a2fb497d4decef4e17e9d0688fea6,11,0.16,0,0,1784119337,1784472569,7,False
ausref.dev,base,0x1f0409ccd20a2fb497d4decef4e17e9d0688fea6,11,0.16,0,0,1784119337,1784472569,7,False
api.zaroniacalculator.co.za,base,0x1f0409ccd20a2fb497d4decef4e17e9d0688fea6,11,0.16,0,0,1784119337,1784472569,7,False
usaref.dev,base,0x1f0409ccd20a2fb497d4decef4e17e9d0688fea6,11,0.16,0,0,1784119337,1784472569,7,False
agentpay.tools,base,0xe8b25a72dd6aef69515452a61ad231c7df2843b7,16,0.16,4,0,1783775111,1784379831,1,False
dyoe-audit-verify.netlify.app,base,0x834b189a1c087d0af169a905454979952f59e8ac,16,0.16,14,0,1783137695,1784121465,2,False
agents.dyoeway.org,base,0x834b189a1c087d0af169a905454979952f59e8ac,16,0.16,14,0,1783137695,1784121465,2,False
img402.dev,base,0x77f3c9bcb898ad1d30e9a336e2cc3108d88d6c09,16,0.16,5,0,1783597231,1784173993,1,False
proxy.suverse.io,base,0x7d7ce550251fd81457bfe9afb40c800c2cd50a73,3,0.16,2,0,1783604329,1783845635,1,False
aviation.x402.press,avalanche,0x3c74ce3f8566ff04b312320e7c264a691c409992,7,0.16,0,0,1783218007,1784217589,11,False
news.x402.press,avalanche,0x3c74ce3f8566ff04b312320e7c264a691c409992,7,0.16,0,0,1783218007,1784217589,11,False
deepseek.x402.press,avalanche,0x3c74ce3f8566ff04b312320e7c264a691c409992,7,0.16,0,0,1783218007,1784217589,11,False
entertainment.x402.press,avalanche,0x3c74ce3f8566ff04b312320e7c264a691c409992,7,0.16,0,0,1783218007,1784217589,11,False
music.x402.press,avalanche,0x3c74ce3f8566ff04b312320e7c264a691c409992,7,0.16,0,0,1783218007,1784217589,11,False
stem.x402.press,avalanche,0x3c74ce3f8566ff04b312320e7c264a691c409992,7,0.16,0,0,1783218007,1784217589,11,False
weather.x402.press,avalanche,0x3c74ce3f8566ff04b312320e7c264a691c409992,7,0.16,0,0,1783218007,1784217589,11,False
space.x402.press,avalanche,0x3c74ce3f8566ff04b312320e7c264a691c409992,7,0.16,0,0,1783218007,1784217589,11,False
marine.x402.press,avalanche,0x3c74ce3f8566ff04b312320e7c264a691c409992,7,0.16,0,0,1783218007,1784217589,11,False
quickpoll.x402.press,avalanche,0x3c74ce3f8566ff04b312320e7c264a691c409992,7,0.16,0,0,1783218007,1784217589,11,False
earth.x402.press,avalanche,0x3c74ce3f8566ff04b312320e7c264a691c409992,7,0.16,0,0,1783218007,1784217589,11,False
api.clervo.dev,solana,EsVpu8VmFULPtYSzRKxY7pJK9oxJbUhfUYvFBFvH4s2c,8,0.16,1,0,1783878000,1783908181,1,True
zk.quickai.build,base,0x85557c90027354eaeffe9ee4b4f4014818d8d3e1,6,0.15,2,0,1783445325,1784507593,2,False
eagle.quickai.build,base,0x85557c90027354eaeffe9ee4b4f4014818d8d3e1,6,0.15,2,0,1783445325,1784507593,2,False
quantum-artificer.surewhynot.app,base,0xf786a555be87c6d3b316c976b643c70326565f3f,15,0.15,1,0,1784306445,1784471707,1,False
stabletickets.dev,base,0xe6814e0172c9f15f2ba2e09fe9d9f3751fa38b75,15,0.15,5,0,1783845141,1784416585,1,False
x402-store.dgdb.workers.dev,base,0xd617a7145ca56e3ed58d639f9dec6999b22441ee,21,0.15,4,0,1783445539,1784509813,2,False
x402.dailyelo.com,base,0xd617a7145ca56e3ed58d639f9dec6999b22441ee,21,0.15,4,0,1783445539,1784509813,2,False
coingecko.use.x402atlas.com,base,0x32793f68dc2ea26bbc75eb900da120069e8b6d02,28,0.14,9,0,1783335957,1784369473,1,False
md.fastdb.in,base,0x072f3a2bd93bb75b1eb84a9e45d17a4f90a6d801,51,0.14,4,12,1784291391,1784338075,1,False
perpsignals.use.x402atlas.com,base,0x82096bf08d81c14c678e915a04fcf150958ee571,14,0.14,3,0,1783468943,1784429215,1,False
stableflare.dev,base,0xb6a6ba7f58fe92e77bce040cc0818c63ab9ac768,4,0.14,3,0,1783785923,1784325889,1,False
proxy.suverse.io,solana,HFYkH6SUuXLvzGbuB76vJ8u76NG3X25wdd1A7mDM4cSw,144,0.14,2,0,1782972003,1784505632,1,True
proxy.suverse.io,base,0x4261701a4ddf4625ebfa80ceefb5b3b2b5453b2e,132,0.13,2,0,1783146603,1784507419,1,False
signal.pathin.me,base,0x5ff74b7e764fc8d0bc6deee94781870c4de838be,12,0.13,9,0,1784300687,1784503139,1,False
x402.911fund.io,solana,CtbPTTFMRfULUMz7DjPDRCKXVSBEcAEXeTUq4n7fSFuf,4,0.13,1,0,1783381401,1783513166,1,True
compliance-verifier-agent-6fe6y.ondigitalocean.app,base,0xa76a820655e984936324c62a9f95940da5d4d3d7,1,0.12,0,0,1784334247,1784337297,5,False
agent-inbound-content-bpyht.ondigitalocean.app,base,0xa76a820655e984936324c62a9f95940da5d4d3d7,1,0.12,0,0,1784334247,1784337297,5,False
agent-secret-leak-lrbu6.ondigitalocean.app,base,0xa76a820655e984936324c62a9f95940da5d4d3d7,1,0.12,0,0,1784334247,1784337297,5,False
agent-outbound-action-ljoeb.ondigitalocean.app,base,0xa76a820655e984936324c62a9f95940da5d4d3d7,1,0.12,0,0,1784334247,1784337297,5,False
agent-a2a-payment-mk77y.ondigitalocean.app,base,0xa76a820655e984936324c62a9f95940da5d4d3d7,1,0.12,0,0,1784334247,1784337297,5,False
book-bot.app,base,0x26b354827942a0802552e433d357c78d78d2e987,11,0.12,3,0,1783135893,1784462739,1,False
dns.use.x402atlas.com,base,0x446e51deab3ae656c99e65369e8ef1148d23d7f7,24,0.12,2,0,1783271393,1784346823,1,False
iamrich402.dylan-caponi.workers.dev,base,0x25a02d2d4c6b6acfab30698a867d81130be3c1c2,4,0.12,2,0,1783978279,1784098349,1,False
pay-per-demo.vercel.app,base,0x0c9dae48a198f2c0ab3ab04223c45c98ecf154fb,12,0.12,1,0,1784156821,1784238127,1,False
scorestatus.dev,base,0x3205859b58fcb55ac6c30a01bd09c7ed371323b7,4,0.12,3,0,1783635667,1784335751,1,False
willimake-it.dylan-caponi.workers.dev,base,0x309fd902b4b29905c8493c94a569673e1d6dc0d3,15,0.12,6,0,1783456283,1784397753,1,False
x402.orthogonal.com,base,0x1563cde0042d17f53b23d91fd9b73ace9da26a09,53,0.12,1,0,1783202665,1784233433,2,False
x402.orth.sh,base,0x1563cde0042d17f53b23d91fd9b73ace9da26a09,53,0.12,1,0,1783202665,1784233433,2,False
api.babyblueviper.com,base,0x161dbdd73d025e9aedd4918a67c28e5bf9a87fb9,5,0.11,3,0,1783314537,1784252995,1,False
pdufa.cryptoetfsentinel.com,base,0xcd8975137d48ed9bfd1c299a62c01420b860070d,4,0.11,1,0,1783470905,1784207977,2,False
api.biotechcatalystsentinel.com,base,0xcd8975137d48ed9bfd1c299a62c01420b860070d,4,0.11,1,0,1783470905,1784207977,2,False
api.bitfence.ai,base,0x7f6fa471726c35321b58704bd2a440d405767bfd,32,0.11,6,0,1783456321,1784460079,1,False
api.node4all.com,base,0xd275612bf0bb35638432c4d95eaa8d5d22346ca6,11,0.11,5,0,1783445035,1784463327,1,False
api.pak-labs.com,base,0x5c23c3b534efb7e7cd7edf2a67f5bbf978367fef,6,0.11,2,0,1783907611,1784441631,1,False
data.japanagent.dev,base,0x64e81e0287ffdf31eb21d0891398899879f1fa6a,16,0.11,2,0,1783661975,1784422753,2,False
x402-factory.mizcoltd.workers.dev,base,0x64e81e0287ffdf31eb21d0891398899879f1fa6a,16,0.11,2,0,1783661975,1784422753,2,False
gblin.digital,base,0x0eba5d314f4f5dcb7a094953fa9311a45172dd1b,15,0.11,3,0,1783468589,1784430747,2,False
gblin-sentinel.vercel.app,base,0x0eba5d314f4f5dcb7a094953fa9311a45172dd1b,15,0.11,3,0,1783468589,1784430747,2,False
human.twin3.ai,base,0xcd3273893d1c8df15a4d6bc411aa3d25a60fdc60,107,0.11,3,0,1783137625,1784498415,1,False
library.proofivy.com,base,0x859af250df0b68bfd0768ca22142a1afa0abeaf4,11,0.11,5,0,1783428915,1784463197,1,False
x402-crypto-data.vercel.app,solana,4yWGiWHTBofLtjjKW7i6E9aD9i5rbrWbWGBJm23hwg2v,6,0.11,1,0,1782652594,1784380889,1,True
pulsefeed.dev,base,0x7f5f784ba98cecfc0ba4336f0e48222a3d4d69a8,6,0.1,0,0,1783276367,1783944041,2,False
31-172-70-14.nip.io,base,0x7f5f784ba98cecfc0ba4336f0e48222a3d4d69a8,6,0.1,0,0,1783276367,1783944041,2,False
agent.memoryapi.org,base,0x24facafeb49b4e3facf0b3e69604a2f4640c9bf2,25,0.1,5,0,1783149387,1784506907,7,False
health.memoryapi.org,base,0x24facafeb49b4e3facf0b3e69604a2f4640c9bf2,25,0.1,5,0,1783149387,1784506907,7,False
api.northeastdealintel.com,base,0x24facafeb49b4e3facf0b3e69604a2f4640c9bf2,25,0.1,5,0,1783149387,1784506907,7,False
market.memoryapi.org,base,0x24facafeb49b4e3facf0b3e69604a2f4640c9bf2,25,0.1,5,0,1783149387,1784506907,7,False
predict.memoryapi.org,base,0x24facafeb49b4e3facf0b3e69604a2f4640c9bf2,25,0.1,5,0,1783149387,1784506907,7,False
bio.memoryapi.org,base,0x24facafeb49b4e3facf0b3e69604a2f4640c9bf2,25,0.1,5,0,1783149387,1784506907,7,False
api.memoryapi.org,base,0x24facafeb49b4e3facf0b3e69604a2f4640c9bf2,25,0.1,5,0,1783149387,1784506907,7,False
agent.soliduscapital.io,base,0x298a9c08075a684a5b43e6e128fc4db18d354780,1,0.1,1,0,1784099979,1784099979,1,False
api.compatify.io,base,0x13273fe5cfee0c289ee30dac40ea58d4fb823c36,2,0.1,1,0,1783957517,1784054249,1,False
api.hookfindr.com,base,0xae0fea8bb97db83ffc96baada9a4d8da6efd21ba,2,0.1,1,0,1783147889,1783148205,1,False
api.x402passport.xyz,base,0x283d48a121a36789853fa727af985608cfa46636,2,0.1,1,0,1784439929,1784460613,1,False
bounty.btnomb.com,base,0x9c768177521c9a832b0f8567265ef02e89d0282e,1,0.1,1,0,1784126323,1784126323,1,False
dylandaytrader.com,base,0xe35885cf3811b3714c3fabd35f494a12298e9c08,27,0.1,3,0,1783174643,1784491699,2,False
find-my-json.com,base,0xe35885cf3811b3714c3fabd35f494a12298e9c08,27,0.1,3,0,1783174643,1784491699,2,False
feeler.man-o-to.net,base,0xa5f6ca1393cc766b62c45a6f663c8d69540bc2bb,1,0.1,1,0,1784097777,1784097777,1,False
files.camelai.io,base,0x34d3ed2c5fc6d6a0f25d1aad77193a8aa88a52b5,7,0.1,3,0,1783468129,1784441555,1,False
nodeproxy-production.up.railway.app,base,0x8e57bfde053dbb6862991759c19affc5f383d5d0,6,0.1,1,0,1783493811,1784373777,4,False
vectorcache-production.up.railway.app,base,0x8e57bfde053dbb6862991759c19affc5f383d5d0,6,0.1,1,0,1783493811,1784373777,4,False
tokensqueezer-production.up.railway.app,base,0x8e57bfde053dbb6862991759c19affc5f383d5d0,6,0.1,1,0,1783493811,1784373777,4,False
gate402.app,base,0x8e57bfde053dbb6862991759c19affc5f383d5d0,6,0.1,1,0,1783493811,1784373777,4,False
hyperliquid-predict.use.x402atlas.com,base,0xa55b06462a2e48661badf22f5841f95ae654b716,12,0.1,2,0,1783716445,1784446291,1,False
jtifhcvbgxqwlywugvjv.supabase.co,base,0x1372c2140105ff1dd77f148b8ad5bb976cc7ec0f,5,0.1,2,0,1783495085,1784374625,1,False
mcp.deep3.ai,base,0xca4556c3f1fab4af46a089d6346c86f0cac63a2d,100,0.1,19,0,1783348849,1784439321,1,False
mechamanda.com,base,0xbad1aa224bfe4feb460e12b2553dcdf98a7098d0,10,0.1,3,0,1783211111,1784417945,2,False
x402-tools.vercel.app,base,0xbad1aa224bfe4feb460e12b2553dcdf98a7098d0,10,0.1,3,0,1783211111,1784417945,2,False
music.jamesbpollack.com,base,0xe28cd838be6bdade252dfa7e25d7fb864c2c18cd,2,0.1,2,0,1783471653,1784125309,1,False
nichedata.dev,base,0x01387df1570204a3470285d6fbcc191fba2591c1,1,0.1,1,0,1783369591,1783369591,1,False
nittarab.dev,base,0x89764c3ded721c29999a237cf935a34e1c8edf97,2,0.1,2,0,1783471545,1784125323,1,False
opportunity-api-production.up.railway.app,base,0x5be6c12339eaf5eb18db8012f54955a2250bd3d9,4,0.1,1,0,1783937187,1783946145,1,False
paysafe-agent.com,base,0x3c423b365efb79bfb42c9ec8f6f0745195ca7745,10,0.1,5,0,1784082433,1784445491,1,False
stable-media-git-ben-test-agentcash-router-pr-227-merit-systems.vercel.app,base,0x26bbf0f6bc7a6492e4029327f2ef7c1363f9b4f6,10,0.1,1,0,1783379679,1784437695,4,False
stable-media-git-ben-test-agentcash-router-pr-212-merit-systems.vercel.app,base,0x26bbf0f6bc7a6492e4029327f2ef7c1363f9b4f6,10,0.1,1,0,1783379679,1784437695,4,False
stable-media-git-ben-test-agentcash-router-pr-241-merit-systems.vercel.app,base,0x26bbf0f6bc7a6492e4029327f2ef7c1363f9b4f6,10,0.1,1,0,1783379679,1784437695,4,False
stable-media-git-ben-upgrade-agentcash-rou-02e093-merit-systems.vercel.app,base,0x26bbf0f6bc7a6492e4029327f2ef7c1363f9b4f6,10,0.1,1,0,1783379679,1784437695,4,False
x402-jpcrypto-intel-main.jpgame-intel.workers.dev,base,0x71af31f146f86cae2ada3ea0d958a733493242be,5,0.1,1,0,1783137119,1784368495,2,False
x402-watcher-api-main.jpgame-intel.workers.dev,base,0x71af31f146f86cae2ada3ea0d958a733493242be,5,0.1,1,0,1783137119,1784368495,2,False
x402.ottoai.services,solana,6XcSfqJHr9vNW2vbiRaMqUYVm7shDgLepca54wUTDPN5,23,0.1,1,0,1783495531,1784507651,3,True
tools-agent-x402-production.up.railway.app,solana,6XcSfqJHr9vNW2vbiRaMqUYVm7shDgLepca54wUTDPN5,23,0.1,1,0,1783495531,1784507651,3,True
api.aidress.ai,solana,6XcSfqJHr9vNW2vbiRaMqUYVm7shDgLepca54wUTDPN5,23,0.1,1,0,1783495531,1784507651,3,True
blockint.ai,solana,2JJZcG2Zv9s8oatD7FRRwpmGAPEcgcXt4zGNvKDqTz66,10,0.1,1,0,1783384859,1784432017,1,True
polynews.news,solana,76xzzgua9K8985GqGMwB946zTFtHvjTd9MfGoTYfys3d,6,0.1,2,0,1783494837,1784446969,1,True
aegis-ai.xyz,base,0x52d4901142e2b5680027da5eb47c86cb02a3ca81,6,0.09,2,0,1784418015,1784445439,1,False
anthropic.yeetful.com,base,0x66268791b55e1f5fa585d990326519f101407257,15,0.09,8,0,1783137921,1784121045,1,False
api.predictionmarketdata.io,base,0x995c0abdcd2ad76548e5f7deb54d32549b2b781f,42,0.09,6,0,1783175409,1784452603,1,False
property.payapi.market,base,0xffc458db291b4abce020fe3de4f91f2770e537b1,32,0.09,6,0,1783136707,1784483565,11,False
vehicle.payapi.market,base,0xffc458db291b4abce020fe3de4f91f2770e537b1,32,0.09,6,0,1783136707,1784483565,11,False
x402-vehicle-api-production.up.railway.app,base,0xffc458db291b4abce020fe3de4f91f2770e537b1,32,0.09,6,0,1783136707,1784483565,11,False
web-production-18a32.up.railway.app,base,0xffc458db291b4abce020fe3de4f91f2770e537b1,32,0.09,6,0,1783136707,1784483565,11,False
x402-company-api-production.up.railway.app,base,0xffc458db291b4abce020fe3de4f91f2770e537b1,32,0.09,6,0,1783136707,1784483565,11,False
weather.payapi.market,base,0xffc458db291b4abce020fe3de4f91f2770e537b1,32,0.09,6,0,1783136707,1784483565,11,False
x402-finance-api-production.up.railway.app,base,0xffc458db291b4abce020fe3de4f91f2770e537b1,32,0.09,6,0,1783136707,1784483565,11,False
company.payapi.market,base,0xffc458db291b4abce020fe3de4f91f2770e537b1,32,0.09,6,0,1783136707,1784483565,11,False
finance.payapi.market,base,0xffc458db291b4abce020fe3de4f91f2770e537b1,32,0.09,6,0,1783136707,1784483565,11,False
x402-weather-api-production-04c4.up.railway.app,base,0xffc458db291b4abce020fe3de4f91f2770e537b1,32,0.09,6,0,1783136707,1784483565,11,False
hmo.payapi.market,base,0xffc458db291b4abce020fe3de4f91f2770e537b1,32,0.09,6,0,1783136707,1784483565,11,False
free-api-resell.relayhop.workers.dev,base,0x20beffad24499e9b3d45dd0971b1d6afb0ae925d,6,0.09,2,0,1783155481,1784374487,4,False
dns-email-hygiene.relayhop.workers.dev,base,0x20beffad24499e9b3d45dd0971b1d6afb0ae925d,6,0.09,2,0,1783155481,1784374487,4,False
wallet-aml-screen.relayhop.workers.dev,base,0x20beffad24499e9b3d45dd0971b1d6afb0ae925d,6,0.09,2,0,1783155481,1784374487,4,False
nba-odds-gap.relayhop.workers.dev,base,0x20beffad24499e9b3d45dd0971b1d6afb0ae925d,6,0.09,2,0,1783155481,1784374487,4,False
gateway.sanfoundation.com,base,0x16b5fe729f2ca544b309844f75e8429ab45151ae,9,0.09,3,0,1783211691,1784461399,1,False
halfwayapi.com,base,0x67ea082639ea17be250ea7dc1e2d7c9e4adbf0fe,3,0.09,2,0,1783921847,1784450399,1,False
pay.codenut.ai,base,0x8d8fa42584a727488eeb0e29405ad794a105bb9b,9,0.09,2,0,1784087769,1784437117,1,False
shield.vainplex.dev,base,0xfcafd9dac06a03f588d6f55b5336162dfd7202a6,6,0.09,2,0,1783504175,1784463389,1,False
stableproduct.dev,base,0xd9f3261c9fea20a99d0708815010280c549e8ebf,9,0.09,4,0,1783380573,1784446535,1,False
zoningverdict.com,base,0xc1dab3c368f8b6595c49df67f4a17225e0ceb785,9,0.09,1,0,1783521031,1783981849,1,False
reddit.apitoll.cloud,solana,8ce9pCUe913hpaP4oheeMPJt2uRkWAq5FsuNU6zSvTkw,3,0.09,1,0,1784501524,1784503033,1,True
x402.quicknode.com,solana,2LWbc9Mi6dRUrdEHBttoNS4udDtH1A4xwBdm1EKqcT57,89,0.09,2,0,1783907511,1784064326,1,True
api-production-17e1.up.railway.app,base,0xf7fdeffc3abc97379418b0a687fdb54e1cbce163,52,0.08,6,0,1783360859,1784507009,1,False
api.boonprotocol.com,base,0x9ed16e6e1c0ea4f3739d1cf23041ed7aa782c08f,8,0.08,1,0,1784168691,1784168741,1,False
api.phoneagent.xyz,base,0xf6705e3da2d2f98afd3944e4a6b0d6ca931e576a,8,0.08,4,0,1783469671,1784457067,1,False
api.trustsource.cc,base,0xc1fe5ce97fb6038527d9660cf290b716a264e874,22,0.08,7,0,1783145595,1784181151,1,False
api.wallettriage.com,base,0x93835cf2bd459e72b577ed944e33578d8529dacc,8,0.08,2,0,1783733711,1784251991,1,False
audiobook-api-beta.vercel.app,base,0xfb5f5a44611ca6765ad57536b90a32ea87328ae0,7,0.08,3,0,1783490643,1784368551,1,False
brasil-dados-api.onrender.com,base,0x649006bc937e7a60f98e49455d0fe3425321a3b0,28,0.08,2,0,1783443253,1784505003,1,False
stockapi.hillguava.xyz,base,0xf96d2a2bdedafa702104e2386af78fbece04ceb3,7,0.08,1,0,1783312253,1784461835,5,False
gateway.hillguava.xyz,base,0xf96d2a2bdedafa702104e2386af78fbece04ceb3,7,0.08,1,0,1783312253,1784461835,5,False
weatherapi.hillguava.xyz,base,0xf96d2a2bdedafa702104e2386af78fbece04ceb3,7,0.08,1,0,1783312253,1784461835,5,False
verifyapi.hillguava.xyz,base,0xf96d2a2bdedafa702104e2386af78fbece04ceb3,7,0.08,1,0,1783312253,1784461835,5,False
india-news.hillguava.xyz,base,0xf96d2a2bdedafa702104e2386af78fbece04ceb3,7,0.08,1,0,1783312253,1784461835,5,False
recoup-api-git-sweetmantech-myc-4077-32a4e4-recoupable-ad724970.vercel.app,base,0xbaf31935ed514e8f7da81d0a730ab5362deeeeb7,1,0.08,1,0,1783469589,1784127079,2,False
recoup-api.vercel.app,base,0xbaf31935ed514e8f7da81d0a730ab5362deeeeb7,1,0.08,1,0,1783469589,1784127079,2,False
ren-api-production.up.railway.app,base,0xf58f75a803f1264d3f658885c0d12df4f3c51303,8,0.08,2,0,1783380733,1784451267,1,False
weight402endpoint.vercel.app,base,0xa3068cfae6217ae906958250072bdf51b7f910c3,48,0.08,35,0,1783215609,1784459267,1,False
x402station.io,base,0x4053338c7cb38624c0bc23c900f78cf8470b4e38,52,0.08,17,0,1783210727,1783825609,1,False
agents.allium.so,polygon,0xf5b59aa4d23621b382ac56465e2a78432ce768ca,4,0.08,3,0,1783332280,1783635905,1,False
kaisha-api.hp-vladic.workers.dev,solana,6nZQJcTRWm6VQwa7Tg1JBUGjNznviS9fExUHb53TB3GG,4,0.08,1,0,1784440269,1784456658,2,True
denpyo-api.hp-vladic.workers.dev,solana,6nZQJcTRWm6VQwa7Tg1JBUGjNznviS9fExUHb53TB3GG,4,0.08,1,0,1784440269,1784456658,2,True
402timezones.vercel.app,base,0xba667287b8ef89565f8fd7acd4d22ce98e0f39cd,68,0.07,37,0,1783549341,1784422463,1,False
agenttrust.uk,base,0xe08e64d4044cd7ce4bfbb44d908e358c4eafde09,2,0.07,2,0,1784039015,1784123899,1,False
api.agentinternetruntime.com,base,0x17cf15d61026b4cdd26cff6042f8e7d2e0ca5e8d,7,0.07,5,0,1783483691,1784512023,1,False
capable-grace-production-ab1c.up.railway.app,base,0xb836a641dae76424861f7f1fcb37c1295e44e329,6,0.07,4,0,1783211739,1784292519,2,False
x402.naiko.io,base,0xb836a641dae76424861f7f1fcb37c1295e44e329,6,0.07,4,0,1783211739,1784292519,2,False
horizon-pulse.vercel.app,base,0xe16a1b12404cb2ebc6e783beca6e2a9253c3dc7e,11,0.07,3,0,1783469115,1784506447,1,False
jsonrecon.com,base,0xc1726e09aea4b9b967353b7b56890955e9e5bc2c,11,0.07,2,0,1783374073,1784507369,1,False
paddock.finance,base,0x153aa87807d8f6deb65bd53b137cee7ad2daccdb,8,0.07,2,0,1783845347,1784429515,1,False
roastx402endpoint.vercel.app,base,0xbbba34e9e10130ce852aa9f1d651cd73c36206d4,51,0.07,39,0,1783291569,1784443105,1,False
three.ws,base,0x4022de2d36c334e73c7a108805cea11c0564f402,36,0.07,3,0,1784166521,1784473063,1,False
vps.phoneagent.xyz,base,0x8ecbd65228930060363c70854da7d37d57ffc358,7,0.07,4,0,1783311039,1784458495,1,False
websearch.use.x402atlas.com,base,0xf752eeb75d3bea24aa867ad93bfd8ef5a2f431b9,5,0.07,2,0,1783976947,1784097091,1,False
x402.d-bis.org,base,0x64357fcadcc0a85c23b56a076a790d79328c6ad2,7,0.07,2,0,1783419237,1784422647,1,False
api.telemost.io,solana,9wNzkrGAqbv1DSfM5EM12qBPdUUiaV3Vjg4wqu12H8j,4,0.07,2,0,1783449325,1784074027,1,True
action402.vercel.app,base,0x75113dcf8ce34f0338440d40270e420f8c1762b8,19,0.06,8,0,1783159093,1784467411,1,False
aniccanomac-mini-1.tail7a0ba4.ts.net:10000,base,0xe7747fd899d8987821bb4cb3d6adf22565f87ce9,17,0.06,3,0,1783754131,1784323083,1,False
api-dev.agents.skillfulai.io,base,0xf80f9479ad1d2601ee347d55b5b1f6b27071267f,6,0.06,3,0,1783469667,1784437117,1,False
api.x-router.ai,base,0xeb4da07be74b26b2966b3cd07842cade70e47d53,25,0.06,9,0,1783139501,1783586521,1,False
app.aabc.app,base,0xe7debbc9de869d28b914a3f19e1fc192f849feff,6,0.06,3,0,1783469497,1784437679,1,False
brmarket.thomenz.me,base,0xa06a2cf27f2a703d251600309822e6cc2ee72009,2,0.06,1,0,1784402661,1784402681,1,False
cdp-agent-0-01.onrender.com,base,0xed7d30e8bc643503f9da261ed8e623bb6ecf6189,6,0.06,4,0,1783468029,1783748371,1,False
evm-gas.apitoll.cloud,base,0xcc69d619e6053f88a4845066518f465bd06fc96c,60,0.06,5,0,1783256827,1784481609,3,False
news.apitoll.cloud,base,0xcc69d619e6053f88a4845066518f465bd06fc96c,60,0.06,5,0,1783256827,1784481609,3,False
gas.apitoll.cloud,base,0xcc69d619e6053f88a4845066518f465bd06fc96c,60,0.06,5,0,1783256827,1784481609,3,False
franklin1.tail7a0ba4.ts.net,base,0x3eccad24794ca298d25378e9902a251322ea8749,8,0.06,2,0,1783410451,1784370329,1,False
makespdf.com,base,0x9bb96acb3fd11d8949d862736b96e7e12d319dc4,6,0.06,4,0,1783256681,1784122117,1,False
outcomescout.vercel.app,base,0xf0efafed3bed84b12dc89ba80e62131faace0ecd,6,0.06,3,0,1783477931,1784460159,1,False
randomfactsx402.vercel.app,base,0xb5f08f2db7baa682f308baa02cf0edb35aca336a,64,0.06,38,0,1783468233,1784423031,1,False
vu.velvetdao.xyz,base,0xd8ca10c55296bd8ca1dd409ea2f0fa72fb0c643f,6,0.06,3,0,1783469411,1784434649,1,False
www.paylog.dev,base,0xf32b61954c4f7b9c5c8b650291aafe280809152c,6,0.06,3,0,1783469569,1784437241,1,False
www.x402joker.com,base,0x2fe28ddb76d6147d5888b1b725b0f2237676e7e6,6,0.06,1,0,1783451951,1784431965,2,False
x402joke.vercel.app,base,0x2fe28ddb76d6147d5888b1b725b0f2237676e7e6,6,0.06,1,0,1783451951,1784431965,2,False
x402-scalogy-production.up.railway.app,base,0x4551e7af6c65ce6e4b37be50217b4276b1331909,3,0.06,2,0,1783623503,1784228303,1,False
x402factory.ai,base,0x402faccc3faeb72351cc2b68c7966faf5f22b0d4,62,0.06,28,0,1783287575,1784398447,1,False
x402wordoftheday.vercel.app,base,0x2af91df69bd04ccf82d6477adc046c815b7ae129,46,0.06,29,0,1783895339,1784428123,1,False
brmarket.thomenz.me,solana,FafQ6dqRvAQK8TboxoaKbR2po5RahSX6HA5ZMQtf4Wd7,2,0.06,1,0,1784402702,1784402726,1,True
stablefinance.dev,solana,D6GAZpvvLe8aUi9qZEDTXPERHpP3pwAgaeucp9ib1fW,3,0.06,2,0,1783373139,1783376129,1,True
ai.stable-jack.com,base,0x68b7e8be8f1a62f99e37f1ac191dd23486e8a2ad,1,0.05,1,0,1784128099,1784128099,1,False
aicomglobal.com,base,0x671eae6b65be7282c0ce74016d22a3d579e7834e,1,0.05,1,0,1783173775,1783173775,1,False
api.freaks.one,base,0x1da080c091e727b29e2ca0e439bdc1cd4dce9b0b,1,0.05,1,0,1784464757,1784464757,1,False
sentinel-agent-wru6.onrender.com,base,0xcf1d31020a7915421f6d66b9835dcb6f422337e7,5,0.05,0,0,1784267977,1784501253,4,False
api.intelica.dev,base,0xcf1d31020a7915421f6d66b9835dcb6f422337e7,5,0.05,0,0,1784267977,1784501253,4,False
api.veradata.dev,base,0xcf1d31020a7915421f6d66b9835dcb6f422337e7,5,0.05,0,0,1784267977,1784501253,4,False
api.trustboost.dev,base,0xcf1d31020a7915421f6d66b9835dcb6f422337e7,5,0.05,0,0,1784267977,1784501253,4,False
api.x402oracle.com,base,0x2df1aec598a104fc15e80c0b60e50c497559a980,4,0.05,2,0,1783558971,1784115583,1,False
blockint.ai,base,0x32984663a11b9d7634bf35835ae32b5a031637d5,5,0.05,2,0,1783469467,1784169387,1,False
domain-availability-checker.underscoredone.com,base,0xe9740820225b3918b4ddd1292c7ca4ca0e2c2f08,4,0.05,2,0,1783136275,1784449827,20,False
hackernews-data.underscoredone.com,base,0xe9740820225b3918b4ddd1292c7ca4ca0e2c2f08,4,0.05,2,0,1783136275,1784449827,20,False
json-suite.underscoredone.com,base,0xe9740820225b3918b4ddd1292c7ca4ca0e2c2f08,4,0.05,2,0,1783136275,1784449827,20,False
seo-data-extractor.underscoredone.com,base,0xe9740820225b3918b4ddd1292c7ca4ca0e2c2f08,4,0.05,2,0,1783136275,1784449827,20,False
curl-http-request.underscoredone.com,base,0xe9740820225b3918b4ddd1292c7ca4ca0e2c2f08,4,0.05,2,0,1783136275,1784449827,20,False
hash-hmac.underscoredone.com,base,0xe9740820225b3918b4ddd1292c7ca4ca0e2c2f08,4,0.05,2,0,1783136275,1784449827,20,False
domain-age-checker.underscoredone.com,base,0xe9740820225b3918b4ddd1292c7ca4ca0e2c2f08,4,0.05,2,0,1783136275,1784449827,20,False
leetspeak-translator.underscoredone.com,base,0xe9740820225b3918b4ddd1292c7ca4ca0e2c2f08,4,0.05,2,0,1783136275,1784449827,20,False
cpi-report-us.underscoredone.com,base,0xe9740820225b3918b4ddd1292c7ca4ca0e2c2f08,4,0.05,2,0,1783136275,1784449827,20,False
dmarc-lookup.underscoredone.com,base,0xe9740820225b3918b4ddd1292c7ca4ca0e2c2f08,4,0.05,2,0,1783136275,1784449827,20,False
port-scanner.underscoredone.com,base,0xe9740820225b3918b4ddd1292c7ca4ca0e2c2f08,4,0.05,2,0,1783136275,1784449827,20,False
http-status-checker.underscoredone.com,base,0xe9740820225b3918b4ddd1292c7ca4ca0e2c2f08,4,0.05,2,0,1783136275,1784449827,20,False
cors-header-checker.underscoredone.com,base,0xe9740820225b3918b4ddd1292c7ca4ca0e2c2f08,4,0.05,2,0,1783136275,1784449827,20,False
qr-code-generator.underscoredone.com,base,0xe9740820225b3918b4ddd1292c7ca4ca0e2c2f08,4,0.05,2,0,1783136275,1784449827,20,False
screenshots.underscoredone.com,base,0xe9740820225b3918b4ddd1292c7ca4ca0e2c2f08,4,0.05,2,0,1783136275,1784449827,20,False
mortgage-amortization.underscoredone.com,base,0xe9740820225b3918b4ddd1292c7ca4ca0e2c2f08,4,0.05,2,0,1783136275,1784449827,20,False
dns-whois-lookup.underscoredone.com,base,0xe9740820225b3918b4ddd1292c7ca4ca0e2c2f08,4,0.05,2,0,1783136275,1784449827,20,False
shopify-ai-rank-checker.underscoredone.com,base,0xe9740820225b3918b4ddd1292c7ca4ca0e2c2f08,4,0.05,2,0,1783136275,1784449827,20,False
url-extractor.x402.paysponge.com,base,0xe9740820225b3918b4ddd1292c7ca4ca0e2c2f08,4,0.05,2,0,1783136275,1784449827,20,False
sitemap-url-extractor.underscoredone.com,base,0xe9740820225b3918b4ddd1292c7ca4ca0e2c2f08,4,0.05,2,0,1783136275,1784449827,20,False
defi-api.agenticfi.wtf,base,0xb3e9391f04f791462ed2a1ebafabe254d7afe3a5,47,0.05,31,0,1783218485,1784419205,1,False
project-formatter-production.up.railway.app,base,0x8fc4006534801c17a3368075a1fb3b3c511edb1f,10,0.05,3,0,1783154031,1784477357,4,False
projectx402-production.up.railway.app,base,0x8fc4006534801c17a3368075a1fb3b3c511edb1f,10,0.05,3,0,1783154031,1784477357,4,False
web-production-2d1051.up.railway.app,base,0x8fc4006534801c17a3368075a1fb3b3c511edb1f,10,0.05,3,0,1783154031,1784477357,4,False
web-production-78e17.up.railway.app,base,0x8fc4006534801c17a3368075a1fb3b3c511edb1f,10,0.05,3,0,1783154031,1784477357,4,False
riddlex402.vercel.app,base,0x255cdb4e42afefc7120b0388eb78f96d996d387b,29,0.05,20,0,1783895443,1784426105,1,False
verdikt-worker.fly.dev,base,0xf9259b4324f77dd87728b1c1d15cdb8be1793cfe,1,0.05,1,0,1783494641,1783494641,1,False
www.basehelper.fun,base,0x2a0a7a70844877362e5ad1e33d5045a2fdd6678f,1,0.05,1,0,1783471631,1783471631,1,False
www.capminal.ai,base,0xf9d1d63f362bbf1ee08ab9acb36fe74afc48d5f1,5,0.05,4,0,1783391507,1784121793,1,False
x402.asterpay.io,base,0xd5f8481d8f25d3966d2010dbf9b47ffbdf745a9e,6,0.05,3,0,1783467771,1784441907,1,False
x402.blackswan.wtf,base,0x154b1006435e5cfe2206e7777c1003f9438119b1,5,0.05,2,0,1783469617,1784434567,1,False
x402.orthogonal.com,base,0xac9ad2609466fb92c69640fa2b9ee7b22a76e8fe,5,0.05,4,0,1783392595,1784036375,1,False
x402.tabiji.ai,base,0x59959450bb3da79a8bc07cc078696d6cba3beb4a,1,0.05,1,0,1784125815,1784125815,1,False
yieldsignal.vercel.app,base,0x561143bfe9e2d975d92e915b8effeaa54119472a,5,0.05,1,0,1784246085,1784313521,1,False
agent.api.0x.org,base,0xb15a55e85fdf5edc41b6c1eaf7813e2c6e6def59,4,0.04,2,0,1783954967,1784067641,1,False
agents.freederia.com,base,0xdddd0cb78cdd9f60dcc96948ecf5ef2d481f70b4,4,0.04,2,0,1783469547,1784417687,1,False
api.slamai.dev,base,0xd85096faec1ac03075667b4c1a1661f5623bf111,39,0.04,5,0,1783171225,1784324633,2,False
slamlink-ai-main-50fbb45.d2.zuplo.dev,base,0xd85096faec1ac03075667b4c1a1661f5623bf111,39,0.04,5,0,1783171225,1784324633,2,False
api.solenrich.com,base,0x8ede9ed2e6acdd9b2bafa42ff4078d3f3263607c,6,0.04,6,0,1783785885,1784386787,1,False
api.tcgapi.dev,base,0x908b2cc89a2387f754ba3c80aedb06f3457436aa,8,0.04,3,0,1783468721,1784506499,1,False
api.vaults.fyi,base,0x108bcd8a07c3fdfca3aa500784a8573123a1029f,18,0.04,7,0,1783347195,1784476789,1,False
api.x721.dev,base,0x70da5f2a851fb936eff8207f2733b0914cc44b7d,4,0.04,2,0,1783469683,1784437619,2,False
x721.dev,base,0x70da5f2a851fb936eff8207f2733b0914cc44b7d,4,0.04,2,0,1783469683,1784437619,2,False
gateway.grapevine.fyi,base,0xb2848049a272ab31581ace5ce77917168cf181e9,5,0.04,2,0,1784088305,1784437427,1,False
gateway.grapevine.fyi,base,0x9f137a6134b62437813e4ef88bac89f6cb408511,4,0.04,1,0,1784088241,1784437425,1,False
gdelt.use.x402atlas.com,base,0x8d64a4834e262d96d1264e8900b5a4f1405b8982,3,0.04,2,0,1783961339,1784097093,1,False
gleif-entity.xplowdiaka.workers.dev,base,0x1873366fb50c2e26eea2a02440e5d2af643dbfe4,1,0.04,0,0,1783579427,1783688261,4,False
sec-regcf-tracker.xplowdiaka.workers.dev,base,0x1873366fb50c2e26eea2a02440e5d2af643dbfe4,1,0.04,0,0,1783579427,1783688261,4,False
openfda-drug-safety.xplowdiaka.workers.dev,base,0x1873366fb50c2e26eea2a02440e5d2af643dbfe4,1,0.04,0,0,1783579427,1783688261,4,False
sanctions-screening.xplowdiaka.workers.dev,base,0x1873366fb50c2e26eea2a02440e5d2af643dbfe4,1,0.04,0,0,1783579427,1783688261,4,False
horrorstoryapi.vercel.app,base,0x6a4921474848d3fa168ee7fa87222547acc4712f,33,0.04,23,0,1783904293,1784450445,1,False
market.lnpay.ai,base,0x66fa4d79ca84016b42352be33c908dd812952ec8,4,0.04,1,0,1783469493,1784437299,3,False
pay.lnpay.ai,base,0x66fa4d79ca84016b42352be33c908dd812952ec8,4,0.04,1,0,1783469493,1784437299,3,False
openapi.aisa.one,base,0x66fa4d79ca84016b42352be33c908dd812952ec8,4,0.04,1,0,1783469493,1784437299,3,False
memegeneratorx402.vercel.app,base,0x7971a809c18c918cad50cf004c190cbb6e1bf668,44,0.04,26,0,1783894923,1784429211,1,False
opportunity-api-production.up.railway.app,base,0x51c006798e7883ee5517b9c01d8a8070504f9653,5,0.04,1,0,1783932851,1783936059,1,False
receiptstamp.panmediatech.workers.dev,base,0x7e05d79f914fdac136812af82d304e8272b3dc20,2,0.04,0,0,1783831565,1783836667,4,False
schemafetch.panmediatech.workers.dev,base,0x7e05d79f914fdac136812af82d304e8272b3dc20,2,0.04,0,0,1783831565,1783836667,4,False
quotesheet.panmediatech.workers.dev,base,0x7e05d79f914fdac136812af82d304e8272b3dc20,2,0.04,0,0,1783831565,1783836667,4,False
spendguard.panmediatech.workers.dev,base,0x7e05d79f914fdac136812af82d304e8272b3dc20,2,0.04,0,0,1783831565,1783836667,4,False
twit.use.x402atlas.com,base,0x51d577c8cbb8b3fb1ba0ce31c7923cc27a07f78b,8,0.04,3,0,1783387309,1784458551,1,False
x402-echo-service.fly.dev,base,0xcb399bbed205ae963ab2f5cc5fa1b3c1fba7f916,4,0.04,1,0,1784086023,1784434703,1,False
x402.coinstats.app,base,0x0750a9e669c37fe1a1847e4b8f9e16f07c16162f,39,0.04,6,0,1783146409,1784424973,1,False
x402.tradesnack.com,base,0x081f8761f68e9387d339bddaaa0c8db5d3a72f5e,4,0.04,2,0,1784102939,1784439533,1,False
x402lifeadvice.vercel.app,base,0x1350a77befebbcc05f8e3a13cc6d4ad781c59d34,38,0.04,29,0,1783883795,1784426225,1,False
x402uselessfacts.vercel.app,base,0xd7d49d6a12ee3852f29a52a40908069bf4e48914,35,0.04,29,0,1783895657,1784427913,1,False
tripadvisor.x402.paysponge.com,solana,9246XrsAEKH6hAyEQe5PvdpUL1p5Ktj9c7ySnwQn6ois,1,0.04,0,0,1783397491,1783580116,7,True
2captcha.x402.paysponge.com,solana,9246XrsAEKH6hAyEQe5PvdpUL1p5Ktj9c7ySnwQn6ois,1,0.04,0,0,1783397491,1783580116,7,True
api.paysponge.com,solana,9246XrsAEKH6hAyEQe5PvdpUL1p5Ktj9c7ySnwQn6ois,1,0.04,0,0,1783397491,1783580116,7,True
screenshotone.x402.paysponge.com,solana,9246XrsAEKH6hAyEQe5PvdpUL1p5Ktj9c7ySnwQn6ois,1,0.04,0,0,1783397491,1783580116,7,True
wolframalpha.x402.paysponge.com,solana,9246XrsAEKH6hAyEQe5PvdpUL1p5Ktj9c7ySnwQn6ois,1,0.04,0,0,1783397491,1783580116,7,True
deepgram.x402.paysponge.com,solana,9246XrsAEKH6hAyEQe5PvdpUL1p5Ktj9c7ySnwQn6ois,1,0.04,0,0,1783397491,1783580116,7,True
rentcast.x402.paysponge.com,solana,9246XrsAEKH6hAyEQe5PvdpUL1p5Ktj9c7ySnwQn6ois,1,0.04,0,0,1783397491,1783580116,7,True
pdufa.cryptoetfsentinel.com,solana,3gM4YDDPAi7w1di7rHAAaHc5T1tR7NRXzLWzPPN4ZRaM,2,0.04,0,0,1783494510,1784475718,2,True
api.biotechcatalystsentinel.com,solana,3gM4YDDPAi7w1di7rHAAaHc5T1tR7NRXzLWzPPN4ZRaM,2,0.04,0,0,1783494510,1784475718,2,True
img402.dev,solana,9xuipz9Y13v6Z1FnLR3XkrknoBLngwUSstjxcqK6deYX,4,0.04,1,0,1782692504,1784434702,1,True
minifetch.com,solana,46vMcwuC4sK11sB3gkLhyA7J7GEwfkhn5rFyDtihBwqe,5,0.04,2,0,1782649967,1784378630,1,True
stablestudio.dev,solana,HqpEDUY3kV423fSAv7iaY3cQiz8qN8qEuGqLsG4s6h2c,1,0.04,1,0,1783507611,1783579938,3,True
stable-studio-git-mason-migrate-off-prices-map-merit-systems.vercel.app,solana,HqpEDUY3kV423fSAv7iaY3cQiz8qN8qEuGqLsG4s6h2c,1,0.04,1,0,1783507611,1783579938,3,True
stablestudio.io,solana,HqpEDUY3kV423fSAv7iaY3cQiz8qN8qEuGqLsG4s6h2c,1,0.04,1,0,1783507611,1783579938,3,True
agentgate-production-eb21.up.railway.app,base,0x70f59b33125754b7a639994d2da18be971ac04e9,6,0.03,4,0,1783430209,1784448409,1,False
aniccanomac-mini-1.tail7a0ba4.ts.net,base,0x810f6d61f7606deee2657d3083e150a222bc29c5,20,0.03,10,0,1783969921,1784260195,1,False
aniccanomac-mini-1.tail7a0ba4.ts.net:8443,base,0x904b50d2e214da947d83d6a2d32c4e3ffc17eb74,24,0.03,15,0,1784020629,1784419023,1,False
api.rxatlas.dev,base,0x1ee42717b1c370dace197a8850bf41a932f3b5a8,1,0.03,0,0,1783691781,1783724825,4,False
api.apex-db.org,base,0x1ee42717b1c370dace197a8850bf41a932f3b5a8,1,0.03,0,0,1783691781,1783724825,4,False
api.recallradar.dev,base,0x1ee42717b1c370dace197a8850bf41a932f3b5a8,1,0.03,0,0,1783691781,1783724825,4,False
api.trialbase-db.org,base,0x1ee42717b1c370dace197a8850bf41a932f3b5a8,1,0.03,0,0,1783691781,1783724825,4,False
api.n0brains.com,base,0xc1793b8aa0d25193117ef025f145994e1c02011f,8,0.03,5,0,1783255921,1784253009,1,False
api.remix.live,base,0x4cf33ccb14b43d76b4f672c3fede297d1d763ace,3,0.03,1,0,1784044779,1784135393,1,False
api.thetrustlayer.xyz,base,0x7b390424b3e211c0739585778de97ae719ccd137,32,0.03,7,0,1783277747,1784511219,1,False
api.writer.place,base,0xcc2011577cad30e15d8c8d6329d36deaf85bd2cc,9,0.03,1,0,1784238751,1784311281,1,False
app-446.hdgregory.com,base,0x1a9a7c72208abf3552750eb1c4a4f2ca9e8733e5,6,0.03,0,0,1783571595,1784377599,3,False
redlynr.com,base,0x1a9a7c72208abf3552750eb1c4a4f2ca9e8733e5,6,0.03,0,0,1783571595,1784377599,3,False
app-443.hdgregory.com,base,0x1a9a7c72208abf3552750eb1c4a4f2ca9e8733e5,6,0.03,0,0,1783571595,1784377599,3,False
b20check.fly.dev,base,0x26b57af5022250f01497f3e19dd537d01d124ba1,2,0.03,1,0,1783702941,1784505217,2,False
b20check.com,base,0x26b57af5022250f01497f3e19dd537d01d124ba1,2,0.03,1,0,1783702941,1784505217,2,False
yaoming.x420.dev,base,0x93109d14f6665a9c9675290d3cd5a6c07bbafdbd,0,0.03,0,0,1784012751,1784012751,29,False
frogs.x420.dev,base,0x93109d14f6665a9c9675290d3cd5a6c07bbafdbd,0,0.03,0,0,1784012751,1784012751,29,False
munch.x420.dev,base,0x93109d14f6665a9c9675290d3cd5a6c07bbafdbd,0,0.03,0,0,1784012751,1784012751,29,False
x420.dev,base,0x93109d14f6665a9c9675290d3cd5a6c07bbafdbd,0,0.03,0,0,1784012751,1784012751,29,False
x105.x420.dev,base,0x93109d14f6665a9c9675290d3cd5a6c07bbafdbd,0,0.03,0,0,1784012751,1784012751,29,False
nine.x420.dev,base,0x93109d14f6665a9c9675290d3cd5a6c07bbafdbd,0,0.03,0,0,1784012751,1784012751,29,False
mlg.x420.dev,base,0x93109d14f6665a9c9675290d3cd5a6c07bbafdbd,0,0.03,0,0,1784012751,1784012751,29,False
dog.x420.dev,base,0x93109d14f6665a9c9675290d3cd5a6c07bbafdbd,0,0.03,0,0,1784012751,1784012751,29,False
dream.x420.dev,base,0x93109d14f6665a9c9675290d3cd5a6c07bbafdbd,0,0.03,0,0,1784012751,1784012751,29,False
x420dog.x420.dev,base,0x93109d14f6665a9c9675290d3cd5a6c07bbafdbd,0,0.03,0,0,1784012751,1784012751,29,False
pepe.x420.dev,base,0x93109d14f6665a9c9675290d3cd5a6c07bbafdbd,0,0.03,0,0,1784012751,1784012751,29,False
bitcoin.x420.dev,base,0x93109d14f6665a9c9675290d3cd5a6c07bbafdbd,0,0.03,0,0,1784012751,1784012751,29,False
x420bot.x420.dev,base,0x93109d14f6665a9c9675290d3cd5a6c07bbafdbd,0,0.03,0,0,1784012751,1784012751,29,False
prb.x420.dev,base,0x93109d14f6665a9c9675290d3cd5a6c07bbafdbd,0,0.03,0,0,1784012751,1784012751,29,False
pong.x420.dev,base,0x93109d14f6665a9c9675290d3cd5a6c07bbafdbd,0,0.03,0,0,1784012751,1784012751,29,False
run.x420.dev,base,0x93109d14f6665a9c9675290d3cd5a6c07bbafdbd,0,0.03,0,0,1784012751,1784012751,29,False
mon.x420.dev,base,0x93109d14f6665a9c9675290d3cd5a6c07bbafdbd,0,0.03,0,0,1784012751,1784012751,29,False
shiba.x420.dev,base,0x93109d14f6665a9c9675290d3cd5a6c07bbafdbd,0,0.03,0,0,1784012751,1784012751,29,False
bald.x420.dev,base,0x93109d14f6665a9c9675290d3cd5a6c07bbafdbd,0,0.03,0,0,1784012751,1784012751,29,False
kale.x420.dev,base,0x93109d14f6665a9c9675290d3cd5a6c07bbafdbd,0,0.03,0,0,1784012751,1784012751,29,False
dir.x420.dev,base,0x93109d14f6665a9c9675290d3cd5a6c07bbafdbd,0,0.03,0,0,1784012751,1784012751,29,False
faker.x420.dev,base,0x93109d14f6665a9c9675290d3cd5a6c07bbafdbd,0,0.03,0,0,1784012751,1784012751,29,False
x420.x420.dev,base,0x93109d14f6665a9c9675290d3cd5a6c07bbafdbd,0,0.03,0,0,1784012751,1784012751,29,False
flash.x420.dev,base,0x93109d14f6665a9c9675290d3cd5a6c07bbafdbd,0,0.03,0,0,1784012751,1784012751,29,False
rollak.x420.dev,base,0x93109d14f6665a9c9675290d3cd5a6c07bbafdbd,0,0.03,0,0,1784012751,1784012751,29,False
df.x420.dev,base,0x93109d14f6665a9c9675290d3cd5a6c07bbafdbd,0,0.03,0,0,1784012751,1784012751,29,False
pamp.x420.dev,base,0x93109d14f6665a9c9675290d3cd5a6c07bbafdbd,0,0.03,0,0,1784012751,1784012751,29,False
catc.x420.dev,base,0x93109d14f6665a9c9675290d3cd5a6c07bbafdbd,0,0.03,0,0,1784012751,1784012751,29,False
dev.x420.dev,base,0x93109d14f6665a9c9675290d3cd5a6c07bbafdbd,0,0.03,0,0,1784012751,1784012751,29,False
evm-meme-intel.vercel.app,base,0xcd6b6d99b7751ff30b68fa1365488eb73fa7cefa,3,0.03,1,0,1783211523,1784382109,6,False
booaip.vercel.app,base,0xcd6b6d99b7751ff30b68fa1365488eb73fa7cefa,3,0.03,1,0,1783211523,1784382109,6,False
rh-chain-intel.vercel.app,base,0xcd6b6d99b7751ff30b68fa1365488eb73fa7cefa,3,0.03,1,0,1783211523,1784382109,6,False
sol-meme-intel.vercel.app,base,0xcd6b6d99b7751ff30b68fa1365488eb73fa7cefa,3,0.03,1,0,1783211523,1784382109,6,False
base-sol-rugcheck.vercel.app,base,0xcd6b6d99b7751ff30b68fa1365488eb73fa7cefa,3,0.03,1,0,1783211523,1784382109,6,False
base-rugcheck.vercel.app,base,0xcd6b6d99b7751ff30b68fa1365488eb73fa7cefa,3,0.03,1,0,1783211523,1784382109,6,False
coinflip402.vercel.app,base,0xb8c578e039aa2c44dd3dec48e6875ba5763cd67f,30,0.03,26,0,1783895133,1784331077,1,False
dicex402.vercel.app,base,0xbf0df63a4a47e5a72a976ece1d78aefeccc773a0,27,0.03,16,0,1783894821,1784429211,1,False
email-auth.use.x402atlas.com,base,0x3731f5c2c1835e3ace2ac157c4e31b1cea0cb0e0,3,0.03,2,0,1783499243,1784182075,1,False
execbox.xyz,base,0x21ba2c2f9cb292cf72360776389099dd0e9a3ae0,6,0.03,3,0,1783174859,1784440369,2,False
scrape402.xyz,base,0x21ba2c2f9cb292cf72360776389099dd0e9a3ae0,6,0.03,3,0,1783174859,1784440369,2,False
gifu-server.onrender.com,base,0xcd95802a4abddd75a5750dd2d6935007ef268275,1,0.03,1,0,1783471073,1783471073,1,False
groundcheck.seiche.info,base,0x5b4a78b7efe482d1579e287da6f0043f89cf0ea1,2,0.03,1,0,1783953681,1783953713,1,False
mcp.onchaindiligence.com,base,0x63c347d7e42b940e79afec3d172bfc2921b6c897,3,0.03,2,0,1783666683,1784420767,1,False
mcp.yield.xyz,base,0xd433f056270912659f073d5ffe7ae247e39235a5,31,0.03,5,0,1783340443,1784503545,2,False
mcp.stg.yield.xyz,base,0xd433f056270912659f073d5ffe7ae247e39235a5,31,0.03,5,0,1783340443,1784503545,2,False
polymarketeer.vercel.app,base,0xfbd7b7ed48146ad9beff956212c77ce056815ad0,2,0.03,2,0,1783469301,1784122815,2,False
stable-studio-git-mason-migrate-off-prices-map-merit-systems.vercel.app,base,0xfbd7b7ed48146ad9beff956212c77ce056815ad0,2,0.03,2,0,1783469301,1784122815,2,False
render-api-paulo.fly.dev,base,0x8d14853ae8ac229c572b0172f3ef74146f54fb11,3,0.03,1,0,1783716427,1783730443,1,False
signal.keelbase.io,base,0x7b177b724d6b02f69d9f25d9b91c63338c554dbf,1,0.03,1,0,1784338449,1784338449,1,False
signalsfeed.com,base,0xcde02cb53da623d929fef26d56c1cd9ddc9ca880,3,0.03,1,0,1784170005,1784170237,1,False
token-risk.fly.dev,base,0x332dbf15a8bcca8eeb4390b380202360f4f45401,3,0.03,0,0,1784245397,1784334095,2,False
token-risk.com,base,0x332dbf15a8bcca8eeb4390b380202360f4f45401,3,0.03,0,0,1784245397,1784334095,2,False
tollbooth-sanctions-screener.sjwilliams8.workers.dev,base,0xb3e7993ed2fc2c79fff220620240f298bba9bf5b,2,0.03,0,0,1784379537,1784457067,3,False
tollbooth-hello.sjwilliams8.workers.dev,base,0xb3e7993ed2fc2c79fff220620240f298bba9bf5b,2,0.03,0,0,1784379537,1784457067,3,False
tollbooth-fdic-verify.sjwilliams8.workers.dev,base,0xb3e7993ed2fc2c79fff220620240f298bba9bf5b,2,0.03,0,0,1784379537,1784457067,3,False
www.xplace.dev,base,0xd5c6489d0c40bd7711dc9fcd831f328151164c75,3,0.03,3,0,1783469709,1784123627,1,False
x402.orthogonal.com,base,0x32a1ef342b5d6a82bc53208602341474d623e5c3,3,0.03,2,0,1783215857,1783562909,1,False
costpulse.waltsoft.net,solana,GsKr5q9TmiJQcEgUpBp2X6SmvSg3dnXuw2uxYJxgPTk8,3,0.03,1,0,1783446657,1784509360,1,True
vibes-coded.com,solana,FmC5pYspDdjBntYdyjcahAHd3zAYj3ucx1dgoGs6LjMB,1,0.03,0,0,1784495235,1784501352,2,True
vibes-coded-production.up.railway.app,solana,FmC5pYspDdjBntYdyjcahAHd3zAYj3ucx1dgoGs6LjMB,1,0.03,0,0,1784495235,1784501352,2,True
person-enrichment.api.klymax402.com,base,0x6e8b64638b24c6d625b045dd353120d850064e2e,8,0.02,1,0,1783135559,1784512057,88,False
crontab-generator.api.klymax402.com,base,0x6e8b64638b24c6d625b045dd353120d850064e2e,8,0.02,1,0,1783135559,1784512057,88,False
diff-checker.api.klymax402.com,base,0x6e8b64638b24c6d625b045dd353120d850064e2e,8,0.02,1,0,1783135559,1784512057,88,False
text-to-speech.api.klymax402.com,base,0x6e8b64638b24c6d625b045dd353120d850064e2e,8,0.02,1,0,1783135559,1784512057,88,False
token-price.api.klymax402.com,base,0x6e8b64638b24c6d625b045dd353120d850064e2e,8,0.02,1,0,1783135559,1784512057,88,False
language-detector.api.klymax402.com,base,0x6e8b64638b24c6d625b045dd353120d850064e2e,8,0.02,1,0,1783135559,1784512057,88,False
weather-api.api.klymax402.com,base,0x6e8b64638b24c6d625b045dd353120d850064e2e,8,0.02,1,0,1783135559,1784512057,88,False
bridge-routes.api.klymax402.com,base,0x6e8b64638b24c6d625b045dd353120d850064e2e,8,0.02,1,0,1783135559,1784512057,88,False
airdrop-checker.api.klymax402.com,base,0x6e8b64638b24c6d625b045dd353120d850064e2e,8,0.02,1,0,1783135559,1784512057,88,False
funding-arb.api.klymax402.com,base,0x6e8b64638b24c6d625b045dd353120d850064e2e,8,0.02,1,0,1783135559,1784512057,88,False
hl-spot.api.klymax402.com,base,0x6e8b64638b24c6d625b045dd353120d850064e2e,8,0.02,1,0,1783135559,1784512057,88,False
domain-intelligence.api.klymax402.com,base,0x6e8b64638b24c6d625b045dd353120d850064e2e,8,0.02,1,0,1783135559,1784512057,88,False
lorem-ipsum.api.klymax402.com,base,0x6e8b64638b24c6d625b045dd353120d850064e2e,8,0.02,1,0,1783135559,1784512057,88,False
markdown-renderer.api.klymax402.com,base,0x6e8b64638b24c6d625b045dd353120d850064e2e,8,0.02,1,0,1783135559,1784512057,88,False
password-strength.api.klymax402.com,base,0x6e8b64638b24c6d625b045dd353120d850064e2e,8,0.02,1,0,1783135559,1784512057,88,False
nft-metadata.api.klymax402.com,base,0x6e8b64638b24c6d625b045dd353120d850064e2e,8,0.02,1,0,1783135559,1784512057,88,False
solana-pools.api.klymax402.com,base,0x6e8b64638b24c6d625b045dd353120d850064e2e,8,0.02,1,0,1783135559,1784512057,88,False
color-palette.api.klymax402.com,base,0x6e8b64638b24c6d625b045dd353120d850064e2e,8,0.02,1,0,1783135559,1784512057,88,False
vector-search.api.klymax402.com,base,0x6e8b64638b24c6d625b045dd353120d850064e2e,8,0.02,1,0,1783135559,1784512057,88,False
solana-fees.api.klymax402.com,base,0x6e8b64638b24c6d625b045dd353120d850064e2e,8,0.02,1,0,1783135559,1784512057,88,False
ai-summarizer.api.klymax402.com,base,0x6e8b64638b24c6d625b045dd353120d850064e2e,8,0.02,1,0,1783135559,1784512057,88,False
text-translator.api.klymax402.com,base,0x6e8b64638b24c6d625b045dd353120d850064e2e,8,0.02,1,0,1783135559,1784512057,88,False
hash-generator.api.klymax402.com,base,0x6e8b64638b24c6d625b045dd353120d850064e2e,8,0.02,1,0,1783135559,1784512057,88,False
text-classifier.api.klymax402.com,base,0x6e8b64638b24c6d625b045dd353120d850064e2e,8,0.02,1,0,1783135559,1784512057,88,False
cron-parser.api.klymax402.com,base,0x6e8b64638b24c6d625b045dd353120d850064e2e,8,0.02,1,0,1783135559,1784512057,88,False
whale-alert.api.klymax402.com,base,0x6e8b64638b24c6d625b045dd353120d850064e2e,8,0.02,1,0,1783135559,1784512057,88,False
markdown-to-html.api.klymax402.com,base,0x6e8b64638b24c6d625b045dd353120d850064e2e,8,0.02,1,0,1783135559,1784512057,88,False
token-holders.api.klymax402.com,base,0x6e8b64638b24c6d625b045dd353120d850064e2e,8,0.02,1,0,1783135559,1784512057,88,False
word-counter.api.klymax402.com,base,0x6e8b64638b24c6d625b045dd353120d850064e2e,8,0.02,1,0,1783135559,1784512057,88,False
currency-converter.api.klymax402.com,base,0x6e8b64638b24c6d625b045dd353120d850064e2e,8,0.02,1,0,1783135559,1784512057,88,False
slug-generator.api.klymax402.com,base,0x6e8b64638b24c6d625b045dd353120d850064e2e,8,0.02,1,0,1783135559,1784512057,88,False
phone-validation.api.klymax402.com,base,0x6e8b64638b24c6d625b045dd353120d850064e2e,8,0.02,1,0,1783135559,1784512057,88,False
email-send.api.klymax402.com,base,0x6e8b64638b24c6d625b045dd353120d850064e2e,8,0.02,1,0,1783135559,1784512057,88,False
defi-yields.api.klymax402.com,base,0x6e8b64638b24c6d625b045dd353120d850064e2e,8,0.02,1,0,1783135559,1784512057,88,False
gdpr-scanner.api.klymax402.com,base,0x6e8b64638b24c6d625b045dd353120d850064e2e,8,0.02,1,0,1783135559,1784512057,88,False
sentiment-analyzer.api.klymax402.com,base,0x6e8b64638b24c6d625b045dd353120d850064e2e,8,0.02,1,0,1783135559,1784512057,88,False
email-verification.api.klymax402.com,base,0x6e8b64638b24c6d625b045dd353120d850064e2e,8,0.02,1,0,1783135559,1784512057,88,False
qr-code.api.klymax402.com,base,0x6e8b64638b24c6d625b045dd353120d850064e2e,8,0.02,1,0,1783135559,1784512057,88,False
hyperliquid-whales.api.klymax402.com,base,0x6e8b64638b24c6d625b045dd353120d850064e2e,8,0.02,1,0,1783135559,1784512057,88,False
address-validator.api.klymax402.com,base,0x6e8b64638b24c6d625b045dd353120d850064e2e,8,0.02,1,0,1783135559,1784512057,88,False
orderbook-depth.api.klymax402.com,base,0x6e8b64638b24c6d625b045dd353120d850064e2e,8,0.02,1,0,1783135559,1784512057,88,False
fact-checker.api.klymax402.com,base,0x6e8b64638b24c6d625b045dd353120d850064e2e,8,0.02,1,0,1783135559,1784512057,88,False
funding-rates.api.klymax402.com,base,0x6e8b64638b24c6d625b045dd353120d850064e2e,8,0.02,1,0,1783135559,1784512057,88,False
ip-geolocation.api.klymax402.com,base,0x6e8b64638b24c6d625b045dd353120d850064e2e,8,0.02,1,0,1783135559,1784512057,88,False
stock-price.api.klymax402.com,base,0x6e8b64638b24c6d625b045dd353120d850064e2e,8,0.02,1,0,1783135559,1784512057,88,False
web-scraper.api.klymax402.com,base,0x6e8b64638b24c6d625b045dd353120d850064e2e,8,0.02,1,0,1783135559,1784512057,88,False
keyword-research.api.klymax402.com,base,0x6e8b64638b24c6d625b045dd353120d850064e2e,8,0.02,1,0,1783135559,1784512057,88,False
uuid-generator.api.klymax402.com,base,0x6e8b64638b24c6d625b045dd353120d850064e2e,8,0.02,1,0,1783135559,1784512057,88,False
webhook-tester.api.klymax402.com,base,0x6e8b64638b24c6d625b045dd353120d850064e2e,8,0.02,1,0,1783135559,1784512057,88,False
http-headers.api.klymax402.com,base,0x6e8b64638b24c6d625b045dd353120d850064e2e,8,0.02,1,0,1783135559,1784512057,88,False
port-scanner.api.klymax402.com,base,0x6e8b64638b24c6d625b045dd353120d850064e2e,8,0.02,1,0,1783135559,1784512057,88,False
csv-to-json.api.klymax402.com,base,0x6e8b64638b24c6d625b045dd353120d850064e2e,8,0.02,1,0,1783135559,1784512057,88,False
ssl-checker.api.klymax402.com,base,0x6e8b64638b24c6d625b045dd353120d850064e2e,8,0.02,1,0,1783135559,1784512057,88,False
image-resize.api.klymax402.com,base,0x6e8b64638b24c6d625b045dd353120d850064e2e,8,0.02,1,0,1783135559,1784512057,88,False
json-validator.api.klymax402.com,base,0x6e8b64638b24c6d625b045dd353120d850064e2e,8,0.02,1,0,1783135559,1784512057,88,False
timezone-converter.api.klymax402.com,base,0x6e8b64638b24c6d625b045dd353120d850064e2e,8,0.02,1,0,1783135559,1784512057,88,False
company-enrichment.api.klymax402.com,base,0x6e8b64638b24c6d625b045dd353120d850064e2e,8,0.02,1,0,1783135559,1784512057,88,False
unit-converter.api.klymax402.com,base,0x6e8b64638b24c6d625b045dd353120d850064e2e,8,0.02,1,0,1783135559,1784512057,88,False
token-safety.api.klymax402.com,base,0x6e8b64638b24c6d625b045dd353120d850064e2e,8,0.02,1,0,1783135559,1784512057,88,False
jupiter-quotes.api.klymax402.com,base,0x6e8b64638b24c6d625b045dd353120d850064e2e,8,0.02,1,0,1783135559,1784512057,88,False
liquidation-oracle.api.klymax402.com,base,0x6e8b64638b24c6d625b045dd353120d850064e2e,8,0.02,1,0,1783135559,1784512057,88,False
user-agent-parser.api.klymax402.com,base,0x6e8b64638b24c6d625b045dd353120d850064e2e,8,0.02,1,0,1783135559,1784512057,88,False
jwt-decoder.api.klymax402.com,base,0x6e8b64638b24c6d625b045dd353120d850064e2e,8,0.02,1,0,1783135559,1784512057,88,False
email-finder.api.klymax402.com,base,0x6e8b64638b24c6d625b045dd353120d850064e2e,8,0.02,1,0,1783135559,1784512057,88,False
web-search.api.klymax402.com,base,0x6e8b64638b24c6d625b045dd353120d850064e2e,8,0.02,1,0,1783135559,1784512057,88,False
regex-generator.api.klymax402.com,base,0x6e8b64638b24c6d625b045dd353120d850064e2e,8,0.02,1,0,1783135559,1784512057,88,False
token-ohlcv.api.klymax402.com,base,0x6e8b64638b24c6d625b045dd353120d850064e2e,8,0.02,1,0,1783135559,1784512057,88,False
html-to-markdown.api.klymax402.com,base,0x6e8b64638b24c6d625b045dd353120d850064e2e,8,0.02,1,0,1783135559,1784512057,88,False
base64-codec.api.klymax402.com,base,0x6e8b64638b24c6d625b045dd353120d850064e2e,8,0.02,1,0,1783135559,1784512057,88,False
barcode-generator.api.klymax402.com,base,0x6e8b64638b24c6d625b045dd353120d850064e2e,8,0.02,1,0,1783135559,1784512057,88,False
twitter-scraper.api.klymax402.com,base,0x6e8b64638b24c6d625b045dd353120d850064e2e,8,0.02,1,0,1783135559,1784512057,88,False
crypto-news.api.klymax402.com,base,0x6e8b64638b24c6d625b045dd353120d850064e2e,8,0.02,1,0,1783135559,1784512057,88,False
pii-detector.api.klymax402.com,base,0x6e8b64638b24c6d625b045dd353120d850064e2e,8,0.02,1,0,1783135559,1784512057,88,False
hl-vaults.api.klymax402.com,base,0x6e8b64638b24c6d625b045dd353120d850064e2e,8,0.02,1,0,1783135559,1784512057,88,False
seo-analyzer.api.klymax402.com,base,0x6e8b64638b24c6d625b045dd353120d850064e2e,8,0.02,1,0,1783135559,1784512057,88,False
research-report.api.klymax402.com,base,0x6e8b64638b24c6d625b045dd353120d850064e2e,8,0.02,1,0,1783135559,1784512057,88,False
solana-launches.api.klymax402.com,base,0x6e8b64638b24c6d625b045dd353120d850064e2e,8,0.02,1,0,1783135559,1784512057,88,False
hyperliquid-data.api.klymax402.com,base,0x6e8b64638b24c6d625b045dd353120d850064e2e,8,0.02,1,0,1783135559,1784512057,88,False
hl-portfolio.api.klymax402.com,base,0x6e8b64638b24c6d625b045dd353120d850064e2e,8,0.02,1,0,1783135559,1784512057,88,False
tech-enrichment.api.klymax402.com,base,0x6e8b64638b24c6d625b045dd353120d850064e2e,8,0.02,1,0,1783135559,1784512057,88,False
dns-lookup.api.klymax402.com,base,0x6e8b64638b24c6d625b045dd353120d850064e2e,8,0.02,1,0,1783135559,1784512057,88,False
ocr-extract.api.klymax402.com,base,0x6e8b64638b24c6d625b045dd353120d850064e2e,8,0.02,1,0,1783135559,1784512057,88,False
email-deliverability.api.klymax402.com,base,0x6e8b64638b24c6d625b045dd353120d850064e2e,8,0.02,1,0,1783135559,1784512057,88,False
url-shortener.api.klymax402.com,base,0x6e8b64638b24c6d625b045dd353120d850064e2e,8,0.02,1,0,1783135559,1784512057,88,False
gas-estimator.api.klymax402.com,base,0x6e8b64638b24c6d625b045dd353120d850064e2e,8,0.02,1,0,1783135559,1784512057,88,False
nft-floor.api.klymax402.com,base,0x6e8b64638b24c6d625b045dd353120d850064e2e,8,0.02,1,0,1783135559,1784512057,88,False
ens-resolver.api.klymax402.com,base,0x6e8b64638b24c6d625b045dd353120d850064e2e,8,0.02,1,0,1783135559,1784512057,88,False
sms-validator.api.klymax402.com,base,0x6e8b64638b24c6d625b045dd353120d850064e2e,8,0.02,1,0,1783135559,1784512057,88,False
agent-ready.dev,base,0x5c08951b999cc133ee4161a3a2b299160f66c42e,1,0.02,1,0,1783816911,1783816911,1,False
agentattest.hergertsynthora.com,base,0x10800a5a5b9d72251566ec651e862a8b4b427de0,2,0.02,0,0,1783156413,1784444475,44,False
cryptonews.hergertsynthora.com,base,0x10800a5a5b9d72251566ec651e862a8b4b427de0,2,0.02,0,0,1783156413,1784444475,44,False
rpc-proxy.hergertsynthora.com,base,0x10800a5a5b9d72251566ec651e862a8b4b427de0,2,0.02,0,0,1783156413,1784444475,44,False
onchain.hergertsynthora.com,base,0x10800a5a5b9d72251566ec651e862a8b4b427de0,2,0.02,0,0,1783156413,1784444475,44,False
rpc-network.hergertsynthora.com,base,0x10800a5a5b9d72251566ec651e862a8b4b427de0,2,0.02,0,0,1783156413,1784444475,44,False
presign.hergertsynthora.com,base,0x10800a5a5b9d72251566ec651e862a8b4b427de0,2,0.02,0,0,1783156413,1784444475,44,False
x402meta.hergertsynthora.com,base,0x10800a5a5b9d72251566ec651e862a8b4b427de0,2,0.02,0,0,1783156413,1784444475,44,False
fear-greed.hergertsynthora.com,base,0x10800a5a5b9d72251566ec651e862a8b4b427de0,2,0.02,0,0,1783156413,1784444475,44,False
mailcheck.hergertsynthora.com,base,0x10800a5a5b9d72251566ec651e862a8b4b427de0,2,0.02,0,0,1783156413,1784444475,44,False
biccheck.hergertsynthora.com,base,0x10800a5a5b9d72251566ec651e862a8b4b427de0,2,0.02,0,0,1783156413,1784444475,44,False
binance-crypto-24h-stats.hergertsynthora.com,base,0x10800a5a5b9d72251566ec651e862a8b4b427de0,2,0.02,0,0,1783156413,1784444475,44,False
rpc-contract.hergertsynthora.com,base,0x10800a5a5b9d72251566ec651e862a8b4b427de0,2,0.02,0,0,1783156413,1784444475,44,False
perps.hergertsynthora.com,base,0x10800a5a5b9d72251566ec651e862a8b4b427de0,2,0.02,0,0,1783156413,1784444475,44,False
ibancheck.hergertsynthora.com,base,0x10800a5a5b9d72251566ec651e862a8b4b427de0,2,0.02,0,0,1783156413,1784444475,44,False
rpc-erc20-balance.hergertsynthora.com,base,0x10800a5a5b9d72251566ec651e862a8b4b427de0,2,0.02,0,0,1783156413,1784444475,44,False
txintent.hergertsynthora.com,base,0x10800a5a5b9d72251566ec651e862a8b4b427de0,2,0.02,0,0,1783156413,1784444475,44,False
defiverdict.hergertsynthora.com,base,0x10800a5a5b9d72251566ec651e862a8b4b427de0,2,0.02,0,0,1783156413,1784444475,44,False
market-dominance.hergertsynthora.com,base,0x10800a5a5b9d72251566ec651e862a8b4b427de0,2,0.02,0,0,1783156413,1784444475,44,False
rpc-code.hergertsynthora.com,base,0x10800a5a5b9d72251566ec651e862a8b4b427de0,2,0.02,0,0,1783156413,1784444475,44,False
rpc-tx.hergertsynthora.com,base,0x10800a5a5b9d72251566ec651e862a8b4b427de0,2,0.02,0,0,1783156413,1784444475,44,False
mevdetector.hergertsynthora.com,base,0x10800a5a5b9d72251566ec651e862a8b4b427de0,2,0.02,0,0,1783156413,1784444475,44,False
polymarket-markets.hergertsynthora.com,base,0x10800a5a5b9d72251566ec651e862a8b4b427de0,2,0.02,0,0,1783156413,1784444475,44,False
forex-latest.hergertsynthora.com,base,0x10800a5a5b9d72251566ec651e862a8b4b427de0,2,0.02,0,0,1783156413,1784444475,44,False
stablecoin-mcap.hergertsynthora.com,base,0x10800a5a5b9d72251566ec651e862a8b4b427de0,2,0.02,0,0,1783156413,1784444475,44,False
regwatch.hergertsynthora.com,base,0x10800a5a5b9d72251566ec651e862a8b4b427de0,2,0.02,0,0,1783156413,1784444475,44,False
agentcard.hergertsynthora.com,base,0x10800a5a5b9d72251566ec651e862a8b4b427de0,2,0.02,0,0,1783156413,1784444475,44,False
tokenrisk.hergertsynthora.com,base,0x10800a5a5b9d72251566ec651e862a8b4b427de0,2,0.02,0,0,1783156413,1784444475,44,False
base-block-metrics.hergertsynthora.com,base,0x10800a5a5b9d72251566ec651e862a8b4b427de0,2,0.02,0,0,1783156413,1784444475,44,False
walletrep.hergertsynthora.com,base,0x10800a5a5b9d72251566ec651e862a8b4b427de0,2,0.02,0,0,1783156413,1784444475,44,False
contractwatch.hergertsynthora.com,base,0x10800a5a5b9d72251566ec651e862a8b4b427de0,2,0.02,0,0,1783156413,1784444475,44,False
mcpscan.hergertsynthora.com,base,0x10800a5a5b9d72251566ec651e862a8b4b427de0,2,0.02,0,0,1783156413,1784444475,44,False
openinterest.hergertsynthora.com,base,0x10800a5a5b9d72251566ec651e862a8b4b427de0,2,0.02,0,0,1783156413,1784444475,44,False
rpc-receipt.hergertsynthora.com,base,0x10800a5a5b9d72251566ec651e862a8b4b427de0,2,0.02,0,0,1783156413,1784444475,44,False
ics.hergertsynthora.com,base,0x10800a5a5b9d72251566ec651e862a8b4b427de0,2,0.02,0,0,1783156413,1784444475,44,False
ohlcv-candles.hergertsynthora.com,base,0x10800a5a5b9d72251566ec651e862a8b4b427de0,2,0.02,0,0,1783156413,1784444475,44,False
translate.hergertsynthora.com,base,0x10800a5a5b9d72251566ec651e862a8b4b427de0,2,0.02,0,0,1783156413,1784444475,44,False
amlscreen.hergertsynthora.com,base,0x10800a5a5b9d72251566ec651e862a8b4b427de0,2,0.02,0,0,1783156413,1784444475,44,False
liqrisk.hergertsynthora.com,base,0x10800a5a5b9d72251566ec651e862a8b4b427de0,2,0.02,0,0,1783156413,1784444475,44,False
agentguard.hergertsynthora.com,base,0x10800a5a5b9d72251566ec651e862a8b4b427de0,2,0.02,0,0,1783156413,1784444475,44,False
mtasts.hergertsynthora.com,base,0x10800a5a5b9d72251566ec651e862a8b4b427de0,2,0.02,0,0,1783156413,1784444475,44,False
businessrisk.hergertsynthora.com,base,0x10800a5a5b9d72251566ec651e862a8b4b427de0,2,0.02,0,0,1783156413,1784444475,44,False
crypto-trending.hergertsynthora.com,base,0x10800a5a5b9d72251566ec651e862a8b4b427de0,2,0.02,0,0,1783156413,1784444475,44,False
defidata.hergertsynthora.com,base,0x10800a5a5b9d72251566ec651e862a8b4b427de0,2,0.02,0,0,1783156413,1784444475,44,False
routingcheck.hergertsynthora.com,base,0x10800a5a5b9d72251566ec651e862a8b4b427de0,2,0.02,0,0,1783156413,1784444475,44,False
agentkit0.com,base,0xc794070cf310ab3766a8a3903fc6d50e082c3d65,4,0.02,3,0,1783544715,1784442565,1,False
agentproof-murex.vercel.app,base,0x9299ea851fcf213071a6dd94ffcd026834d61023,9,0.02,3,0,1783845135,1784151275,1,False
api.posttosource.com,base,0xd1502efbd2674236508bf6d39c81c2abad21cb1e,2,0.02,1,0,1783857279,1784490591,2,False
api-production-8785.up.railway.app,base,0xd1502efbd2674236508bf6d39c81c2abad21cb1e,2,0.02,1,0,1783857279,1784490591,2,False
api.clawinabox.xyz,base,0x46f297e342bc0b44b9f9c427e53c56e9f83bb660,2,0.02,1,0,1784050977,1784104613,1,False
api.syndicatelinks.co,base,0x070417a378121fe31ea33199e7313c8d50ad844e,2,0.02,2,0,1783469867,1784121331,1,False
assay.nominal-labs.com,base,0x70900f0d5bae3f6f6378a2ff74f868810b5140d0,4,0.02,1,0,1784244375,1784493605,1,False
basetomcat.com,base,0x0d6041f6f8fee3b66efb633716af12c2da331d77,2,0.02,2,0,1783217909,1784121465,1,False
bundle-maker.vercel.app,base,0xabf01df9428ead5418473a7c91244826a3af23b3,2,0.02,1,0,1784121733,1784452873,2,False
x402repo.vercel.app,base,0xabf01df9428ead5418473a7c91244826a3af23b3,2,0.02,1,0,1784121733,1784452873,2,False
darrylbots.com,base,0x0bf63f37b0f512839c001548dc66a6a99bfc019b,18,0.02,3,0,1783301227,1784449913,1,False
delta.rursus.app,base,0x1480d7a7a299576b45d1793ec8fb1e68361045b0,2,0.02,1,0,1784464923,1784505331,1,False
emoji.today,base,0xec7051578c9ce20ea27eed1052f8b4c584aee2b3,2,0.02,1,0,1783213083,1783297675,1,False
headers.use.x402atlas.com,base,0x7f8043c400799643bcb62b41b84b297a8ecb7b9c,2,0.02,2,0,1784069341,1784097011,1,False
nectar-tools.fly.dev,base,0x389ba2fab205f20724d9d7014669e172a37f9b42,1,0.02,1,0,1784304281,1784304281,1,False
notary.forgemesh.io,base,0x814efe784709f5bf8df47735d87602b01030e5d2,12,0.02,1,0,1783192641,1783994685,1,False
nut402.codenut.xyz,base,0x941328ba462f729d4a0dab895f21bd69ad5b15e0,2,0.02,2,0,1783469647,1784122833,1,False
orchard-data.netlify.app,base,0xe61e9aae81810f199a7d313c355688b28e0f41b9,7,0.02,3,0,1784285215,1784314237,1,False
orisha-data.com,base,0x4c4245c42ccf7d5c8fbaeebbaeb58c847a316c28,2,0.02,1,0,1784011383,1784074537,1,False
quokkapix.com,base,0x7437a817450ba32d22ebe8d2ac71611666999b8e,2,0.02,2,0,1783469691,1783501689,1,False
shared-inference-market.wongjinquan.workers.dev,base,0xc1fb0552336b483f7c435f4c5aac6e0db2912669,1,0.02,1,0,1783470781,1783470781,1,False
unwrap.use.x402atlas.com,base,0x492ec81ecf395fbea2f19fece203ee14d0544b71,2,0.02,2,0,1784068659,1784097009,1,False
wiki.use.x402atlas.com,base,0x6a706d6fcf192c15fb592d7502258ed41425dd36,4,0.02,3,0,1783328773,1784097091,1,False
witness.bnbot.ai,base,0x6125f97c8e6bacd27b4191e98deb0f32459ea38e,2,0.02,2,0,1783469607,1784123453,1,False
x402-seller.onrender.com,base,0xbd61dfb01f81c91f02b0ccd51b0220e0c8918639,16,0.02,1,0,1784196565,1784255603,1,False
x402.charliemorrison.dev,base,0x435afac555fe115f18e657e49960063c12c6aed0,6,0.02,3,0,1783438863,1784503251,1,False
x402payswap.vercel.app,base,0xc0887adf2411c4db859e497c1f931c59600b1ec4,2,0.02,2,0,1783469797,1784123701,1,False
domain-availability-checker.underscoredone.com,solana,8ugAWAXDB8V18kiUrGZTq1oMvU3C6Fxs8hfC6rvzQT3b,1,0.02,0,0,1783408899,1784506813,19,True
hackernews-data.underscoredone.com,solana,8ugAWAXDB8V18kiUrGZTq1oMvU3C6Fxs8hfC6rvzQT3b,1,0.02,0,0,1783408899,1784506813,19,True
json-suite.underscoredone.com,solana,8ugAWAXDB8V18kiUrGZTq1oMvU3C6Fxs8hfC6rvzQT3b,1,0.02,0,0,1783408899,1784506813,19,True
seo-data-extractor.underscoredone.com,solana,8ugAWAXDB8V18kiUrGZTq1oMvU3C6Fxs8hfC6rvzQT3b,1,0.02,0,0,1783408899,1784506813,19,True
curl-http-request.underscoredone.com,solana,8ugAWAXDB8V18kiUrGZTq1oMvU3C6Fxs8hfC6rvzQT3b,1,0.02,0,0,1783408899,1784506813,19,True
hash-hmac.underscoredone.com,solana,8ugAWAXDB8V18kiUrGZTq1oMvU3C6Fxs8hfC6rvzQT3b,1,0.02,0,0,1783408899,1784506813,19,True
domain-age-checker.underscoredone.com,solana,8ugAWAXDB8V18kiUrGZTq1oMvU3C6Fxs8hfC6rvzQT3b,1,0.02,0,0,1783408899,1784506813,19,True
leetspeak-translator.underscoredone.com,solana,8ugAWAXDB8V18kiUrGZTq1oMvU3C6Fxs8hfC6rvzQT3b,1,0.02,0,0,1783408899,1784506813,19,True
cpi-report-us.underscoredone.com,solana,8ugAWAXDB8V18kiUrGZTq1oMvU3C6Fxs8hfC6rvzQT3b,1,0.02,0,0,1783408899,1784506813,19,True
dmarc-lookup.underscoredone.com,solana,8ugAWAXDB8V18kiUrGZTq1oMvU3C6Fxs8hfC6rvzQT3b,1,0.02,0,0,1783408899,1784506813,19,True
port-scanner.underscoredone.com,solana,8ugAWAXDB8V18kiUrGZTq1oMvU3C6Fxs8hfC6rvzQT3b,1,0.02,0,0,1783408899,1784506813,19,True
http-status-checker.underscoredone.com,solana,8ugAWAXDB8V18kiUrGZTq1oMvU3C6Fxs8hfC6rvzQT3b,1,0.02,0,0,1783408899,1784506813,19,True
cors-header-checker.underscoredone.com,solana,8ugAWAXDB8V18kiUrGZTq1oMvU3C6Fxs8hfC6rvzQT3b,1,0.02,0,0,1783408899,1784506813,19,True
qr-code-generator.underscoredone.com,solana,8ugAWAXDB8V18kiUrGZTq1oMvU3C6Fxs8hfC6rvzQT3b,1,0.02,0,0,1783408899,1784506813,19,True
screenshots.underscoredone.com,solana,8ugAWAXDB8V18kiUrGZTq1oMvU3C6Fxs8hfC6rvzQT3b,1,0.02,0,0,1783408899,1784506813,19,True
dns-whois-lookup.underscoredone.com,solana,8ugAWAXDB8V18kiUrGZTq1oMvU3C6Fxs8hfC6rvzQT3b,1,0.02,0,0,1783408899,1784506813,19,True
shopify-ai-rank-checker.underscoredone.com,solana,8ugAWAXDB8V18kiUrGZTq1oMvU3C6Fxs8hfC6rvzQT3b,1,0.02,0,0,1783408899,1784506813,19,True
url-extractor.x402.paysponge.com,solana,8ugAWAXDB8V18kiUrGZTq1oMvU3C6Fxs8hfC6rvzQT3b,1,0.02,0,0,1783408899,1784506813,19,True
sitemap-url-extractor.underscoredone.com,solana,8ugAWAXDB8V18kiUrGZTq1oMvU3C6Fxs8hfC6rvzQT3b,1,0.02,0,0,1783408899,1784506813,19,True
crypto.apitoll.cloud,solana,5Wxg3V6gcmFmmP6SXmGZQAUZPFYsSwoeN2Qewt5BotWz,17,0.02,3,0,1782658829,1784445635,1,True
files.camelai.io,solana,CvraJ4avKPpJNLvMhMH5ip2ihdt85PXvDwfzXdziUxRq,2,0.02,1,0,1782691317,1784092186,1,True
news-summarizer-x402.vercel.app,base,0x19b1614ee8272178d09cddc892faa2c8ccb91268,1,0.01,1,0,1783301953,1783301953,1,False
401-chi.vercel.app,base,0x4c7128ece22d35edbf342c7feaec336080a88227,4,0.01,1,0,1783851401,1783851441,1,False
rpc-balance.hergertsynthora.com,base,0x15d30032981a77164ee9546542ae4becdac81cc8,2,0.01,0,0,1783636379,1784084069,23,False
wiki-summary.hergertsynthora.com,base,0x15d30032981a77164ee9546542ae4becdac81cc8,2,0.01,0,0,1783636379,1784084069,23,False
derivbundle.hergertsynthora.com,base,0x15d30032981a77164ee9546542ae4becdac81cc8,2,0.01,0,0,1783636379,1784084069,23,False
fx-rates.hergertsynthora.com,base,0x15d30032981a77164ee9546542ae4becdac81cc8,2,0.01,0,0,1783636379,1784084069,23,False
deliver.hergertsynthora.com,base,0x15d30032981a77164ee9546542ae4becdac81cc8,2,0.01,0,0,1783636379,1784084069,23,False
wikipedia.hergertsynthora.com,base,0x15d30032981a77164ee9546542ae4becdac81cc8,2,0.01,0,0,1783636379,1784084069,23,False
holidays.hergertsynthora.com,base,0x15d30032981a77164ee9546542ae4becdac81cc8,2,0.01,0,0,1783636379,1784084069,23,False
bridgerisk.hergertsynthora.com,base,0x15d30032981a77164ee9546542ae4becdac81cc8,2,0.01,0,0,1783636379,1784084069,23,False
gasoracle.hergertsynthora.com,base,0x15d30032981a77164ee9546542ae4becdac81cc8,2,0.01,0,0,1783636379,1784084069,23,False
lei-lookup.hergertsynthora.com,base,0x15d30032981a77164ee9546542ae4becdac81cc8,2,0.01,0,0,1783636379,1784084069,23,False
websearch.hergertsynthora.com,base,0x15d30032981a77164ee9546542ae4becdac81cc8,2,0.01,0,0,1783636379,1784084069,23,False
pay.hergertsynthora.com,base,0x15d30032981a77164ee9546542ae4becdac81cc8,2,0.01,0,0,1783636379,1784084069,23,False
slippage.hergertsynthora.com,base,0x15d30032981a77164ee9546542ae4becdac81cc8,2,0.01,0,0,1783636379,1784084069,23,False
dnsdomain.hergertsynthora.com,base,0x15d30032981a77164ee9546542ae4becdac81cc8,2,0.01,0,0,1783636379,1784084069,23,False
funding-rates.hergertsynthora.com,base,0x15d30032981a77164ee9546542ae4becdac81cc8,2,0.01,0,0,1783636379,1784084069,23,False
stablecoin-peg.hergertsynthora.com,base,0x15d30032981a77164ee9546542ae4becdac81cc8,2,0.01,0,0,1783636379,1784084069,23,False
dex-pair-price.hergertsynthora.com,base,0x15d30032981a77164ee9546542ae4becdac81cc8,2,0.01,0,0,1783636379,1784084069,23,False
inference.hergertsynthora.com,base,0x15d30032981a77164ee9546542ae4becdac81cc8,2,0.01,0,0,1783636379,1784084069,23,False
orderbook-liquidity.hergertsynthora.com,base,0x15d30032981a77164ee9546542ae4becdac81cc8,2,0.01,0,0,1783636379,1784084069,23,False
vin-decode.hergertsynthora.com,base,0x15d30032981a77164ee9546542ae4becdac81cc8,2,0.01,0,0,1783636379,1784084069,23,False
address-risk.hergertsynthora.com,base,0x15d30032981a77164ee9546542ae4becdac81cc8,2,0.01,0,0,1783636379,1784084069,23,False
binance-ticker24.hergertsynthora.com,base,0x15d30032981a77164ee9546542ae4becdac81cc8,2,0.01,0,0,1783636379,1784084069,23,False
rpc-ens.hergertsynthora.com,base,0x15d30032981a77164ee9546542ae4becdac81cc8,2,0.01,0,0,1783636379,1784084069,23,False
almanac.locomot.io,base,0xa3091005a76b1480f1897a9d0c2e1c55b7767674,6,0.01,6,0,1783784567,1784474271,2,False
touchstone.locomot.io,base,0xa3091005a76b1480f1897a9d0c2e1c55b7767674,6,0.01,6,0,1783784567,1784474271,2,False
api.brokenkeyremapper.xyz,base,0xb91504d6f77d36923376c302ccc0237df0efaa35,6,0.01,4,0,1783302561,1784441779,3,False
brokenkey-api-link-tau.vercel.app,base,0xb91504d6f77d36923376c302ccc0237df0efaa35,6,0.01,4,0,1783302561,1784441779,3,False
brokenkey-api-link-ruby.vercel.app,base,0xb91504d6f77d36923376c302ccc0237df0efaa35,6,0.01,4,0,1783302561,1784441779,3,False
api.devdrops.run,base,0xc42eae553c5c2d521d8a0543c265480b380179d2,1,0.01,1,0,1784120473,1784120473,1,False
api.getsly.ai,base,0xed181bcadb44681e44fa365521af1251625e57b7,9,0.01,5,0,1783467803,1784442929,1,False
api.justaname.id,base,0xc529edd6d47c60923902514c7c0b3993ae42c2ec,13,0.01,3,0,1783467725,1784459363,1,False
api.metalend.tech,base,0x7d6e22db7c2ee44859061061f99e55257a5ceac1,5,0.01,3,0,1783467893,1784511315,1,False
api.proxyllm.ai,base,0xf4d43bdaae23a7d2012c49cb9f57eaab89d4ffc2,2,0.01,2,0,1784088539,1784097583,1,False
api.sirenic.eu,base,0x76a672eee56d29d475b0715cc03b8c99d70ec8a2,5,0.01,1,0,1784285663,1784285747,1,False
verify.inferenceview.com,base,0x3a86924d0bb29ff8b1469472f4294cc7e62b54b7,1,0.01,0,0,1784431997,1784443249,2,False
api.sygnliq.com,base,0x3a86924d0bb29ff8b1469472f4294cc7e62b54b7,1,0.01,0,0,1784431997,1784443249,2,False
api.syntaxrate.com,base,0x3ef598358b4f0e44af234e52e41010bf59fa7c7a,1,0.01,1,0,1784120359,1784120359,1,False
api.x402dataapi.com,base,0xe3e597a4698e0ed0e06f9d9fe513157728fbc28b,9,0.01,1,0,1783378111,1784440197,1,False
app.heinrichstech.com,base,0xda2f35d283c42dd60b965322394bc658a5c1769f,8,0.01,4,0,1783467721,1784450009,1,False
astatelypleasuredome.com,base,0x1bbd551b3ffbae9b6324bd6a464898ea015c8c40,2,0.01,1,0,1783798313,1783869063,1,False
basesafe-x402.baseagentx402.workers.dev,base,0x9cc50f63fa3e29163e8a66fe9bf46d75d151c159,1,0.01,1,0,1784121449,1784121449,1,False
btcnode.uk,base,0x6a667a72d3d36d95421474019aa46f0308d643fc,1,0.01,1,0,1783379881,1783379881,1,False
buoy-snapshot.buoycast.workers.dev,base,0x8f5cca3a9773205a777aead1818774ae82b07bba,6,0.01,1,0,1783656801,1783659809,1,False
chess402.vercel.app,base,0xfbd46201267609ad3c66bd1b99b7f1cc80b1852f,2,0.01,2,0,1783567825,1784306499,2,False
jesuschrist.sh,base,0xfbd46201267609ad3c66bd1b99b7f1cc80b1852f,2,0.01,2,0,1783567825,1784306499,2,False
plush.fun,base,0x21dfc81726538fcfd7dfb5e4d14aab4475ef8694,1,0.01,1,0,1783469451,1784328081,2,False
chrombot-x402.vercel.app,base,0x21dfc81726538fcfd7dfb5e4d14aab4475ef8694,1,0.01,1,0,1783469451,1784328081,2,False
kaisha-api.hp-vladic.workers.dev,base,0xf2a6416ebb0c594ab2977695bed061729ddeb47b,3,0.01,1,0,1784434309,1784445539,2,False
denpyo-api.hp-vladic.workers.dev,base,0xf2a6416ebb0c594ab2977695bed061729ddeb47b,3,0.01,1,0,1784434309,1784445539,2,False
ecosystem-intelligence.onrender.com,base,0x1b4b309a7e658629e2144c65508cb712f8085055,3,0.01,3,0,1783468391,1784397061,1,False
entityresolver.xyz,base,0x5fa62365201ad373754c0a5cee69aa6167164a16,3,0.01,2,0,1783643857,1784397189,1,False
exchange-rates.hergertsynthora.com,base,0x4a3129235a83d65e5f4a4ff2818e3cf087df1377,3,0.01,0,0,1783536683,1783593617,2,False
vat-validate.hergertsynthora.com,base,0x4a3129235a83d65e5f4a4ff2818e3cf087df1377,3,0.01,0,0,1783536683,1783593617,2,False
gamemaxxing.baes.so,base,0x702ba46435d1e55b18440100bc81eb055574875e,6,0.01,4,0,1783786645,1784153087,1,False
gankdat.com,base,0xa3b3e856198727383c6eb6788fbc5d4fe3dd192d,2,0.01,1,0,1783696119,1783696169,1,False
gateway.grapevine.fyi,base,0xbc03df2d9f44cc552ebbff39860f2cc4fc751d0e,1,0.01,1,0,1783469225,1783469225,1,False
geodns.iwsolutions.ca,base,0xdd85ed9e404d22c137a5d9fc3c200847aa3b11cf,3,0.01,1,0,1783445643,1784507117,1,False
hars.cryptotavern.xyz,base,0xa1ae67b4f4f5e22dba4b97be55fa221c11367e17,2,0.01,1,0,1784467693,1784473867,1,False
hello-world-x402.vercel.app,base,0x2a47e248ee3b5f3e680b5f6b5832e5ef1206b7e3,6,0.01,5,0,1783456051,1784396957,1,False
hypernatt.com,base,0x5a78ace5dd133316c8aaf7e156fbfc57e1209cf9,15,0.01,5,0,1783255919,1784511315,1,False
imgopt.use.x402atlas.com,base,0x5a45010395d62e9c4a8a0931bde0493aaca4f657,1,0.01,1,0,1784097027,1784097027,1,False
jp-calendar-x402.onrender.com,base,0x64f45818306a36897b660c24a3912dbbcc353bbc,4,0.01,1,0,1784156967,1784156973,1,False
liquita-x402-edge.liquita.workers.dev,base,0x6ede3258bce2ef32f9bb614c781818b4efd0e765,6,0.01,4,0,1783467735,1784483469,1,False
mcp.toolstem.com,base,0xb009da692cf3eff7567bf727b8b2f3b5bfc3383e,1,0.01,1,0,1784120591,1784120591,1,False
mimirapi.com,base,0x40e5a6647803c2dd686049dcdc5f9c34817d7a7f,1,0.01,0,0,1784420327,1784436919,2,False
mysticapi.com,base,0x40e5a6647803c2dd686049dcdc5f9c34817d7a7f,1,0.01,0,0,1784420327,1784436919,2,False
oracle.inspectmyads.com,base,0x2253ffa4c2552564d69687942cd3092240628f1e,1,0.01,1,0,1784508351,1784508351,1,False
orionkr.xyz,base,0xd30fa3412cab70ea62fe4478388d1df82bba8e1a,2,0.01,1,0,1784351049,1784447827,1,False
oussapi.duckdns.org,base,0x5781d7293ede1397fc6574a83c04e1bf715783b7,7,0.01,6,0,1783141657,1783415155,1,False
pay.alephant.io,base,0x9986bc9307f69b144ea30f5e5436cbf21518d631,1,0.01,1,0,1783469245,1783469245,1,False
property-risk-passport-api.lifebite-app.workers.dev,base,0x318a8bac69c4ec1f9e489ce223b7ce2d719bcd3b,3,0.01,1,0,1783486103,1784461109,2,False
www.miniup.io,base,0x318a8bac69c4ec1f9e489ce223b7ce2d719bcd3b,3,0.01,1,0,1783486103,1784461109,2,False
revert.wtf,base,0xb6a059e341769c08310a8cfaef17015fc5f896c4,15,0.01,3,0,1783484813,1784460101,1,False
router.forgemesh.io,base,0xa1ebb2a8a8ed5497cf09c861a1e135520a3b3396,6,0.01,3,0,1783192617,1784113641,1,False
scry.solanahub.de,base,0xf4a904d8326786d90157cf791c281302f11b2036,2,0.01,2,0,1783786893,1784157727,1,False
signal-engine-production-d88d.up.railway.app,base,0xb856b2c501a91d8dc13411dbaeafdcaca8d39901,5,0.01,2,0,1783965437,1784118591,1,False
signal-engine-production-d88d.up.railway.app,base,0x9173fc7aca730ae34838f08dfe85d4a608f38c38,11,0.01,2,0,1783965425,1784335133,1,False
verify.agentutil.net,base,0x1357bef96ec515d250137d7eb712f0395eb5142d,7,0.01,6,0,1783456001,1783788029,1,False
www.getbags.app,base,0x374cfb844a5c702d637d72a5387fd9ef6b82108c,1,0.01,1,0,1784276545,1784276545,1,False
www.pontor.io,base,0x451e7ed883f5da640be12b595021428aad79af0c,1,0.01,1,0,1784111825,1784111825,1,False
www.tereno.xyz,base,0xfbf218accbb0d57fc4e8fc3e2a885c910c4c9e94,4,0.01,1,0,1784317607,1784418001,1,False
x402-crypto-data.vercel.app,base,0x23c920649f148bd253583f140f540797b312db35,3,0.01,3,0,1783482507,1784181501,1,False
x402.fullstack.cash,base,0xf82cb3b092710212e6c5ea46b1ce40d9ef4d88c1,5,0.01,4,0,1783456277,1784133787,1,False
x402.lucyos.ai,base,0x83240485b70e5c820e5f180533fc6156470cfd0e,1,0.01,1,0,1784327099,1784327099,1,False
x402.o8.is,base,0xff365375777069ebd8fa575635eb31a0787afa6c,1,0.01,1,0,1784123683,1784123683,1,False
x402.ochinimus.app,base,0x22db3a9686ee5261e7bf3ed4f91277232e8076e6,3,0.01,2,0,1783711559,1784450749,1,False
x402.orthogonal.com,base,0x09cbbb451ca48ed511c7fc07ed921d539cde1227,1,0.01,1,0,1783206557,1783562905,2,False
x402.orth.sh,base,0x09cbbb451ca48ed511c7fc07ed921d539cde1227,1,0.01,1,0,1783206557,1783562905,2,False
xmedia.use.x402atlas.com,base,0xb708af3bce13517357e498f8ffd277de93db9ef5,2,0.01,2,0,1783963203,1784097097,1,False
agent.api.0x.org,solana,94tKEV2exvhoHwUYTw8fgm2aMD5eXmHHAm6NMwcszFHU,1,0.01,1,0,1784067637,1784067637,1,True
brdata.thomenz.me,solana,AQ6v9BRxirxecDRfT6b5gb5GWBWHFQ7kWtb3cJXgLq6A,1,0.01,1,0,1784233282,1784233282,1,True
email-auth.use.x402atlas.com,solana,ASt6xvRyQ7ntERsmcYVMdLqZvz1GEN8Fzexzq62tXrNQ,1,0.01,0,0,1784346799,1784465284,3,True
dns.use.x402atlas.com,solana,ASt6xvRyQ7ntERsmcYVMdLqZvz1GEN8Fzexzq62tXrNQ,1,0.01,0,0,1784346799,1784465284,3,True
google-trends.use.x402atlas.com,solana,ASt6xvRyQ7ntERsmcYVMdLqZvz1GEN8Fzexzq62tXrNQ,1,0.01,0,0,1784346799,1784465284,3,True
x402.orthogonal.com,solana,Dzd9SSxyWewif5RMxofM2hr8mWXmHTuQs819ag1Mksr8,0,0.01,0,0,1783383648,1783383648,2,True
x402.orth.sh,solana,Dzd9SSxyWewif5RMxofM2hr8mWXmHTuQs819ag1Mksr8,0,0.01,0,0,1783383648,1783383648,2,True
x402.orthogonal.com,solana,3TV5hQVC8tXGAkufZtPtegPPsuHRGkxA22zGjf4ZaLNw,1,0.01,1,0,1783367741,1783367741,1,True
acp-x402.virtuals.io,base,0x6a1fe26d54ab0d3e1e3168f2e0c0cda5cc0a0a4a,3,0.0,1,0,1784022839,1784117673,1,False
agent-paycheck.onrender.com,base,0x3772e91c287b7be00a67cfb2a72cc5fb5958af06,2,0.0,1,0,1784381211,1784381963,1,False
www.agenticcommerce.cafe,base,0xdc40cbf86727093c52582405703e5b97d5c64b66,0,0.0,0,0,1784064043,1784064043,2,False
agentcash-fortune-demo3.vercel.app,base,0xdc40cbf86727093c52582405703e5b97d5c64b66,0,0.0,0,0,1784064043,1784064043,2,False
aiact-api.com,base,0xe894f459b8f25af062d744c71c714b64e4f5c8dd,1,0.0,1,0,1783692199,1783692199,1,False
api-onchain.optimai.network,base,0x98c67dfad5f7d70e2782521cd09bb80f560ea2c3,1,0.0,1,0,1784015417,1784015417,1,False
protocol-health-oracle-production.up.railway.app,base,0x63ebccd826b874ce988e6498eaabb6bd47afc8a4,0,0.0,0,0,1783468199,1783468203,3,False
api-production-54bd.up.railway.app,base,0x63ebccd826b874ce988e6498eaabb6bd47afc8a4,0,0.0,0,0,1783468199,1783468203,3,False
broker-sync-api-production.up.railway.app,base,0x63ebccd826b874ce988e6498eaabb6bd47afc8a4,0,0.0,0,0,1783468199,1783468203,3,False
signal-engine-production-d88d.up.railway.app,base,0x7677a0ec93c75b540dada06e9f1952c950ee2dbb,1,0.0,1,0,1783445035,1783981979,2,False
api.signalfuse.co,base,0x7677a0ec93c75b540dada06e9f1952c950ee2dbb,1,0.0,1,0,1783445035,1783981979,2,False
signal-engine-production-d88d.up.railway.app,base,0xca87adbcffdf6539a387783fef17a91dbabeef52,4,0.0,2,0,1783180891,1784131277,2,False
api.signalfuse.co,base,0xca87adbcffdf6539a387783fef17a91dbabeef52,4,0.0,2,0,1783180891,1784131277,2,False
fortune.fulinlabs.com,base,0x3a0aee5c49e6d32a2b7a333dc3500ad6a7901eae,1,0.0,1,0,1784369597,1784369597,1,False
ladyfortunalx402.vercel.app,base,0x88a4cdea106f18e919613a4eaed8efdb2183e9ea,4,0.0,2,0,1784239651,1784453505,1,False
myagenticoverlord.com,base,0x9fead8b19c044c2f404dac38b925ea16adaa2954,1,0.0,1,0,1783467967,1783467967,1,False
odood.com,base,0xa2c0c48c1a8ba19a832fd77fa77963a897e5fb18,1,0.0,1,0,1784120205,1784120205,1,False
ontarioprotocol.com,base,0xa2d72abf2c5e939fddca4156b74de482e03ca3ec,1,0.0,1,0,1784156073,1784156073,1,False
polymarket-signal-api.pwnker-polymarket-signals.workers.dev,base,0x338d8649efa45b940d6656030faa58d9d01e6983,4,0.0,4,0,1783396189,1784397061,1,False
protocol.origindao.ai,base,0xb2e03d4aaca935fe1fa512e483edbda012d0dbb0,1,0.0,1,0,1783467799,1783467799,1,False
x402-next-mainnet-wheat.vercel.app,base,0x749b7b7a6944d72266be9500fc8c221b6a7554ce,2,0.0,1,0,1783467857,1784118991,2,False
recoup-qgrbqflbo-recoupable-ad724970.vercel.app,base,0x749b7b7a6944d72266be9500fc8c221b6a7554ce,2,0.0,1,0,1783467857,1784118991,2,False
token-api.x402hub.xyz,base,0xf43f7a7b8370d28ecb6606636dc61c0470c4ec91,2,0.0,2,0,1783467813,1784119125,1,False
www.bitcoind.app,base,0x3130cd1cab59a15dc75931ecb006b6f8c0b4a3fa,3,0.0,3,0,1783467987,1784118911,1,False
www.qrbase.xyz,base,0x07737a1fb3863202bcd3c7408b801eed68604d39,2,0.0,2,0,1783467873,1784118927,1,False
x402-demo-discovery-endpoint.vercel.app,base,0x021028695eafdde60e139d87000a8bd6cb65645e,2,0.0,2,0,1783467863,1784118941,1,False
x402-mainnet.vercel.app,base,0xa954852f41aabb6e8577eb661449531472aed775,2,0.0,2,0,1783468229,1784118977,1,False
x402-paid-service.iholt.workers.dev,base,0x60c4499870f115664d7ffd8411b023dbef3377d9,3,0.0,1,0,1784505685,1784505763,1,False
xx402.vercel.app,base,0x1bb5dabe390cf04bf743175a1b57a55ce288ae7f,3,0.0,3,0,1783210789,1784119081,1,False
x402.ottoai.services,polygon,0x0e84ddedaae6a779c462c22a59f301ec31b6b808,1,0.0,0,0,1783451464,1783462942,2,False
api.aidress.ai,polygon,0x0e84ddedaae6a779c462c22a59f301ec31b6b808,1,0.0,0,0,1783451464,1783462942,2,False
x402.quicknode.com,polygon,0xf46394addda95a3d5bcc1124605e3d15d204623c,1,0.0,1,0,1784067484,1784067484,1,False
x402.openwebninja.com,arbitrum,0x3e7c9ca818f713f19e126e3b7b37b47dc1411570,1,0.0,1,0,1783509406,1783509406,1,False
chat.anchor-x402.com,solana,6apuZvJQ51Led9iEjnHw6f5jfnXL4qjt8S1h58PeXzuR,0,0.0,0,0,1784320817,1784320817,2,True
api.anchor-x402.com,solana,6apuZvJQ51Led9iEjnHw6f5jfnXL4qjt8S1h58PeXzuR,0,0.0,0,0,1784320817,1784320817,2,True
